frame,mask
0,0x0100
1,0x0100
2,0x0100
3,0x0100
4,0x0100
5,0x0100
6,0x0100
7,0x0100
8,0x0100
9,0x0100
10,0x0100
11,0x0100
12,0x0100
13,0x0100
14,0x0100
15,0x0100
16,0x0100
17,0x0100
18,0x0100
19,0x0100
20,0x0100
21,0x0100
22,0x0100
23,0x0100
24,0x0100
25,0x0100
26,0x0100
27,0x0100
28,0x0100
29,0x0100
30,0x0100
31,0x0100
32,0x0100
33,0x0100
34,0x0100
35,0x0100
36,0x0100
37,0x0100
38,0x0100
39,0x0100
40,0x0100
41,0x0100
42,0x0100
43,0x0100
44,0x0100
45,0x0100
46,0x0100
47,0x0100
48,0x0100
49,0x0100
50,0x0100
51,0x0100
52,0x0100
53,0x0100
54,0x0100
55,0x0100
56,0x0100
57,0x0100
58,0x0100
59,0x0100
60,0x0100
61,0x0100
62,0x0100
63,0x0100
64,0x0100
65,0x0100
66,0x0100
67,0x0100
68,0x0100
69,0x0100
70,0x0100
71,0x0100
72,0x0100
73,0x0100
74,0x0100
75,0x0100
76,0x0100
77,0x0100
78,0x0100
79,0x0100
80,0x0100
81,0x0100
82,0x0100
83,0x0100
84,0x0100
85,0x0100
86,0x0100
87,0x0100
88,0x0100
89,0x0100
90,0x0100
91,0x0100
92,0x0100
93,0x0100
94,0x0100
95,0x0100
96,0x0100
97,0x0100
98,0x0100
99,0x0100
100,0x0100
101,0x0100
102,0x0100
103,0x0100
104,0x0100
105,0x0100
106,0x0100
107,0x0100
108,0x0100
109,0x0100
110,0x0100
111,0x0100
112,0x0100
113,0x0100
114,0x0100
115,0x0100
116,0x0100
117,0x0100
118,0x0100
119,0x0100
120,0x0100
121,0x0100
122,0x0100
123,0x0100
124,0x0100
125,0x0100
126,0x0100
127,0x0100
128,0x0100
129,0x0100
130,0x0100
131,0x0100
132,0x0100
133,0x0100
134,0x0100
135,0x0100
136,0x0100
137,0x0100
138,0x0100
139,0x0100
140,0x0100
141,0x0100
142,0x0100
143,0x0100
144,0x0100
145,0x0100
146,0x0100
147,0x0100
148,0x0100
149,0x0100
150,0x0100
151,0x0100
152,0x0100
153,0x0100
154,0x0100
155,0x0100
156,0x0100
157,0x0100
158,0x0100
159,0x0100
160,0x0100
161,0x0100
162,0x0100
163,0x0100
164,0x0100
165,0x0100
166,0x0100
167,0x0100
168,0x0100
169,0x0100
170,0x0100
171,0x0100
172,0x0100
173,0x0100
174,0x0100
175,0x0100
176,0x0100
177,0x0100
178,0x0100
179,0x0100
180,0x0100
181,0x0100
182,0x0100
183,0x0100
184,0x0100
185,0x0100
186,0x0100
187,0x0100
188,0x0100
189,0x0100
190,0x0100
191,0x0100
192,0x0100
193,0x0100
194,0x0100
195,0x0100
196,0x0100
197,0x0100
198,0x0100
199,0x0100
200,0x0100
201,0x0100
202,0x0100
203,0x0100
204,0x0100
205,0x0100
206,0x0100
207,0x0100
208,0x0100
209,0x0100
210,0x0100
211,0x0100
212,0x0100
213,0x0100
214,0x0100
215,0x0100
216,0x0100
217,0x0100
218,0x0100
219,0x0100
220,0x0100
221,0x0100
222,0x0100
223,0x0100
224,0x0100
225,0x0100
226,0x0100
227,0x0100
228,0x0100
229,0x0100
230,0x0100
231,0x0100
232,0x0100
233,0x0100
234,0x0100
235,0x0100
236,0x0100
237,0x0100
238,0x0100
239,0x0100
240,0x0100
241,0x0100
242,0x0100
243,0x0100
244,0x0100
245,0x0100
246,0x0100
247,0x0100
248,0x0100
249,0x0100
250,0x0100
251,0x0100
252,0x0100
253,0x0100
254,0x0100
255,0x0100
256,0x0100
257,0x0100
258,0x0100
259,0x0100
260,0x0100
261,0x0100
262,0x0100
263,0x0100
264,0x0100
265,0x0100
266,0x0100
267,0x0100
268,0x0100
269,0x0100
270,0x0100
271,0x0100
272,0x0100
273,0x0100
274,0x0100
275,0x0100
276,0x0100
277,0x0100
278,0x0100
279,0x0100
280,0x0100
281,0x0100
282,0x0100
283,0x0100
284,0x0100
285,0x0100
286,0x0100
287,0x0100
288,0x0100
289,0x0100
290,0x0100
291,0x0100
292,0x0100
293,0x0100
294,0x0100
295,0x0100
296,0x0100
297,0x0100
298,0x0100
299,0x0100
300,0x0100
301,0x0100
302,0x0100
303,0x0100
304,0x0100
305,0x0100
306,0x0100
307,0x0100
308,0x0100
309,0x0100
310,0x0100
311,0x0100
312,0x0100
313,0x0100
314,0x0100
315,0x0100
316,0x0100
317,0x0100
318,0x0100
319,0x0100
320,0x0100
321,0x0100
322,0x0100
323,0x0100
324,0x0100
325,0x0100
326,0x0100
327,0x0100
328,0x0100
329,0x0100
330,0x0100
331,0x0100
332,0x0100
333,0x0100
334,0x0100
335,0x0100
336,0x0100
337,0x0100
338,0x0100
339,0x0100
340,0x0100
341,0x0100
342,0x0100
343,0x0100
344,0x0100
345,0x0100
346,0x0100
347,0x0100
348,0x0100
349,0x0100
350,0x0100
351,0x0100
352,0x0100
353,0x0100
354,0x0100
355,0x0100
356,0x0100
357,0x0100
358,0x0100
359,0x0100
360,0x0100
361,0x0100
362,0x0100
363,0x0100
364,0x0100
365,0x0100
366,0x0100
367,0x0100
368,0x0100
369,0x0100
370,0x0100
371,0x0100
372,0x0100
373,0x0100
374,0x0100
375,0x0100
376,0x0100
377,0x0100
378,0x0100
379,0x0100
380,0x0100
381,0x0100
382,0x0100
383,0x0100
384,0x0100
385,0x0100
386,0x0100
387,0x0100
388,0x0100
389,0x0100
390,0x0100
391,0x0100
392,0x0100
393,0x0100
394,0x0100
395,0x0100
396,0x0100
397,0x0100
398,0x0100
399,0x0100
400,0x0100
401,0x0100
402,0x0100
403,0x0100
404,0x0100
405,0x0100
406,0x0100
407,0x0100
408,0x0100
409,0x0100
410,0x0100
411,0x0100
412,0x0100
413,0x0100
414,0x0100
415,0x0100
416,0x0100
417,0x0100
418,0x0100
419,0x0100
420,0x0100
421,0x0100
422,0x0100
423,0x0100
424,0x0100
425,0x0100
426,0x0100
427,0x0100
428,0x0100
429,0x0100
430,0x0100
431,0x0100
432,0x0100
433,0x0100
434,0x0100
435,0x0100
436,0x0100
437,0x0100
438,0x0100
439,0x0100
440,0x0100
441,0x0100
442,0x0100
443,0x0100
444,0x0100
445,0x0100
446,0x0100
447,0x0100
448,0x0100
449,0x0100
450,0x0100
451,0x0100
452,0x0100
453,0x0100
454,0x0100
455,0x0100
456,0x0100
457,0x0100
458,0x0100
459,0x0100
460,0x0100
461,0x0100
462,0x0100
463,0x0100
464,0x0100
465,0x0100
466,0x0100
467,0x0100
468,0x0100
469,0x0100
470,0x0100
471,0x0100
472,0x0100
473,0x0100
474,0x0100
475,0x0100
476,0x0100
477,0x0100
478,0x0100
479,0x0100
480,0x0100
481,0x0100
482,0x0100
483,0x0100
484,0x0100
485,0x0100
486,0x0100
487,0x0100
488,0x0100
489,0x0100
490,0x0100
491,0x0100
492,0x0100
493,0x0100
494,0x0100
495,0x0100
496,0x0100
497,0x0100
498,0x0100
499,0x0100
500,0x0100
501,0x0100
502,0x0100
503,0x0100
504,0x0100
505,0x0100
506,0x0100
507,0x0100
508,0x0100
509,0x0100
510,0x0100
511,0x0100
512,0x0100
513,0x0100
514,0x0100
515,0x0100
516,0x0100
517,0x0100
518,0x0100
519,0x0100
520,0x0100
521,0x0100
522,0x0100
523,0x0100
524,0x0100
525,0x0100
526,0x0100
527,0x0100
528,0x0100
529,0x0100
530,0x0100
531,0x0100
532,0x0100
533,0x0100
534,0x0100
535,0x0100
536,0x0100
537,0x0100
538,0x0100
539,0x0100
540,0x0100
541,0x0100
542,0x0100
543,0x0100
544,0x0100
545,0x0100
546,0x0100
547,0x0100
548,0x0100
549,0x0100
550,0x0100
551,0x0100
552,0x0100
553,0x0100
554,0x0100
555,0x0100
556,0x0100
557,0x0100
558,0x0100
559,0x0100
560,0x0100
561,0x0100
562,0x0100
563,0x0100
564,0x0100
565,0x0100
566,0x0100
567,0x0100
568,0x0100
569,0x0100
570,0x0100
571,0x0100
572,0x0100
573,0x0100
574,0x0100
575,0x0100
576,0x0100
577,0x0100
578,0x0100
579,0x0100
580,0x0100
581,0x0100
582,0x0100
583,0x0100
584,0x0100
585,0x0100
586,0x0100
587,0x0100
588,0x0100
589,0x0100
590,0x0100
591,0x0100
592,0x0100
593,0x0100
594,0x0100
595,0x0100
596,0x0100
597,0x0100
598,0x0100
599,0x0100
600,0x0100
601,0x0100
602,0x0100
603,0x0100
604,0x0100
605,0x0100
606,0x0100
607,0x0100
608,0x0100
609,0x0100
610,0x0100
611,0x0100
612,0x0100
613,0x0100
614,0x0100
615,0x0100
616,0x0100
617,0x0100
618,0x0100
619,0x0100
620,0x0100
621,0x0100
622,0x0100
623,0x0100
624,0x0100
625,0x0100
626,0x0100
627,0x0100
628,0x0100
629,0x0100
630,0x0100
631,0x0100
632,0x0100
633,0x0100
634,0x0100
635,0x0100
636,0x0100
637,0x0100
638,0x0100
639,0x0100
640,0x0100
641,0x0100
642,0x0100
643,0x0100
644,0x0100
645,0x0100
646,0x0100
647,0x0100
648,0x0100
649,0x0100
650,0x0100
651,0x0100
652,0x0100
653,0x0100
654,0x0100
655,0x0100
656,0x0100
657,0x0100
658,0x0100
659,0x0100
660,0x0100
661,0x0100
662,0x0100
663,0x0100
664,0x0100
665,0x0100
666,0x0100
667,0x0100
668,0x0100
669,0x0100
670,0x0100
671,0x0100
672,0x0100
673,0x0100
674,0x0100
675,0x0100
676,0x0100
677,0x0100
678,0x0100
679,0x0100
680,0x0100
681,0x0100
682,0x0100
683,0x0100
684,0x0100
685,0x0100
686,0x0100
687,0x0100
688,0x0100
689,0x0100
690,0x0100
691,0x0100
692,0x0100
693,0x0100
694,0x0100
695,0x0100
696,0x0100
697,0x0100
698,0x0100
699,0x0100
700,0x0100
701,0x0100
702,0x0100
703,0x0100
704,0x0100
705,0x0100
706,0x0100
707,0x0100
708,0x0100
709,0x0100
710,0x0100
711,0x0100
712,0x0100
713,0x0100
714,0x0100
715,0x0100
716,0x0100
717,0x0100
718,0x0100
719,0x0100
720,0x0100
721,0x0100
722,0x0100
723,0x0100
724,0x0100
725,0x0100
726,0x0100
727,0x0100
728,0x0100
729,0x0100
730,0x0100
731,0x0100
732,0x0100
733,0x0100
734,0x0100
735,0x0100
736,0x0100
737,0x0100
738,0x0100
739,0x0100
740,0x0100
741,0x0100
742,0x0100
743,0x0100
744,0x0100
745,0x0100
746,0x0100
747,0x0100
748,0x0100
749,0x0100
750,0x0100
751,0x0100
752,0x0100
753,0x0100
754,0x0100
755,0x0100
756,0x0100
757,0x0100
758,0x0100
759,0x0100
760,0x0100
761,0x0100
762,0x0100
763,0x0100
764,0x0100
765,0x0100
766,0x0100
767,0x0100
768,0x0100
769,0x0100
770,0x0100
771,0x0100
772,0x0100
773,0x0100
774,0x0100
775,0x0100
776,0x0100
777,0x0100
778,0x0100
779,0x0100
780,0x0100
781,0x0100
782,0x0100
783,0x0100
784,0x0100
785,0x0100
786,0x0100
787,0x0100
788,0x0100
789,0x0100
790,0x0100
791,0x0100
792,0x0100
793,0x0100
794,0x0100
795,0x0100
796,0x0100
797,0x0100
798,0x0100
799,0x0100
800,0x0100
801,0x0100
802,0x0100
803,0x0100
804,0x0100
805,0x0100
806,0x0100
807,0x0100
808,0x0100
809,0x0100
810,0x0100
811,0x0100
812,0x0100
813,0x0100
814,0x0100
815,0x0100
816,0x0100
817,0x0100
818,0x0100
819,0x0100
820,0x0100
821,0x0100
822,0x0100
823,0x0100
824,0x0100
825,0x0100
826,0x0100
827,0x0100
828,0x0100
829,0x0100
830,0x0100
831,0x0100
832,0x0100
833,0x0100
834,0x0100
835,0x0100
836,0x0100
837,0x0100
838,0x0100
839,0x0100
840,0x0100
841,0x0100
842,0x0100
843,0x0100
844,0x0100
845,0x0100
846,0x0100
847,0x0100
848,0x0100
849,0x0100
850,0x0100
851,0x0100
852,0x0100
853,0x0100
854,0x0100
855,0x0100
856,0x0100
857,0x0100
858,0x0100
859,0x0100
860,0x0100
861,0x0100
862,0x0100
863,0x0100
864,0x0100
865,0x0100
866,0x0100
867,0x0100
868,0x0100
869,0x0100
870,0x0100
871,0x0100
872,0x0100
873,0x0100
874,0x0100
875,0x0100
876,0x0100
877,0x0100
878,0x0100
879,0x0100
880,0x0100
881,0x0100
882,0x0100
883,0x0100
884,0x0100
885,0x0100
886,0x0100
887,0x0100
888,0x0100
889,0x0100
890,0x0100
891,0x0100
892,0x0100
893,0x0100
894,0x0100
895,0x0100
896,0x0100
897,0x0100
898,0x0100
899,0x0100
900,0x0100
901,0x0100
902,0x0100
903,0x0100
904,0x0100
905,0x0100
906,0x0100
907,0x0100
908,0x0100
909,0x0100
910,0x0100
911,0x0100
912,0x0100
913,0x0100
914,0x0100
915,0x0100
916,0x0100
917,0x0100
918,0x0100
919,0x0100
920,0x0100
921,0x0100
922,0x0100
923,0x0100
924,0x0100
925,0x0100
926,0x0100
927,0x0100
928,0x0100
929,0x0100
930,0x0100
931,0x0100
932,0x0100
933,0x0100
934,0x0100
935,0x0100
936,0x0100
937,0x0100
938,0x0100
939,0x0100
940,0x0100
941,0x0100
942,0x0100
943,0x0100
944,0x0100
945,0x0100
946,0x0100
947,0x0100
948,0x0100
949,0x0100
950,0x0100
951,0x0100
952,0x0100
953,0x0100
954,0x0100
955,0x0100
956,0x0100
957,0x0100
958,0x0100
959,0x0100
960,0x0100
961,0x0100
962,0x0100
963,0x0100
964,0x0100
965,0x0100
966,0x0100
967,0x0100
968,0x0100
969,0x0100
970,0x0100
971,0x0100
972,0x0100
973,0x0100
974,0x0100
975,0x0100
976,0x0100
977,0x0100
978,0x0100
979,0x0100
980,0x0100
981,0x0100
982,0x0100
983,0x0100
984,0x0100
985,0x0100
986,0x0100
987,0x0100
988,0x0100
989,0x0100
990,0x0100
991,0x0100
992,0x0100
993,0x0100
994,0x0100
995,0x0100
996,0x0100
997,0x0100
998,0x0100
999,0x0100
1000,0x0100
1001,0x0100
1002,0x0100
1003,0x0100
1004,0x0100
1005,0x0100
1006,0x0100
1007,0x0100
1008,0x0100
1009,0x0100
1010,0x0100
1011,0x0100
1012,0x0100
1013,0x0100
1014,0x0100
1015,0x0100
1016,0x0100
1017,0x0100
1018,0x0100
1019,0x0100
1020,0x0100
1021,0x0100
1022,0x0100
1023,0x0100
1024,0x0100
1025,0x0100
1026,0x0100
1027,0x0100
1028,0x0100
1029,0x0100
1030,0x0100
1031,0x0100
1032,0x0100
1033,0x0100
1034,0x0100
1035,0x0100
1036,0x0100
1037,0x0100
1038,0x0100
1039,0x0100
1040,0x0100
1041,0x0100
1042,0x0100
1043,0x0100
1044,0x0100
1045,0x0100
1046,0x0100
1047,0x0100
1048,0x0100
1049,0x0100
1050,0x0100
1051,0x0100
1052,0x0100
1053,0x0100
1054,0x0100
1055,0x0100
1056,0x0100
1057,0x0100
1058,0x0100
1059,0x0100
1060,0x0100
1061,0x0100
1062,0x0100
1063,0x0100
1064,0x0100
1065,0x0100
1066,0x0100
1067,0x0100
1068,0x0100
1069,0x0100
1070,0x0100
1071,0x0100
1072,0x0100
1073,0x0100
1074,0x0100
1075,0x0100
1076,0x0100
1077,0x0100
1078,0x0100
1079,0x0100
1080,0x0100
1081,0x0100
1082,0x0100
1083,0x0100
1084,0x0100
1085,0x0100
1086,0x0100
1087,0x0100
1088,0x0100
1089,0x0100
1090,0x0100
1091,0x0100
1092,0x0100
1093,0x0100
1094,0x0100
1095,0x0100
1096,0x0100
1097,0x0100
1098,0x0100
1099,0x0100
1100,0x0100
1101,0x0100
1102,0x0100
1103,0x0100
1104,0x0100
1105,0x0100
1106,0x0100
1107,0x0100
1108,0x0100
1109,0x0100
1110,0x0100
1111,0x0100
1112,0x0100
1113,0x0100
1114,0x0100
1115,0x0100
1116,0x0100
1117,0x0100
1118,0x0100
1119,0x0100
1120,0x0100
1121,0x0100
1122,0x0100
1123,0x0100
1124,0x0100
1125,0x0100
1126,0x0100
1127,0x0100
1128,0x0100
1129,0x0100
1130,0x0100
1131,0x0100
1132,0x0100
1133,0x0100
1134,0x0100
1135,0x0100
1136,0x0100
1137,0x0100
1138,0x0100
1139,0x0100
1140,0x0100
1141,0x0100
1142,0x0100
1143,0x0100
1144,0x0100
1145,0x0100
1146,0x0100
1147,0x0100
1148,0x0100
1149,0x0100
1150,0x0100
1151,0x0100
1152,0x0100
1153,0x0100
1154,0x0100
1155,0x0100
1156,0x0100
1157,0x0100
1158,0x0100
1159,0x0100
1160,0x0100
1161,0x0100
1162,0x0100
1163,0x0100
1164,0x0100
1165,0x0100
1166,0x0100
1167,0x0100
1168,0x0100
1169,0x0100
1170,0x0100
1171,0x0100
1172,0x0100
1173,0x0100
1174,0x0100
1175,0x0100
1176,0x0100
1177,0x0100
1178,0x0100
1179,0x0100
1180,0x0100
1181,0x0100
1182,0x0100
1183,0x0100
1184,0x0100
1185,0x0100
1186,0x0100
1187,0x0100
1188,0x0100
1189,0x0100
1190,0x0100
1191,0x0100
1192,0x0100
1193,0x0100
1194,0x0100
1195,0x0100
1196,0x0100
1197,0x0100
1198,0x0100
1199,0x0100
1200,0x0100
1201,0x0100
1202,0x0100
1203,0x0100
1204,0x0100
1205,0x0100
1206,0x0100
1207,0x0100
1208,0x0100
1209,0x0100
1210,0x0100
1211,0x0100
1212,0x0100
1213,0x0100
1214,0x0100
1215,0x0100
1216,0x0100
1217,0x0100
1218,0x0100
1219,0x0100
1220,0x0100
1221,0x0100
1222,0x0100
1223,0x0100
1224,0x0100
1225,0x0100
1226,0x0100
1227,0x0100
1228,0x0100
1229,0x0100
1230,0x0100
1231,0x0100
1232,0x0100
1233,0x0100
1234,0x0100
1235,0x0100
1236,0x0100
1237,0x0100
1238,0x0100
1239,0x0100
1240,0x0100
1241,0x0100
1242,0x0100
1243,0x0100
1244,0x0100
1245,0x0100
1246,0x0100
1247,0x0100
1248,0x0100
1249,0x0100
1250,0x0100
1251,0x0100
1252,0x0100
1253,0x0100
1254,0x0100
1255,0x0100
1256,0x0100
1257,0x0100
1258,0x0100
1259,0x0100
1260,0x0100
1261,0x0100
1262,0x0100
1263,0x0100
1264,0x0100
1265,0x0100
1266,0x0100
1267,0x0100
1268,0x0100
1269,0x0100
1270,0x0100
1271,0x0100
1272,0x0100
1273,0x0100
1274,0x0100
1275,0x0100
1276,0x0100
1277,0x0100
1278,0x0100
1279,0x0100
1280,0x0100
1281,0x0100
1282,0x0100
1283,0x0100
1284,0x0100
1285,0x0100
1286,0x0100
1287,0x0100
1288,0x0100
1289,0x0100
1290,0x0100
1291,0x0100
1292,0x0100
1293,0x0100
1294,0x0100
1295,0x0100
1296,0x0100
1297,0x0100
1298,0x0100
1299,0x0100
1300,0x0100
1301,0x0100
1302,0x0100
1303,0x0100
1304,0x0100
1305,0x0100
1306,0x0100
1307,0x0100
1308,0x0100
1309,0x0100
1310,0x0100
1311,0x0100
1312,0x0100
1313,0x0100
1314,0x0100
1315,0x0100
1316,0x0100
1317,0x0100
1318,0x0100
1319,0x0100
1320,0x0100
1321,0x0100
1322,0x0100
1323,0x0100
1324,0x0100
1325,0x0100
1326,0x0100
1327,0x0100
1328,0x0100
1329,0x0100
1330,0x0100
1331,0x0100
1332,0x0100
1333,0x0100
1334,0x0100
1335,0x0100
1336,0x0100
1337,0x0100
1338,0x0100
1339,0x0100
1340,0x0100
1341,0x0100
1342,0x0100
1343,0x0100
1344,0x0100
1345,0x0100
1346,0x0100
1347,0x0100
1348,0x0100
1349,0x0100
1350,0x0100
1351,0x0100
1352,0x0100
1353,0x0100
1354,0x0100
1355,0x0100
1356,0x0100
1357,0x0100
1358,0x0100
1359,0x0100
1360,0x0100
1361,0x0100
1362,0x0100
1363,0x0100
1364,0x0100
1365,0x0100
1366,0x0100
1367,0x0100
1368,0x0100
1369,0x0100
1370,0x0100
1371,0x0100
1372,0x0100
1373,0x0100
1374,0x0100
1375,0x0100
1376,0x0100
1377,0x0100
1378,0x0100
1379,0x0100
1380,0x0100
1381,0x0100
1382,0x0100
1383,0x0100
1384,0x0100
1385,0x0100
1386,0x0100
1387,0x0100
1388,0x0100
1389,0x0100
1390,0x0100
1391,0x0100
1392,0x0100
1393,0x0100
1394,0x0100
1395,0x0100
1396,0x0100
1397,0x0100
1398,0x0100
1399,0x0100
1400,0x0100
1401,0x0100
1402,0x0100
1403,0x0100
1404,0x0100
1405,0x0100
1406,0x0100
1407,0x0100
1408,0x0100
1409,0x0100
1410,0x0100
1411,0x0100
1412,0x0100
1413,0x0100
1414,0x0100
1415,0x0100
1416,0x0100
1417,0x0100
1418,0x0100
1419,0x0100
1420,0x0100
1421,0x0100
1422,0x0100
1423,0x0100
1424,0x0100
1425,0x0100
1426,0x0100
1427,0x0100
1428,0x0100
1429,0x0100
1430,0x0100
1431,0x0100
1432,0x0100
1433,0x0100
1434,0x0100
1435,0x0100
1436,0x0100
1437,0x0100
1438,0x0100
1439,0x0100
1440,0x0100
1441,0x0100
1442,0x0100
1443,0x0100
1444,0x0100
1445,0x0100
1446,0x0100
1447,0x0100
1448,0x0100
1449,0x0100
1450,0x0100
1451,0x0100
1452,0x0100
1453,0x0100
1454,0x0100
1455,0x0100
1456,0x0100
1457,0x0100
1458,0x0100
1459,0x0100
1460,0x0100
1461,0x0100
1462,0x0100
1463,0x0100
1464,0x0100
1465,0x0100
1466,0x0100
1467,0x0100
1468,0x0100
1469,0x0100
1470,0x0100
1471,0x0100
1472,0x0100
1473,0x0100
1474,0x0100
1475,0x0100
1476,0x0100
1477,0x0100
1478,0x0100
1479,0x0100
1480,0x0100
1481,0x0100
1482,0x0100
1483,0x0100
1484,0x0100
1485,0x0100
1486,0x0100
1487,0x0100
1488,0x0100
1489,0x0100
1490,0x0100
1491,0x0100
1492,0x0100
1493,0x0100
1494,0x0100
1495,0x0100
1496,0x0100
1497,0x0100
1498,0x0100
1499,0x0100
1500,0x0100
1501,0x0100
1502,0x0100
1503,0x0100
1504,0x0100
1505,0x0100
1506,0x0100
1507,0x0100
1508,0x0100
1509,0x0100
1510,0x0100
1511,0x0100
1512,0x0100
1513,0x0100
1514,0x0100
1515,0x0100
1516,0x0100
1517,0x0100
1518,0x0100
1519,0x0100
1520,0x0100
1521,0x0100
1522,0x0100
1523,0x0100
1524,0x0100
1525,0x0100
1526,0x0100
1527,0x0100
1528,0x0100
1529,0x0100
1530,0x0100
1531,0x0100
1532,0x0100
1533,0x0100
1534,0x0100
1535,0x0100
1536,0x0100
1537,0x0100
1538,0x0100
1539,0x0100
1540,0x0100
1541,0x0100
1542,0x0100
1543,0x0100
1544,0x0100
1545,0x0100
1546,0x0100
1547,0x0100
1548,0x0100
1549,0x0100
1550,0x0100
1551,0x0100
1552,0x0100
1553,0x0100
1554,0x0100
1555,0x0100
1556,0x0100
1557,0x0100
1558,0x0100
1559,0x0100
1560,0x0100
1561,0x0100
1562,0x0100
1563,0x0100
1564,0x0100
1565,0x0100
1566,0x0100
1567,0x0100
1568,0x0100
1569,0x0100
1570,0x0100
1571,0x0100
1572,0x0100
1573,0x0100
1574,0x0100
1575,0x0100
1576,0x0100
1577,0x0100
1578,0x0100
1579,0x0100
1580,0x0100
1581,0x0100
1582,0x0100
1583,0x0100
1584,0x0100
1585,0x0100
1586,0x0100
1587,0x0100
1588,0x0100
1589,0x0100
1590,0x0100
1591,0x0100
1592,0x0100
1593,0x0100
1594,0x0100
1595,0x0100
1596,0x0100
1597,0x0100
1598,0x0100
1599,0x0100
1600,0x0100
1601,0x0100
1602,0x0100
1603,0x0100
1604,0x0100
1605,0x0100
1606,0x0100
1607,0x0100
1608,0x0100
1609,0x0100
1610,0x0100
1611,0x0100
1612,0x0100
1613,0x0100
1614,0x0100
1615,0x0100
1616,0x0100
1617,0x0100
1618,0x0100
1619,0x0100
1620,0x0100
1621,0x0100
1622,0x0100
1623,0x0100
1624,0x0100
1625,0x0100
1626,0x0100
1627,0x0100
1628,0x0100
1629,0x0100
1630,0x0100
1631,0x0100
1632,0x0100
1633,0x0100
1634,0x0100
1635,0x0100
1636,0x0100
1637,0x0100
1638,0x0100
1639,0x0100
1640,0x0100
1641,0x0100
1642,0x0100
1643,0x0100
1644,0x0100
1645,0x0100
1646,0x0100
1647,0x0100
1648,0x0100
1649,0x0100
1650,0x0100
1651,0x0100
1652,0x0100
1653,0x0100
1654,0x0100
1655,0x0100
1656,0x0100
1657,0x0100
1658,0x0100
1659,0x0100
1660,0x0100
1661,0x0100
1662,0x0100
1663,0x0100
1664,0x0100
1665,0x0100
1666,0x0100
1667,0x0100
1668,0x0100
1669,0x0100
1670,0x0100
1671,0x0100
1672,0x0100
1673,0x0100
1674,0x0100
1675,0x0100
1676,0x0100
1677,0x0100
1678,0x0100
1679,0x0100
1680,0x0100
1681,0x0100
1682,0x0100
1683,0x0100
1684,0x0100
1685,0x0100
1686,0x0100
1687,0x0100
1688,0x0100
1689,0x0100
1690,0x0100
1691,0x0100
1692,0x0100
1693,0x0100
1694,0x0100
1695,0x0100
1696,0x0100
1697,0x0100
1698,0x0100
1699,0x0100
1700,0x0100
1701,0x0100
1702,0x0100
1703,0x0100
1704,0x0100
1705,0x0100
1706,0x0100
1707,0x0100
1708,0x0100
1709,0x0100
1710,0x0100
1711,0x0100
1712,0x0100
1713,0x0100
1714,0x0100
1715,0x0100
1716,0x0100
1717,0x0100
1718,0x0100
1719,0x0100
1720,0x0100
1721,0x0100
1722,0x0100
1723,0x0100
1724,0x0100
1725,0x0100
1726,0x0100
1727,0x0100
1728,0x0100
1729,0x0100
1730,0x0100
1731,0x0100
1732,0x0100
1733,0x0100
1734,0x0100
1735,0x0100
1736,0x0100
1737,0x0100
1738,0x0100
1739,0x0100
1740,0x0100
1741,0x0100
1742,0x0100
1743,0x0100
1744,0x0100
1745,0x0100
1746,0x0100
1747,0x0100
1748,0x0100
1749,0x0100
1750,0x0100
1751,0x0100
1752,0x0100
1753,0x0100
1754,0x0100
1755,0x0100
1756,0x0100
1757,0x0100
1758,0x0100
1759,0x0100
1760,0x0100
1761,0x0100
1762,0x0100
1763,0x0100
1764,0x0100
1765,0x0100
1766,0x0100
1767,0x0100
1768,0x0100
1769,0x0100
1770,0x0100
1771,0x0100
1772,0x0100
1773,0x0100
1774,0x0100
1775,0x0100
1776,0x0100
1777,0x0100
1778,0x0100
1779,0x0100
1780,0x0100
1781,0x0100
1782,0x0100
1783,0x0100
1784,0x0100
1785,0x0100
1786,0x0100
1787,0x0100
1788,0x0100
1789,0x0100
1790,0x0100
1791,0x0100
1792,0x0100
1793,0x0100
1794,0x0100
1795,0x0100
1796,0x0100
1797,0x0100
1798,0x0100
1799,0x0100
1800,0x0100
1801,0x0100
1802,0x0100
1803,0x0100
1804,0x0100
1805,0x0100
1806,0x0100
1807,0x0100
1808,0x0100
1809,0x0100
1810,0x0100
1811,0x0100
1812,0x0100
1813,0x0100
1814,0x0100
1815,0x0100
1816,0x0100
1817,0x0100
1818,0x0100
1819,0x0100
1820,0x0100
1821,0x0100
1822,0x0100
1823,0x0100
1824,0x0100
1825,0x0100
1826,0x0100
1827,0x0100
1828,0x0100
1829,0x0100
1830,0x0100
1831,0x0100
1832,0x0100
1833,0x0100
1834,0x0100
1835,0x0100
1836,0x0100
1837,0x0100
1838,0x0100
1839,0x0100
1840,0x0100
1841,0x0100
1842,0x0100
1843,0x0100
1844,0x0100
1845,0x0100
1846,0x0100
1847,0x0100
1848,0x0100
1849,0x0100
1850,0x0100
1851,0x0100
1852,0x0100
1853,0x0100
1854,0x0100
1855,0x0100
1856,0x0100
1857,0x0100
1858,0x0100
1859,0x0100
1860,0x0100
1861,0x0100
1862,0x0100
1863,0x0100
1864,0x0100
1865,0x0100
1866,0x0100
1867,0x0100
1868,0x0100
1869,0x0100
1870,0x0100
1871,0x0100
1872,0x0100
1873,0x0100
1874,0x0100
1875,0x0100
1876,0x0100
1877,0x0100
1878,0x0100
1879,0x0100
1880,0x0100
1881,0x0100
1882,0x0100
1883,0x0100
1884,0x0100
1885,0x0100
1886,0x0100
1887,0x0100
1888,0x0100
1889,0x0100
1890,0x0100
1891,0x0100
1892,0x0100
1893,0x0100
1894,0x0100
1895,0x0100
1896,0x0100
1897,0x0100
1898,0x0100
1899,0x0100
1900,0x0100
1901,0x0100
1902,0x0100
1903,0x0100
1904,0x0100
1905,0x0100
1906,0x0100
1907,0x0100
1908,0x0100
1909,0x0100
1910,0x0100
1911,0x0100
1912,0x0100
1913,0x0100
1914,0x0100
1915,0x0100
1916,0x0100
1917,0x0100
1918,0x0100
1919,0x0100
1920,0x0100
1921,0x0100
1922,0x0100
1923,0x0100
1924,0x0100
1925,0x0100
1926,0x0100
1927,0x0100
1928,0x0100
1929,0x0100
1930,0x0100
1931,0x0100
1932,0x0100
1933,0x0100
1934,0x0100
1935,0x0100
1936,0x0100
1937,0x0100
1938,0x0100
1939,0x0100
1940,0x0100
1941,0x0100
1942,0x0100
1943,0x0100
1944,0x0100
1945,0x0100
1946,0x0100
1947,0x0100
1948,0x0100
1949,0x0100
1950,0x0100
1951,0x0100
1952,0x0100
1953,0x0100
1954,0x0100
1955,0x0100
1956,0x0100
1957,0x0100
1958,0x0100
1959,0x0100
1960,0x0100
1961,0x0100
1962,0x0100
1963,0x0100
1964,0x0100
1965,0x0100
1966,0x0100
1967,0x0100
1968,0x0100
1969,0x0100
1970,0x0100
1971,0x0100
1972,0x0100
1973,0x0100
1974,0x0100
1975,0x0100
1976,0x0100
1977,0x0100
1978,0x0100
1979,0x0100
1980,0x0100
1981,0x0100
1982,0x0100
1983,0x0100
1984,0x0100
1985,0x0100
1986,0x0100
1987,0x0100
1988,0x0100
1989,0x0100
1990,0x0100
1991,0x0100
1992,0x0100
1993,0x0100
1994,0x0100
1995,0x0100
1996,0x0100
1997,0x0100
1998,0x0100
1999,0x0100
2000,0x0100
2001,0x0100
2002,0x0100
2003,0x0100
2004,0x0100
2005,0x0100
2006,0x0100
2007,0x0100
2008,0x0100
2009,0x0100
2010,0x0100
2011,0x0100
2012,0x0100
2013,0x0100
2014,0x0100
2015,0x0100
2016,0x0100
2017,0x0100
2018,0x0100
2019,0x0100
2020,0x0100
2021,0x0100
2022,0x0100
2023,0x0100
2024,0x0100
2025,0x0100
2026,0x0100
2027,0x0100
2028,0x0100
2029,0x0100
2030,0x0100
2031,0x0100
2032,0x0100
2033,0x0100
2034,0x0100
2035,0x0100
2036,0x0100
2037,0x0100
2038,0x0100
2039,0x0100
2040,0x0100
2041,0x0100
2042,0x0100
2043,0x0100
2044,0x0100
2045,0x0100
2046,0x0100
2047,0x0100
2048,0x0100
2049,0x0100
2050,0x0100
2051,0x0100
2052,0x0100
2053,0x0100
2054,0x0100
2055,0x0100
2056,0x0100
2057,0x0100
2058,0x0100
2059,0x0100
2060,0x0100
2061,0x0100
2062,0x0100
2063,0x0100
2064,0x0100
2065,0x0100
2066,0x0100
2067,0x0100
2068,0x0100
2069,0x0100
2070,0x0100
2071,0x0100
2072,0x0100
2073,0x0100
2074,0x0100
2075,0x0100
2076,0x0100
2077,0x0100
2078,0x0100
2079,0x0100
2080,0x0100
2081,0x0100
2082,0x0100
2083,0x0100
2084,0x0100
2085,0x0100
2086,0x0100
2087,0x0100
2088,0x0100
2089,0x0100
2090,0x0100
2091,0x0100
2092,0x0100
2093,0x0100
2094,0x0100
2095,0x0100
2096,0x0100
2097,0x0100
2098,0x0100
2099,0x0100
2100,0x0100
2101,0x0100
2102,0x0100
2103,0x0100
2104,0x0100
2105,0x0100
2106,0x0100
2107,0x0100
2108,0x0100
2109,0x0100
2110,0x0100
2111,0x0100
2112,0x0100
2113,0x0100
2114,0x0100
2115,0x0100
2116,0x0100
2117,0x0100
2118,0x0100
2119,0x0100
2120,0x0100
2121,0x0100
2122,0x0100
2123,0x0100
2124,0x0100
2125,0x0100
2126,0x0100
2127,0x0100
2128,0x0100
2129,0x0100
2130,0x0100
2131,0x0100
2132,0x0100
2133,0x0100
2134,0x0100
2135,0x0100
2136,0x0100
2137,0x0100
2138,0x0100
2139,0x0100
2140,0x0100
2141,0x0100
2142,0x0100
2143,0x0100
2144,0x0100
2145,0x0100
2146,0x0100
2147,0x0100
2148,0x0100
2149,0x0100
2150,0x0100
2151,0x0100
2152,0x0100
2153,0x0100
2154,0x0100
2155,0x0100
2156,0x0100
2157,0x0100
2158,0x0100
2159,0x0100
2160,0x0100
2161,0x0100
2162,0x0100
2163,0x0100
2164,0x0100
2165,0x0100
2166,0x0100
2167,0x0100
2168,0x0100
2169,0x0100
2170,0x0100
2171,0x0100
2172,0x0100
2173,0x0100
2174,0x0100
2175,0x0100
2176,0x0100
2177,0x0100
2178,0x0100
2179,0x0100
2180,0x0100
2181,0x0100
2182,0x0100
2183,0x0100
2184,0x0100
2185,0x0100
2186,0x0100
2187,0x0100
2188,0x0100
2189,0x0100
2190,0x0100
2191,0x0100
2192,0x0100
2193,0x0100
2194,0x0100
2195,0x0100
2196,0x0100
2197,0x0100
2198,0x0100
2199,0x0100
2200,0x0100
2201,0x0100
2202,0x0100
2203,0x0100
2204,0x0100
2205,0x0100
2206,0x0100
2207,0x0100
2208,0x0100
2209,0x0100
2210,0x0100
2211,0x0100
2212,0x0100
2213,0x0100
2214,0x0100
2215,0x0100
2216,0x0100
2217,0x0100
2218,0x0100
2219,0x0100
2220,0x0100
2221,0x0100
2222,0x0100
2223,0x0100
2224,0x0100
2225,0x0100
2226,0x0100
2227,0x0100
2228,0x0100
2229,0x0100
2230,0x0100
2231,0x0100
2232,0x0100
2233,0x0100
2234,0x0100
2235,0x0100
2236,0x0100
2237,0x0100
2238,0x0100
2239,0x0100
2240,0x0100
2241,0x0100
2242,0x0100
2243,0x0100
2244,0x0100
2245,0x0100
2246,0x0100
2247,0x0100
2248,0x0100
2249,0x0100
2250,0x0100
2251,0x0100
2252,0x0100
2253,0x0100
2254,0x0100
2255,0x0100
2256,0x0100
2257,0x0100
2258,0x0100
2259,0x0100
2260,0x0100
2261,0x0100
2262,0x0100
2263,0x0100
2264,0x0100
2265,0x0100
2266,0x0100
2267,0x0100
2268,0x0100
2269,0x0100
2270,0x0100
2271,0x0100
2272,0x0100
2273,0x0100
2274,0x0100
2275,0x0100
2276,0x0100
2277,0x0100
2278,0x0100
2279,0x0100
2280,0x0100
2281,0x0100
2282,0x0100
2283,0x0100
2284,0x0100
2285,0x0100
2286,0x0100
2287,0x0100
2288,0x0100
2289,0x0100
2290,0x0100
2291,0x0100
2292,0x0100
2293,0x0100
2294,0x0100
2295,0x0100
2296,0x0100
2297,0x0100
2298,0x0100
2299,0x0100
2300,0x0100
2301,0x0100
2302,0x0100
2303,0x0100
2304,0x0100
2305,0x0100
2306,0x0100
2307,0x0100
2308,0x0100
2309,0x0100
2310,0x0100
2311,0x0100
2312,0x0100
2313,0x0100
2314,0x0100
2315,0x0100
2316,0x0100
2317,0x0100
2318,0x0100
2319,0x0100
2320,0x0100
2321,0x0100
2322,0x0100
2323,0x0100
2324,0x0100
2325,0x0100
2326,0x0100
2327,0x0100
2328,0x0100
2329,0x0100
2330,0x0100
2331,0x0100
2332,0x0100
2333,0x0100
2334,0x0100
2335,0x0100
2336,0x0100
2337,0x0100
2338,0x0100
2339,0x0100
2340,0x0100
2341,0x0100
2342,0x0100
2343,0x0100
2344,0x0100
2345,0x0100
2346,0x0100
2347,0x0100
2348,0x0100
2349,0x0100
2350,0x0100
2351,0x0100
2352,0x0100
2353,0x0100
2354,0x0100
2355,0x0100
2356,0x0100
2357,0x0100
2358,0x0100
2359,0x0100
2360,0x0100
2361,0x0100
2362,0x0100
2363,0x0100
2364,0x0100
2365,0x0100
2366,0x0100
2367,0x0100
2368,0x0100
2369,0x0100
2370,0x0100
2371,0x0100
2372,0x0100
2373,0x0100
2374,0x0100
2375,0x0100
2376,0x0100
2377,0x0100
2378,0x0100
2379,0x0100
2380,0x0100
2381,0x0100
2382,0x0100
2383,0x0100
2384,0x0100
2385,0x0100
2386,0x0100
2387,0x0100
2388,0x0100
2389,0x0100
2390,0x0100
2391,0x0100
2392,0x0100
2393,0x0100
2394,0x0100
2395,0x0100
2396,0x0100
2397,0x0100
2398,0x0100
2399,0x0100
2400,0x0100
2401,0x0100
2402,0x0100
2403,0x0100
2404,0x0100
2405,0x0100
2406,0x0100
2407,0x0100
2408,0x0100
2409,0x0100
2410,0x0100
2411,0x0100
2412,0x0100
2413,0x0100
2414,0x0100
2415,0x0100
2416,0x0100
2417,0x0100
2418,0x0100
2419,0x0100
2420,0x0100
2421,0x0100
2422,0x0100
2423,0x0100
2424,0x0100
2425,0x0100
2426,0x0100
2427,0x0100
2428,0x0100
2429,0x0100
2430,0x0100
2431,0x0100
2432,0x0100
2433,0x0100
2434,0x0100
2435,0x0100
2436,0x0100
2437,0x0100
2438,0x0100
2439,0x0100
2440,0x0100
2441,0x0100
2442,0x0100
2443,0x0100
2444,0x0100
2445,0x0100
2446,0x0100
2447,0x0100
2448,0x0100
2449,0x0100
2450,0x0100
2451,0x0100
2452,0x0100
2453,0x0100
2454,0x0100
2455,0x0100
2456,0x0100
2457,0x0100
2458,0x0100
2459,0x0100
2460,0x0100
2461,0x0100
2462,0x0100
2463,0x0100
2464,0x0100
2465,0x0100
2466,0x0100
2467,0x0100
2468,0x0100
2469,0x0100
2470,0x0100
2471,0x0100
2472,0x0100
2473,0x0100
2474,0x0100
2475,0x0100
2476,0x0100
2477,0x0100
2478,0x0100
2479,0x0100
2480,0x0100
2481,0x0100
2482,0x0100
2483,0x0100
2484,0x0100
2485,0x0100
2486,0x0100
2487,0x0100
2488,0x0100
2489,0x0100
2490,0x0100
2491,0x0100
2492,0x0100
2493,0x0100
2494,0x0100
2495,0x0100
2496,0x0100
2497,0x0100
2498,0x0100
2499,0x0100
2500,0x0100
2501,0x0100
2502,0x0100
2503,0x0100
2504,0x0100
2505,0x0100
2506,0x0100
2507,0x0100
2508,0x0100
2509,0x0100
2510,0x0100
2511,0x0100
2512,0x0100
2513,0x0100
2514,0x0100
2515,0x0100
2516,0x0100
2517,0x0100
2518,0x0100
2519,0x0100
2520,0x0100
2521,0x0100
2522,0x0100
2523,0x0100
2524,0x0100
2525,0x0100
2526,0x0100
2527,0x0100
2528,0x0100
2529,0x0100
2530,0x0100
2531,0x0100
2532,0x0100
2533,0x0100
2534,0x0100
2535,0x0100
2536,0x0100
2537,0x0100
2538,0x0100
2539,0x0100
2540,0x0100
2541,0x0100
2542,0x0100
2543,0x0100
2544,0x0100
2545,0x0100
2546,0x0100
2547,0x0100
2548,0x0100
2549,0x0100
2550,0x0100
2551,0x0100
2552,0x0100
2553,0x0100
2554,0x0100
2555,0x0100
2556,0x0100
2557,0x0100
2558,0x0100
2559,0x0100
2560,0x0100
2561,0x0100
2562,0x0100
2563,0x0100
2564,0x0100
2565,0x0100
2566,0x0100
2567,0x0100
2568,0x0100
2569,0x0100
2570,0x0100
2571,0x0100
2572,0x0100
2573,0x0100
2574,0x0100
2575,0x0100
2576,0x0100
2577,0x0100
2578,0x0100
2579,0x0100
2580,0x0100
2581,0x0100
2582,0x0100
2583,0x0100
2584,0x0100
2585,0x0100
2586,0x0100
2587,0x0100
2588,0x0100
2589,0x0100
2590,0x0100
2591,0x0100
2592,0x0100
2593,0x0100
2594,0x0100
2595,0x0100
2596,0x0100
2597,0x0100
2598,0x0100
2599,0x0100
2600,0x0100
2601,0x0100
2602,0x0100
2603,0x0100
2604,0x0100
2605,0x0100
2606,0x0100
2607,0x0100
2608,0x0100
2609,0x0100
2610,0x0100
2611,0x0100
2612,0x0100
2613,0x0100
2614,0x0100
2615,0x0100
2616,0x0100
2617,0x0100
2618,0x0100
2619,0x0100
2620,0x0100
2621,0x0100
2622,0x0100
2623,0x0100
2624,0x0100
2625,0x0100
2626,0x0100
2627,0x0100
2628,0x0100
2629,0x0100
2630,0x0100
2631,0x0100
2632,0x0100
2633,0x0100
2634,0x0100
2635,0x0100
2636,0x0100
2637,0x0100
2638,0x0100
2639,0x0100
2640,0x0100
2641,0x0100
2642,0x0100
2643,0x0100
2644,0x0100
2645,0x0100
2646,0x0100
2647,0x0100
2648,0x0100
2649,0x0100
2650,0x0100
2651,0x0100
2652,0x0100
2653,0x0100
2654,0x0100
2655,0x0100
2656,0x0100
2657,0x0100
2658,0x0100
2659,0x0100
2660,0x0100
2661,0x0100
2662,0x0100
2663,0x0100
2664,0x0100
2665,0x0100
2666,0x0100
2667,0x0100
2668,0x0100
2669,0x0100
2670,0x0100
2671,0x0100
2672,0x0100
2673,0x0100
2674,0x0100
2675,0x0100
2676,0x0100
2677,0x0100
2678,0x0100
2679,0x0100
2680,0x0100
2681,0x0100
2682,0x0100
2683,0x0100
2684,0x0100
2685,0x0100
2686,0x0100
2687,0x0100
2688,0x0100
2689,0x0100
2690,0x0100
2691,0x0100
2692,0x0100
2693,0x0100
2694,0x0100
2695,0x0100
2696,0x0100
2697,0x0100
2698,0x0100
2699,0x0100
2700,0x0100
2701,0x0100
2702,0x0100
2703,0x0100
2704,0x0100
2705,0x0100
2706,0x0100
2707,0x0100
2708,0x0100
2709,0x0100
2710,0x0100
2711,0x0100
2712,0x0100
2713,0x0100
2714,0x0100
2715,0x0100
2716,0x0100
2717,0x0100
2718,0x0100
2719,0x0100
2720,0x0100
2721,0x0100
2722,0x0100
2723,0x0100
2724,0x0100
2725,0x0100
2726,0x0100
2727,0x0100
2728,0x0100
2729,0x0100
2730,0x0100
2731,0x0100
2732,0x0100
2733,0x0100
2734,0x0100
2735,0x0100
2736,0x0100
2737,0x0100
2738,0x0100
2739,0x0100
2740,0x0100
2741,0x0100
2742,0x0100
2743,0x0100
2744,0x0100
2745,0x0100
2746,0x0100
2747,0x0100
2748,0x0100
2749,0x0100
2750,0x0100
2751,0x0100
2752,0x0100
2753,0x0100
2754,0x0100
2755,0x0100
2756,0x0100
2757,0x0100
2758,0x0100
2759,0x0100
2760,0x0100
2761,0x0100
2762,0x0100
2763,0x0100
2764,0x0100
2765,0x0100
2766,0x0100
2767,0x0100
2768,0x0100
2769,0x0100
2770,0x0100
2771,0x0100
2772,0x0100
2773,0x0100
2774,0x0100
2775,0x0100
2776,0x0100
2777,0x0100
2778,0x0100
2779,0x0100
2780,0x0100
2781,0x0100
2782,0x0100
2783,0x0100
2784,0x0100
2785,0x0100
2786,0x0100
2787,0x0100
2788,0x0100
2789,0x0100
2790,0x0100
2791,0x0100
2792,0x0100
2793,0x0100
2794,0x0100
2795,0x0100
2796,0x0100
2797,0x0100
2798,0x0100
2799,0x0100
2800,0x0100
2801,0x0100
2802,0x0100
2803,0x0100
2804,0x0100
2805,0x0100
2806,0x0100
2807,0x0100
2808,0x0100
2809,0x0100
2810,0x0100
2811,0x0100
2812,0x0100
2813,0x0100
2814,0x0100
2815,0x0100
2816,0x0100
2817,0x0100
2818,0x0100
2819,0x0100
2820,0x0100
2821,0x0100
2822,0x0100
2823,0x0100
2824,0x0100
2825,0x0100
2826,0x0100
2827,0x0100
2828,0x0100
2829,0x0100
2830,0x0100
2831,0x0100
2832,0x0100
2833,0x0100
2834,0x0100
2835,0x0100
2836,0x0100
2837,0x0100
2838,0x0100
2839,0x0100
2840,0x0100
2841,0x0100
2842,0x0100
2843,0x0100
2844,0x0100
2845,0x0100
2846,0x0100
2847,0x0100
2848,0x0100
2849,0x0100
2850,0x0100
2851,0x0100
2852,0x0100
2853,0x0100
2854,0x0100
2855,0x0100
2856,0x0100
2857,0x0100
2858,0x0100
2859,0x0100
2860,0x0100
2861,0x0100
2862,0x0100
2863,0x0100
2864,0x0100
2865,0x0100
2866,0x0100
2867,0x0100
2868,0x0100
2869,0x0100
2870,0x0100
2871,0x0100
2872,0x0100
2873,0x0100
2874,0x0100
2875,0x0100
2876,0x0100
2877,0x0100
2878,0x0100
2879,0x0100
2880,0x0100
2881,0x0100
2882,0x0100
2883,0x0100
2884,0x0100
2885,0x0100
2886,0x0100
2887,0x0100
2888,0x0100
2889,0x0100
2890,0x0100
2891,0x0100
2892,0x0100
2893,0x0100
2894,0x0100
2895,0x0100
2896,0x0100
2897,0x0100
2898,0x0100
2899,0x0100
2900,0x0100
2901,0x0100
2902,0x0100
2903,0x0100
2904,0x0100
2905,0x0100
2906,0x0100
2907,0x0100
2908,0x0100
2909,0x0100
2910,0x0100
2911,0x0100
2912,0x0100
2913,0x0100
2914,0x0100
2915,0x0100
2916,0x0100
2917,0x0100
2918,0x0100
2919,0x0100
2920,0x0100
2921,0x0100
2922,0x0100
2923,0x0100
2924,0x0100
2925,0x0100
2926,0x0100
2927,0x0100
2928,0x0100
2929,0x0100
2930,0x0100
2931,0x0100
2932,0x0100
2933,0x0100
2934,0x0100
2935,0x0100
2936,0x0100
2937,0x0100
2938,0x0100
2939,0x0100
2940,0x0100
2941,0x0100
2942,0x0100
2943,0x0100
2944,0x0100
2945,0x0100
2946,0x0100
2947,0x0100
2948,0x0100
2949,0x0100
2950,0x0100
2951,0x0100
2952,0x0100
2953,0x0100
2954,0x0100
2955,0x0100
2956,0x0100
2957,0x0100
2958,0x0100
2959,0x0100
2960,0x0100
2961,0x0100
2962,0x0100
2963,0x0100
2964,0x0100
2965,0x0100
2966,0x0100
2967,0x0100
2968,0x0100
2969,0x0100
2970,0x0100
2971,0x0100
2972,0x0100
2973,0x0100
2974,0x0100
2975,0x0100
2976,0x0100
2977,0x0100
2978,0x0100
2979,0x0100
2980,0x0100
2981,0x0100
2982,0x0100
2983,0x0100
2984,0x0100
2985,0x0100
2986,0x0100
2987,0x0100
2988,0x0100
2989,0x0100
2990,0x0100
2991,0x0100
2992,0x0100
2993,0x0100
2994,0x0100
2995,0x0100
2996,0x0100
2997,0x0100
2998,0x0100
2999,0x0100
3000,0x0100
3001,0x0100
3002,0x0100
3003,0x0100
3004,0x0100
3005,0x0100
3006,0x0100
3007,0x0100
3008,0x0100
3009,0x0100
3010,0x0100
3011,0x0100
3012,0x0100
3013,0x0100
3014,0x0100
3015,0x0100
3016,0x0100
3017,0x0100
3018,0x0100
3019,0x0100
3020,0x0100
3021,0x0100
3022,0x0100
3023,0x0100
3024,0x0100
3025,0x0100
3026,0x0100
3027,0x0100
3028,0x0100
3029,0x0100
3030,0x0100
3031,0x0100
3032,0x0100
3033,0x0100
3034,0x0100
3035,0x0100
3036,0x0100
3037,0x0100
3038,0x0100
3039,0x0100
3040,0x0100
3041,0x0100
3042,0x0100
3043,0x0100
3044,0x0100
3045,0x0100
3046,0x0100
3047,0x0100
3048,0x0100
3049,0x0100
3050,0x0100
3051,0x0100
3052,0x0100
3053,0x0100
3054,0x0100
3055,0x0100
3056,0x0100
3057,0x0100
3058,0x0100
3059,0x0100
3060,0x0100
3061,0x0100
3062,0x0100
3063,0x0100
3064,0x0100
3065,0x0100
3066,0x0100
3067,0x0100
3068,0x0100
3069,0x0100
3070,0x0100
3071,0x0100
3072,0x0100
3073,0x0100
3074,0x0100
3075,0x0100
3076,0x0100
3077,0x0100
3078,0x0100
3079,0x0100
3080,0x0100
3081,0x0100
3082,0x0100
3083,0x0100
3084,0x0100
3085,0x0100
3086,0x0100
3087,0x0100
3088,0x0100
3089,0x0100
3090,0x0100
3091,0x0100
3092,0x0100
3093,0x0100
3094,0x0100
3095,0x0100
3096,0x0100
3097,0x0100
3098,0x0100
3099,0x0100
3100,0x0100
3101,0x0100
3102,0x0100
3103,0x0100
3104,0x0100
3105,0x0100
3106,0x0100
3107,0x0100
3108,0x0100
3109,0x0100
3110,0x0100
3111,0x0100
3112,0x0100
3113,0x0100
3114,0x0100
3115,0x0100
3116,0x0100
3117,0x0100
3118,0x0100
3119,0x0100
3120,0x0100
3121,0x0100
3122,0x0100
3123,0x0100
3124,0x0100
3125,0x0100
3126,0x0100
3127,0x0100
3128,0x0100
3129,0x0100
3130,0x0100
3131,0x0100
3132,0x0100
3133,0x0100
3134,0x0100
3135,0x0100
3136,0x0100
3137,0x0100
3138,0x0100
3139,0x0100
3140,0x0100
3141,0x0100
3142,0x0100
3143,0x0100
3144,0x0100
3145,0x0100
3146,0x0100
3147,0x0100
3148,0x0100
3149,0x0100
3150,0x0100
3151,0x0100
3152,0x0100
3153,0x0100
3154,0x0100
3155,0x0100
3156,0x0100
3157,0x0100
3158,0x0100
3159,0x0100
3160,0x0100
3161,0x0100
3162,0x0100
3163,0x0100
3164,0x0100
3165,0x0100
3166,0x0100
3167,0x0100
3168,0x0100
3169,0x0100
3170,0x0100
3171,0x0100
3172,0x0100
3173,0x0100
3174,0x0100
3175,0x0100
3176,0x0100
3177,0x0100
3178,0x0100
3179,0x0100
3180,0x0100
3181,0x0100
3182,0x0100
3183,0x0100
3184,0x0100
3185,0x0100
3186,0x0100
3187,0x0100
3188,0x0100
3189,0x0100
3190,0x0100
3191,0x0100
3192,0x0100
3193,0x0100
3194,0x0100
3195,0x0100
3196,0x0100
3197,0x0100
3198,0x0100
3199,0x0100
3200,0x0100
3201,0x0100
3202,0x0100
3203,0x0100
3204,0x0100
3205,0x0100
3206,0x0100
3207,0x0100
3208,0x0100
3209,0x0100
3210,0x0100
3211,0x0100
3212,0x0100
3213,0x0100
3214,0x0100
3215,0x0100
3216,0x0100
3217,0x0100
3218,0x0100
3219,0x0100
3220,0x0100
3221,0x0100
3222,0x0100
3223,0x0100
3224,0x0100
3225,0x0100
3226,0x0100
3227,0x0100
3228,0x0100
3229,0x0100
3230,0x0100
3231,0x0100
3232,0x0100
3233,0x0100
3234,0x0100
3235,0x0100
3236,0x0100
3237,0x0100
3238,0x0100
3239,0x0100
3240,0x0100
3241,0x0100
3242,0x0100
3243,0x0100
3244,0x0100
3245,0x0100
3246,0x0100
3247,0x0100
3248,0x0100
3249,0x0100
3250,0x0100
3251,0x0100
3252,0x0100
3253,0x0100
3254,0x0100
3255,0x0100
3256,0x0100
3257,0x0100
3258,0x0100
3259,0x0100
3260,0x0100
3261,0x0100
3262,0x0100
3263,0x0100
3264,0x0100
3265,0x0100
3266,0x0100
3267,0x0100
3268,0x0100
3269,0x0100
3270,0x0100
3271,0x0100
3272,0x0100
3273,0x0100
3274,0x0100
3275,0x0100
3276,0x0100
3277,0x0100
3278,0x0100
3279,0x0100
3280,0x0100
3281,0x0100
3282,0x0100
3283,0x0100
3284,0x0100
3285,0x0100
3286,0x0100
3287,0x0100
3288,0x0100
3289,0x0100
3290,0x0100
3291,0x0100
3292,0x0100
3293,0x0100
3294,0x0100
3295,0x0100
3296,0x0100
3297,0x0100
3298,0x0100
3299,0x0100
3300,0x0100
3301,0x0100
3302,0x0100
3303,0x0100
3304,0x0100
3305,0x0100
3306,0x0100
3307,0x0100
3308,0x0100
3309,0x0100
3310,0x0100
3311,0x0100
3312,0x0100
3313,0x0100
3314,0x0100
3315,0x0100
3316,0x0100
3317,0x0100
3318,0x0100
3319,0x0100
3320,0x0100
3321,0x0100
3322,0x0100
3323,0x0100
3324,0x0100
3325,0x0100
3326,0x0100
3327,0x0100
3328,0x0100
3329,0x0100
3330,0x0100
3331,0x0100
3332,0x0100
3333,0x0100
3334,0x0100
3335,0x0100
3336,0x0100
3337,0x0100
3338,0x0100
3339,0x0100
3340,0x0100
3341,0x0100
3342,0x0100
3343,0x0100
3344,0x0100
3345,0x0100
3346,0x0100
3347,0x0100
3348,0x0100
3349,0x0100
3350,0x0100
3351,0x0100
3352,0x0100
3353,0x0100
3354,0x0100
3355,0x0100
3356,0x0100
3357,0x0100
3358,0x0100
3359,0x0100
3360,0x0100
3361,0x0100
3362,0x0100
3363,0x0100
3364,0x0100
3365,0x0100
3366,0x0100
3367,0x0100
3368,0x0100
3369,0x0100
3370,0x0100
3371,0x0100
3372,0x0100
3373,0x0100
3374,0x0100
3375,0x0100
3376,0x0100
3377,0x0100
3378,0x0100
3379,0x0100
3380,0x0100
3381,0x0100
3382,0x0100
3383,0x0100
3384,0x0100
3385,0x0100
3386,0x0100
3387,0x0100
3388,0x0100
3389,0x0100
3390,0x0100
3391,0x0100
3392,0x0100
3393,0x0100
3394,0x0100
3395,0x0100
3396,0x0100
3397,0x0100
3398,0x0100
3399,0x0100
3400,0x0100
3401,0x0100
3402,0x0100
3403,0x0100
3404,0x0100
3405,0x0100
3406,0x0100
3407,0x0100
3408,0x0100
3409,0x0100
3410,0x0100
3411,0x0100
3412,0x0100
3413,0x0100
3414,0x0100
3415,0x0100
3416,0x0100
3417,0x0100
3418,0x0100
3419,0x0100
3420,0x0100
3421,0x0100
3422,0x0100
3423,0x0100
3424,0x0100
3425,0x0100
3426,0x0100
3427,0x0100
3428,0x0100
3429,0x0100
3430,0x0100
3431,0x0100
3432,0x0100
3433,0x0100
3434,0x0100
3435,0x0100
3436,0x0100
3437,0x0100
3438,0x0100
3439,0x0100
3440,0x0100
3441,0x0100
3442,0x0100
3443,0x0100
3444,0x0100
3445,0x0100
3446,0x0100
3447,0x0100
3448,0x0100
3449,0x0100
3450,0x0100
3451,0x0100
3452,0x0100
3453,0x0100
3454,0x0100
3455,0x0100
3456,0x0100
3457,0x0100
3458,0x0100
3459,0x0100
3460,0x0100
3461,0x0100
3462,0x0100
3463,0x0100
3464,0x0100
3465,0x0100
3466,0x0100
3467,0x0100
3468,0x0100
3469,0x0100
3470,0x0100
3471,0x0100
3472,0x0100
3473,0x0100
3474,0x0100
3475,0x0100
3476,0x0100
3477,0x0100
3478,0x0100
3479,0x0100
3480,0x0100
3481,0x0100
3482,0x0100
3483,0x0100
3484,0x0100
3485,0x0100
3486,0x0100
3487,0x0100
3488,0x0100
3489,0x0100
3490,0x0100
3491,0x0100
3492,0x0100
3493,0x0100
3494,0x0100
3495,0x0100
3496,0x0100
3497,0x0100
3498,0x0100
3499,0x0100
3500,0x0100
3501,0x0100
3502,0x0100
3503,0x0100
3504,0x0100
3505,0x0100
3506,0x0100
3507,0x0100
3508,0x0100
3509,0x0100
3510,0x0100
3511,0x0100
3512,0x0100
3513,0x0100
3514,0x0100
3515,0x0100
3516,0x0100
3517,0x0100
3518,0x0100
3519,0x0100
3520,0x0100
3521,0x0100
3522,0x0100
3523,0x0100
3524,0x0100
3525,0x0100
3526,0x0100
3527,0x0100
3528,0x0100
3529,0x0100
3530,0x0100
3531,0x0100
3532,0x0100
3533,0x0100
3534,0x0100
3535,0x0100
3536,0x0100
3537,0x0100
3538,0x0100
3539,0x0100
3540,0x0100
3541,0x0100
3542,0x0100
3543,0x0100
3544,0x0100
3545,0x0100
3546,0x0100
3547,0x0100
3548,0x0100
3549,0x0100
3550,0x0100
3551,0x0100
3552,0x0100
3553,0x0100
3554,0x0100
3555,0x0100
3556,0x0100
3557,0x0100
3558,0x0100
3559,0x0100
3560,0x0100
3561,0x0100
3562,0x0100
3563,0x0100
3564,0x0100
3565,0x0100
3566,0x0100
3567,0x0100
3568,0x0100
3569,0x0100
3570,0x0100
3571,0x0100
3572,0x0100
3573,0x0100
3574,0x0100
3575,0x0100
3576,0x0100
3577,0x0100
3578,0x0100
3579,0x0100
3580,0x0100
3581,0x0100
3582,0x0100
3583,0x0100
3584,0x0100
3585,0x0100
3586,0x0100
3587,0x0100
3588,0x0100
3589,0x0100
3590,0x0100
3591,0x0100
3592,0x0100
3593,0x0100
3594,0x0100
3595,0x0100
3596,0x0100
3597,0x0100
3598,0x0100
3599,0x0100
3600,0x0100
3601,0x0100
3602,0x0100
3603,0x0100
3604,0x0100
3605,0x0100
3606,0x0100
3607,0x0100
3608,0x0100
3609,0x0100
3610,0x0100
3611,0x0100
3612,0x0100
3613,0x0100
3614,0x0100
3615,0x0100
3616,0x0100
3617,0x0100
3618,0x0100
3619,0x0100
3620,0x0100
3621,0x0100
3622,0x0100
3623,0x0100
3624,0x0100
3625,0x0100
3626,0x0100
3627,0x0100
3628,0x0100
3629,0x0100
3630,0x0100
3631,0x0100
3632,0x0100
3633,0x0100
3634,0x0100
3635,0x0100
3636,0x0100
3637,0x0100
3638,0x0100
3639,0x0100
3640,0x0100
3641,0x0100
3642,0x0100
3643,0x0100
3644,0x0100
3645,0x0100
3646,0x0100
3647,0x0100
3648,0x0100
3649,0x0100
3650,0x0100
3651,0x0100
3652,0x0100
3653,0x0100
3654,0x0100
3655,0x0100
3656,0x0100
3657,0x0100
3658,0x0100
3659,0x0100
3660,0x0100
3661,0x0100
3662,0x0100
3663,0x0100
3664,0x0100
3665,0x0100
3666,0x0100
3667,0x0100
3668,0x0100
3669,0x0100
3670,0x0100
3671,0x0100
3672,0x0100
3673,0x0100
3674,0x0100
3675,0x0100
3676,0x0100
3677,0x0100
3678,0x0100
3679,0x0100
3680,0x0100
3681,0x0100
3682,0x0100
3683,0x0100
3684,0x0100
3685,0x0100
3686,0x0100
3687,0x0100
3688,0x0100
3689,0x0100
3690,0x0100
3691,0x0100
3692,0x0100
3693,0x0100
3694,0x0100
3695,0x0100
3696,0x0100
3697,0x0100
3698,0x0100
3699,0x0100
3700,0x0100
3701,0x0100
3702,0x0100
3703,0x0100
3704,0x0100
3705,0x0100
3706,0x0100
3707,0x0100
3708,0x0100
3709,0x0100
3710,0x0100
3711,0x0100
3712,0x0100
3713,0x0100
3714,0x0100
3715,0x0100
3716,0x0100
3717,0x0100
3718,0x0100
3719,0x0100
3720,0x0100
3721,0x0100
3722,0x0100
3723,0x0100
3724,0x0100
3725,0x0100
3726,0x0100
3727,0x0100
3728,0x0100
3729,0x0100
3730,0x0100
3731,0x0100
3732,0x0100
3733,0x0100
3734,0x0100
3735,0x0100
3736,0x0100
3737,0x0100
3738,0x0100
3739,0x0100
3740,0x0100
3741,0x0100
3742,0x0100
3743,0x0100
3744,0x0100
3745,0x0100
3746,0x0100
3747,0x0100
3748,0x0100
3749,0x0100
3750,0x0100
3751,0x0100
3752,0x0100
3753,0x0100
3754,0x0100
3755,0x0100
3756,0x0100
3757,0x0100
3758,0x0100
3759,0x0100
3760,0x0100
3761,0x0100
3762,0x0100
3763,0x0100
3764,0x0100
3765,0x0100
3766,0x0100
3767,0x0100
3768,0x0100
3769,0x0100
3770,0x0100
3771,0x0100
3772,0x0100
3773,0x0100
3774,0x0100
3775,0x0100
3776,0x0100
3777,0x0100
3778,0x0100
3779,0x0100
3780,0x0100
3781,0x0100
3782,0x0100
3783,0x0100
3784,0x0100
3785,0x0100
3786,0x0100
3787,0x0100
3788,0x0100
3789,0x0100
3790,0x0100
3791,0x0100
3792,0x0100
3793,0x0100
3794,0x0100
3795,0x0100
3796,0x0100
3797,0x0100
3798,0x0100
3799,0x0100
3800,0x0100
3801,0x0100
3802,0x0100
3803,0x0100
3804,0x0100
3805,0x0100
3806,0x0100
3807,0x0100
3808,0x0100
3809,0x0100
3810,0x0100
3811,0x0100
3812,0x0100
3813,0x0100
3814,0x0100
3815,0x0100
3816,0x0100
3817,0x0100
3818,0x0100
3819,0x0100
3820,0x0100
3821,0x0100
3822,0x0100
3823,0x0100
3824,0x0100
3825,0x0100
3826,0x0100
3827,0x0100
3828,0x0100
3829,0x0100
3830,0x0100
3831,0x0100
3832,0x0100
3833,0x0100
3834,0x0100
3835,0x0100
3836,0x0100
3837,0x0100
3838,0x0100
3839,0x0100
3840,0x0100
3841,0x0100
3842,0x0100
3843,0x0100
3844,0x0100
3845,0x0100
3846,0x0100
3847,0x0100
3848,0x0100
3849,0x0100
3850,0x0100
3851,0x0100
3852,0x0100
3853,0x0100
3854,0x0100
3855,0x0100
3856,0x0100
3857,0x0100
3858,0x0100
3859,0x0100
3860,0x0100
3861,0x0100
3862,0x0100
3863,0x0100
3864,0x0100
3865,0x0100
3866,0x0100
3867,0x0100
3868,0x0100
3869,0x0100
3870,0x0100
3871,0x0100
3872,0x0100
3873,0x0100
3874,0x0100
3875,0x0100
3876,0x0100
3877,0x0100
3878,0x0100
3879,0x0100
3880,0x0100
3881,0x0100
3882,0x0100
3883,0x0100
3884,0x0100
3885,0x0100
3886,0x0100
3887,0x0100
3888,0x0100
3889,0x0100
3890,0x0100
3891,0x0100
3892,0x0100
3893,0x0100
3894,0x0100
3895,0x0100
3896,0x0100
3897,0x0100
3898,0x0100
3899,0x0100
3900,0x0100
3901,0x0100
3902,0x0100
3903,0x0100
3904,0x0100
3905,0x0100
3906,0x0100
3907,0x0100
3908,0x0100
3909,0x0100
3910,0x0100
3911,0x0100
3912,0x0100
3913,0x0100
3914,0x0100
3915,0x0100
3916,0x0100
3917,0x0100
3918,0x0100
3919,0x0100
3920,0x0100
3921,0x0100
3922,0x0100
3923,0x0100
3924,0x0100
3925,0x0100
3926,0x0100
3927,0x0100
3928,0x0100
3929,0x0100
3930,0x0100
3931,0x0100
3932,0x0100
3933,0x0100
3934,0x0100
3935,0x0100
3936,0x0100
3937,0x0100
3938,0x0100
3939,0x0100
3940,0x0100
3941,0x0100
3942,0x0100
3943,0x0100
3944,0x0100
3945,0x0100
3946,0x0100
3947,0x0100
3948,0x0100
3949,0x0100
3950,0x0100
3951,0x0100
3952,0x0100
3953,0x0100
3954,0x0100
3955,0x0100
3956,0x0100
3957,0x0100
3958,0x0100
3959,0x0100
3960,0x0100
3961,0x0100
3962,0x0100
3963,0x0100
3964,0x0100
3965,0x0100
3966,0x0100
3967,0x0100
3968,0x0100
3969,0x0100
3970,0x0100
3971,0x0100
3972,0x0100
3973,0x0100
3974,0x0100
3975,0x0100
3976,0x0100
3977,0x0100
3978,0x0100
3979,0x0100
3980,0x0100
3981,0x0100
3982,0x0100
3983,0x0100
3984,0x0100
3985,0x0100
3986,0x0100
3987,0x0100
3988,0x0100
3989,0x0100
3990,0x0100
3991,0x0100
3992,0x0100
3993,0x0100
3994,0x0100
3995,0x0100
3996,0x0100
3997,0x0100
3998,0x0100
3999,0x0100
4000,0x0100
4001,0x0100
4002,0x0100
4003,0x0100
4004,0x0100
4005,0x0100
4006,0x0100
4007,0x0100
4008,0x0100
4009,0x0100
4010,0x0100
4011,0x0100
4012,0x0100
4013,0x0100
4014,0x0100
4015,0x0100
4016,0x0100
4017,0x0100
4018,0x0100
4019,0x0100
4020,0x0100
4021,0x0100
4022,0x0100
4023,0x0100
4024,0x0100
4025,0x0100
4026,0x0100
4027,0x0100
4028,0x0100
4029,0x0100
4030,0x0100
4031,0x0100
4032,0x0100
4033,0x0100
4034,0x0100
4035,0x0100
4036,0x0100
4037,0x0100
4038,0x0100
4039,0x0100
4040,0x0100
4041,0x0100
4042,0x0100
4043,0x0100
4044,0x0100
4045,0x0100
4046,0x0100
4047,0x0100
4048,0x0100
4049,0x0100
4050,0x0100
4051,0x0100
4052,0x0100
4053,0x0100
4054,0x0100
4055,0x0100
4056,0x0100
4057,0x0100
4058,0x0100
4059,0x0100
4060,0x0100
4061,0x0100
4062,0x0100
4063,0x0100
4064,0x0100
4065,0x0100
4066,0x0100
4067,0x0100
4068,0x0100
4069,0x0100
4070,0x0100
4071,0x0100
4072,0x0100
4073,0x0100
4074,0x0100
4075,0x0100
4076,0x0100
4077,0x0100
4078,0x0100
4079,0x0100
4080,0x0100
4081,0x0100
4082,0x0100
4083,0x0100
4084,0x0100
4085,0x0100
4086,0x0100
4087,0x0100
4088,0x0100
4089,0x0100
4090,0x0100
4091,0x0100
4092,0x0100
4093,0x0100
4094,0x0100
4095,0x0100
4096,0x0100
4097,0x0100
4098,0x0100
4099,0x0100
4100,0x0100
4101,0x0100
4102,0x0100
4103,0x0100
4104,0x0100
4105,0x0100
4106,0x0100
4107,0x0100
4108,0x0100
4109,0x0100
4110,0x0100
4111,0x0100
4112,0x0100
4113,0x0100
4114,0x0100
4115,0x0100
4116,0x0100
4117,0x0100
4118,0x0100
4119,0x0100
4120,0x0100
4121,0x0100
4122,0x0100
4123,0x0100
4124,0x0100
4125,0x0100
4126,0x0100
4127,0x0100
4128,0x0100
4129,0x0100
4130,0x0100
4131,0x0100
4132,0x0100
4133,0x0100
4134,0x0100
4135,0x0100
4136,0x0100
4137,0x0100
4138,0x0100
4139,0x0100
4140,0x0100
4141,0x0100
4142,0x0100
4143,0x0100
4144,0x0100
4145,0x0100
4146,0x0100
4147,0x0100
4148,0x0100
4149,0x0100
4150,0x0100
4151,0x0100
4152,0x0100
4153,0x0100
4154,0x0100
4155,0x0100
4156,0x0100
4157,0x0100
4158,0x0100
4159,0x0100
4160,0x0100
4161,0x0100
4162,0x0100
4163,0x0100
4164,0x0100
4165,0x0100
4166,0x0100
4167,0x0100
4168,0x0100
4169,0x0100
4170,0x0100
4171,0x0100
4172,0x0100
4173,0x0100
4174,0x0100
4175,0x0100
4176,0x0100
4177,0x0100
4178,0x0100
4179,0x0100
4180,0x0100
4181,0x0100
4182,0x0100
4183,0x0100
4184,0x0100
4185,0x0100
4186,0x0100
4187,0x0100
4188,0x0100
4189,0x0100
4190,0x0100
4191,0x0100
4192,0x0100
4193,0x0100
4194,0x0100
4195,0x0100
4196,0x0100
4197,0x0100
4198,0x0100
4199,0x0100
4200,0x0100
4201,0x0100
4202,0x0100
4203,0x0100
4204,0x0100
4205,0x0100
4206,0x0100
4207,0x0100
4208,0x0100
4209,0x0100
4210,0x0100
4211,0x0100
4212,0x0100
4213,0x0100
4214,0x0100
4215,0x0100
4216,0x0100
4217,0x0100
4218,0x0100
4219,0x0100
4220,0x0100
4221,0x0100
4222,0x0100
4223,0x0100
4224,0x0100
4225,0x0100
4226,0x0100
4227,0x0100
4228,0x0100
4229,0x0100
4230,0x0100
4231,0x0100
4232,0x0100
4233,0x0100
4234,0x0100
4235,0x0100
4236,0x0100
4237,0x0100
4238,0x0100
4239,0x0100
4240,0x0100
4241,0x0100
4242,0x0100
4243,0x0100
4244,0x0100
4245,0x0100
4246,0x0100
4247,0x0100
4248,0x0100
4249,0x0100
4250,0x0100
4251,0x0100
4252,0x0100
4253,0x0100
4254,0x0100
4255,0x0100
4256,0x0100
4257,0x0100
4258,0x0100
4259,0x0100
4260,0x0100
4261,0x0100
4262,0x0100
4263,0x0100
4264,0x0100
4265,0x0100
4266,0x0100
4267,0x0100
4268,0x0100
4269,0x0100
4270,0x0100
4271,0x0100
4272,0x0100
4273,0x0100
4274,0x0100
4275,0x0100
4276,0x0100
4277,0x0100
4278,0x0100
4279,0x0100
4280,0x0100
4281,0x0100
4282,0x0100
4283,0x0100
4284,0x0100
4285,0x0100
4286,0x0100
4287,0x0100
4288,0x0100
4289,0x0100
4290,0x0100
4291,0x0100
4292,0x0100
4293,0x0100
4294,0x0100
4295,0x0100
4296,0x0100
4297,0x0100
4298,0x0100
4299,0x0100
4300,0x0100
4301,0x0100
4302,0x0100
4303,0x0100
4304,0x0100
4305,0x0100
4306,0x0100
4307,0x0100
4308,0x0100
4309,0x0100
4310,0x0100
4311,0x0100
4312,0x0100
4313,0x0100
4314,0x0100
4315,0x0100
4316,0x0100
4317,0x0100
4318,0x0100
4319,0x0100
4320,0x0100
4321,0x0100
4322,0x0100
4323,0x0100
4324,0x0100
4325,0x0100
4326,0x0100
4327,0x0100
4328,0x0100
4329,0x0100
4330,0x0100
4331,0x0100
4332,0x0100
4333,0x0100
4334,0x0100
4335,0x0100
4336,0x0100
4337,0x0100
4338,0x0100
4339,0x0100
4340,0x0100
4341,0x0100
4342,0x0100
4343,0x0100
4344,0x0100
4345,0x0100
4346,0x0100
4347,0x0100
4348,0x0100
4349,0x0100
4350,0x0100
4351,0x0100
4352,0x0100
4353,0x0100
4354,0x0100
4355,0x0100
4356,0x0100
4357,0x0100
4358,0x0100
4359,0x0100
4360,0x0100
4361,0x0100
4362,0x0100
4363,0x0100
4364,0x0100
4365,0x0100
4366,0x0100
4367,0x0100
4368,0x0100
4369,0x0100
4370,0x0100
4371,0x0100
4372,0x0100
4373,0x0100
4374,0x0100
4375,0x0100
4376,0x0100
4377,0x0100
4378,0x0100
4379,0x0100
4380,0x0100
4381,0x0100
4382,0x0100
4383,0x0100
4384,0x0100
4385,0x0100
4386,0x0100
4387,0x0100
4388,0x0100
4389,0x0100
4390,0x0100
4391,0x0100
4392,0x0100
4393,0x0100
4394,0x0100
4395,0x0100
4396,0x0100
4397,0x0100
4398,0x0100
4399,0x0100
4400,0x0100
4401,0x0100
4402,0x0100
4403,0x0100
4404,0x0100
4405,0x0100
4406,0x0100
4407,0x0100
4408,0x0100
4409,0x0100
4410,0x0100
4411,0x0100
4412,0x0100
4413,0x0100
4414,0x0100
4415,0x0100
4416,0x0100
4417,0x0100
4418,0x0100
4419,0x0100
4420,0x0100
4421,0x0100
4422,0x0100
4423,0x0100
4424,0x0100
4425,0x0100
4426,0x0100
4427,0x0100
4428,0x0100
4429,0x0100
4430,0x0100
4431,0x0100
4432,0x0100
4433,0x0100
4434,0x0100
4435,0x0100
4436,0x0100
4437,0x0100
4438,0x0100
4439,0x0100
4440,0x0100
4441,0x0100
4442,0x0100
4443,0x0100
4444,0x0100
4445,0x0100
4446,0x0100
4447,0x0100
4448,0x0100
4449,0x0100
4450,0x0100
4451,0x0100
4452,0x0100
4453,0x0100
4454,0x0100
4455,0x0100
4456,0x0100
4457,0x0100
4458,0x0100
4459,0x0100
4460,0x0100
4461,0x0100
4462,0x0100
4463,0x0100
4464,0x0100
4465,0x0100
4466,0x0100
4467,0x0100
4468,0x0100
4469,0x0100
4470,0x0100
4471,0x0100
4472,0x0100
4473,0x0100
4474,0x0100
4475,0x0100
4476,0x0100
4477,0x0100
4478,0x0100
4479,0x0100
4480,0x0100
4481,0x0100
4482,0x0100
4483,0x0100
4484,0x0100
4485,0x0100
4486,0x0100
4487,0x0100
4488,0x0100
4489,0x0100
4490,0x0100
4491,0x0100
4492,0x0100
4493,0x0100
4494,0x0100
4495,0x0100
4496,0x0100
4497,0x0100
4498,0x0100
4499,0x0100
4500,0x0100
4501,0x0100
4502,0x0100
4503,0x0100
4504,0x0100
4505,0x0100
4506,0x0100
4507,0x0100
4508,0x0100
4509,0x0100
4510,0x0100
4511,0x0100
4512,0x0100
4513,0x0100
4514,0x0100
4515,0x0100
4516,0x0100
4517,0x0100
4518,0x0100
4519,0x0100
4520,0x0100
4521,0x0100
4522,0x0100
4523,0x0100
4524,0x0100
4525,0x0100
4526,0x0100
4527,0x0100
4528,0x0100
4529,0x0100
4530,0x0100
4531,0x0100
4532,0x0100
4533,0x0100
4534,0x0100
4535,0x0100
4536,0x0100
4537,0x0100
4538,0x0100
4539,0x0100
4540,0x0100
4541,0x0100
4542,0x0100
4543,0x0100
4544,0x0100
4545,0x0100
4546,0x0100
4547,0x0100
4548,0x0100
4549,0x0100
4550,0x0100
4551,0x0100
4552,0x0100
4553,0x0100
4554,0x0100
4555,0x0100
4556,0x0100
4557,0x0100
4558,0x0100
4559,0x0100
4560,0x0100
4561,0x0100
4562,0x0100
4563,0x0100
4564,0x0100
4565,0x0100
4566,0x0100
4567,0x0100
4568,0x0100
4569,0x0100
4570,0x0100
4571,0x0100
4572,0x0100
4573,0x0100
4574,0x0100
4575,0x0100
4576,0x0100
4577,0x0100
4578,0x0100
4579,0x0100
4580,0x0100
4581,0x0100
4582,0x0100
4583,0x0100
4584,0x0100
4585,0x0100
4586,0x0100
4587,0x0100
4588,0x0100
4589,0x0100
4590,0x0100
4591,0x0100
4592,0x0100
4593,0x0100
4594,0x0100
4595,0x0100
4596,0x0100
4597,0x0100
4598,0x0100
4599,0x0100
4600,0x0100
4601,0x0100
4602,0x0100
4603,0x0100
4604,0x0100
4605,0x0100
4606,0x0100
4607,0x0100
4608,0x0100
4609,0x0100
4610,0x0100
4611,0x0100
4612,0x0100
4613,0x0100
4614,0x0100
4615,0x0100
4616,0x0100
4617,0x0100
4618,0x0100
4619,0x0100
4620,0x0100
4621,0x0100
4622,0x0100
4623,0x0100
4624,0x0100
4625,0x0100
4626,0x0100
4627,0x0100
4628,0x0100
4629,0x0100
4630,0x0100
4631,0x0100
4632,0x0100
4633,0x0100
4634,0x0100
4635,0x0100
4636,0x0100
4637,0x0100
4638,0x0100
4639,0x0100
4640,0x0100
4641,0x0100
4642,0x0100
4643,0x0100
4644,0x0100
4645,0x0100
4646,0x0100
4647,0x0100
4648,0x0100
4649,0x0100
4650,0x0100
4651,0x0100
4652,0x0100
4653,0x0100
4654,0x0100
4655,0x0100
4656,0x0100
4657,0x0100
4658,0x0100
4659,0x0100
4660,0x0100
4661,0x0100
4662,0x0100
4663,0x0100
4664,0x0100
4665,0x0100
4666,0x0100
4667,0x0100
4668,0x0100
4669,0x0100
4670,0x0100
4671,0x0100
4672,0x0100
4673,0x0100
4674,0x0100
4675,0x0100
4676,0x0100
4677,0x0100
4678,0x0100
4679,0x0100
4680,0x0100
4681,0x0100
4682,0x0100
4683,0x0100
4684,0x0100
4685,0x0100
4686,0x0100
4687,0x0100
4688,0x0100
4689,0x0100
4690,0x0100
4691,0x0100
4692,0x0100
4693,0x0100
4694,0x0100
4695,0x0100
4696,0x0100
4697,0x0100
4698,0x0100
4699,0x0100
4700,0x0100
4701,0x0100
4702,0x0100
4703,0x0100
4704,0x0100
4705,0x0100
4706,0x0100
4707,0x0100
4708,0x0100
4709,0x0100
4710,0x0100
4711,0x0100
4712,0x0100
4713,0x0100
4714,0x0100
4715,0x0100
4716,0x0100
4717,0x0100
4718,0x0100
4719,0x0100
4720,0x0100
4721,0x0100
4722,0x0100
4723,0x0100
4724,0x0100
4725,0x0100
4726,0x0100
4727,0x0100
4728,0x0100
4729,0x0100
4730,0x0100
4731,0x0100
4732,0x0100
4733,0x0100
4734,0x0100
4735,0x0100
4736,0x0100
4737,0x0100
4738,0x0100
4739,0x0100
4740,0x0100
4741,0x0100
4742,0x0100
4743,0x0100
4744,0x0100
4745,0x0100
4746,0x0100
4747,0x0100
4748,0x0100
4749,0x0100
4750,0x0100
4751,0x0100
4752,0x0100
4753,0x0100
4754,0x0100
4755,0x0100
4756,0x0100
4757,0x0100
4758,0x0100
4759,0x0100
4760,0x0100
4761,0x0100
4762,0x0100
4763,0x0100
4764,0x0100
4765,0x0100
4766,0x0100
4767,0x0100
4768,0x0100
4769,0x0100
4770,0x0100
4771,0x0100
4772,0x0100
4773,0x0100
4774,0x0100
4775,0x0100
4776,0x0100
4777,0x0100
4778,0x0100
4779,0x0100
4780,0x0100
4781,0x0100
4782,0x0100
4783,0x0100
4784,0x0100
4785,0x0100
4786,0x0100
4787,0x0100
4788,0x0100
4789,0x0100
4790,0x0100
4791,0x0100
4792,0x0100
4793,0x0100
4794,0x0100
4795,0x0100
4796,0x0100
4797,0x0100
4798,0x0100
4799,0x0100
4800,0x0100
4801,0x0100
4802,0x0100
4803,0x0100
4804,0x0100
4805,0x0100
4806,0x0100
4807,0x0100
4808,0x0100
4809,0x0100
4810,0x0100
4811,0x0100
4812,0x0100
4813,0x0100
4814,0x0100
4815,0x0100
4816,0x0100
4817,0x0100
4818,0x0100
4819,0x0100
4820,0x0100
4821,0x0100
4822,0x0100
4823,0x0100
4824,0x0100
4825,0x0100
4826,0x0100
4827,0x0100
4828,0x0100
4829,0x0100
4830,0x0100
4831,0x0100
4832,0x0100
4833,0x0100
4834,0x0100
4835,0x0100
4836,0x0100
4837,0x0100
4838,0x0100
4839,0x0100
4840,0x0100
4841,0x0100
4842,0x0100
4843,0x0100
4844,0x0100
4845,0x0100
4846,0x0100
4847,0x0100
4848,0x0100
4849,0x0100
4850,0x0100
4851,0x0100
4852,0x0100
4853,0x0100
4854,0x0100
4855,0x0100
4856,0x0100
4857,0x0100
4858,0x0100
4859,0x0100
4860,0x0100
4861,0x0100
4862,0x0100
4863,0x0100
4864,0x0100
4865,0x0100
4866,0x0100
4867,0x0100
4868,0x0100
4869,0x0100
4870,0x0100
4871,0x0100
4872,0x0100
4873,0x0100
4874,0x0100
4875,0x0100
4876,0x0100
4877,0x0100
4878,0x0100
4879,0x0100
4880,0x0100
4881,0x0100
4882,0x0100
4883,0x0100
4884,0x0100
4885,0x0100
4886,0x0100
4887,0x0100
4888,0x0100
4889,0x0100
4890,0x0100
4891,0x0100
4892,0x0100
4893,0x0100
4894,0x0100
4895,0x0100
4896,0x0100
4897,0x0100
4898,0x0100
4899,0x0100
4900,0x0100
4901,0x0100
4902,0x0100
4903,0x0100
4904,0x0100
4905,0x0100
4906,0x0100
4907,0x0100
4908,0x0100
4909,0x0100
4910,0x0100
4911,0x0100
4912,0x0100
4913,0x0100
4914,0x0100
4915,0x0100
4916,0x0100
4917,0x0100
4918,0x0100
4919,0x0100
4920,0x0100
4921,0x0100
4922,0x0100
4923,0x0100
4924,0x0100
4925,0x0100
4926,0x0100
4927,0x0100
4928,0x0100
4929,0x0100
4930,0x0100
4931,0x0100
4932,0x0100
4933,0x0100
4934,0x0100
4935,0x0100
4936,0x0100
4937,0x0100
4938,0x0100
4939,0x0100
4940,0x0100
4941,0x0100
4942,0x0100
4943,0x0100
4944,0x0100
4945,0x0100
4946,0x0100
4947,0x0100
4948,0x0100
4949,0x0100
4950,0x0100
4951,0x0100
4952,0x0100
4953,0x0100
4954,0x0100
4955,0x0100
4956,0x0100
4957,0x0100
4958,0x0100
4959,0x0100
4960,0x0100
4961,0x0100
4962,0x0100
4963,0x0100
4964,0x0100
4965,0x0100
4966,0x0100
4967,0x0100
4968,0x0100
4969,0x0100
4970,0x0100
4971,0x0100
4972,0x0100
4973,0x0100
4974,0x0100
4975,0x0100
4976,0x0100
4977,0x0100
4978,0x0100
4979,0x0100
4980,0x0100
4981,0x0100
4982,0x0100
4983,0x0100
4984,0x0100
4985,0x0100
4986,0x0100
4987,0x0100
4988,0x0100
4989,0x0100
4990,0x0100
4991,0x0100
4992,0x0100
4993,0x0100
4994,0x0100
4995,0x0100
4996,0x0100
4997,0x0100
4998,0x0100
4999,0x0100
5000,0x0100
5001,0x0100
5002,0x0100
5003,0x0100
5004,0x0100
5005,0x0100
5006,0x0100
5007,0x0100
5008,0x0100
5009,0x0100
5010,0x0100
5011,0x0100
5012,0x0100
5013,0x0100
5014,0x0100
5015,0x0100
5016,0x0100
5017,0x0100
5018,0x0100
5019,0x0100
5020,0x0100
5021,0x0100
5022,0x0100
5023,0x0100
5024,0x0100
5025,0x0100
5026,0x0100
5027,0x0100
5028,0x0100
5029,0x0100
5030,0x0100
5031,0x0100
5032,0x0100
5033,0x0100
5034,0x0100
5035,0x0100
5036,0x0100
5037,0x0100
5038,0x0100
5039,0x0100
5040,0x0100
5041,0x0100
5042,0x0100
5043,0x0100
5044,0x0100
5045,0x0100
5046,0x0100
5047,0x0100
5048,0x0100
5049,0x0100
5050,0x0100
5051,0x0100
5052,0x0100
5053,0x0100
5054,0x0100
5055,0x0100
5056,0x0100
5057,0x0100
5058,0x0100
5059,0x0100
5060,0x0100
5061,0x0100
5062,0x0100
5063,0x0100
5064,0x0100
5065,0x0100
5066,0x0100
5067,0x0100
5068,0x0100
5069,0x0100
5070,0x0100
5071,0x0100
5072,0x0100
5073,0x0100
5074,0x0100
5075,0x0100
5076,0x0100
5077,0x0100
5078,0x0100
5079,0x0100
5080,0x0100
5081,0x0100
5082,0x0100
5083,0x0100
5084,0x0100
5085,0x0100
5086,0x0100
5087,0x0100
5088,0x0100
5089,0x0100
5090,0x0100
5091,0x0100
5092,0x0100
5093,0x0100
5094,0x0100
5095,0x0100
5096,0x0100
5097,0x0100
5098,0x0100
5099,0x0100
5100,0x0100
5101,0x0100
5102,0x0100
5103,0x0100
5104,0x0100
5105,0x0100
5106,0x0100
5107,0x0100
5108,0x0100
5109,0x0100
5110,0x0100
5111,0x0100
5112,0x0100
5113,0x0100
5114,0x0100
5115,0x0100
5116,0x0100
5117,0x0100
5118,0x0100
5119,0x0100
5120,0x0100
5121,0x0100
5122,0x0100
5123,0x0100
5124,0x0100
5125,0x0100
5126,0x0100
5127,0x0100
5128,0x0100
5129,0x0100
5130,0x0100
5131,0x0100
5132,0x0100
5133,0x0100
5134,0x0100
5135,0x0100
5136,0x0100
5137,0x0100
5138,0x0100
5139,0x0100
5140,0x0100
5141,0x0100
5142,0x0100
5143,0x0100
5144,0x0100
5145,0x0100
5146,0x0100
5147,0x0100
5148,0x0100
5149,0x0100
5150,0x0100
5151,0x0100
5152,0x0100
5153,0x0100
5154,0x0100
5155,0x0100
5156,0x0100
5157,0x0100
5158,0x0100
5159,0x0100
5160,0x0100
5161,0x0100
5162,0x0100
5163,0x0100
5164,0x0100
5165,0x0100
5166,0x0100
5167,0x0100
5168,0x0100
5169,0x0100
5170,0x0100
5171,0x0100
5172,0x0100
5173,0x0100
5174,0x0100
5175,0x0100
5176,0x0100
5177,0x0100
5178,0x0100
5179,0x0100
5180,0x0100
5181,0x0100
5182,0x0100
5183,0x0100
5184,0x0100
5185,0x0100
5186,0x0100
5187,0x0100
5188,0x0100
5189,0x0100
5190,0x0100
5191,0x0100
5192,0x0100
5193,0x0100
5194,0x0100
5195,0x0100
5196,0x0100
5197,0x0100
5198,0x0100
5199,0x0100
5200,0x0100
5201,0x0100
5202,0x0100
5203,0x0100
5204,0x0100
5205,0x0100
5206,0x0100
5207,0x0100
5208,0x0100
5209,0x0100
5210,0x0100
5211,0x0100
5212,0x0100
5213,0x0100
5214,0x0100
5215,0x0100
5216,0x0100
5217,0x0100
5218,0x0100
5219,0x0100
5220,0x0100
5221,0x0100
5222,0x0100
5223,0x0100
5224,0x0100
5225,0x0100
5226,0x0100
5227,0x0100
5228,0x0100
5229,0x0100
5230,0x0100
5231,0x0100
5232,0x0100
5233,0x0100
5234,0x0100
5235,0x0100
5236,0x0100
5237,0x0100
5238,0x0100
5239,0x0100
5240,0x0100
5241,0x0100
5242,0x0100
5243,0x0100
5244,0x0100
5245,0x0100
5246,0x0100
5247,0x0100
5248,0x0100
5249,0x0100
5250,0x0100
5251,0x0100
5252,0x0100
5253,0x0100
5254,0x0100
5255,0x0100
5256,0x0100
5257,0x0100
5258,0x0100
5259,0x0100
5260,0x0100
5261,0x0100
5262,0x0100
5263,0x0100
5264,0x0100
5265,0x0100
5266,0x0100
5267,0x0100
5268,0x0100
5269,0x0100
5270,0x0100
5271,0x0100
5272,0x0100
5273,0x0100
5274,0x0100
5275,0x0100
5276,0x0100
5277,0x0100
5278,0x0100
5279,0x0100
5280,0x0100
5281,0x0100
5282,0x0100
5283,0x0100
5284,0x0100
5285,0x0100
5286,0x0100
5287,0x0100
5288,0x0100
5289,0x0100
5290,0x0100
5291,0x0100
5292,0x0100
5293,0x0100
5294,0x0100
5295,0x0100
5296,0x0100
5297,0x0100
5298,0x0100
5299,0x0100
5300,0x0100
5301,0x0100
5302,0x0100
5303,0x0100
5304,0x0100
5305,0x0100
5306,0x0100
5307,0x0100
5308,0x0100
5309,0x0100
5310,0x0100
5311,0x0100
5312,0x0100
5313,0x0100
5314,0x0100
5315,0x0100
5316,0x0100
5317,0x0100
5318,0x0100
5319,0x0100
5320,0x0100
5321,0x0100
5322,0x0100
5323,0x0100
5324,0x0100
5325,0x0100
5326,0x0100
5327,0x0100
5328,0x0100
5329,0x0100
5330,0x0100
5331,0x0100
5332,0x0100
5333,0x0100
5334,0x0100
5335,0x0100
5336,0x0100
5337,0x0100
5338,0x0100
5339,0x0100
5340,0x0100
5341,0x0100
5342,0x0100
5343,0x0100
5344,0x0100
5345,0x0100
5346,0x0100
5347,0x0100
5348,0x0100
5349,0x0100
5350,0x0100
5351,0x0100
5352,0x0100
5353,0x0100
5354,0x0100
5355,0x0100
5356,0x0100
5357,0x0100
5358,0x0100
5359,0x0100
5360,0x0100
5361,0x0100
5362,0x0100
5363,0x0100
5364,0x0100
5365,0x0100
5366,0x0100
5367,0x0100
5368,0x0100
5369,0x0100
5370,0x0100
5371,0x0100
5372,0x0100
5373,0x0100
5374,0x0100
5375,0x0100
5376,0x0100
5377,0x0100
5378,0x0100
5379,0x0100
5380,0x0100
5381,0x0100
5382,0x0100
5383,0x0100
5384,0x0100
5385,0x0100
5386,0x0100
5387,0x0100
5388,0x0100
5389,0x0100
5390,0x0100
5391,0x0100
5392,0x0100
5393,0x0100
5394,0x0100
5395,0x0100
5396,0x0100
5397,0x0100
5398,0x0100
5399,0x0100
5400,0x0100
5401,0x0100
5402,0x0100
5403,0x0100
5404,0x0100
5405,0x0100
5406,0x0100
5407,0x0100
5408,0x0100
5409,0x0100
5410,0x0100
5411,0x0100
5412,0x0100
5413,0x0100
5414,0x0100
5415,0x0100
5416,0x0100
5417,0x0100
5418,0x0100
5419,0x0100
5420,0x0100
5421,0x0100
5422,0x0100
5423,0x0100
5424,0x0100
5425,0x0100
5426,0x0100
5427,0x0100
5428,0x0100
5429,0x0100
5430,0x0100
5431,0x0100
5432,0x0100
5433,0x0100
5434,0x0100
5435,0x0100
5436,0x0100
5437,0x0100
5438,0x0100
5439,0x0100
5440,0x0100
5441,0x0100
5442,0x0100
5443,0x0100
5444,0x0100
5445,0x0100
5446,0x0100
5447,0x0100
5448,0x0100
5449,0x0100
5450,0x0100
5451,0x0100
5452,0x0100
5453,0x0100
5454,0x0100
5455,0x0100
5456,0x0100
5457,0x0100
5458,0x0100
5459,0x0100
5460,0x0100
5461,0x0100
5462,0x0100
5463,0x0100
5464,0x0100
5465,0x0100
5466,0x0100
5467,0x0100
5468,0x0100
5469,0x0100
5470,0x0100
5471,0x0100
5472,0x0100
5473,0x0100
5474,0x0100
5475,0x0100
5476,0x0100
5477,0x0100
5478,0x0100
5479,0x0100
5480,0x0100
5481,0x0100
5482,0x0100
5483,0x0100
5484,0x0100
5485,0x0100
5486,0x0100
5487,0x0100
5488,0x0100
5489,0x0100
5490,0x0100
5491,0x0100
5492,0x0100
5493,0x0100
5494,0x0100
5495,0x0100
5496,0x0100
5497,0x0100
5498,0x0100
5499,0x0100
5500,0x0100
5501,0x0100
5502,0x0100
5503,0x0100
5504,0x0100
5505,0x0100
5506,0x0100
5507,0x0100
5508,0x0100
5509,0x0100
5510,0x0100
5511,0x0100
5512,0x0100
5513,0x0100
5514,0x0100
5515,0x0100
5516,0x0100
5517,0x0100
5518,0x0100
5519,0x0100
5520,0x0100
5521,0x0100
5522,0x0100
5523,0x0100
5524,0x0100
5525,0x0100
5526,0x0100
5527,0x0100
5528,0x0100
5529,0x0100
5530,0x0100
5531,0x0100
5532,0x0100
5533,0x0100
5534,0x0100
5535,0x0100
5536,0x0100
5537,0x0100
5538,0x0100
5539,0x0100
5540,0x0100
5541,0x0100
5542,0x0100
5543,0x0100
5544,0x0100
5545,0x0100
5546,0x0100
5547,0x0100
5548,0x0100
5549,0x0100
5550,0x0100
5551,0x0100
5552,0x0100
5553,0x0100
5554,0x0100
5555,0x0100
5556,0x0100
5557,0x0100
5558,0x0100
5559,0x0100
5560,0x0100
5561,0x0100
5562,0x0100
5563,0x0100
5564,0x0100
5565,0x0100
5566,0x0100
5567,0x0100
5568,0x0100
5569,0x0100
5570,0x0100
5571,0x0100
5572,0x0100
5573,0x0100
5574,0x0100
5575,0x0100
5576,0x0100
5577,0x0100
5578,0x0100
5579,0x0100
5580,0x0100
5581,0x0100
5582,0x0100
5583,0x0100
5584,0x0100
5585,0x0100
5586,0x0100
5587,0x0100
5588,0x0100
5589,0x0100
5590,0x0100
5591,0x0100
5592,0x0100
5593,0x0100
5594,0x0100
5595,0x0100
5596,0x0100
5597,0x0100
5598,0x0100
5599,0x0100
5600,0x0100
5601,0x0100
5602,0x0100
5603,0x0100
5604,0x0100
5605,0x0100
5606,0x0100
5607,0x0100
5608,0x0100
5609,0x0100
5610,0x0100
5611,0x0100
5612,0x0100
5613,0x0100
5614,0x0100
5615,0x0100
5616,0x0100
5617,0x0100
5618,0x0100
5619,0x0100
5620,0x0100
5621,0x0100
5622,0x0100
5623,0x0100
5624,0x0100
5625,0x0100
5626,0x0100
5627,0x0100
5628,0x0100
5629,0x0100
5630,0x0100
5631,0x0100
5632,0x0100
5633,0x0100
5634,0x0100
5635,0x0100
5636,0x0100
5637,0x0100
5638,0x0100
5639,0x0100
5640,0x0100
5641,0x0100
5642,0x0100
5643,0x0100
5644,0x0100
5645,0x0100
5646,0x0100
5647,0x0100
5648,0x0100
5649,0x0100
5650,0x0100
5651,0x0100
5652,0x0100
5653,0x0100
5654,0x0100
5655,0x0100
5656,0x0100
5657,0x0100
5658,0x0100
5659,0x0100
5660,0x0100
5661,0x0100
5662,0x0100
5663,0x0100
5664,0x0100
5665,0x0100
5666,0x0100
5667,0x0100
5668,0x0100
5669,0x0100
5670,0x0100
5671,0x0100
5672,0x0100
5673,0x0100
5674,0x0100
5675,0x0100
5676,0x0100
5677,0x0100
5678,0x0100
5679,0x0100
5680,0x0100
5681,0x0100
5682,0x0100
5683,0x0100
5684,0x0100
5685,0x0100
5686,0x0100
5687,0x0100
5688,0x0100
5689,0x0100
5690,0x0100
5691,0x0100
5692,0x0100
5693,0x0100
5694,0x0100
5695,0x0100
5696,0x0100
5697,0x0100
5698,0x0100
5699,0x0100
5700,0x0100
5701,0x0100
5702,0x0100
5703,0x0100
5704,0x0100
5705,0x0100
5706,0x0100
5707,0x0100
5708,0x0100
5709,0x0100
5710,0x0100
5711,0x0100
5712,0x0100
5713,0x0100
5714,0x0100
5715,0x0100
5716,0x0100
5717,0x0100
5718,0x0100
5719,0x0100
5720,0x0100
5721,0x0100
5722,0x0100
5723,0x0100
5724,0x0100
5725,0x0100
5726,0x0100
5727,0x0100
5728,0x0100
5729,0x0100
5730,0x0100
5731,0x0100
5732,0x0100
5733,0x0100
5734,0x0100
5735,0x0100
5736,0x0100
5737,0x0100
5738,0x0100
5739,0x0100
5740,0x0100
5741,0x0100
5742,0x0100
5743,0x0100
5744,0x0100
5745,0x0100
5746,0x0100
5747,0x0100
5748,0x0100
5749,0x0100
5750,0x0100
5751,0x0100
5752,0x0100
5753,0x0100
5754,0x0100
5755,0x0100
5756,0x0100
5757,0x0100
5758,0x0100
5759,0x0100
5760,0x0100
5761,0x0100
5762,0x0100
5763,0x0100
5764,0x0100
5765,0x0100
5766,0x0100
5767,0x0100
5768,0x0100
5769,0x0100
5770,0x0100
5771,0x0100
5772,0x0100
5773,0x0100
5774,0x0100
5775,0x0100
5776,0x0100
5777,0x0100
5778,0x0100
5779,0x0100
5780,0x0100
5781,0x0100
5782,0x0100
5783,0x0100
5784,0x0100
5785,0x0100
5786,0x0100
5787,0x0100
5788,0x0100
5789,0x0100
5790,0x0100
5791,0x0100
5792,0x0100
5793,0x0100
5794,0x0100
5795,0x0100
5796,0x0100
5797,0x0100
5798,0x0100
5799,0x0100
5800,0x0100
5801,0x0100
5802,0x0100
5803,0x0100
5804,0x0100
5805,0x0100
5806,0x0100
5807,0x0100
5808,0x0100
5809,0x0100
5810,0x0100
5811,0x0100
5812,0x0100
5813,0x0100
5814,0x0100
5815,0x0100
5816,0x0100
5817,0x0100
5818,0x0100
5819,0x0100
5820,0x0100
5821,0x0100
5822,0x0100
5823,0x0100
5824,0x0100
5825,0x0100
5826,0x0100
5827,0x0100
5828,0x0100
5829,0x0100
5830,0x0100
5831,0x0100
5832,0x0100
5833,0x0100
5834,0x0100
5835,0x0100
5836,0x0100
5837,0x0100
5838,0x0100
5839,0x0100
5840,0x0100
5841,0x0100
5842,0x0100
5843,0x0100
5844,0x0100
5845,0x0100
5846,0x0100
5847,0x0100
5848,0x0100
5849,0x0100
5850,0x0100
5851,0x0100
5852,0x0100
5853,0x0100
5854,0x0100
5855,0x0100
5856,0x0100
5857,0x0100
5858,0x0100
5859,0x0100
5860,0x0100
5861,0x0100
5862,0x0100
5863,0x0100
5864,0x0100
5865,0x0100
5866,0x0100
5867,0x0100
5868,0x0100
5869,0x0100
5870,0x0100
5871,0x0100
5872,0x0100
5873,0x0100
5874,0x0100
5875,0x0100
5876,0x0100
5877,0x0100
5878,0x0100
5879,0x0100
5880,0x0100
5881,0x0100
5882,0x0100
5883,0x0100
5884,0x0100
5885,0x0100
5886,0x0100
5887,0x0100
5888,0x0100
5889,0x0100
5890,0x0100
5891,0x0100
5892,0x0100
5893,0x0100
5894,0x0100
5895,0x0100
5896,0x0100
5897,0x0100
5898,0x0100
5899,0x0100
5900,0x0100
5901,0x0100
5902,0x0100
5903,0x0100
5904,0x0100
5905,0x0100
5906,0x0100
5907,0x0100
5908,0x0100
5909,0x0100
5910,0x0100
5911,0x0100
5912,0x0100
5913,0x0100
5914,0x0100
5915,0x0100
5916,0x0100
5917,0x0100
5918,0x0100
5919,0x0100
5920,0x0100
5921,0x0100
5922,0x0100
5923,0x0100
5924,0x0100
5925,0x0100
5926,0x0100
5927,0x0100
5928,0x0100
5929,0x0100
5930,0x0100
5931,0x0100
5932,0x0100
5933,0x0100
5934,0x0100
5935,0x0100
5936,0x0100
5937,0x0100
5938,0x0100
5939,0x0100
5940,0x0100
5941,0x0100
5942,0x0100
5943,0x0100
5944,0x0100
5945,0x0100
5946,0x0100
5947,0x0100
5948,0x0100
5949,0x0100
5950,0x0100
5951,0x0100
5952,0x0100
5953,0x0100
5954,0x0100
5955,0x0100
5956,0x0100
5957,0x0100
5958,0x0100
5959,0x0100
5960,0x0100
5961,0x0100
5962,0x0100
5963,0x0100
5964,0x0100
5965,0x0100
5966,0x0100
5967,0x0100
5968,0x0100
5969,0x0100
5970,0x0100
5971,0x0100
5972,0x0100
5973,0x0100
5974,0x0100
5975,0x0100
5976,0x0100
5977,0x0100
5978,0x0100
5979,0x0100
5980,0x0100
5981,0x0100
5982,0x0100
5983,0x0100
5984,0x0100
5985,0x0100
5986,0x0100
5987,0x0100
5988,0x0100
5989,0x0100
5990,0x0100
5991,0x0100
5992,0x0100
5993,0x0100
5994,0x0100
5995,0x0100
5996,0x0100
5997,0x0100
5998,0x0100
5999,0x0100
6000,0x0100
6001,0x0100
6002,0x0100
6003,0x0100
6004,0x0100
6005,0x0100
6006,0x0100
6007,0x0100
6008,0x0100
6009,0x0100
6010,0x0100
6011,0x0100
6012,0x0100
6013,0x0100
6014,0x0100
6015,0x0100
6016,0x0100
6017,0x0100
6018,0x0100
6019,0x0100
6020,0x0100
6021,0x0100
6022,0x0100
6023,0x0100
6024,0x0100
6025,0x0100
6026,0x0100
6027,0x0100
6028,0x0100
6029,0x0100
6030,0x0100
6031,0x0100
6032,0x0100
6033,0x0100
6034,0x0100
6035,0x0100
6036,0x0100
6037,0x0100
6038,0x0100
6039,0x0100
6040,0x0100
6041,0x0100
6042,0x0100
6043,0x0100
6044,0x0100
6045,0x0100
6046,0x0100
6047,0x0100
6048,0x0100
6049,0x0100
6050,0x0100
6051,0x0100
6052,0x0100
6053,0x0100
6054,0x0100
6055,0x0100
6056,0x0100
6057,0x0100
6058,0x0100
6059,0x0100
6060,0x0100
6061,0x0100
6062,0x0100
6063,0x0100
6064,0x0100
6065,0x0100
6066,0x0100
6067,0x0100
6068,0x0100
6069,0x0100
6070,0x0100
6071,0x0100
6072,0x0100
6073,0x0100
6074,0x0100
6075,0x0100
6076,0x0100
6077,0x0100
6078,0x0100
6079,0x0100
6080,0x0100
6081,0x0100
6082,0x0100
6083,0x0100
6084,0x0100
6085,0x0100
6086,0x0100
6087,0x0100
6088,0x0100
6089,0x0100
6090,0x0100
6091,0x0100
6092,0x0100
6093,0x0100
6094,0x0100
6095,0x0100
6096,0x0100
6097,0x0100
6098,0x0100
6099,0x0100
6100,0x0100
6101,0x0100
6102,0x0100
6103,0x0100
6104,0x0100
6105,0x0100
6106,0x0100
6107,0x0100
6108,0x0100
6109,0x0100
6110,0x0100
6111,0x0100
6112,0x0100
6113,0x0100
6114,0x0100
6115,0x0100
6116,0x0100
6117,0x0100
6118,0x0100
6119,0x0100
6120,0x0100
6121,0x0100
6122,0x0100
6123,0x0100
6124,0x0100
6125,0x0100
6126,0x0100
6127,0x0100
6128,0x0100
6129,0x0100
6130,0x0100
6131,0x0100
6132,0x0100
6133,0x0100
6134,0x0100
6135,0x0100
6136,0x0100
6137,0x0100
6138,0x0100
6139,0x0100
6140,0x0100
6141,0x0100
6142,0x0100
6143,0x0100
6144,0x0100
6145,0x0100
6146,0x0100
6147,0x0100
6148,0x0100
6149,0x0100
6150,0x0100
6151,0x0100
6152,0x0100
6153,0x0100
6154,0x0100
6155,0x0100
6156,0x0100
6157,0x0100
6158,0x0100
6159,0x0100
6160,0x0100
6161,0x0100
6162,0x0100
6163,0x0100
6164,0x0100
6165,0x0100
6166,0x0100
6167,0x0100
6168,0x0100
6169,0x0100
6170,0x0100
6171,0x0100
6172,0x0100
6173,0x0100
6174,0x0100
6175,0x0100
6176,0x0100
6177,0x0100
6178,0x0100
6179,0x0100
6180,0x0100
6181,0x0100
6182,0x0100
6183,0x0100
6184,0x0100
6185,0x0100
6186,0x0100
6187,0x0100
6188,0x0100
6189,0x0100
6190,0x0100
6191,0x0100
6192,0x0100
6193,0x0100
6194,0x0100
6195,0x0100
6196,0x0100
6197,0x0100
6198,0x0100
6199,0x0100
6200,0x0100
6201,0x0100
6202,0x0100
6203,0x0100
6204,0x0100
6205,0x0100
6206,0x0100
6207,0x0100
6208,0x0100
6209,0x0100
6210,0x0100
6211,0x0100
6212,0x0100
6213,0x0100
6214,0x0100
6215,0x0100
6216,0x0100
6217,0x0100
6218,0x0100
6219,0x0100
6220,0x0100
6221,0x0100
6222,0x0100
6223,0x0100
6224,0x0100
6225,0x0100
6226,0x0100
6227,0x0100
6228,0x0100
6229,0x0100
6230,0x0100
6231,0x0100
6232,0x0100
6233,0x0100
6234,0x0100
6235,0x0100
6236,0x0100
6237,0x0100
6238,0x0100
6239,0x0100
6240,0x0100
6241,0x0100
6242,0x0100
6243,0x0100
6244,0x0100
6245,0x0100
6246,0x0100
6247,0x0100
6248,0x0100
6249,0x0100
6250,0x0100
6251,0x0100
6252,0x0100
6253,0x0100
6254,0x0100
6255,0x0100
6256,0x0100
6257,0x0100
6258,0x0100
6259,0x0100
6260,0x0100
6261,0x0100
6262,0x0100
6263,0x0100
6264,0x0100
6265,0x0100
6266,0x0100
6267,0x0100
6268,0x0100
6269,0x0100
6270,0x0100
6271,0x0100
6272,0x0100
6273,0x0100
6274,0x0100
6275,0x0100
6276,0x0100
6277,0x0100
6278,0x0100
6279,0x0100
6280,0x0100
6281,0x0100
6282,0x0100
6283,0x0100
6284,0x0100
6285,0x0100
6286,0x0100
6287,0x0100
6288,0x0100
6289,0x0100
6290,0x0100
6291,0x0100
6292,0x0100
6293,0x0100
6294,0x0100
6295,0x0100
6296,0x0100
6297,0x0100
6298,0x0100
6299,0x0100
6300,0x0100
6301,0x0100
6302,0x0100
6303,0x0100
6304,0x0100
6305,0x0100
6306,0x0100
6307,0x0100
6308,0x0100
6309,0x0100
6310,0x0100
6311,0x0100
6312,0x0100
6313,0x0100
6314,0x0100
6315,0x0100
6316,0x0100
6317,0x0100
6318,0x0100
6319,0x0100
6320,0x0100
6321,0x0100
6322,0x0100
6323,0x0100
6324,0x0100
6325,0x0100
6326,0x0100
6327,0x0100
6328,0x0100
6329,0x0100
6330,0x0100
6331,0x0100
6332,0x0100
6333,0x0100
6334,0x0100
6335,0x0100
6336,0x0100
6337,0x0100
6338,0x0100
6339,0x0100
6340,0x0100
6341,0x0100
6342,0x0100
6343,0x0100
6344,0x0100
6345,0x0100
6346,0x0100
6347,0x0100
6348,0x0100
6349,0x0100
6350,0x0100
6351,0x0100
6352,0x0100
6353,0x0100
6354,0x0100
6355,0x0100
6356,0x0100
6357,0x0100
6358,0x0100
6359,0x0100
6360,0x0100
6361,0x0100
6362,0x0100
6363,0x0100
6364,0x0100
6365,0x0100
6366,0x0100
6367,0x0100
6368,0x0100
6369,0x0100
6370,0x0100
6371,0x0100
6372,0x0100
6373,0x0100
6374,0x0100
6375,0x0100
6376,0x0100
6377,0x0100
6378,0x0100
6379,0x0100
6380,0x0100
6381,0x0100
6382,0x0100
6383,0x0100
6384,0x0100
6385,0x0100
6386,0x0100
6387,0x0100
6388,0x0100
6389,0x0100
6390,0x0100
6391,0x0100
6392,0x0100
6393,0x0100
6394,0x0100
6395,0x0100
6396,0x0100
6397,0x0100
6398,0x0100
6399,0x0100
6400,0x0100
6401,0x0100
6402,0x0100
6403,0x0100
6404,0x0100
6405,0x0100
6406,0x0100
6407,0x0100
6408,0x0100
6409,0x0100
6410,0x0100
6411,0x0100
6412,0x0100
6413,0x0100
6414,0x0100
6415,0x0100
6416,0x0100
6417,0x0100
6418,0x0100
6419,0x0100
6420,0x0100
6421,0x0100
6422,0x0100
6423,0x0100
6424,0x0100
6425,0x0100
6426,0x0100
6427,0x0100
6428,0x0100
6429,0x0100
6430,0x0100
6431,0x0100
6432,0x0100
6433,0x0100
6434,0x0100
6435,0x0100
6436,0x0100
6437,0x0100
6438,0x0100
6439,0x0100
6440,0x0100
6441,0x0100
6442,0x0100
6443,0x0100
6444,0x0100
6445,0x0100
6446,0x0100
6447,0x0100
6448,0x0100
6449,0x0100
6450,0x0100
6451,0x0100
6452,0x0100
6453,0x0100
6454,0x0100
6455,0x0100
6456,0x0100
6457,0x0100
6458,0x0100
6459,0x0100
6460,0x0100
6461,0x0100
6462,0x0100
6463,0x0100
6464,0x0100
6465,0x0100
6466,0x0100
6467,0x0100
6468,0x0100
6469,0x0100
6470,0x0100
6471,0x0100
6472,0x0100
6473,0x0100
6474,0x0100
6475,0x0100
6476,0x0100
6477,0x0100
6478,0x0100
6479,0x0100
6480,0x0100
6481,0x0100
6482,0x0100
6483,0x0100
6484,0x0100
6485,0x0100
6486,0x0100
6487,0x0100
6488,0x0100
6489,0x0100
6490,0x0100
6491,0x0100
6492,0x0100
6493,0x0100
6494,0x0100
6495,0x0100
6496,0x0100
6497,0x0100
6498,0x0100
6499,0x0100
6500,0x0100
6501,0x0100
6502,0x0100
6503,0x0100
6504,0x0100
6505,0x0100
6506,0x0100
6507,0x0100
6508,0x0100
6509,0x0100
6510,0x0100
6511,0x0100
6512,0x0100
6513,0x0100
6514,0x0100
6515,0x0100
6516,0x0100
6517,0x0100
6518,0x0100
6519,0x0100
6520,0x0100
6521,0x0100
6522,0x0100
6523,0x0100
6524,0x0100
6525,0x0100
6526,0x0100
6527,0x0100
6528,0x0100
6529,0x0100
6530,0x0100
6531,0x0100
6532,0x0100
6533,0x0100
6534,0x0100
6535,0x0100
6536,0x0100
6537,0x0100
6538,0x0100
6539,0x0100
6540,0x0100
6541,0x0100
6542,0x0100
6543,0x0100
6544,0x0100
6545,0x0100
6546,0x0100
6547,0x0100
6548,0x0100
6549,0x0100
6550,0x0100
6551,0x0100
6552,0x0100
6553,0x0100
6554,0x0100
6555,0x0100
6556,0x0100
6557,0x0100
6558,0x0100
6559,0x0100
6560,0x0100
6561,0x0100
6562,0x0100
6563,0x0100
6564,0x0100
6565,0x0100
6566,0x0100
6567,0x0100
6568,0x0100
6569,0x0100
6570,0x0100
6571,0x0100
6572,0x0100
6573,0x0100
6574,0x0100
6575,0x0100
6576,0x0100
6577,0x0100
6578,0x0100
6579,0x0100
6580,0x0100
6581,0x0100
6582,0x0100
6583,0x0100
6584,0x0100
6585,0x0100
6586,0x0100
6587,0x0100
6588,0x0100
6589,0x0100
6590,0x0100
6591,0x0100
6592,0x0100
6593,0x0100
6594,0x0100
6595,0x0100
6596,0x0100
6597,0x0100
6598,0x0100
6599,0x0100
6600,0x0100
6601,0x0100
6602,0x0100
6603,0x0100
6604,0x0100
6605,0x0100
6606,0x0100
6607,0x0100
6608,0x0100
6609,0x0100
6610,0x0100
6611,0x0100
6612,0x0100
6613,0x0100
6614,0x0100
6615,0x0100
6616,0x0100
6617,0x0100
6618,0x0100
6619,0x0100
6620,0x0100
6621,0x0100
6622,0x0100
6623,0x0100
6624,0x0100
6625,0x0100
6626,0x0100
6627,0x0100
6628,0x0100
6629,0x0100
6630,0x0100
6631,0x0100
6632,0x0100
6633,0x0100
6634,0x0100
6635,0x0100
6636,0x0100
6637,0x0100
6638,0x0100
6639,0x0100
6640,0x0100
6641,0x0100
6642,0x0100
6643,0x0100
6644,0x0100
6645,0x0100
6646,0x0100
6647,0x0100
6648,0x0100
6649,0x0100
6650,0x0100
6651,0x0100
6652,0x0100
6653,0x0100
6654,0x0100
6655,0x0100
6656,0x0100
6657,0x0100
6658,0x0100
6659,0x0100
6660,0x0100
6661,0x0100
6662,0x0100
6663,0x0100
6664,0x0100
6665,0x0100
6666,0x0100
6667,0x0100
6668,0x0100
6669,0x0100
6670,0x0100
6671,0x0100
6672,0x0100
6673,0x0100
6674,0x0100
6675,0x0100
6676,0x0100
6677,0x0100
6678,0x0100
6679,0x0100
6680,0x0100
6681,0x0100
6682,0x0100
6683,0x0100
6684,0x0100
6685,0x0100
6686,0x0100
6687,0x0100
6688,0x0100
6689,0x0100
6690,0x0100
6691,0x0100
6692,0x0100
6693,0x0100
6694,0x0100
6695,0x0100
6696,0x0100
6697,0x0100
6698,0x0100
6699,0x0100
6700,0x0100
6701,0x0100
6702,0x0100
6703,0x0100
6704,0x0100
6705,0x0100
6706,0x0100
6707,0x0100
6708,0x0100
6709,0x0100
6710,0x0100
6711,0x0100
6712,0x0100
6713,0x0100
6714,0x0100
6715,0x0100
6716,0x0100
6717,0x0100
6718,0x0100
6719,0x0100
6720,0x0100
6721,0x0100
6722,0x0100
6723,0x0100
6724,0x0100
6725,0x0100
6726,0x0100
6727,0x0100
6728,0x0100
6729,0x0100
6730,0x0100
6731,0x0100
6732,0x0100
6733,0x0100
6734,0x0100
6735,0x0100
6736,0x0100
6737,0x0100
6738,0x0100
6739,0x0100
6740,0x0100
6741,0x0100
6742,0x0100
6743,0x0100
6744,0x0100
6745,0x0100
6746,0x0100
6747,0x0100
6748,0x0100
6749,0x0100
6750,0x0100
6751,0x0100
6752,0x0100
6753,0x0100
6754,0x0100
6755,0x0100
6756,0x0100
6757,0x0100
6758,0x0100
6759,0x0100
6760,0x0100
6761,0x0100
6762,0x0100
6763,0x0100
6764,0x0100
6765,0x0100
6766,0x0100
6767,0x0100
6768,0x0100
6769,0x0100
6770,0x0100
6771,0x0100
6772,0x0100
6773,0x0100
6774,0x0100
6775,0x0100
6776,0x0100
6777,0x0100
6778,0x0100
6779,0x0100
6780,0x0100
6781,0x0100
6782,0x0100
6783,0x0100
6784,0x0100
6785,0x0100
6786,0x0100
6787,0x0100
6788,0x0100
6789,0x0100
6790,0x0100
6791,0x0100
6792,0x0100
6793,0x0100
6794,0x0100
6795,0x0100
6796,0x0100
6797,0x0100
6798,0x0100
6799,0x0100
6800,0x0100
6801,0x0100
6802,0x0100
6803,0x0100
6804,0x0100
6805,0x0100
6806,0x0100
6807,0x0100
6808,0x0100
6809,0x0100
6810,0x0100
6811,0x0100
6812,0x0100
6813,0x0100
6814,0x0100
6815,0x0100
6816,0x0100
6817,0x0100
6818,0x0100
6819,0x0100
6820,0x0100
6821,0x0100
6822,0x0100
6823,0x0100
6824,0x0100
6825,0x0100
6826,0x0100
6827,0x0100
6828,0x0100
6829,0x0100
6830,0x0100
6831,0x0100
6832,0x0100
6833,0x0100
6834,0x0100
6835,0x0100
6836,0x0100
6837,0x0100
6838,0x0100
6839,0x0100
6840,0x0100
6841,0x0100
6842,0x0100
6843,0x0100
6844,0x0100
6845,0x0100
6846,0x0100
6847,0x0100
6848,0x0100
6849,0x0100
6850,0x0100
6851,0x0100
6852,0x0100
6853,0x0100
6854,0x0100
6855,0x0100
6856,0x0100
6857,0x0100
6858,0x0100
6859,0x0100
6860,0x0100
6861,0x0100
6862,0x0100
6863,0x0100
6864,0x0100
6865,0x0100
6866,0x0100
6867,0x0100
6868,0x0100
6869,0x0100
6870,0x0100
6871,0x0100
6872,0x0100
6873,0x0100
6874,0x0100
6875,0x0100
6876,0x0100
6877,0x0100
6878,0x0100
6879,0x0100
6880,0x0100
6881,0x0100
6882,0x0100
6883,0x0100
6884,0x0100
6885,0x0100
6886,0x0100
6887,0x0100
6888,0x0100
6889,0x0100
6890,0x0100
6891,0x0100
6892,0x0100
6893,0x0100
6894,0x0100
6895,0x0100
6896,0x0100
6897,0x0100
6898,0x0100
6899,0x0100
6900,0x0100
6901,0x0100
6902,0x0100
6903,0x0100
6904,0x0100
6905,0x0100
6906,0x0100
6907,0x0100
6908,0x0100
6909,0x0100
6910,0x0100
6911,0x0100
6912,0x0100
6913,0x0100
6914,0x0100
6915,0x0100
6916,0x0100
6917,0x0100
6918,0x0100
6919,0x0100
6920,0x0100
6921,0x0100
6922,0x0100
6923,0x0100
6924,0x0100
6925,0x0100
6926,0x0100
6927,0x0100
6928,0x0100
6929,0x0100
6930,0x0100
6931,0x0100
6932,0x0100
6933,0x0100
6934,0x0100
6935,0x0100
6936,0x0100
6937,0x0100
6938,0x0100
6939,0x0100
6940,0x0100
6941,0x0100
6942,0x0100
6943,0x0100
6944,0x0100
6945,0x0100
6946,0x0100
6947,0x0100
6948,0x0100
6949,0x0100
6950,0x0100
6951,0x0100
6952,0x0100
6953,0x0100
6954,0x0100
6955,0x0100
6956,0x0100
6957,0x0100
6958,0x0100
6959,0x0100
6960,0x0100
6961,0x0100
6962,0x0100
6963,0x0100
6964,0x0100
6965,0x0100
6966,0x0100
6967,0x0100
6968,0x0100
6969,0x0100
6970,0x0100
6971,0x0100
6972,0x0100
6973,0x0100
6974,0x0100
6975,0x0100
6976,0x0100
6977,0x0100
6978,0x0100
6979,0x0100
6980,0x0100
6981,0x0100
6982,0x0100
6983,0x0100
6984,0x0100
6985,0x0100
6986,0x0100
6987,0x0100
6988,0x0100
6989,0x0100
6990,0x0100
6991,0x0100
6992,0x0100
6993,0x0100
6994,0x0100
6995,0x0100
6996,0x0100
6997,0x0100
6998,0x0100
6999,0x0100
7000,0x0100
7001,0x0100
7002,0x0100
7003,0x0100
7004,0x0100
7005,0x0100
7006,0x0100
7007,0x0100
7008,0x0100
7009,0x0100
7010,0x0100
7011,0x0100
7012,0x0100
7013,0x0100
7014,0x0100
7015,0x0100
7016,0x0100
7017,0x0100
7018,0x0100
7019,0x0100
7020,0x0100
7021,0x0100
7022,0x0100
7023,0x0100
7024,0x0100
7025,0x0100
7026,0x0100
7027,0x0100
7028,0x0100
7029,0x0100
7030,0x0100
7031,0x0100
7032,0x0100
7033,0x0100
7034,0x0100
7035,0x0100
7036,0x0100
7037,0x0100
7038,0x0100
7039,0x0100
7040,0x0100
7041,0x0100
7042,0x0100
7043,0x0100
7044,0x0100
7045,0x0100
7046,0x0100
7047,0x0100
7048,0x0100
7049,0x0100
7050,0x0100
7051,0x0100
7052,0x0100
7053,0x0100
7054,0x0100
7055,0x0100
7056,0x0100
7057,0x0100
7058,0x0100
7059,0x0100
7060,0x0100
7061,0x0100
7062,0x0100
7063,0x0100
7064,0x0100
7065,0x0100
7066,0x0100
7067,0x0100
7068,0x0100
7069,0x0100
7070,0x0100
7071,0x0100
7072,0x0100
7073,0x0100
7074,0x0100
7075,0x0100
7076,0x0100
7077,0x0100
7078,0x0100
7079,0x0100
7080,0x0100
7081,0x0100
7082,0x0100
7083,0x0100
7084,0x0100
7085,0x0100
7086,0x0100
7087,0x0100
7088,0x0100
7089,0x0100
7090,0x0100
7091,0x0100
7092,0x0100
7093,0x0100
7094,0x0100
7095,0x0100
7096,0x0100
7097,0x0100
7098,0x0100
7099,0x0100
7100,0x0100
7101,0x0100
7102,0x0100
7103,0x0100
7104,0x0100
7105,0x0100
7106,0x0100
7107,0x0100
7108,0x0100
7109,0x0100
7110,0x0100
7111,0x0100
7112,0x0100
7113,0x0100
7114,0x0100
7115,0x0100
7116,0x0100
7117,0x0100
7118,0x0100
7119,0x0100
7120,0x0100
7121,0x0100
7122,0x0100
7123,0x0100
7124,0x0100
7125,0x0100
7126,0x0100
7127,0x0100
7128,0x0100
7129,0x0100
7130,0x0100
7131,0x0100
7132,0x0100
7133,0x0100
7134,0x0100
7135,0x0100
7136,0x0100
7137,0x0100
7138,0x0100
7139,0x0100
7140,0x0100
7141,0x0100
7142,0x0100
7143,0x0100
7144,0x0100
7145,0x0100
7146,0x0100
7147,0x0100
7148,0x0100
7149,0x0100
7150,0x0100
7151,0x0100
7152,0x0100
7153,0x0100
7154,0x0100
7155,0x0100
7156,0x0100
7157,0x0100
7158,0x0100
7159,0x0100
7160,0x0100
7161,0x0100
7162,0x0100
7163,0x0100
7164,0x0100
7165,0x0100
7166,0x0100
7167,0x0100
7168,0x0100
7169,0x0100
7170,0x0100
7171,0x0100
7172,0x0100
7173,0x0100
7174,0x0100
7175,0x0100
7176,0x0100
7177,0x0100
7178,0x0100
7179,0x0100
7180,0x0100
7181,0x0100
7182,0x0100
7183,0x0100
7184,0x0100
7185,0x0100
7186,0x0100
7187,0x0100
7188,0x0100
7189,0x0100
7190,0x0100
7191,0x0100
7192,0x0100
7193,0x0100
7194,0x0100
7195,0x0100
7196,0x0100
7197,0x0100
7198,0x0100
7199,0x0100
7200,0x0100
7201,0x0100
7202,0x0100
7203,0x0100
7204,0x0100
7205,0x0100
7206,0x0100
7207,0x0100
7208,0x0100
7209,0x0100
7210,0x0100
7211,0x0100
7212,0x0100
7213,0x0100
7214,0x0100
7215,0x0100
7216,0x0100
7217,0x0100
7218,0x0100
7219,0x0100
7220,0x0100
7221,0x0100
7222,0x0100
7223,0x0100
7224,0x0100
7225,0x0100
7226,0x0100
7227,0x0100
7228,0x0100
7229,0x0100
7230,0x0100
7231,0x0100
7232,0x0100
7233,0x0100
7234,0x0100
7235,0x0100
7236,0x0100
7237,0x0100
7238,0x0100
7239,0x0100
7240,0x0100
7241,0x0100
7242,0x0100
7243,0x0100
7244,0x0100
7245,0x0100
7246,0x0100
7247,0x0100
7248,0x0100
7249,0x0100
7250,0x0100
7251,0x0100
7252,0x0100
7253,0x0100
7254,0x0100
7255,0x0100
7256,0x0100
7257,0x0100
7258,0x0100
7259,0x0100
7260,0x0100
7261,0x0100
7262,0x0100
7263,0x0100
7264,0x0100
7265,0x0100
7266,0x0100
7267,0x0100
7268,0x0100
7269,0x0100
7270,0x0100
7271,0x0100
7272,0x0100
7273,0x0100
7274,0x0100
7275,0x0100
7276,0x0100
7277,0x0100
7278,0x0100
7279,0x0100
7280,0x0100
7281,0x0100
7282,0x0100
7283,0x0100
7284,0x0100
7285,0x0100
7286,0x0100
7287,0x0100
7288,0x0100
7289,0x0100
7290,0x0100
7291,0x0100
7292,0x0100
7293,0x0100
7294,0x0100
7295,0x0100
7296,0x0100
7297,0x0100
7298,0x0100
7299,0x0100
7300,0x0100
7301,0x0100
7302,0x0100
7303,0x0100
7304,0x0100
7305,0x0100
7306,0x0100
7307,0x0100
7308,0x0100
7309,0x0100
7310,0x0100
7311,0x0100
7312,0x0100
7313,0x0100
7314,0x0100
7315,0x0100
7316,0x0100
7317,0x0100
7318,0x0100
7319,0x0100
7320,0x0100
7321,0x0100
7322,0x0100
7323,0x0100
7324,0x0100
7325,0x0100
7326,0x0100
7327,0x0100
7328,0x0100
7329,0x0100
7330,0x0100
7331,0x0100
7332,0x0100
7333,0x0100
7334,0x0100
7335,0x0100
7336,0x0100
7337,0x0100
7338,0x0100
7339,0x0100
7340,0x0100
7341,0x0100
7342,0x0100
7343,0x0100
7344,0x0100
7345,0x0100
7346,0x0100
7347,0x0100
7348,0x0100
7349,0x0100
7350,0x0100
7351,0x0100
7352,0x0100
7353,0x0100
7354,0x0100
7355,0x0100
7356,0x0100
7357,0x0100
7358,0x0100
7359,0x0100
7360,0x0100
7361,0x0100
7362,0x0100
7363,0x0100
7364,0x0100
7365,0x0100
7366,0x0100
7367,0x0100
7368,0x0100
7369,0x0100
7370,0x0100
7371,0x0100
7372,0x0100
7373,0x0100
7374,0x0100
7375,0x0100
7376,0x0100
7377,0x0100
7378,0x0100
7379,0x0100
7380,0x0100
7381,0x0100
7382,0x0100
7383,0x0100
7384,0x0100
7385,0x0100
7386,0x0100
7387,0x0100
7388,0x0100
7389,0x0100
7390,0x0100
7391,0x0100
7392,0x0100
7393,0x0100
7394,0x0100
7395,0x0100
7396,0x0100
7397,0x0100
7398,0x0100
7399,0x0100
7400,0x0100
7401,0x0100
7402,0x0100
7403,0x0100
7404,0x0100
7405,0x0100
7406,0x0100
7407,0x0100
7408,0x0100
7409,0x0100
7410,0x0100
7411,0x0100
7412,0x0100
7413,0x0100
7414,0x0100
7415,0x0100
7416,0x0100
7417,0x0100
7418,0x0100
7419,0x0100
7420,0x0100
7421,0x0100
7422,0x0100
7423,0x0100
7424,0x0100
7425,0x0100
7426,0x0100
7427,0x0100
7428,0x0100
7429,0x0100
7430,0x0100
7431,0x0100
7432,0x0100
7433,0x0100
7434,0x0100
7435,0x0100
7436,0x0100
7437,0x0100
7438,0x0100
7439,0x0100
7440,0x0100
7441,0x0100
7442,0x0100
7443,0x0100
7444,0x0100
7445,0x0100
7446,0x0100
7447,0x0100
7448,0x0100
7449,0x0100
7450,0x0100
7451,0x0100
7452,0x0100
7453,0x0100
7454,0x0100
7455,0x0100
7456,0x0100
7457,0x0100
7458,0x0100
7459,0x0100
7460,0x0100
7461,0x0100
7462,0x0100
7463,0x0100
7464,0x0100
7465,0x0100
7466,0x0100
7467,0x0100
7468,0x0100
7469,0x0100
7470,0x0100
7471,0x0100
7472,0x0100
7473,0x0100
7474,0x0100
7475,0x0100
7476,0x0100
7477,0x0100
7478,0x0100
7479,0x0100
7480,0x0100
7481,0x0100
7482,0x0100
7483,0x0100
7484,0x0100
7485,0x0100
7486,0x0100
7487,0x0100
7488,0x0100
7489,0x0100
7490,0x0100
7491,0x0100
7492,0x0100
7493,0x0100
7494,0x0100
7495,0x0100
7496,0x0100
7497,0x0100
7498,0x0100
7499,0x0100
7500,0x0100
7501,0x0100
7502,0x0100
7503,0x0100
7504,0x0100
7505,0x0100
7506,0x0100
7507,0x0100
7508,0x0100
7509,0x0100
7510,0x0100
7511,0x0100
7512,0x0100
7513,0x0100
7514,0x0100
7515,0x0100
7516,0x0100
7517,0x0100
7518,0x0100
7519,0x0100
7520,0x0100
7521,0x0100
7522,0x0100
7523,0x0100
7524,0x0100
7525,0x0100
7526,0x0100
7527,0x0100
7528,0x0100
7529,0x0100
7530,0x0100
7531,0x0100
7532,0x0100
7533,0x0100
7534,0x0100
7535,0x0100
7536,0x0100
7537,0x0100
7538,0x0100
7539,0x0100
7540,0x0100
7541,0x0100
7542,0x0100
7543,0x0100
7544,0x0100
7545,0x0100
7546,0x0100
7547,0x0100
7548,0x0100
7549,0x0100
7550,0x0100
7551,0x0100
7552,0x0100
7553,0x0100
7554,0x0100
7555,0x0100
7556,0x0100
7557,0x0100
7558,0x0100
7559,0x0100
7560,0x0100
7561,0x0100
7562,0x0100
7563,0x0100
7564,0x0100
7565,0x0100
7566,0x0100
7567,0x0100
7568,0x0100
7569,0x0100
7570,0x0100
7571,0x0100
7572,0x0100
7573,0x0100
7574,0x0100
7575,0x0100
7576,0x0100
7577,0x0100
7578,0x0100
7579,0x0100
7580,0x0100
7581,0x0100
7582,0x0100
7583,0x0100
7584,0x0100
7585,0x0100
7586,0x0100
7587,0x0100
7588,0x0100
7589,0x0100
7590,0x0100
7591,0x0100
7592,0x0100
7593,0x0100
7594,0x0100
7595,0x0100
7596,0x0100
7597,0x0100
7598,0x0100
7599,0x0100
7600,0x0100
7601,0x0100
7602,0x0100
7603,0x0100
7604,0x0100
7605,0x0100
7606,0x0100
7607,0x0100
7608,0x0100
7609,0x0100
7610,0x0100
7611,0x0100
7612,0x0100
7613,0x0100
7614,0x0100
7615,0x0100
7616,0x0100
7617,0x0100
7618,0x0100
7619,0x0100
7620,0x0100
7621,0x0100
7622,0x0100
7623,0x0100
7624,0x0100
7625,0x0100
7626,0x0100
7627,0x0100
7628,0x0100
7629,0x0100
7630,0x0100
7631,0x0100
7632,0x0100
7633,0x0100
7634,0x0100
7635,0x0100
7636,0x0100
7637,0x0100
7638,0x0100
7639,0x0100
7640,0x0100
7641,0x0100
7642,0x0100
7643,0x0100
7644,0x0100
7645,0x0100
7646,0x0100
7647,0x0100
7648,0x0100
7649,0x0100
7650,0x0100
7651,0x0100
7652,0x0100
7653,0x0100
7654,0x0100
7655,0x0100
7656,0x0100
7657,0x0100
7658,0x0100
7659,0x0100
7660,0x0100
7661,0x0100
7662,0x0100
7663,0x0100
7664,0x0100
7665,0x0100
7666,0x0100
7667,0x0100
7668,0x0100
7669,0x0100
7670,0x0100
7671,0x0100
7672,0x0100
7673,0x0100
7674,0x0100
7675,0x0100
7676,0x0100
7677,0x0100
7678,0x0100
7679,0x0100
7680,0x0100
7681,0x0100
7682,0x0100
7683,0x0100
7684,0x0100
7685,0x0100
7686,0x0100
7687,0x0100
7688,0x0100
7689,0x0100
7690,0x0100
7691,0x0100
7692,0x0100
7693,0x0100
7694,0x0100
7695,0x0100
7696,0x0100
7697,0x0100
7698,0x0100
7699,0x0100
7700,0x0100
7701,0x0100
7702,0x0100
7703,0x0100
7704,0x0100
7705,0x0100
7706,0x0100
7707,0x0100
7708,0x0100
7709,0x0100
7710,0x0100
7711,0x0100
7712,0x0100
7713,0x0100
7714,0x0100
7715,0x0100
7716,0x0100
7717,0x0100
7718,0x0100
7719,0x0100
7720,0x0100
7721,0x0100
7722,0x0100
7723,0x0100
7724,0x0100
7725,0x0100
7726,0x0100
7727,0x0100
7728,0x0100
7729,0x0100
7730,0x0100
7731,0x0100
7732,0x0100
7733,0x0100
7734,0x0100
7735,0x0100
7736,0x0100
7737,0x0100
7738,0x0100
7739,0x0100
7740,0x0100
7741,0x0100
7742,0x0100
7743,0x0100
7744,0x0100
7745,0x0100
7746,0x0100
7747,0x0100
7748,0x0100
7749,0x0100
7750,0x0100
7751,0x0100
7752,0x0100
7753,0x0100
7754,0x0100
7755,0x0100
7756,0x0100
7757,0x0100
7758,0x0100
7759,0x0100
7760,0x0100
7761,0x0100
7762,0x0100
7763,0x0100
7764,0x0100
7765,0x0100
7766,0x0100
7767,0x0100
7768,0x0100
7769,0x0100
7770,0x0100
7771,0x0100
7772,0x0100
7773,0x0100
7774,0x0100
7775,0x0100
7776,0x0100
7777,0x0100
7778,0x0100
7779,0x0100
7780,0x0100
7781,0x0100
7782,0x0100
7783,0x0100
7784,0x0100
7785,0x0100
7786,0x0100
7787,0x0100
7788,0x0100
7789,0x0100
7790,0x0100
7791,0x0100
7792,0x0100
7793,0x0100
7794,0x0100
7795,0x0100
7796,0x0100
7797,0x0100
7798,0x0100
7799,0x0100
7800,0x0100
7801,0x0100
7802,0x0100
7803,0x0100
7804,0x0100
7805,0x0100
7806,0x0100
7807,0x0100
7808,0x0100
7809,0x0100
7810,0x0100
7811,0x0100
7812,0x0100
7813,0x0100
7814,0x0100
7815,0x0100
7816,0x0100
7817,0x0100
7818,0x0100
7819,0x0100
7820,0x0100
7821,0x0100
7822,0x0100
7823,0x0100
7824,0x0100
7825,0x0100
7826,0x0100
7827,0x0100
7828,0x0100
7829,0x0100
7830,0x0100
7831,0x0100
7832,0x0100
7833,0x0100
7834,0x0100
7835,0x0100
7836,0x0100
7837,0x0100
7838,0x0100
7839,0x0100
7840,0x0100
7841,0x0100
7842,0x0100
7843,0x0100
7844,0x0100
7845,0x0100
7846,0x0100
7847,0x0100
7848,0x0100
7849,0x0100
7850,0x0100
7851,0x0100
7852,0x0100
7853,0x0100
7854,0x0100
7855,0x0100
7856,0x0100
7857,0x0100
7858,0x0100
7859,0x0100
7860,0x0100
7861,0x0100
7862,0x0100
7863,0x0100
7864,0x0100
7865,0x0100
7866,0x0100
7867,0x0100
7868,0x0100
7869,0x0100
7870,0x0100
7871,0x0100
7872,0x0100
7873,0x0100
7874,0x0100
7875,0x0100
7876,0x0100
7877,0x0100
7878,0x0100
7879,0x0100
7880,0x0100
7881,0x0100
7882,0x0100
7883,0x0100
7884,0x0100
7885,0x0100
7886,0x0100
7887,0x0100
7888,0x0100
7889,0x0100
7890,0x0100
7891,0x0100
7892,0x0100
7893,0x0100
7894,0x0100
7895,0x0100
7896,0x0100
7897,0x0100
7898,0x0100
7899,0x0100
7900,0x0100
7901,0x0100
7902,0x0100
7903,0x0100
7904,0x0100
7905,0x0100
7906,0x0100
7907,0x0100
7908,0x0100
7909,0x0100
7910,0x0100
7911,0x0100
7912,0x0100
7913,0x0100
7914,0x0100
7915,0x0100
7916,0x0100
7917,0x0100
7918,0x0100
7919,0x0100
7920,0x0100
7921,0x0100
7922,0x0100
7923,0x0100
7924,0x0100
7925,0x0100
7926,0x0100
7927,0x0100
7928,0x0100
7929,0x0100
7930,0x0100
7931,0x0100
7932,0x0100
7933,0x0100
7934,0x0100
7935,0x0100
7936,0x0100
7937,0x0100
7938,0x0100
7939,0x0100
7940,0x0100
7941,0x0100
7942,0x0100
7943,0x0100
7944,0x0100
7945,0x0100
7946,0x0100
7947,0x0100
7948,0x0100
7949,0x0100
7950,0x0100
7951,0x0100
7952,0x0100
7953,0x0100
7954,0x0100
7955,0x0100
7956,0x0100
7957,0x0100
7958,0x0100
7959,0x0100
7960,0x0100
7961,0x0100
7962,0x0100
7963,0x0100
7964,0x0100
7965,0x0100
7966,0x0100
7967,0x0100
7968,0x0100
7969,0x0100
7970,0x0100
7971,0x0100
7972,0x0100
7973,0x0100
7974,0x0100
7975,0x0100
7976,0x0100
7977,0x0100
7978,0x0100
7979,0x0100
7980,0x0100
7981,0x0100
7982,0x0100
7983,0x0100
7984,0x0100
7985,0x0100
7986,0x0100
7987,0x0100
7988,0x0100
7989,0x0100
7990,0x0100
7991,0x0100
7992,0x0100
7993,0x0100
7994,0x0100
7995,0x0100
7996,0x0100
7997,0x0100
7998,0x0100
7999,0x0100
8000,0x0100
8001,0x0100
8002,0x0100
8003,0x0100
8004,0x0100
8005,0x0100
8006,0x0100
8007,0x0100
8008,0x0100
8009,0x0100
8010,0x0100
8011,0x0100
8012,0x0100
8013,0x0100
8014,0x0100
8015,0x0100
8016,0x0100
8017,0x0100
8018,0x0100
8019,0x0100
8020,0x0100
8021,0x0100
8022,0x0100
8023,0x0100
8024,0x0100
8025,0x0100
8026,0x0100
8027,0x0100
8028,0x0100
8029,0x0100
8030,0x0100
8031,0x0100
8032,0x0100
8033,0x0100
8034,0x0100
8035,0x0100
8036,0x0100
8037,0x0100
8038,0x0100
8039,0x0100
8040,0x0100
8041,0x0100
8042,0x0100
8043,0x0100
8044,0x0100
8045,0x0100
8046,0x0100
8047,0x0100
8048,0x0100
8049,0x0100
8050,0x0100
8051,0x0100
8052,0x0100
8053,0x0100
8054,0x0100
8055,0x0100
8056,0x0100
8057,0x0100
8058,0x0100
8059,0x0100
8060,0x0100
8061,0x0100
8062,0x0100
8063,0x0100
8064,0x0100
8065,0x0100
8066,0x0100
8067,0x0100
8068,0x0100
8069,0x0100
8070,0x0100
8071,0x0100
8072,0x0100
8073,0x0100
8074,0x0100
8075,0x0100
8076,0x0100
8077,0x0100
8078,0x0100
8079,0x0100
8080,0x0100
8081,0x0100
8082,0x0100
8083,0x0100
8084,0x0100
8085,0x0100
8086,0x0100
8087,0x0100
8088,0x0100
8089,0x0100
8090,0x0100
8091,0x0100
8092,0x0100
8093,0x0100
8094,0x0100
8095,0x0100
8096,0x0100
8097,0x0100
8098,0x0100
8099,0x0100
8100,0x0100
8101,0x0100
8102,0x0100
8103,0x0100
8104,0x0100
8105,0x0100
8106,0x0100
8107,0x0100
8108,0x0100
8109,0x0100
8110,0x0100
8111,0x0100
8112,0x0100
8113,0x0100
8114,0x0100
8115,0x0100
8116,0x0100
8117,0x0100
8118,0x0100
8119,0x0100
8120,0x0100
8121,0x0100
8122,0x0100
8123,0x0100
8124,0x0100
8125,0x0100
8126,0x0100
8127,0x0100
8128,0x0100
8129,0x0100
8130,0x0100
8131,0x0100
8132,0x0100
8133,0x0100
8134,0x0100
8135,0x0100
8136,0x0100
8137,0x0100
8138,0x0100
8139,0x0100
8140,0x0100
8141,0x0100
8142,0x0100
8143,0x0100
8144,0x0100
8145,0x0100
8146,0x0100
8147,0x0100
8148,0x0100
8149,0x0100
8150,0x0100
8151,0x0100
8152,0x0100
8153,0x0100
8154,0x0100
8155,0x0100
8156,0x0100
8157,0x0100
8158,0x0100
8159,0x0100
8160,0x0100
8161,0x0100
8162,0x0100
8163,0x0100
8164,0x0100
8165,0x0100
8166,0x0100
8167,0x0100
8168,0x0100
8169,0x0100
8170,0x0100
8171,0x0100
8172,0x0100
8173,0x0100
8174,0x0100
8175,0x0100
8176,0x0100
8177,0x0100
8178,0x0100
8179,0x0100
8180,0x0100
8181,0x0100
8182,0x0100
8183,0x0100
8184,0x0100
8185,0x0100
8186,0x0100
8187,0x0100
8188,0x0100
8189,0x0100
8190,0x0100
8191,0x0100
8192,0x0100
8193,0x0100
8194,0x0100
8195,0x0100
8196,0x0100
8197,0x0100
8198,0x0100
8199,0x0100
8200,0x0100
8201,0x0100
8202,0x0100
8203,0x0100
8204,0x0100
8205,0x0100
8206,0x0100
8207,0x0100
8208,0x0100
8209,0x0100
8210,0x0100
8211,0x0100
8212,0x0100
8213,0x0100
8214,0x0100
8215,0x0100
8216,0x0100
8217,0x0100
8218,0x0100
8219,0x0100
8220,0x0100
8221,0x0100
8222,0x0100
8223,0x0100
8224,0x0100
8225,0x0100
8226,0x0100
8227,0x0100
8228,0x0100
8229,0x0100
8230,0x0100
8231,0x0100
8232,0x0100
8233,0x0100
8234,0x0100
8235,0x0100
8236,0x0100
8237,0x0100
8238,0x0100
8239,0x0100
8240,0x0100
8241,0x0100
8242,0x0100
8243,0x0100
8244,0x0100
8245,0x0100
8246,0x0100
8247,0x0100
8248,0x0100
8249,0x0100
8250,0x0100
8251,0x0100
8252,0x0100
8253,0x0100
8254,0x0100
8255,0x0100
8256,0x0100
8257,0x0100
8258,0x0100
8259,0x0100
8260,0x0100
8261,0x0100
8262,0x0100
8263,0x0100
8264,0x0100
8265,0x0100
8266,0x0100
8267,0x0100
8268,0x0100
8269,0x0100
8270,0x0100
8271,0x0100
8272,0x0100
8273,0x0100
8274,0x0100
8275,0x0100
8276,0x0100
8277,0x0100
8278,0x0100
8279,0x0100
8280,0x0100
8281,0x0100
8282,0x0100
8283,0x0100
8284,0x0100
8285,0x0100
8286,0x0100
8287,0x0100
8288,0x0100
8289,0x0100
8290,0x0100
8291,0x0100
8292,0x0100
8293,0x0100
8294,0x0100
8295,0x0100
8296,0x0100
8297,0x0100
8298,0x0100
8299,0x0100
8300,0x0100
8301,0x0100
8302,0x0100
8303,0x0100
8304,0x0100
8305,0x0100
8306,0x0100
8307,0x0100
8308,0x0100
8309,0x0100
8310,0x0100
8311,0x0100
8312,0x0100
8313,0x0100
8314,0x0100
8315,0x0100
8316,0x0100
8317,0x0100
8318,0x0100
8319,0x0100
8320,0x0100
8321,0x0100
8322,0x0100
8323,0x0100
8324,0x0100
8325,0x0100
8326,0x0100
8327,0x0100
8328,0x0100
8329,0x0100
8330,0x0100
8331,0x0100
8332,0x0100
8333,0x0100
8334,0x0100
8335,0x0100
8336,0x0100
8337,0x0100
8338,0x0100
8339,0x0100
8340,0x0100
8341,0x0100
8342,0x0100
8343,0x0100
8344,0x0100
8345,0x0100
8346,0x0100
8347,0x0100
8348,0x0100
8349,0x0100
8350,0x0100
8351,0x0100
8352,0x0100
8353,0x0100
8354,0x0100
8355,0x0100
8356,0x0100
8357,0x0100
8358,0x0100
8359,0x0100
8360,0x0100
8361,0x0100
8362,0x0100
8363,0x0100
8364,0x0100
8365,0x0100
8366,0x0100
8367,0x0100
8368,0x0100
8369,0x0100
8370,0x0100
8371,0x0100
8372,0x0100
8373,0x0100
8374,0x0100
8375,0x0100
8376,0x0100
8377,0x0100
8378,0x0100
8379,0x0100
8380,0x0100
8381,0x0100
8382,0x0100
8383,0x0100
8384,0x0100
8385,0x0100
8386,0x0100
8387,0x0100
8388,0x0100
8389,0x0100
8390,0x0100
8391,0x0100
8392,0x0100
8393,0x0100
8394,0x0100
8395,0x0100
8396,0x0100
8397,0x0100
8398,0x0100
8399,0x0100
8400,0x0100
8401,0x0100
8402,0x0100
8403,0x0100
8404,0x0100
8405,0x0100
8406,0x0100
8407,0x0100
8408,0x0100
8409,0x0100
8410,0x0100
8411,0x0100
8412,0x0100
8413,0x0100
8414,0x0100
8415,0x0100
8416,0x0100
8417,0x0100
8418,0x0100
8419,0x0100
8420,0x0100
8421,0x0100
8422,0x0100
8423,0x0100
8424,0x0100
8425,0x0100
8426,0x0100
8427,0x0100
8428,0x0100
8429,0x0100
8430,0x0100
8431,0x0100
8432,0x0100
8433,0x0100
8434,0x0100
8435,0x0100
8436,0x0100
8437,0x0100
8438,0x0100
8439,0x0100
8440,0x0100
8441,0x0100
8442,0x0100
8443,0x0100
8444,0x0100
8445,0x0100
8446,0x0100
8447,0x0100
8448,0x0100
8449,0x0100
8450,0x0100
8451,0x0100
8452,0x0100
8453,0x0100
8454,0x0100
8455,0x0100
8456,0x0100
8457,0x0100
8458,0x0100
8459,0x0100
8460,0x0100
8461,0x0100
8462,0x0100
8463,0x0100
8464,0x0100
8465,0x0100
8466,0x0100
8467,0x0100
8468,0x0100
8469,0x0100
8470,0x0100
8471,0x0100
8472,0x0100
8473,0x0100
8474,0x0100
8475,0x0100
8476,0x0100
8477,0x0100
8478,0x0100
8479,0x0100
8480,0x0100
8481,0x0100
8482,0x0100
8483,0x0100
8484,0x0100
8485,0x0100
8486,0x0100
8487,0x0100
8488,0x0100
8489,0x0100
8490,0x0100
8491,0x0100
8492,0x0100
8493,0x0100
8494,0x0100
8495,0x0100
8496,0x0100
8497,0x0100
8498,0x0100
8499,0x0100
8500,0x0100
8501,0x0100
8502,0x0100
8503,0x0100
8504,0x0100
8505,0x0100
8506,0x0100
8507,0x0100
8508,0x0100
8509,0x0100
8510,0x0100
8511,0x0100
8512,0x0100
8513,0x0100
8514,0x0100
8515,0x0100
8516,0x0100
8517,0x0100
8518,0x0100
8519,0x0100
8520,0x0100
8521,0x0100
8522,0x0100
8523,0x0100
8524,0x0100
8525,0x0100
8526,0x0100
8527,0x0100
8528,0x0100
8529,0x0100
8530,0x0100
8531,0x0100
8532,0x0100
8533,0x0100
8534,0x0100
8535,0x0100
8536,0x0100
8537,0x0100
8538,0x0100
8539,0x0100
8540,0x0100
8541,0x0100
8542,0x0100
8543,0x0100
8544,0x0100
8545,0x0100
8546,0x0100
8547,0x0100
8548,0x0100
8549,0x0100
8550,0x0100
8551,0x0100
8552,0x0100
8553,0x0100
8554,0x0100
8555,0x0100
8556,0x0100
8557,0x0100
8558,0x0100
8559,0x0100
8560,0x0100
8561,0x0100
8562,0x0100
8563,0x0100
8564,0x0100
8565,0x0100
8566,0x0100
8567,0x0100
8568,0x0100
8569,0x0100
8570,0x0100
8571,0x0100
8572,0x0100
8573,0x0100
8574,0x0100
8575,0x0100
8576,0x0100
8577,0x0100
8578,0x0100
8579,0x0100
8580,0x0100
8581,0x0100
8582,0x0100
8583,0x0100
8584,0x0100
8585,0x0100
8586,0x0100
8587,0x0100
8588,0x0100
8589,0x0100
8590,0x0100
8591,0x0100
8592,0x0100
8593,0x0100
8594,0x0100
8595,0x0100
8596,0x0100
8597,0x0100
8598,0x0100
8599,0x0100
8600,0x0100
8601,0x0100
8602,0x0100
8603,0x0100
8604,0x0100
8605,0x0100
8606,0x0100
8607,0x0100
8608,0x0100
8609,0x0100
8610,0x0100
8611,0x0100
8612,0x0100
8613,0x0100
8614,0x0100
8615,0x0100
8616,0x0100
8617,0x0100
8618,0x0100
8619,0x0100
8620,0x0100
8621,0x0100
8622,0x0100
8623,0x0100
8624,0x0100
8625,0x0100
8626,0x0100
8627,0x0100
8628,0x0100
8629,0x0100
8630,0x0100
8631,0x0100
8632,0x0100
8633,0x0100
8634,0x0100
8635,0x0100
8636,0x0100
8637,0x0100
8638,0x0100
8639,0x0100
8640,0x0100
8641,0x0100
8642,0x0100
8643,0x0100
8644,0x0100
8645,0x0100
8646,0x0100
8647,0x0100
8648,0x0100
8649,0x0100
8650,0x0100
8651,0x0100
8652,0x0100
8653,0x0100
8654,0x0100
8655,0x0100
8656,0x0100
8657,0x0100
8658,0x0100
8659,0x0100
8660,0x0100
8661,0x0100
8662,0x0100
8663,0x0100
8664,0x0100
8665,0x0100
8666,0x0100
8667,0x0100
8668,0x0100
8669,0x0100
8670,0x0100
8671,0x0100
8672,0x0100
8673,0x0100
8674,0x0100
8675,0x0100
8676,0x0100
8677,0x0100
8678,0x0100
8679,0x0100
8680,0x0100
8681,0x0100
8682,0x0100
8683,0x0100
8684,0x0100
8685,0x0100
8686,0x0100
8687,0x0100
8688,0x0100
8689,0x0100
8690,0x0100
8691,0x0100
8692,0x0100
8693,0x0100
8694,0x0100
8695,0x0100
8696,0x0100
8697,0x0100
8698,0x0100
8699,0x0100
8700,0x0100
8701,0x0100
8702,0x0100
8703,0x0100
8704,0x0100
8705,0x0100
8706,0x0100
8707,0x0100
8708,0x0100
8709,0x0100
8710,0x0100
8711,0x0100
8712,0x0100
8713,0x0100
8714,0x0100
8715,0x0100
8716,0x0100
8717,0x0100
8718,0x0100
8719,0x0100
8720,0x0100
8721,0x0100
8722,0x0100
8723,0x0100
8724,0x0100
8725,0x0100
8726,0x0100
8727,0x0100
8728,0x0100
8729,0x0100
8730,0x0100
8731,0x0100
8732,0x0100
8733,0x0100
8734,0x0100
8735,0x0100
8736,0x0100
8737,0x0100
8738,0x0100
8739,0x0100
8740,0x0100
8741,0x0100
8742,0x0100
8743,0x0100
8744,0x0100
8745,0x0100
8746,0x0100
8747,0x0100
8748,0x0100
8749,0x0100
8750,0x0100
8751,0x0100
8752,0x0100
8753,0x0100
8754,0x0100
8755,0x0100
8756,0x0100
8757,0x0100
8758,0x0100
8759,0x0100
8760,0x0100
8761,0x0100
8762,0x0100
8763,0x0100
8764,0x0100
8765,0x0100
8766,0x0100
8767,0x0100
8768,0x0100
8769,0x0100
8770,0x0100
8771,0x0100
8772,0x0100
8773,0x0100
8774,0x0100
8775,0x0100
8776,0x0100
8777,0x0100
8778,0x0100
8779,0x0100
8780,0x0100
8781,0x0100
8782,0x0100
8783,0x0100
8784,0x0100
8785,0x0100
8786,0x0100
8787,0x0100
8788,0x0100
8789,0x0100
8790,0x0100
8791,0x0100
8792,0x0100
8793,0x0100
8794,0x0100
8795,0x0100
8796,0x0100
8797,0x0100
8798,0x0100
8799,0x0100
8800,0x0100
8801,0x0100
8802,0x0100
8803,0x0100
8804,0x0100
8805,0x0100
8806,0x0100
8807,0x0100
8808,0x0100
8809,0x0100
8810,0x0100
8811,0x0100
8812,0x0100
8813,0x0100
8814,0x0100
8815,0x0100
8816,0x0100
8817,0x0100
8818,0x0100
8819,0x0100
8820,0x0100
8821,0x0100
8822,0x0100
8823,0x0100
8824,0x0100
8825,0x0100
8826,0x0100
8827,0x0100
8828,0x0100
8829,0x0100
8830,0x0100
8831,0x0100
8832,0x0100
8833,0x0100
8834,0x0100
8835,0x0100
8836,0x0100
8837,0x0100
8838,0x0100
8839,0x0100
8840,0x0100
8841,0x0100
8842,0x0100
8843,0x0100
8844,0x0100
8845,0x0100
8846,0x0100
8847,0x0100
8848,0x0100
8849,0x0100
8850,0x0100
8851,0x0100
8852,0x0100
8853,0x0100
8854,0x0100
8855,0x0100
8856,0x0100
8857,0x0100
8858,0x0100
8859,0x0100
8860,0x0100
8861,0x0100
8862,0x0100
8863,0x0100
8864,0x0100
8865,0x0100
8866,0x0100
8867,0x0100
8868,0x0100
8869,0x0100
8870,0x0100
8871,0x0100
8872,0x0100
8873,0x0100
8874,0x0100
8875,0x0100
8876,0x0100
8877,0x0100
8878,0x0100
8879,0x0100
8880,0x0100
8881,0x0100
8882,0x0100
8883,0x0100
8884,0x0100
8885,0x0100
8886,0x0100
8887,0x0100
8888,0x0100
8889,0x0100
8890,0x0100
8891,0x0100
8892,0x0100
8893,0x0100
8894,0x0100
8895,0x0100
8896,0x0100
8897,0x0100
8898,0x0100
8899,0x0100
8900,0x0100
8901,0x0100
8902,0x0100
8903,0x0100
8904,0x0100
8905,0x0100
8906,0x0100
8907,0x0100
8908,0x0100
8909,0x0100
8910,0x0100
8911,0x0100
8912,0x0100
8913,0x0100
8914,0x0100
8915,0x0100
8916,0x0100
8917,0x0100
8918,0x0100
8919,0x0100
8920,0x0100
8921,0x0100
8922,0x0100
8923,0x0100
8924,0x0100
8925,0x0100
8926,0x0100
8927,0x0100
8928,0x0100
8929,0x0100
8930,0x0100
8931,0x0100
8932,0x0100
8933,0x0100
8934,0x0100
8935,0x0100
8936,0x0100
8937,0x0100
8938,0x0100
8939,0x0100
8940,0x0100
8941,0x0100
8942,0x0100
8943,0x0100
8944,0x0100
8945,0x0100
8946,0x0100
8947,0x0100
8948,0x0100
8949,0x0100
8950,0x0100
8951,0x0100
8952,0x0100
8953,0x0100
8954,0x0100
8955,0x0100
8956,0x0100
8957,0x0100
8958,0x0100
8959,0x0100
8960,0x0100
8961,0x0100
8962,0x0100
8963,0x0100
8964,0x0100
8965,0x0100
8966,0x0100
8967,0x0100
8968,0x0100
8969,0x0100
8970,0x0100
8971,0x0100
8972,0x0100
8973,0x0100
8974,0x0100
8975,0x0100
8976,0x0100
8977,0x0100
8978,0x0100
8979,0x0100
8980,0x0100
8981,0x0100
8982,0x0100
8983,0x0100
8984,0x0100
8985,0x0100
8986,0x0100
8987,0x0100
8988,0x0100
8989,0x0100
8990,0x0100
8991,0x0100
8992,0x0100
8993,0x0100
8994,0x0100
8995,0x0100
8996,0x0100
8997,0x0100
8998,0x0100
8999,0x0100
9000,0x0100
9001,0x0100
9002,0x0100
9003,0x0100
9004,0x0100
9005,0x0100
9006,0x0100
9007,0x0100
9008,0x0100
9009,0x0100
9010,0x0100
9011,0x0100
9012,0x0100
9013,0x0100
9014,0x0100
9015,0x0100
9016,0x0100
9017,0x0100
9018,0x0100
9019,0x0100
9020,0x0100
9021,0x0100
9022,0x0100
9023,0x0100
9024,0x0100
9025,0x0100
9026,0x0100
9027,0x0100
9028,0x0100
9029,0x0100
9030,0x0100
9031,0x0100
9032,0x0100
9033,0x0100
9034,0x0100
9035,0x0100
9036,0x0100
9037,0x0100
9038,0x0100
9039,0x0100
9040,0x0100
9041,0x0100
9042,0x0100
9043,0x0100
9044,0x0100
9045,0x0100
9046,0x0100
9047,0x0100
9048,0x0100
9049,0x0100
9050,0x0100
9051,0x0100
9052,0x0100
9053,0x0100
9054,0x0100
9055,0x0100
9056,0x0100
9057,0x0100
9058,0x0100
9059,0x0100
9060,0x0100
9061,0x0100
9062,0x0100
9063,0x0100
9064,0x0100
9065,0x0100
9066,0x0100
9067,0x0100
9068,0x0100
9069,0x0100
9070,0x0100
9071,0x0100
9072,0x0100
9073,0x0100
9074,0x0100
9075,0x0100
9076,0x0100
9077,0x0100
9078,0x0100
9079,0x0100
9080,0x0100
9081,0x0100
9082,0x0100
9083,0x0100
9084,0x0100
9085,0x0100
9086,0x0100
9087,0x0100
9088,0x0100
9089,0x0100
9090,0x0100
9091,0x0100
9092,0x0100
9093,0x0100
9094,0x0100
9095,0x0100
9096,0x0100
9097,0x0100
9098,0x0100
9099,0x0100
9100,0x0100
9101,0x0100
9102,0x0100
9103,0x0100
9104,0x0100
9105,0x0100
9106,0x0100
9107,0x0100
9108,0x0100
9109,0x0100
9110,0x0100
9111,0x0100
9112,0x0100
9113,0x0100
9114,0x0100
9115,0x0100
9116,0x0100
9117,0x0100
9118,0x0100
9119,0x0100
9120,0x0100
9121,0x0100
9122,0x0100
9123,0x0100
9124,0x0100
9125,0x0100
9126,0x0100
9127,0x0100
9128,0x0100
9129,0x0100
9130,0x0100
9131,0x0100
9132,0x0100
9133,0x0100
9134,0x0100
9135,0x0100
9136,0x0100
9137,0x0100
9138,0x0100
9139,0x0100
9140,0x0100
9141,0x0100
9142,0x0100
9143,0x0100
9144,0x0100
9145,0x0100
9146,0x0100
9147,0x0100
9148,0x0100
9149,0x0100
9150,0x0100
9151,0x0100
9152,0x0100
9153,0x0100
9154,0x0100
9155,0x0100
9156,0x0100
9157,0x0100
9158,0x0100
9159,0x0100
9160,0x0100
9161,0x0100
9162,0x0100
9163,0x0100
9164,0x0100
9165,0x0100
9166,0x0100
9167,0x0100
9168,0x0100
9169,0x0100
9170,0x0100
9171,0x0100
9172,0x0100
9173,0x0100
9174,0x0100
9175,0x0100
9176,0x0100
9177,0x0100
9178,0x0100
9179,0x0100
9180,0x0100
9181,0x0100
9182,0x0100
9183,0x0100
9184,0x0100
9185,0x0100
9186,0x0100
9187,0x0100
9188,0x0100
9189,0x0100
9190,0x0100
9191,0x0100
9192,0x0100
9193,0x0100
9194,0x0100
9195,0x0100
9196,0x0100
9197,0x0100
9198,0x0100
9199,0x0100
9200,0x0100
9201,0x0100
9202,0x0100
9203,0x0100
9204,0x0100
9205,0x0100
9206,0x0100
9207,0x0100
9208,0x0100
9209,0x0100
9210,0x0100
9211,0x0100
9212,0x0100
9213,0x0100
9214,0x0100
9215,0x0100
9216,0x0100
9217,0x0100
9218,0x0100
9219,0x0100
9220,0x0100
9221,0x0100
9222,0x0100
9223,0x0100
9224,0x0100
9225,0x0100
9226,0x0100
9227,0x0100
9228,0x0100
9229,0x0100
9230,0x0100
9231,0x0100
9232,0x0100
9233,0x0100
9234,0x0100
9235,0x0100
9236,0x0100
9237,0x0100
9238,0x0100
9239,0x0100
9240,0x0100
9241,0x0100
9242,0x0100
9243,0x0100
9244,0x0100
9245,0x0100
9246,0x0100
9247,0x0100
9248,0x0100
9249,0x0100
9250,0x0100
9251,0x0100
9252,0x0100
9253,0x0100
9254,0x0100
9255,0x0100
9256,0x0100
9257,0x0100
9258,0x0100
9259,0x0100
9260,0x0100
9261,0x0100
9262,0x0100
9263,0x0100
9264,0x0100
9265,0x0100
9266,0x0100
9267,0x0100
9268,0x0100
9269,0x0100
9270,0x0100
9271,0x0100
9272,0x0100
9273,0x0100
9274,0x0100
9275,0x0100
9276,0x0100
9277,0x0100
9278,0x0100
9279,0x0100
9280,0x0100
9281,0x0100
9282,0x0100
9283,0x0100
9284,0x0100
9285,0x0100
9286,0x0100
9287,0x0100
9288,0x0100
9289,0x0100
9290,0x0100
9291,0x0100
9292,0x0100
9293,0x0100
9294,0x0100
9295,0x0100
9296,0x0100
9297,0x0100
9298,0x0100
9299,0x0100
9300,0x0100
9301,0x0100
9302,0x0100
9303,0x0100
9304,0x0100
9305,0x0100
9306,0x0100
9307,0x0100
9308,0x0100
9309,0x0100
9310,0x0100
9311,0x0100
9312,0x0100
9313,0x0100
9314,0x0100
9315,0x0100
9316,0x0100
9317,0x0100
9318,0x0100
9319,0x0100
9320,0x0100
9321,0x0100
9322,0x0100
9323,0x0100
9324,0x0100
9325,0x0100
9326,0x0100
9327,0x0100
9328,0x0100
9329,0x0100
9330,0x0100
9331,0x0100
9332,0x0100
9333,0x0100
9334,0x0100
9335,0x0100
9336,0x0100
9337,0x0100
9338,0x0100
9339,0x0100
9340,0x0100
9341,0x0100
9342,0x0100
9343,0x0100
9344,0x0100
9345,0x0100
9346,0x0100
9347,0x0100
9348,0x0100
9349,0x0100
9350,0x0100
9351,0x0100
9352,0x0100
9353,0x0100
9354,0x0100
9355,0x0100
9356,0x0100
9357,0x0100
9358,0x0100
9359,0x0100
9360,0x0100
9361,0x0100
9362,0x0100
9363,0x0100
9364,0x0100
9365,0x0100
9366,0x0100
9367,0x0100
9368,0x0100
9369,0x0100
9370,0x0100
9371,0x0100
9372,0x0100
9373,0x0100
9374,0x0100
9375,0x0100
9376,0x0100
9377,0x0100
9378,0x0100
9379,0x0100
9380,0x0100
9381,0x0100
9382,0x0100
9383,0x0100
9384,0x0100
9385,0x0100
9386,0x0100
9387,0x0100
9388,0x0100
9389,0x0100
9390,0x0100
9391,0x0100
9392,0x0100
9393,0x0100
9394,0x0100
9395,0x0100
9396,0x0100
9397,0x0100
9398,0x0100
9399,0x0100
9400,0x0100
9401,0x0100
9402,0x0100
9403,0x0100
9404,0x0100
9405,0x0100
9406,0x0100
9407,0x0100
9408,0x0100
9409,0x0100
9410,0x0100
9411,0x0100
9412,0x0100
9413,0x0100
9414,0x0100
9415,0x0100
9416,0x0100
9417,0x0100
9418,0x0100
9419,0x0100
9420,0x0100
9421,0x0100
9422,0x0100
9423,0x0100
9424,0x0100
9425,0x0100
9426,0x0100
9427,0x0100
9428,0x0100
9429,0x0100
9430,0x0100
9431,0x0100
9432,0x0100
9433,0x0100
9434,0x0100
9435,0x0100
9436,0x0100
9437,0x0100
9438,0x0100
9439,0x0100
9440,0x0100
9441,0x0100
9442,0x0100
9443,0x0100
9444,0x0100
9445,0x0100
9446,0x0100
9447,0x0100
9448,0x0100
9449,0x0100
9450,0x0100
9451,0x0100
9452,0x0100
9453,0x0100
9454,0x0100
9455,0x0100
9456,0x0100
9457,0x0100
9458,0x0100
9459,0x0100
9460,0x0100
9461,0x0100
9462,0x0100
9463,0x0100
9464,0x0100
9465,0x0100
9466,0x0100
9467,0x0100
9468,0x0100
9469,0x0100
9470,0x0100
9471,0x0100
9472,0x0100
9473,0x0100
9474,0x0100
9475,0x0100
9476,0x0100
9477,0x0100
9478,0x0100
9479,0x0100
9480,0x0100
9481,0x0100
9482,0x0100
9483,0x0100
9484,0x0100
9485,0x0100
9486,0x0100
9487,0x0100
9488,0x0100
9489,0x0100
9490,0x0100
9491,0x0100
9492,0x0100
9493,0x0100
9494,0x0100
9495,0x0100
9496,0x0100
9497,0x0100
9498,0x0100
9499,0x0100
9500,0x0100
9501,0x0100
9502,0x0100
9503,0x0100
9504,0x0100
9505,0x0100
9506,0x0100
9507,0x0100
9508,0x0100
9509,0x0100
9510,0x0100
9511,0x0100
9512,0x0100
9513,0x0100
9514,0x0100
9515,0x0100
9516,0x0100
9517,0x0100
9518,0x0100
9519,0x0100
9520,0x0100
9521,0x0100
9522,0x0100
9523,0x0100
9524,0x0100
9525,0x0100
9526,0x0100
9527,0x0100
9528,0x0100
9529,0x0100
9530,0x0100
9531,0x0100
9532,0x0100
9533,0x0100
9534,0x0100
9535,0x0100
9536,0x0100
9537,0x0100
9538,0x0100
9539,0x0100
9540,0x0100
9541,0x0100
9542,0x0100
9543,0x0100
9544,0x0100
9545,0x0100
9546,0x0100
9547,0x0100
9548,0x0100
9549,0x0100
9550,0x0100
9551,0x0100
9552,0x0100
9553,0x0100
9554,0x0100
9555,0x0100
9556,0x0100
9557,0x0100
9558,0x0100
9559,0x0100
9560,0x0100
9561,0x0100
9562,0x0100
9563,0x0100
9564,0x0100
9565,0x0100
9566,0x0100
9567,0x0100
9568,0x0100
9569,0x0100
9570,0x0100
9571,0x0100
9572,0x0100
9573,0x0100
9574,0x0100
9575,0x0100
9576,0x0100
9577,0x0100
9578,0x0100
9579,0x0100
9580,0x0100
9581,0x0100
9582,0x0100
9583,0x0100
9584,0x0100
9585,0x0100
9586,0x0100
9587,0x0100
9588,0x0100
9589,0x0100
9590,0x0100
9591,0x0100
9592,0x0100
9593,0x0100
9594,0x0100
9595,0x0100
9596,0x0100
9597,0x0100
9598,0x0100
9599,0x0100
9600,0x0100
9601,0x0100
9602,0x0100
9603,0x0100
9604,0x0100
9605,0x0100
9606,0x0100
9607,0x0100
9608,0x0100
9609,0x0100
9610,0x0100
9611,0x0100
9612,0x0100
9613,0x0100
9614,0x0100
9615,0x0100
9616,0x0100
9617,0x0100
9618,0x0100
9619,0x0100
9620,0x0100
9621,0x0100
9622,0x0100
9623,0x0100
9624,0x0100
9625,0x0100
9626,0x0100
9627,0x0100
9628,0x0100
9629,0x0100
9630,0x0100
9631,0x0100
9632,0x0100
9633,0x0100
9634,0x0100
9635,0x0100
9636,0x0100
9637,0x0100
9638,0x0100
9639,0x0100
9640,0x0100
9641,0x0100
9642,0x0100
9643,0x0100
9644,0x0100
9645,0x0100
9646,0x0100
9647,0x0100
9648,0x0100
9649,0x0100
9650,0x0100
9651,0x0100
9652,0x0100
9653,0x0100
9654,0x0100
9655,0x0100
9656,0x0100
9657,0x0100
9658,0x0100
9659,0x0100
9660,0x0100
9661,0x0100
9662,0x0100
9663,0x0100
9664,0x0100
9665,0x0100
9666,0x0100
9667,0x0100
9668,0x0100
9669,0x0100
9670,0x0100
9671,0x0100
9672,0x0100
9673,0x0100
9674,0x0100
9675,0x0100
9676,0x0100
9677,0x0100
9678,0x0100
9679,0x0100
9680,0x0100
9681,0x0100
9682,0x0100
9683,0x0100
9684,0x0100
9685,0x0100
9686,0x0100
9687,0x0100
9688,0x0100
9689,0x0100
9690,0x0100
9691,0x0100
9692,0x0100
9693,0x0100
9694,0x0100
9695,0x0100
9696,0x0100
9697,0x0100
9698,0x0100
9699,0x0100
9700,0x0100
9701,0x0100
9702,0x0100
9703,0x0100
9704,0x0100
9705,0x0100
9706,0x0100
9707,0x0100
9708,0x0100
9709,0x0100
9710,0x0100
9711,0x0100
9712,0x0100
9713,0x0100
9714,0x0100
9715,0x0100
9716,0x0100
9717,0x0100
9718,0x0100
9719,0x0100
9720,0x0100
9721,0x0100
9722,0x0100
9723,0x0100
9724,0x0100
9725,0x0100
9726,0x0100
9727,0x0100
9728,0x0100
9729,0x0100
9730,0x0100
9731,0x0100
9732,0x0100
9733,0x0100
9734,0x0100
9735,0x0100
9736,0x0100
9737,0x0100
9738,0x0100
9739,0x0100
9740,0x0100
9741,0x0100
9742,0x0100
9743,0x0100
9744,0x0100
9745,0x0100
9746,0x0100
9747,0x0100
9748,0x0100
9749,0x0100
9750,0x0100
9751,0x0100
9752,0x0100
9753,0x0100
9754,0x0100
9755,0x0100
9756,0x0100
9757,0x0100
9758,0x0100
9759,0x0100
9760,0x0100
9761,0x0100
9762,0x0100
9763,0x0100
9764,0x0100
9765,0x0100
9766,0x0100
9767,0x0100
9768,0x0100
9769,0x0100
9770,0x0100
9771,0x0100
9772,0x0100
9773,0x0100
9774,0x0100
9775,0x0100
9776,0x0100
9777,0x0100
9778,0x0100
9779,0x0100
9780,0x0100
9781,0x0100
9782,0x0100
9783,0x0100
9784,0x0100
9785,0x0100
9786,0x0100
9787,0x0100
9788,0x0100
9789,0x0100
9790,0x0100
9791,0x0100
9792,0x0100
9793,0x0100
9794,0x0100
9795,0x0100
9796,0x0100
9797,0x0100
9798,0x0100
9799,0x0100
9800,0x0100
9801,0x0100
9802,0x0100
9803,0x0100
9804,0x0100
9805,0x0100
9806,0x0100
9807,0x0100
9808,0x0100
9809,0x0100
9810,0x0100
9811,0x0100
9812,0x0100
9813,0x0100
9814,0x0100
9815,0x0100
9816,0x0100
9817,0x0100
9818,0x0100
9819,0x0100
9820,0x0100
9821,0x0100
9822,0x0100
9823,0x0100
9824,0x0100
9825,0x0100
9826,0x0100
9827,0x0100
9828,0x0100
9829,0x0100
9830,0x0100
9831,0x0100
9832,0x0100
9833,0x0100
9834,0x0100
9835,0x0100
9836,0x0100
9837,0x0100
9838,0x0100
9839,0x0100
9840,0x0100
9841,0x0100
9842,0x0100
9843,0x0100
9844,0x0100
9845,0x0100
9846,0x0100
9847,0x0100
9848,0x0100
9849,0x0100
9850,0x0100
9851,0x0100
9852,0x0100
9853,0x0100
9854,0x0100
9855,0x0100
9856,0x0100
9857,0x0100
9858,0x0100
9859,0x0100
9860,0x0100
9861,0x0100
9862,0x0100
9863,0x0100
9864,0x0100
9865,0x0100
9866,0x0100
9867,0x0100
9868,0x0100
9869,0x0100
9870,0x0100
9871,0x0100
9872,0x0100
9873,0x0100
9874,0x0100
9875,0x0100
9876,0x0100
9877,0x0100
9878,0x0100
9879,0x0100
9880,0x0100
9881,0x0100
9882,0x0100
9883,0x0100
9884,0x0100
9885,0x0100
9886,0x0100
9887,0x0100
9888,0x0100
9889,0x0100
9890,0x0100
9891,0x0100
9892,0x0100
9893,0x0100
9894,0x0100
9895,0x0100
9896,0x0100
9897,0x0100
9898,0x0100
9899,0x0100
9900,0x0100
9901,0x0100
9902,0x0100
9903,0x0100
9904,0x0100
9905,0x0100
9906,0x0100
9907,0x0100
9908,0x0100
9909,0x0100
9910,0x0100
9911,0x0100
9912,0x0100
9913,0x0100
9914,0x0100
9915,0x0100
9916,0x0100
9917,0x0100
9918,0x0100
9919,0x0100
9920,0x0100
9921,0x0100
9922,0x0100
9923,0x0100
9924,0x0100
9925,0x0100
9926,0x0100
9927,0x0100
9928,0x0100
9929,0x0100
9930,0x0100
9931,0x0100
9932,0x0100
9933,0x0100
9934,0x0100
9935,0x0100
9936,0x0100
9937,0x0100
9938,0x0100
9939,0x0100
9940,0x0100
9941,0x0100
9942,0x0100
9943,0x0100
9944,0x0100
9945,0x0100
9946,0x0100
9947,0x0100
9948,0x0100
9949,0x0100
9950,0x0100
9951,0x0100
9952,0x0100
9953,0x0100
9954,0x0100
9955,0x0100
9956,0x0100
9957,0x0100
9958,0x0100
9959,0x0100
9960,0x0100
9961,0x0100
9962,0x0100
9963,0x0100
9964,0x0100
9965,0x0100
9966,0x0100
9967,0x0100
9968,0x0100
9969,0x0100
9970,0x0100
9971,0x0100
9972,0x0100
9973,0x0100
9974,0x0100
9975,0x0100
9976,0x0100
9977,0x0100
9978,0x0100
9979,0x0100
9980,0x0100
9981,0x0100
9982,0x0100
9983,0x0100
9984,0x0100
9985,0x0100
9986,0x0100
9987,0x0100
9988,0x0100
9989,0x0100
9990,0x0100
9991,0x0100
9992,0x0100
9993,0x0100
9994,0x0100
9995,0x0100
9996,0x0100
9997,0x0100
9998,0x0100
9999,0x0100
10000,0x0100
10001,0x0100
10002,0x0100
10003,0x0100
10004,0x0100
10005,0x0100
10006,0x0100
10007,0x0100
10008,0x0100
10009,0x0100
10010,0x0100
10011,0x0100
10012,0x0100
10013,0x0100
10014,0x0100
10015,0x0100
10016,0x0100
10017,0x0100
10018,0x0100
10019,0x0100
10020,0x0100
10021,0x0100
10022,0x0100
10023,0x0100
10024,0x0100
10025,0x0100
10026,0x0100
10027,0x0100
10028,0x0100
10029,0x0100
10030,0x0100
10031,0x0100
10032,0x0100
10033,0x0100
10034,0x0100
10035,0x0100
10036,0x0100
10037,0x0100
10038,0x0100
10039,0x0100
10040,0x0100
10041,0x0100
10042,0x0100
10043,0x0100
10044,0x0100
10045,0x0100
10046,0x0100
10047,0x0100
10048,0x0100
10049,0x0100
10050,0x0100
10051,0x0100
10052,0x0100
10053,0x0100
10054,0x0100
10055,0x0100
10056,0x0100
10057,0x0100
10058,0x0100
10059,0x0100
10060,0x0100
10061,0x0100
10062,0x0100
10063,0x0100
10064,0x0100
10065,0x0100
10066,0x0100
10067,0x0100
10068,0x0100
10069,0x0100
10070,0x0100
10071,0x0100
10072,0x0100
10073,0x0100
10074,0x0100
10075,0x0100
10076,0x0100
10077,0x0100
10078,0x0100
10079,0x0100
10080,0x0100
10081,0x0100
10082,0x0100
10083,0x0100
10084,0x0100
10085,0x0100
10086,0x0100
10087,0x0100
10088,0x0100
10089,0x0100
10090,0x0100
10091,0x0100
10092,0x0100
10093,0x0100
10094,0x0100
10095,0x0100
10096,0x0100
10097,0x0100
10098,0x0100
10099,0x0100
10100,0x0100
10101,0x0100
10102,0x0100
10103,0x0100
10104,0x0100
10105,0x0100
10106,0x0100
10107,0x0100
10108,0x0100
10109,0x0100
10110,0x0100
10111,0x0100
10112,0x0100
10113,0x0100
10114,0x0100
10115,0x0100
10116,0x0100
10117,0x0100
10118,0x0100
10119,0x0100
10120,0x0100
10121,0x0100
10122,0x0100
10123,0x0100
10124,0x0100
10125,0x0100
10126,0x0100
10127,0x0100
10128,0x0100
10129,0x0100
10130,0x0100
10131,0x0100
10132,0x0100
10133,0x0100
10134,0x0100
10135,0x0100
10136,0x0100
10137,0x0100
10138,0x0100
10139,0x0100
10140,0x0100
10141,0x0100
10142,0x0100
10143,0x0100
10144,0x0100
10145,0x0100
10146,0x0100
10147,0x0100
10148,0x0100
10149,0x0100
10150,0x0100
10151,0x0100
10152,0x0100
10153,0x0100
10154,0x0100
10155,0x0100
10156,0x0100
10157,0x0100
10158,0x0100
10159,0x0100
10160,0x0100
10161,0x0100
10162,0x0100
10163,0x0100
10164,0x0100
10165,0x0100
10166,0x0100
10167,0x0100
10168,0x0100
10169,0x0100
10170,0x0100
10171,0x0100
10172,0x0100
10173,0x0100
10174,0x0100
10175,0x0100
10176,0x0100
10177,0x0100
10178,0x0100
10179,0x0100
10180,0x0100
10181,0x0100
10182,0x0100
10183,0x0100
10184,0x0100
10185,0x0100
10186,0x0100
10187,0x0100
10188,0x0100
10189,0x0100
10190,0x0100
10191,0x0100
10192,0x0100
10193,0x0100
10194,0x0100
10195,0x0100
10196,0x0100
10197,0x0100
10198,0x0100
10199,0x0100
10200,0x0100
10201,0x0100
10202,0x0100
10203,0x0100
10204,0x0100
10205,0x0100
10206,0x0100
10207,0x0100
10208,0x0100
10209,0x0100
10210,0x0100
10211,0x0100
10212,0x0100
10213,0x0100
10214,0x0100
10215,0x0100
10216,0x0100
10217,0x0100
10218,0x0100
10219,0x0100
10220,0x0100
10221,0x0100
10222,0x0100
10223,0x0100
10224,0x0100
10225,0x0100
10226,0x0100
10227,0x0100
10228,0x0100
10229,0x0100
10230,0x0100
10231,0x0100
10232,0x0100
10233,0x0100
10234,0x0100
10235,0x0100
10236,0x0100
10237,0x0100
10238,0x0100
10239,0x0100
10240,0x0100
10241,0x0100
10242,0x0100
10243,0x0100
10244,0x0100
10245,0x0100
10246,0x0100
10247,0x0100
10248,0x0100
10249,0x0100
10250,0x0100
10251,0x0100
10252,0x0100
10253,0x0100
10254,0x0100
10255,0x0100
10256,0x0100
10257,0x0100
10258,0x0100
10259,0x0100
10260,0x0100
10261,0x0100
10262,0x0100
10263,0x0100
10264,0x0100
10265,0x0100
10266,0x0100
10267,0x0100
10268,0x0100
10269,0x0100
10270,0x0100
10271,0x0100
10272,0x0100
10273,0x0100
10274,0x0100
10275,0x0100
10276,0x0100
10277,0x0100
10278,0x0100
10279,0x0100
10280,0x0100
10281,0x0100
10282,0x0100
10283,0x0100
10284,0x0100
10285,0x0100
10286,0x0100
10287,0x0100
10288,0x0100
10289,0x0100
10290,0x0100
10291,0x0100
10292,0x0100
10293,0x0100
10294,0x0100
10295,0x0100
10296,0x0100
10297,0x0100
10298,0x0100
10299,0x0100
10300,0x0100
10301,0x0100
10302,0x0100
10303,0x0100
10304,0x0100
10305,0x0100
10306,0x0100
10307,0x0100
10308,0x0100
10309,0x0100
10310,0x0100
10311,0x0100
10312,0x0100
10313,0x0100
10314,0x0100
10315,0x0100
10316,0x0100
10317,0x0100
10318,0x0100
10319,0x0100
10320,0x0100
10321,0x0100
10322,0x0100
10323,0x0100
10324,0x0100
10325,0x0100
10326,0x0100
10327,0x0100
10328,0x0100
10329,0x0100
10330,0x0100
10331,0x0100
10332,0x0100
10333,0x0100
10334,0x0100
10335,0x0100
10336,0x0100
10337,0x0100
10338,0x0100
10339,0x0100
10340,0x0100
10341,0x0100
10342,0x0100
10343,0x0100
10344,0x0100
10345,0x0100
10346,0x0100
10347,0x0100
10348,0x0100
10349,0x0100
10350,0x0100
10351,0x0100
10352,0x0100
10353,0x0100
10354,0x0100
10355,0x0100
10356,0x0100
10357,0x0100
10358,0x0100
10359,0x0100
10360,0x0100
10361,0x0100
10362,0x0100
10363,0x0100
10364,0x0100
10365,0x0100
10366,0x0100
10367,0x0100
10368,0x0100
10369,0x0100
10370,0x0100
10371,0x0100
10372,0x0100
10373,0x0100
10374,0x0100
10375,0x0100
10376,0x0100
10377,0x0100
10378,0x0100
10379,0x0100
10380,0x0100
10381,0x0100
10382,0x0100
10383,0x0100
10384,0x0100
10385,0x0100
10386,0x0100
10387,0x0100
10388,0x0100
10389,0x0100
10390,0x0100
10391,0x0100
10392,0x0100
10393,0x0100
10394,0x0100
10395,0x0100
10396,0x0100
10397,0x0100
10398,0x0100
10399,0x0100
10400,0x0100
10401,0x0100
10402,0x0100
10403,0x0100
10404,0x0100
10405,0x0100
10406,0x0100
10407,0x0100
10408,0x0100
10409,0x0100
10410,0x0100
10411,0x0100
10412,0x0100
10413,0x0100
10414,0x0100
10415,0x0100
10416,0x0100
10417,0x0100
10418,0x0100
10419,0x0100
10420,0x0100
10421,0x0100
10422,0x0100
10423,0x0100
10424,0x0100
10425,0x0100
10426,0x0100
10427,0x0100
10428,0x0100
10429,0x0100
10430,0x0100
10431,0x0100
10432,0x0100
10433,0x0100
10434,0x0100
10435,0x0100
10436,0x0100
10437,0x0100
10438,0x0100
10439,0x0100
10440,0x0100
10441,0x0100
10442,0x0100
10443,0x0100
10444,0x0100
10445,0x0100
10446,0x0100
10447,0x0100
10448,0x0100
10449,0x0100
10450,0x0100
10451,0x0100
10452,0x0100
10453,0x0100
10454,0x0100
10455,0x0100
10456,0x0100
10457,0x0100
10458,0x0100
10459,0x0100
10460,0x0100
10461,0x0100
10462,0x0100
10463,0x0100
10464,0x0100
10465,0x0100
10466,0x0100
10467,0x0100
10468,0x0100
10469,0x0100
10470,0x0100
10471,0x0100
10472,0x0100
10473,0x0100
10474,0x0100
10475,0x0100
10476,0x0100
10477,0x0100
10478,0x0100
10479,0x0100
10480,0x0100
10481,0x0100
10482,0x0100
10483,0x0100
10484,0x0100
10485,0x0100
10486,0x0100
10487,0x0100
10488,0x0100
10489,0x0100
10490,0x0100
10491,0x0100
10492,0x0100
10493,0x0100
10494,0x0100
10495,0x0100
10496,0x0100
10497,0x0100
10498,0x0100
10499,0x0100
10500,0x0100
10501,0x0100
10502,0x0100
10503,0x0100
10504,0x0100
10505,0x0100
10506,0x0100
10507,0x0100
10508,0x0100
10509,0x0100
10510,0x0100
10511,0x0100
10512,0x0100
10513,0x0100
10514,0x0100
10515,0x0100
10516,0x0100
10517,0x0100
10518,0x0100
10519,0x0100
10520,0x0100
10521,0x0100
10522,0x0100
10523,0x0100
10524,0x0100
10525,0x0100
10526,0x0100
10527,0x0100
10528,0x0100
10529,0x0100
10530,0x0100
10531,0x0100
10532,0x0100
10533,0x0100
10534,0x0100
10535,0x0100
10536,0x0100
10537,0x0100
10538,0x0100
10539,0x0100
10540,0x0100
10541,0x0100
10542,0x0100
10543,0x0100
10544,0x0100
10545,0x0100
10546,0x0100
10547,0x0100
10548,0x0100
10549,0x0100
10550,0x0100
10551,0x0100
10552,0x0100
10553,0x0100
10554,0x0100
10555,0x0100
10556,0x0100
10557,0x0100
10558,0x0100
10559,0x0100
10560,0x0100
10561,0x0100
10562,0x0100
10563,0x0100
10564,0x0100
10565,0x0100
10566,0x0100
10567,0x0100
10568,0x0100
10569,0x0100
10570,0x0100
10571,0x0100
10572,0x0100
10573,0x0100
10574,0x0100
10575,0x0100
10576,0x0100
10577,0x0100
10578,0x0100
10579,0x0100
10580,0x0100
10581,0x0100
10582,0x0100
10583,0x0100
10584,0x0100
10585,0x0100
10586,0x0100
10587,0x0100
10588,0x0100
10589,0x0100
10590,0x0100
10591,0x0100
10592,0x0100
10593,0x0100
10594,0x0100
10595,0x0100
10596,0x0100
10597,0x0100
10598,0x0100
10599,0x0100
10600,0x0100
10601,0x0100
10602,0x0100
10603,0x0100
10604,0x0100
10605,0x0100
10606,0x0100
10607,0x0100
10608,0x0100
10609,0x0100
10610,0x0100
10611,0x0100
10612,0x0100
10613,0x0100
10614,0x0100
10615,0x0100
10616,0x0100
10617,0x0100
10618,0x0100
10619,0x0100
10620,0x0100
10621,0x0100
10622,0x0100
10623,0x0100
10624,0x0100
10625,0x0100
10626,0x0100
10627,0x0100
10628,0x0100
10629,0x0100
10630,0x0100
10631,0x0100
10632,0x0100
10633,0x0100
10634,0x0100
10635,0x0100
10636,0x0100
10637,0x0100
10638,0x0100
10639,0x0100
10640,0x0100
10641,0x0100
10642,0x0100
10643,0x0100
10644,0x0100
10645,0x0100
10646,0x0100
10647,0x0100
10648,0x0100
10649,0x0100
10650,0x0100
10651,0x0100
10652,0x0100
10653,0x0100
10654,0x0100
10655,0x0100
10656,0x0100
10657,0x0100
10658,0x0100
10659,0x0100
10660,0x0100
10661,0x0100
10662,0x0100
10663,0x0100
10664,0x0100
10665,0x0100
10666,0x0100
10667,0x0100
10668,0x0100
10669,0x0100
10670,0x0100
10671,0x0100
10672,0x0100
10673,0x0100
10674,0x0100
10675,0x0100
10676,0x0100
10677,0x0100
10678,0x0100
10679,0x0100
10680,0x0100
10681,0x0100
10682,0x0100
10683,0x0100
10684,0x0100
10685,0x0100
10686,0x0100
10687,0x0100
10688,0x0100
10689,0x0100
10690,0x0100
10691,0x0100
10692,0x0100
10693,0x0100
10694,0x0100
10695,0x0100
10696,0x0100
10697,0x0100
10698,0x0100
10699,0x0100
10700,0x0100
10701,0x0100
10702,0x0100
10703,0x0100
10704,0x0100
10705,0x0100
10706,0x0100
10707,0x0100
10708,0x0100
10709,0x0100
10710,0x0100
10711,0x0100
10712,0x0100
10713,0x0100
10714,0x0100
10715,0x0100
10716,0x0100
10717,0x0100
10718,0x0100
10719,0x0100
10720,0x0100
10721,0x0100
10722,0x0100
10723,0x0100
10724,0x0100
10725,0x0100
10726,0x0100
10727,0x0100
10728,0x0100
10729,0x0100
10730,0x0100
10731,0x0100
10732,0x0100
10733,0x0100
10734,0x0100
10735,0x0100
10736,0x0100
10737,0x0100
10738,0x0100
10739,0x0100
10740,0x0100
10741,0x0100
10742,0x0100
10743,0x0100
10744,0x0100
10745,0x0100
10746,0x0100
10747,0x0100
10748,0x0100
10749,0x0100
10750,0x0100
10751,0x0100
10752,0x0100
10753,0x0100
10754,0x0100
10755,0x0100
10756,0x0100
10757,0x0100
10758,0x0100
10759,0x0100
10760,0x0100
10761,0x0100
10762,0x0100
10763,0x0100
10764,0x0100
10765,0x0100
10766,0x0100
10767,0x0100
10768,0x0100
10769,0x0100
10770,0x0100
10771,0x0100
10772,0x0100
10773,0x0100
10774,0x0100
10775,0x0100
10776,0x0100
10777,0x0100
10778,0x0100
10779,0x0100
10780,0x0100
10781,0x0100
10782,0x0100
10783,0x0100
10784,0x0100
10785,0x0100
10786,0x0100
10787,0x0100
10788,0x0100
10789,0x0100
10790,0x0100
10791,0x0100
10792,0x0100
10793,0x0100
10794,0x0100
10795,0x0100
10796,0x0100
10797,0x0100
10798,0x0100
10799,0x0100
10800,0x0100
10801,0x0100
10802,0x0100
10803,0x0100
10804,0x0100
10805,0x0100
10806,0x0100
10807,0x0100
10808,0x0100
10809,0x0100
10810,0x0100
10811,0x0100
10812,0x0100
10813,0x0100
10814,0x0100
10815,0x0100
10816,0x0100
10817,0x0100
10818,0x0100
10819,0x0100
10820,0x0100
10821,0x0100
10822,0x0100
10823,0x0100
10824,0x0100
10825,0x0100
10826,0x0100
10827,0x0100
10828,0x0100
10829,0x0100
10830,0x0100
10831,0x0100
10832,0x0100
10833,0x0100
10834,0x0100
10835,0x0100
10836,0x0100
10837,0x0100
10838,0x0100
10839,0x0100
10840,0x0100
10841,0x0100
10842,0x0100
10843,0x0100
10844,0x0100
10845,0x0100
10846,0x0100
10847,0x0100
10848,0x0100
10849,0x0100
10850,0x0100
10851,0x0100
10852,0x0100
10853,0x0100
10854,0x0100
10855,0x0100
10856,0x0100
10857,0x0100
10858,0x0100
10859,0x0100
10860,0x0100
10861,0x0100
10862,0x0100
10863,0x0100
10864,0x0100
10865,0x0100
10866,0x0100
10867,0x0100
10868,0x0100
10869,0x0100
10870,0x0100
10871,0x0100
10872,0x0100
10873,0x0100
10874,0x0100
10875,0x0100
10876,0x0100
10877,0x0100
10878,0x0100
10879,0x0100
10880,0x0100
10881,0x0100
10882,0x0100
10883,0x0100
10884,0x0100
10885,0x0100
10886,0x0100
10887,0x0100
10888,0x0100
10889,0x0100
10890,0x0100
10891,0x0100
10892,0x0100
10893,0x0100
10894,0x0100
10895,0x0100
10896,0x0100
10897,0x0100
10898,0x0100
10899,0x0100
10900,0x0100
10901,0x0100
10902,0x0100
10903,0x0100
10904,0x0100
10905,0x0100
10906,0x0100
10907,0x0100
10908,0x0100
10909,0x0100
10910,0x0100
10911,0x0100
10912,0x0100
10913,0x0100
10914,0x0100
10915,0x0100
10916,0x0100
10917,0x0100
10918,0x0100
10919,0x0100
10920,0x0100
10921,0x0100
10922,0x0100
10923,0x0100
10924,0x0100
10925,0x0100
10926,0x0100
10927,0x0100
10928,0x0100
10929,0x0100
10930,0x0100
10931,0x0100
10932,0x0100
10933,0x0100
10934,0x0100
10935,0x0100
10936,0x0100
10937,0x0100
10938,0x0100
10939,0x0100
10940,0x0100
10941,0x0100
10942,0x0100
10943,0x0100
10944,0x0100
10945,0x0100
10946,0x0100
10947,0x0100
10948,0x0100
10949,0x0100
10950,0x0100
10951,0x0100
10952,0x0100
10953,0x0100
10954,0x0100
10955,0x0100
10956,0x0100
10957,0x0100
10958,0x0100
10959,0x0100
10960,0x0100
10961,0x0100
10962,0x0100
10963,0x0100
10964,0x0100
10965,0x0100
10966,0x0100
10967,0x0100
10968,0x0100
10969,0x0100
10970,0x0100
10971,0x0100
10972,0x0100
10973,0x0100
10974,0x0100
10975,0x0100
10976,0x0100
10977,0x0100
10978,0x0100
10979,0x0100
10980,0x0100
10981,0x0100
10982,0x0100
10983,0x0100
10984,0x0100
10985,0x0100
10986,0x0100
10987,0x0100
10988,0x0100
10989,0x0100
10990,0x0100
10991,0x0100
10992,0x0100
10993,0x0100
10994,0x0100
10995,0x0100
10996,0x0100
10997,0x0100
10998,0x0100
10999,0x0100
11000,0x0100
11001,0x0100
11002,0x0100
11003,0x0100
11004,0x0100
11005,0x0100
11006,0x0100
11007,0x0100
11008,0x0100
11009,0x0100
11010,0x0100
11011,0x0100
11012,0x0100
11013,0x0100
11014,0x0100
11015,0x0100
11016,0x0100
11017,0x0100
11018,0x0100
11019,0x0100
11020,0x0100
11021,0x0100
11022,0x0100
11023,0x0100
11024,0x0100
11025,0x0100
11026,0x0100
11027,0x0100
11028,0x0100
11029,0x0100
11030,0x0100
11031,0x0100
11032,0x0100
11033,0x0100
11034,0x0100
11035,0x0100
11036,0x0100
11037,0x0100
11038,0x0100
11039,0x0100
11040,0x0100
11041,0x0100
11042,0x0100
11043,0x0100
11044,0x0100
11045,0x0100
11046,0x0100
11047,0x0100
11048,0x0100
11049,0x0100
11050,0x0100
11051,0x0100
11052,0x0100
11053,0x0100
11054,0x0100
11055,0x0100
11056,0x0100
11057,0x0100
11058,0x0100
11059,0x0100
11060,0x0100
11061,0x0100
11062,0x0100
11063,0x0100
11064,0x0100
11065,0x0100
11066,0x0100
11067,0x0100
11068,0x0100
11069,0x0100
11070,0x0100
11071,0x0100
11072,0x0100
11073,0x0100
11074,0x0100
11075,0x0100
11076,0x0100
11077,0x0100
11078,0x0100
11079,0x0100
11080,0x0100
11081,0x0100
11082,0x0100
11083,0x0100
11084,0x0100
11085,0x0100
11086,0x0100
11087,0x0100
11088,0x0100
11089,0x0100
11090,0x0100
11091,0x0100
11092,0x0100
11093,0x0100
11094,0x0100
11095,0x0100
11096,0x0100
11097,0x0100
11098,0x0100
11099,0x0100
11100,0x0100
11101,0x0100
11102,0x0100
11103,0x0100
11104,0x0100
11105,0x0100
11106,0x0100
11107,0x0100
11108,0x0100
11109,0x0100
11110,0x0100
11111,0x0100
11112,0x0100
11113,0x0100
11114,0x0100
11115,0x0100
11116,0x0100
11117,0x0100
11118,0x0100
11119,0x0100
11120,0x0100
11121,0x0100
11122,0x0100
11123,0x0100
11124,0x0100
11125,0x0100
11126,0x0100
11127,0x0100
11128,0x0100
11129,0x0100
11130,0x0100
11131,0x0100
11132,0x0100
11133,0x0100
11134,0x0100
11135,0x0100
11136,0x0100
11137,0x0100
11138,0x0100
11139,0x0100
11140,0x0100
11141,0x0100
11142,0x0100
11143,0x0100
11144,0x0100
11145,0x0100
11146,0x0100
11147,0x0100
11148,0x0100
11149,0x0100
11150,0x0100
11151,0x0100
11152,0x0100
11153,0x0100
11154,0x0100
11155,0x0100
11156,0x0100
11157,0x0100
11158,0x0100
11159,0x0100
11160,0x0100
11161,0x0100
11162,0x0100
11163,0x0100
11164,0x0100
11165,0x0100
11166,0x0100
11167,0x0100
11168,0x0100
11169,0x0100
11170,0x0100
11171,0x0100
11172,0x0100
11173,0x0100
11174,0x0100
11175,0x0100
11176,0x0100
11177,0x0100
11178,0x0100
11179,0x0100
11180,0x0100
11181,0x0100
11182,0x0100
11183,0x0100
11184,0x0100
11185,0x0100
11186,0x0100
11187,0x0100
11188,0x0100
11189,0x0100
11190,0x0100
11191,0x0100
11192,0x0100
11193,0x0100
11194,0x0100
11195,0x0100
11196,0x0100
11197,0x0100
11198,0x0100
11199,0x0100
11200,0x0100
11201,0x0100
11202,0x0100
11203,0x0100
11204,0x0100
11205,0x0100
11206,0x0100
11207,0x0100
11208,0x0100
11209,0x0100
11210,0x0100
11211,0x0100
11212,0x0100
11213,0x0100
11214,0x0100
11215,0x0100
11216,0x0100
11217,0x0100
11218,0x0100
11219,0x0100
11220,0x0100
11221,0x0100
11222,0x0100
11223,0x0100
11224,0x0100
11225,0x0100
11226,0x0100
11227,0x0100
11228,0x0100
11229,0x0100
11230,0x0100
11231,0x0100
11232,0x0100
11233,0x0100
11234,0x0100
11235,0x0100
11236,0x0100
11237,0x0100
11238,0x0100
11239,0x0100
11240,0x0100
11241,0x0100
11242,0x0100
11243,0x0100
11244,0x0100
11245,0x0100
11246,0x0100
11247,0x0100
11248,0x0100
11249,0x0100
11250,0x0100
11251,0x0100
11252,0x0100
11253,0x0100
11254,0x0100
11255,0x0100
11256,0x0100
11257,0x0100
11258,0x0100
11259,0x0100
11260,0x0100
11261,0x0100
11262,0x0100
11263,0x0100
11264,0x0100
11265,0x0100
11266,0x0100
11267,0x0100
11268,0x0100
11269,0x0100
11270,0x0100
11271,0x0100
11272,0x0100
11273,0x0100
11274,0x0100
11275,0x0100
11276,0x0100
11277,0x0100
11278,0x0100
11279,0x0100
11280,0x0100
11281,0x0100
11282,0x0100
11283,0x0100
11284,0x0100
11285,0x0100
11286,0x0100
11287,0x0100
11288,0x0100
11289,0x0100
11290,0x0100
11291,0x0100
11292,0x0100
11293,0x0100
11294,0x0100
11295,0x0100
11296,0x0100
11297,0x0100
11298,0x0100
11299,0x0100
11300,0x0100
11301,0x0100
11302,0x0100
11303,0x0100
11304,0x0100
11305,0x0100
11306,0x0100
11307,0x0100
11308,0x0100
11309,0x0100
11310,0x0100
11311,0x0100
11312,0x0100
11313,0x0100
11314,0x0100
11315,0x0100
11316,0x0100
11317,0x0100
11318,0x0100
11319,0x0100
11320,0x0100
11321,0x0100
11322,0x0100
11323,0x0100
11324,0x0100
11325,0x0100
11326,0x0100
11327,0x0100
11328,0x0100
11329,0x0100
11330,0x0100
11331,0x0100
11332,0x0100
11333,0x0100
11334,0x0100
11335,0x0100
11336,0x0100
11337,0x0100
11338,0x0100
11339,0x0100
11340,0x0100
11341,0x0100
11342,0x0100
11343,0x0100
11344,0x0100
11345,0x0100
11346,0x0100
11347,0x0100
11348,0x0100
11349,0x0100
11350,0x0100
11351,0x0100
11352,0x0100
11353,0x0100
11354,0x0100
11355,0x0100
11356,0x0100
11357,0x0100
11358,0x0100
11359,0x0100
11360,0x0100
11361,0x0100
11362,0x0100
11363,0x0100
11364,0x0100
11365,0x0100
11366,0x0100
11367,0x0100
11368,0x0100
11369,0x0100
11370,0x0100
11371,0x0100
11372,0x0100
11373,0x0100
11374,0x0100
11375,0x0100
11376,0x0100
11377,0x0100
11378,0x0100
11379,0x0100
11380,0x0100
11381,0x0100
11382,0x0100
11383,0x0100
11384,0x0100
11385,0x0100
11386,0x0100
11387,0x0100
11388,0x0100
11389,0x0100
11390,0x0100
11391,0x0100
11392,0x0100
11393,0x0100
11394,0x0100
11395,0x0100
11396,0x0100
11397,0x0100
11398,0x0100
11399,0x0100
11400,0x0100
11401,0x0100
11402,0x0100
11403,0x0100
11404,0x0100
11405,0x0100
11406,0x0100
11407,0x0100
11408,0x0100
11409,0x0100
11410,0x0100
11411,0x0100
11412,0x0100
11413,0x0100
11414,0x0100
11415,0x0100
11416,0x0100
11417,0x0100
11418,0x0100
11419,0x0100
11420,0x0100
11421,0x0100
11422,0x0100
11423,0x0100
11424,0x0100
11425,0x0100
11426,0x0100
11427,0x0100
11428,0x0100
11429,0x0100
11430,0x0100
11431,0x0100
11432,0x0100
11433,0x0100
11434,0x0100
11435,0x0100
11436,0x0100
11437,0x0100
11438,0x0100
11439,0x0100
11440,0x0100
11441,0x0100
11442,0x0100
11443,0x0100
11444,0x0100
11445,0x0100
11446,0x0100
11447,0x0100
11448,0x0100
11449,0x0100
11450,0x0100
11451,0x0100
11452,0x0100
11453,0x0100
11454,0x0100
11455,0x0100
11456,0x0100
11457,0x0100
11458,0x0100
11459,0x0100
11460,0x0100
11461,0x0100
11462,0x0100
11463,0x0100
11464,0x0100
11465,0x0100
11466,0x0100
11467,0x0100
11468,0x0100
11469,0x0100
11470,0x0100
11471,0x0100
11472,0x0100
11473,0x0100
11474,0x0100
11475,0x0100
11476,0x0100
11477,0x0100
11478,0x0100
11479,0x0100
11480,0x0100
11481,0x0100
11482,0x0100
11483,0x0100
11484,0x0100
11485,0x0100
11486,0x0100
11487,0x0100
11488,0x0100
11489,0x0100
11490,0x0100
11491,0x0100
11492,0x0100
11493,0x0100
11494,0x0100
11495,0x0100
11496,0x0100
11497,0x0100
11498,0x0100
11499,0x0100
11500,0x0100
11501,0x0100
11502,0x0100
11503,0x0100
11504,0x0100
11505,0x0100
11506,0x0100
11507,0x0100
11508,0x0100
11509,0x0100
11510,0x0100
11511,0x0100
11512,0x0100
11513,0x0100
11514,0x0100
11515,0x0100
11516,0x0100
11517,0x0100
11518,0x0100
11519,0x0100
11520,0x0100
11521,0x0100
11522,0x0100
11523,0x0100
11524,0x0100
11525,0x0100
11526,0x0100
11527,0x0100
11528,0x0100
11529,0x0100
11530,0x0100
11531,0x0100
11532,0x0100
11533,0x0100
11534,0x0100
11535,0x0100
11536,0x0100
11537,0x0100
11538,0x0100
11539,0x0100
11540,0x0100
11541,0x0100
11542,0x0100
11543,0x0100
11544,0x0100
11545,0x0100
11546,0x0100
11547,0x0100
11548,0x0100
11549,0x0100
11550,0x0100
11551,0x0100
11552,0x0100
11553,0x0100
11554,0x0100
11555,0x0100
11556,0x0100
11557,0x0100
11558,0x0100
11559,0x0100
11560,0x0100
11561,0x0100
11562,0x0100
11563,0x0100
11564,0x0100
11565,0x0100
11566,0x0100
11567,0x0100
11568,0x0100
11569,0x0100
11570,0x0100
11571,0x0100
11572,0x0100
11573,0x0100
11574,0x0100
11575,0x0100
11576,0x0100
11577,0x0100
11578,0x0100
11579,0x0100
11580,0x0100
11581,0x0100
11582,0x0100
11583,0x0100
11584,0x0100
11585,0x0100
11586,0x0100
11587,0x0100
11588,0x0100
11589,0x0100
11590,0x0100
11591,0x0100
11592,0x0100
11593,0x0100
11594,0x0100
11595,0x0100
11596,0x0100
11597,0x0100
11598,0x0100
11599,0x0100
11600,0x0100
11601,0x0100
11602,0x0100
11603,0x0100
11604,0x0100
11605,0x0100
11606,0x0100
11607,0x0100
11608,0x0100
11609,0x0100
11610,0x0100
11611,0x0100
11612,0x0100
11613,0x0100
11614,0x0100
11615,0x0100
11616,0x0100
11617,0x0100
11618,0x0100
11619,0x0100
11620,0x0100
11621,0x0100
11622,0x0100
11623,0x0100
11624,0x0100
11625,0x0100
11626,0x0100
11627,0x0100
11628,0x0100
11629,0x0100
11630,0x0100
11631,0x0100
11632,0x0100
11633,0x0100
11634,0x0100
11635,0x0100
11636,0x0100
11637,0x0100
11638,0x0100
11639,0x0100
11640,0x0100
11641,0x0100
11642,0x0100
11643,0x0100
11644,0x0100
11645,0x0100
11646,0x0100
11647,0x0100
11648,0x0100
11649,0x0100
11650,0x0100
11651,0x0100
11652,0x0100
11653,0x0100
11654,0x0100
11655,0x0100
11656,0x0100
11657,0x0100
11658,0x0100
11659,0x0100
11660,0x0100
11661,0x0100
11662,0x0100
11663,0x0100
11664,0x0100
11665,0x0100
11666,0x0100
11667,0x0100
11668,0x0100
11669,0x0100
11670,0x0100
11671,0x0100
11672,0x0100
11673,0x0100
11674,0x0100
11675,0x0100
11676,0x0100
11677,0x0100
11678,0x0100
11679,0x0100
11680,0x0100
11681,0x0100
11682,0x0100
11683,0x0100
11684,0x0100
11685,0x0100
11686,0x0100
11687,0x0100
11688,0x0100
11689,0x0100
11690,0x0100
11691,0x0100
11692,0x0100
11693,0x0100
11694,0x0100
11695,0x0100
11696,0x0100
11697,0x0100
11698,0x0100
11699,0x0100
11700,0x0100
11701,0x0100
11702,0x0100
11703,0x0100
11704,0x0100
11705,0x0100
11706,0x0100
11707,0x0100
11708,0x0100
11709,0x0100
11710,0x0100
11711,0x0100
11712,0x0100
11713,0x0100
11714,0x0100
11715,0x0100
11716,0x0100
11717,0x0100
11718,0x0100
11719,0x0100
11720,0x0100
11721,0x0100
11722,0x0100
11723,0x0100
11724,0x0100
11725,0x0100
11726,0x0100
11727,0x0100
11728,0x0100
11729,0x0100
11730,0x0100
11731,0x0100
11732,0x0100
11733,0x0100
11734,0x0100
11735,0x0100
11736,0x0100
11737,0x0100
11738,0x0100
11739,0x0100
11740,0x0100
11741,0x0100
11742,0x0100
11743,0x0100
11744,0x0100
11745,0x0100
11746,0x0100
11747,0x0100
11748,0x0100
11749,0x0100
11750,0x0100
11751,0x0100
11752,0x0100
11753,0x0100
11754,0x0100
11755,0x0100
11756,0x0100
11757,0x0100
11758,0x0100
11759,0x0100
11760,0x0100
11761,0x0100
11762,0x0100
11763,0x0100
11764,0x0100
11765,0x0100
11766,0x0100
11767,0x0100
11768,0x0100
11769,0x0100
11770,0x0100
11771,0x0100
11772,0x0100
11773,0x0100
11774,0x0100
11775,0x0100
11776,0x0100
11777,0x0100
11778,0x0100
11779,0x0100
11780,0x0100
11781,0x0100
11782,0x0100
11783,0x0100
11784,0x0100
11785,0x0100
11786,0x0100
11787,0x0100
11788,0x0100
11789,0x0100
11790,0x0100
11791,0x0100
11792,0x0100
11793,0x0100
11794,0x0100
11795,0x0100
11796,0x0100
11797,0x0100
11798,0x0100
11799,0x0100
11800,0x0100
11801,0x0100
11802,0x0100
11803,0x0100
11804,0x0100
11805,0x0100
11806,0x0100
11807,0x0100
11808,0x0100
11809,0x0100
11810,0x0100
11811,0x0100
11812,0x0100
11813,0x0100
11814,0x0100
11815,0x0100
11816,0x0100
11817,0x0100
11818,0x0100
11819,0x0100
11820,0x0100
11821,0x0100
11822,0x0100
11823,0x0100
11824,0x0100
11825,0x0100
11826,0x0100
11827,0x0100
11828,0x0100
11829,0x0100
11830,0x0100
11831,0x0100
11832,0x0100
11833,0x0100
11834,0x0100
11835,0x0100
11836,0x0100
11837,0x0100
11838,0x0100
11839,0x0100
11840,0x0100
11841,0x0100
11842,0x0100
11843,0x0100
11844,0x0100
11845,0x0100
11846,0x0100
11847,0x0100
11848,0x0100
11849,0x0100
11850,0x0100
11851,0x0100
11852,0x0100
11853,0x0100
11854,0x0100
11855,0x0100
11856,0x0100
11857,0x0100
11858,0x0100
11859,0x0100
11860,0x0100
11861,0x0100
11862,0x0100
11863,0x0100
11864,0x0100
11865,0x0100
11866,0x0100
11867,0x0100
11868,0x0100
11869,0x0100
11870,0x0100
11871,0x0100
11872,0x0100
11873,0x0100
11874,0x0100
11875,0x0100
11876,0x0100
11877,0x0100
11878,0x0100
11879,0x0100
11880,0x0100
11881,0x0100
11882,0x0100
11883,0x0100
11884,0x0100
11885,0x0100
11886,0x0100
11887,0x0100
11888,0x0100
11889,0x0100
11890,0x0100
11891,0x0100
11892,0x0100
11893,0x0100
11894,0x0100
11895,0x0100
11896,0x0100
11897,0x0100
11898,0x0100
11899,0x0100
11900,0x0100
11901,0x0100
11902,0x0100
11903,0x0100
11904,0x0100
11905,0x0100
11906,0x0100
11907,0x0100
11908,0x0100
11909,0x0100
11910,0x0100
11911,0x0100
11912,0x0100
11913,0x0100
11914,0x0100
11915,0x0100
11916,0x0100
11917,0x0100
11918,0x0100
11919,0x0100
11920,0x0100
11921,0x0100
11922,0x0100
11923,0x0100
11924,0x0100
11925,0x0100
11926,0x0100
11927,0x0100
11928,0x0100
11929,0x0100
11930,0x0100
11931,0x0100
11932,0x0100
11933,0x0100
11934,0x0100
11935,0x0100
11936,0x0100
11937,0x0100
11938,0x0100
11939,0x0100
11940,0x0100
11941,0x0100
11942,0x0100
11943,0x0100
11944,0x0100
11945,0x0100
11946,0x0100
11947,0x0100
11948,0x0100
11949,0x0100
11950,0x0100
11951,0x0100
11952,0x0100
11953,0x0100
11954,0x0100
11955,0x0100
11956,0x0100
11957,0x0100
11958,0x0100
11959,0x0100
11960,0x0100
11961,0x0100
11962,0x0100
11963,0x0100
11964,0x0100
11965,0x0100
11966,0x0100
11967,0x0100
11968,0x0100
11969,0x0100
11970,0x0100
11971,0x0100
11972,0x0100
11973,0x0100
11974,0x0100
11975,0x0100
11976,0x0100
11977,0x0100
11978,0x0100
11979,0x0100
11980,0x0100
11981,0x0100
11982,0x0100
11983,0x0100
11984,0x0100
11985,0x0100
11986,0x0100
11987,0x0100
11988,0x0100
11989,0x0100
11990,0x0100
11991,0x0100
11992,0x0100
11993,0x0100
11994,0x0100
11995,0x0100
11996,0x0100
11997,0x0100
11998,0x0100
11999,0x0100
12000,0x0100
12001,0x0100
12002,0x0100
12003,0x0100
12004,0x0100
12005,0x0100
12006,0x0100
12007,0x0100
12008,0x0100
12009,0x0100
12010,0x0100
12011,0x0100
12012,0x0100
12013,0x0100
12014,0x0100
12015,0x0100
12016,0x0100
12017,0x0100
12018,0x0100
12019,0x0100
12020,0x0100
12021,0x0100
12022,0x0100
12023,0x0100
12024,0x0100
12025,0x0100
12026,0x0100
12027,0x0100
12028,0x0100
12029,0x0100
12030,0x0100
12031,0x0100
12032,0x0100
12033,0x0100
12034,0x0100
12035,0x0100
12036,0x0100
12037,0x0100
12038,0x0100
12039,0x0100
12040,0x0100
12041,0x0100
12042,0x0100
12043,0x0100
12044,0x0100
12045,0x0100
12046,0x0100
12047,0x0100
12048,0x0100
12049,0x0100
12050,0x0100
12051,0x0100
12052,0x0100
12053,0x0100
12054,0x0100
12055,0x0100
12056,0x0100
12057,0x0100
12058,0x0100
12059,0x0100
12060,0x0100
12061,0x0100
12062,0x0100
12063,0x0100
12064,0x0100
12065,0x0100
12066,0x0100
12067,0x0100
12068,0x0100
12069,0x0100
12070,0x0100
12071,0x0100
12072,0x0100
12073,0x0100
12074,0x0100
12075,0x0100
12076,0x0100
12077,0x0100
12078,0x0100
12079,0x0100
12080,0x0100
12081,0x0100
12082,0x0100
12083,0x0100
12084,0x0100
12085,0x0100
12086,0x0100
12087,0x0100
12088,0x0100
12089,0x0100
12090,0x0100
12091,0x0100
12092,0x0100
12093,0x0100
12094,0x0100
12095,0x0100
12096,0x0100
12097,0x0100
12098,0x0100
12099,0x0100
12100,0x0100
12101,0x0100
12102,0x0100
12103,0x0100
12104,0x0100
12105,0x0100
12106,0x0100
12107,0x0100
12108,0x0100
12109,0x0100
12110,0x0100
12111,0x0100
12112,0x0100
12113,0x0100
12114,0x0100
12115,0x0100
12116,0x0100
12117,0x0100
12118,0x0100
12119,0x0100
12120,0x0100
12121,0x0100
12122,0x0100
12123,0x0100
12124,0x0100
12125,0x0100
12126,0x0100
12127,0x0100
12128,0x0100
12129,0x0100
12130,0x0100
12131,0x0100
12132,0x0100
12133,0x0100
12134,0x0100
12135,0x0100
12136,0x0100
12137,0x0100
12138,0x0100
12139,0x0100
12140,0x0100
12141,0x0100
12142,0x0100
12143,0x0100
12144,0x0100
12145,0x0100
12146,0x0100
12147,0x0100
12148,0x0100
12149,0x0100
12150,0x0100
12151,0x0100
12152,0x0100
12153,0x0100
12154,0x0100
12155,0x0100
12156,0x0100
12157,0x0100
12158,0x0100
12159,0x0100
12160,0x0100
12161,0x0100
12162,0x0100
12163,0x0100
12164,0x0100
12165,0x0100
12166,0x0100
12167,0x0100
12168,0x0100
12169,0x0100
12170,0x0100
12171,0x0100
12172,0x0100
12173,0x0100
12174,0x0100
12175,0x0100
12176,0x0100
12177,0x0100
12178,0x0100
12179,0x0100
12180,0x0100
12181,0x0100
12182,0x0100
12183,0x0100
12184,0x0100
12185,0x0100
12186,0x0100
12187,0x0100
12188,0x0100
12189,0x0100
12190,0x0100
12191,0x0100
12192,0x0100
12193,0x0100
12194,0x0100
12195,0x0100
12196,0x0100
12197,0x0100
12198,0x0100
12199,0x0100
12200,0x0100
12201,0x0100
12202,0x0100
12203,0x0100
12204,0x0100
12205,0x0100
12206,0x0100
12207,0x0100
12208,0x0100
12209,0x0100
12210,0x0100
12211,0x0100
12212,0x0100
12213,0x0100
12214,0x0100
12215,0x0100
12216,0x0100
12217,0x0100
12218,0x0100
12219,0x0100
12220,0x0100
12221,0x0100
12222,0x0100
12223,0x0100
12224,0x0100
12225,0x0100
12226,0x0100
12227,0x0100
12228,0x0100
12229,0x0100
12230,0x0100
12231,0x0100
12232,0x0100
12233,0x0100
12234,0x0100
12235,0x0100
12236,0x0100
12237,0x0100
12238,0x0100
12239,0x0100
12240,0x0100
12241,0x0100
12242,0x0100
12243,0x0100
12244,0x0100
12245,0x0100
12246,0x0100
12247,0x0100
12248,0x0100
12249,0x0100
12250,0x0100
12251,0x0100
12252,0x0100
12253,0x0100
12254,0x0100
12255,0x0100
12256,0x0100
12257,0x0100
12258,0x0100
12259,0x0100
12260,0x0100
12261,0x0100
12262,0x0100
12263,0x0100
12264,0x0100
12265,0x0100
12266,0x0100
12267,0x0100
12268,0x0100
12269,0x0100
12270,0x0100
12271,0x0100
12272,0x0100
12273,0x0100
12274,0x0100
12275,0x0100
12276,0x0100
12277,0x0100
12278,0x0100
12279,0x0100
12280,0x0100
12281,0x0100
12282,0x0100
12283,0x0100
12284,0x0100
12285,0x0100
12286,0x0100
12287,0x0100
12288,0x0100
12289,0x0100
12290,0x0100
12291,0x0100
12292,0x0100
12293,0x0100
12294,0x0100
12295,0x0100
12296,0x0100
12297,0x0100
12298,0x0100
12299,0x0100
12300,0x0100
12301,0x0100
12302,0x0100
12303,0x0100
12304,0x0100
12305,0x0100
12306,0x0100
12307,0x0100
12308,0x0100
12309,0x0100
12310,0x0100
12311,0x0100
12312,0x0100
12313,0x0100
12314,0x0100
12315,0x0100
12316,0x0100
12317,0x0100
12318,0x0100
12319,0x0100
12320,0x0100
12321,0x0100
12322,0x0100
12323,0x0100
12324,0x0100
12325,0x0100
12326,0x0100
12327,0x0100
12328,0x0100
12329,0x0100
12330,0x0100
12331,0x0100
12332,0x0100
12333,0x0100
12334,0x0100
12335,0x0100
12336,0x0100
12337,0x0100
12338,0x0100
12339,0x0100
12340,0x0100
12341,0x0100
12342,0x0100
12343,0x0100
12344,0x0100
12345,0x0100
12346,0x0100
12347,0x0100
12348,0x0100
12349,0x0100
12350,0x0100
12351,0x0100
12352,0x0100
12353,0x0100
12354,0x0100
12355,0x0100
12356,0x0100
12357,0x0100
12358,0x0100
12359,0x0100
12360,0x0100
12361,0x0100
12362,0x0100
12363,0x0100
12364,0x0100
12365,0x0100
12366,0x0100
12367,0x0100
12368,0x0100
12369,0x0100
12370,0x0100
12371,0x0100
12372,0x0100
12373,0x0100
12374,0x0100
12375,0x0100
12376,0x0100
12377,0x0100
12378,0x0100
12379,0x0100
12380,0x0100
12381,0x0100
12382,0x0100
12383,0x0100
12384,0x0100
12385,0x0100
12386,0x0100
12387,0x0100
12388,0x0100
12389,0x0100
12390,0x0100
12391,0x0100
12392,0x0100
12393,0x0100
12394,0x0100
12395,0x0100
12396,0x0100
12397,0x0100
12398,0x0100
12399,0x0100
12400,0x0100
12401,0x0100
12402,0x0100
12403,0x0100
12404,0x0100
12405,0x0100
12406,0x0100
12407,0x0100
12408,0x0100
12409,0x0100
12410,0x0100
12411,0x0100
12412,0x0100
12413,0x0100
12414,0x0100
12415,0x0100
12416,0x0100
12417,0x0100
12418,0x0100
12419,0x0100
12420,0x0100
12421,0x0100
12422,0x0100
12423,0x0100
12424,0x0100
12425,0x0100
12426,0x0100
12427,0x0100
12428,0x0100
12429,0x0100
12430,0x0100
12431,0x0100
12432,0x0100
12433,0x0100
12434,0x0100
12435,0x0100
12436,0x0100
12437,0x0100
12438,0x0100
12439,0x0100
12440,0x0100
12441,0x0100
12442,0x0100
12443,0x0100
12444,0x0100
12445,0x0100
12446,0x0100
12447,0x0100
12448,0x0100
12449,0x0100
12450,0x0100
12451,0x0100
12452,0x0100
12453,0x0100
12454,0x0100
12455,0x0100
12456,0x0100
12457,0x0100
12458,0x0100
12459,0x0100
12460,0x0100
12461,0x0100
12462,0x0100
12463,0x0100
12464,0x0100
12465,0x0100
12466,0x0100
12467,0x0100
12468,0x0100
12469,0x0100
12470,0x0100
12471,0x0100
12472,0x0100
12473,0x0100
12474,0x0100
12475,0x0100
12476,0x0100
12477,0x0100
12478,0x0100
12479,0x0100
12480,0x0100
12481,0x0100
12482,0x0100
12483,0x0100
12484,0x0100
12485,0x0100
12486,0x0100
12487,0x0100
12488,0x0100
12489,0x0100
12490,0x0100
12491,0x0100
12492,0x0100
12493,0x0100
12494,0x0100
12495,0x0100
12496,0x0100
12497,0x0100
12498,0x0100
12499,0x0100
12500,0x0100
12501,0x0100
12502,0x0100
12503,0x0100
12504,0x0100
12505,0x0100
12506,0x0100
12507,0x0100
12508,0x0100
12509,0x0100
12510,0x0100
12511,0x0100
12512,0x0100
12513,0x0100
12514,0x0100
12515,0x0100
12516,0x0100
12517,0x0100
12518,0x0100
12519,0x0100
12520,0x0100
12521,0x0100
12522,0x0100
12523,0x0100
12524,0x0100
12525,0x0100
12526,0x0100
12527,0x0100
12528,0x0100
12529,0x0100
12530,0x0100
12531,0x0100
12532,0x0100
12533,0x0100
12534,0x0100
12535,0x0100
12536,0x0100
12537,0x0100
12538,0x0100
12539,0x0100
12540,0x0100
12541,0x0100
12542,0x0100
12543,0x0100
12544,0x0100
12545,0x0100
12546,0x0100
12547,0x0100
12548,0x0100
12549,0x0100
12550,0x0100
12551,0x0100
12552,0x0100
12553,0x0100
12554,0x0100
12555,0x0100
12556,0x0100
12557,0x0100
12558,0x0100
12559,0x0100
12560,0x0100
12561,0x0100
12562,0x0100
12563,0x0100
12564,0x0100
12565,0x0100
12566,0x0100
12567,0x0100
12568,0x0100
12569,0x0100
12570,0x0100
12571,0x0100
12572,0x0100
12573,0x0100
12574,0x0100
12575,0x0100
12576,0x0100
12577,0x0100
12578,0x0100
12579,0x0100
12580,0x0100
12581,0x0100
12582,0x0100
12583,0x0100
12584,0x0100
12585,0x0100
12586,0x0100
12587,0x0100
12588,0x0100
12589,0x0100
12590,0x0100
12591,0x0100
12592,0x0100
12593,0x0100
12594,0x0100
12595,0x0100
12596,0x0100
12597,0x0100
12598,0x0100
12599,0x0100
12600,0x0100
12601,0x0100
12602,0x0100
12603,0x0100
12604,0x0100
12605,0x0100
12606,0x0100
12607,0x0100
12608,0x0100
12609,0x0100
12610,0x0100
12611,0x0100
12612,0x0100
12613,0x0100
12614,0x0100
12615,0x0100
12616,0x0100
12617,0x0100
12618,0x0100
12619,0x0100
12620,0x0100
12621,0x0100
12622,0x0100
12623,0x0100
12624,0x0100
12625,0x0100
12626,0x0100
12627,0x0100
12628,0x0100
12629,0x0100
12630,0x0100
12631,0x0100
12632,0x0100
12633,0x0100
12634,0x0100
12635,0x0100
12636,0x0100
12637,0x0100
12638,0x0100
12639,0x0100
12640,0x0100
12641,0x0100
12642,0x0100
12643,0x0100
12644,0x0100
12645,0x0100
12646,0x0100
12647,0x0100
12648,0x0100
12649,0x0100
12650,0x0100
12651,0x0100
12652,0x0100
12653,0x0100
12654,0x0100
12655,0x0100
12656,0x0100
12657,0x0100
12658,0x0100
12659,0x0100
12660,0x0100
12661,0x0100
12662,0x0100
12663,0x0100
12664,0x0100
12665,0x0100
12666,0x0100
12667,0x0100
12668,0x0100
12669,0x0100
12670,0x0100
12671,0x0100
12672,0x0100
12673,0x0100
12674,0x0100
12675,0x0100
12676,0x0100
12677,0x0100
12678,0x0100
12679,0x0100
12680,0x0100
12681,0x0100
12682,0x0100
12683,0x0100
12684,0x0100
12685,0x0100
12686,0x0100
12687,0x0100
12688,0x0100
12689,0x0100
12690,0x0100
12691,0x0100
12692,0x0100
12693,0x0100
12694,0x0100
12695,0x0100
12696,0x0100
12697,0x0100
12698,0x0100
12699,0x0100
12700,0x0100
12701,0x0100
12702,0x0100
12703,0x0100
12704,0x0100
12705,0x0100
12706,0x0100
12707,0x0100
12708,0x0100
12709,0x0100
12710,0x0100
12711,0x0100
12712,0x0100
12713,0x0100
12714,0x0100
12715,0x0100
12716,0x0100
12717,0x0100
12718,0x0100
12719,0x0100
12720,0x0100
12721,0x0100
12722,0x0100
12723,0x0100
12724,0x0100
12725,0x0100
12726,0x0100
12727,0x0100
12728,0x0100
12729,0x0100
12730,0x0100
12731,0x0100
12732,0x0100
12733,0x0100
12734,0x0100
12735,0x0100
12736,0x0100
12737,0x0100
12738,0x0100
12739,0x0100
12740,0x0100
12741,0x0100
12742,0x0100
12743,0x0100
12744,0x0100
12745,0x0100
12746,0x0100
12747,0x0100
12748,0x0100
12749,0x0100
12750,0x0100
12751,0x0100
12752,0x0100
12753,0x0100
12754,0x0100
12755,0x0100
12756,0x0100
12757,0x0100
12758,0x0100
12759,0x0100
12760,0x0100
12761,0x0100
12762,0x0100
12763,0x0100
12764,0x0100
12765,0x0100
12766,0x0100
12767,0x0100
12768,0x0100
12769,0x0100
12770,0x0100
12771,0x0100
12772,0x0100
12773,0x0100
12774,0x0100
12775,0x0100
12776,0x0100
12777,0x0100
12778,0x0100
12779,0x0100
12780,0x0100
12781,0x0100
12782,0x0100
12783,0x0100
12784,0x0100
12785,0x0100
12786,0x0100
12787,0x0100
12788,0x0100
12789,0x0100
12790,0x0100
12791,0x0100
12792,0x0100
12793,0x0100
12794,0x0100
12795,0x0100
12796,0x0100
12797,0x0100
12798,0x0100
12799,0x0100
12800,0x0100
12801,0x0100
12802,0x0100
12803,0x0100
12804,0x0100
12805,0x0100
12806,0x0100
12807,0x0100
12808,0x0100
12809,0x0100
12810,0x0100
12811,0x0100
12812,0x0100
12813,0x0100
12814,0x0100
12815,0x0100
12816,0x0100
12817,0x0100
12818,0x0100
12819,0x0100
12820,0x0100
12821,0x0100
12822,0x0100
12823,0x0100
12824,0x0100
12825,0x0100
12826,0x0100
12827,0x0100
12828,0x0100
12829,0x0100
12830,0x0100
12831,0x0100
12832,0x0100
12833,0x0100
12834,0x0100
12835,0x0100
12836,0x0100
12837,0x0100
12838,0x0100
12839,0x0100
12840,0x0100
12841,0x0100
12842,0x0100
12843,0x0100
12844,0x0100
12845,0x0100
12846,0x0100
12847,0x0100
12848,0x0100
12849,0x0100
12850,0x0100
12851,0x0100
12852,0x0100
12853,0x0100
12854,0x0100
12855,0x0100
12856,0x0100
12857,0x0100
12858,0x0100
12859,0x0100
12860,0x0100
12861,0x0100
12862,0x0100
12863,0x0100
12864,0x0100
12865,0x0100
12866,0x0100
12867,0x0100
12868,0x0100
12869,0x0100
12870,0x0100
12871,0x0100
12872,0x0100
12873,0x0100
12874,0x0100
12875,0x0100
12876,0x0100
12877,0x0100
12878,0x0100
12879,0x0100
12880,0x0100
12881,0x0100
12882,0x0100
12883,0x0100
12884,0x0100
12885,0x0100
12886,0x0100
12887,0x0100
12888,0x0100
12889,0x0100
12890,0x0100
12891,0x0100
12892,0x0100
12893,0x0100
12894,0x0100
12895,0x0100
12896,0x0100
12897,0x0100
12898,0x0100
12899,0x0100
12900,0x0100
12901,0x0100
12902,0x0100
12903,0x0100
12904,0x0100
12905,0x0100
12906,0x0100
12907,0x0100
12908,0x0100
12909,0x0100
12910,0x0100
12911,0x0100
12912,0x0100
12913,0x0100
12914,0x0100
12915,0x0100
12916,0x0100
12917,0x0100
12918,0x0100
12919,0x0100
12920,0x0100
12921,0x0100
12922,0x0100
12923,0x0100
12924,0x0100
12925,0x0100
12926,0x0100
12927,0x0100
12928,0x0100
12929,0x0100
12930,0x0100
12931,0x0100
12932,0x0100
12933,0x0100
12934,0x0100
12935,0x0100
12936,0x0100
12937,0x0100
12938,0x0100
12939,0x0100
12940,0x0100
12941,0x0100
12942,0x0100
12943,0x0100
12944,0x0100
12945,0x0100
12946,0x0100
12947,0x0100
12948,0x0100
12949,0x0100
12950,0x0100
12951,0x0100
12952,0x0100
12953,0x0100
12954,0x0100
12955,0x0100
12956,0x0100
12957,0x0100
12958,0x0100
12959,0x0100
12960,0x0100
12961,0x0100
12962,0x0100
12963,0x0100
12964,0x0100
12965,0x0100
12966,0x0100
12967,0x0100
12968,0x0100
12969,0x0100
12970,0x0100
12971,0x0100
12972,0x0100
12973,0x0100
12974,0x0100
12975,0x0100
12976,0x0100
12977,0x0100
12978,0x0100
12979,0x0100
12980,0x0100
12981,0x0100
12982,0x0100
12983,0x0100
12984,0x0100
12985,0x0100
12986,0x0100
12987,0x0100
12988,0x0100
12989,0x0100
12990,0x0100
12991,0x0100
12992,0x0100
12993,0x0100
12994,0x0100
12995,0x0100
12996,0x0100
12997,0x0100
12998,0x0100
12999,0x0100
13000,0x0100
13001,0x0100
13002,0x0100
13003,0x0100
13004,0x0100
13005,0x0100
13006,0x0100
13007,0x0100
13008,0x0100
13009,0x0100
13010,0x0100
13011,0x0100
13012,0x0100
13013,0x0100
13014,0x0100
13015,0x0100
13016,0x0100
13017,0x0100
13018,0x0100
13019,0x0100
13020,0x0100
13021,0x0100
13022,0x0100
13023,0x0100
13024,0x0100
13025,0x0100
13026,0x0100
13027,0x0100
13028,0x0100
13029,0x0100
13030,0x0100
13031,0x0100
13032,0x0100
13033,0x0100
13034,0x0100
13035,0x0100
13036,0x0100
13037,0x0100
13038,0x0100
13039,0x0100
13040,0x0100
13041,0x0100
13042,0x0100
13043,0x0100
13044,0x0100
13045,0x0100
13046,0x0100
13047,0x0100
13048,0x0100
13049,0x0100
13050,0x0100
13051,0x0100
13052,0x0100
13053,0x0100
13054,0x0100
13055,0x0100
13056,0x0100
13057,0x0100
13058,0x0100
13059,0x0100
13060,0x0100
13061,0x0100
13062,0x0100
13063,0x0100
13064,0x0100
13065,0x0100
13066,0x0100
13067,0x0100
13068,0x0100
13069,0x0100
13070,0x0100
13071,0x0100
13072,0x0100
13073,0x0100
13074,0x0100
13075,0x0100
13076,0x0100
13077,0x0100
13078,0x0100
13079,0x0100
13080,0x0100
13081,0x0100
13082,0x0100
13083,0x0100
13084,0x0100
13085,0x0100
13086,0x0100
13087,0x0100
13088,0x0100
13089,0x0100
13090,0x0100
13091,0x0100
13092,0x0100
13093,0x0100
13094,0x0100
13095,0x0100
13096,0x0100
13097,0x0100
13098,0x0100
13099,0x0100
13100,0x0100
13101,0x0100
13102,0x0100
13103,0x0100
13104,0x0100
13105,0x0100
13106,0x0100
13107,0x0100
13108,0x0100
13109,0x0100
13110,0x0100
13111,0x0100
13112,0x0100
13113,0x0100
13114,0x0100
13115,0x0100
13116,0x0100
13117,0x0100
13118,0x0100
13119,0x0100
13120,0x0100
13121,0x0100
13122,0x0100
13123,0x0100
13124,0x0100
13125,0x0100
13126,0x0100
13127,0x0100
13128,0x0100
13129,0x0100
13130,0x0100
13131,0x0100
13132,0x0100
13133,0x0100
13134,0x0100
13135,0x0100
13136,0x0100
13137,0x0100
13138,0x0100
13139,0x0100
13140,0x0100
13141,0x0100
13142,0x0100
13143,0x0100
13144,0x0100
13145,0x0100
13146,0x0100
13147,0x0100
13148,0x0100
13149,0x0100
13150,0x0100
13151,0x0100
13152,0x0100
13153,0x0100
13154,0x0100
13155,0x0100
13156,0x0100
13157,0x0100
13158,0x0100
13159,0x0100
13160,0x0100
13161,0x0100
13162,0x0100
13163,0x0100
13164,0x0100
13165,0x0100
13166,0x0100
13167,0x0100
13168,0x0100
13169,0x0100
13170,0x0100
13171,0x0100
13172,0x0100
13173,0x0100
13174,0x0100
13175,0x0100
13176,0x0100
13177,0x0100
13178,0x0100
13179,0x0100
13180,0x0100
13181,0x0100
13182,0x0100
13183,0x0100
13184,0x0100
13185,0x0100
13186,0x0100
13187,0x0100
13188,0x0100
13189,0x0100
13190,0x0100
13191,0x0100
13192,0x0100
13193,0x0100
13194,0x0100
13195,0x0100
13196,0x0100
13197,0x0100
13198,0x0100
13199,0x0100
13200,0x0100
13201,0x0100
13202,0x0100
13203,0x0100
13204,0x0100
13205,0x0100
13206,0x0100
13207,0x0100
13208,0x0100
13209,0x0100
13210,0x0100
13211,0x0100
13212,0x0100
13213,0x0100
13214,0x0100
13215,0x0100
13216,0x0100
13217,0x0100
13218,0x0100
13219,0x0100
13220,0x0100
13221,0x0100
13222,0x0100
13223,0x0100
13224,0x0100
13225,0x0100
13226,0x0100
13227,0x0100
13228,0x0100
13229,0x0100
13230,0x0100
13231,0x0100
13232,0x0100
13233,0x0100
13234,0x0100
13235,0x0100
13236,0x0100
13237,0x0100
13238,0x0100
13239,0x0100
13240,0x0100
13241,0x0100
13242,0x0100
13243,0x0100
13244,0x0100
13245,0x0100
13246,0x0100
13247,0x0100
13248,0x0100
13249,0x0100
13250,0x0100
13251,0x0100
13252,0x0100
13253,0x0100
13254,0x0100
13255,0x0100
13256,0x0100
13257,0x0100
13258,0x0100
13259,0x0100
13260,0x0100
13261,0x0100
13262,0x0100
13263,0x0100
13264,0x0100
13265,0x0100
13266,0x0100
13267,0x0100
13268,0x0100
13269,0x0100
13270,0x0100
13271,0x0100
13272,0x0100
13273,0x0100
13274,0x0100
13275,0x0100
13276,0x0100
13277,0x0100
13278,0x0100
13279,0x0100
13280,0x0100
13281,0x0100
13282,0x0100
13283,0x0100
13284,0x0100
13285,0x0100
13286,0x0100
13287,0x0100
13288,0x0100
13289,0x0100
13290,0x0100
13291,0x0100
13292,0x0100
13293,0x0100
13294,0x0100
13295,0x0100
13296,0x0100
13297,0x0100
13298,0x0100
13299,0x0100
13300,0x0100
13301,0x0100
13302,0x0100
13303,0x0100
13304,0x0100
13305,0x0100
13306,0x0100
13307,0x0100
13308,0x0100
13309,0x0100
13310,0x0100
13311,0x0100
13312,0x0100
13313,0x0100
13314,0x0100
13315,0x0100
13316,0x0100
13317,0x0100
13318,0x0100
13319,0x0100
13320,0x0100
13321,0x0100
13322,0x0100
13323,0x0100
13324,0x0100
13325,0x0100
13326,0x0100
13327,0x0100
13328,0x0100
13329,0x0100
13330,0x0100
13331,0x0100
13332,0x0100
13333,0x0100
13334,0x0100
13335,0x0100
13336,0x0100
13337,0x0100
13338,0x0100
13339,0x0100
13340,0x0100
13341,0x0100
13342,0x0100
13343,0x0100
13344,0x0100
13345,0x0100
13346,0x0100
13347,0x0100
13348,0x0100
13349,0x0100
13350,0x0100
13351,0x0100
13352,0x0100
13353,0x0100
13354,0x0100
13355,0x0100
13356,0x0100
13357,0x0100
13358,0x0100
13359,0x0100
13360,0x0100
13361,0x0100
13362,0x0100
13363,0x0100
13364,0x0100
13365,0x0100
13366,0x0100
13367,0x0100
13368,0x0100
13369,0x0100
13370,0x0100
13371,0x0100
13372,0x0100
13373,0x0100
13374,0x0100
13375,0x0100
13376,0x0100
13377,0x0100
13378,0x0100
13379,0x0100
13380,0x0100
13381,0x0100
13382,0x0100
13383,0x0100
13384,0x0100
13385,0x0100
13386,0x0100
13387,0x0100
13388,0x0100
13389,0x0100
13390,0x0100
13391,0x0100
13392,0x0100
13393,0x0100
13394,0x0100
13395,0x0100
13396,0x0100
13397,0x0100
13398,0x0100
13399,0x0100
13400,0x0100
13401,0x0100
13402,0x0100
13403,0x0100
13404,0x0100
13405,0x0100
13406,0x0100
13407,0x0100
13408,0x0100
13409,0x0100
13410,0x0100
13411,0x0100
13412,0x0100
13413,0x0100
13414,0x0100
13415,0x0100
13416,0x0100
13417,0x0100
13418,0x0100
13419,0x0100
13420,0x0100
13421,0x0100
13422,0x0100
13423,0x0100
13424,0x0100
13425,0x0100
13426,0x0100
13427,0x0100
13428,0x0100
13429,0x0100
13430,0x0100
13431,0x0100
13432,0x0100
13433,0x0100
13434,0x0100
13435,0x0100
13436,0x0100
13437,0x0100
13438,0x0100
13439,0x0100
13440,0x0100
13441,0x0100
13442,0x0100
13443,0x0100
13444,0x0100
13445,0x0100
13446,0x0100
13447,0x0100
13448,0x0100
13449,0x0100
13450,0x0100
13451,0x0100
13452,0x0100
13453,0x0100
13454,0x0100
13455,0x0100
13456,0x0100
13457,0x0100
13458,0x0100
13459,0x0100
13460,0x0100
13461,0x0100
13462,0x0100
13463,0x0100
13464,0x0100
13465,0x0100
13466,0x0100
13467,0x0100
13468,0x0100
13469,0x0100
13470,0x0100
13471,0x0100
13472,0x0100
13473,0x0100
13474,0x0100
13475,0x0100
13476,0x0100
13477,0x0100
13478,0x0100
13479,0x0100
13480,0x0100
13481,0x0100
13482,0x0100
13483,0x0100
13484,0x0100
13485,0x0100
13486,0x0100
13487,0x0100
13488,0x0100
13489,0x0100
13490,0x0100
13491,0x0100
13492,0x0100
13493,0x0100
13494,0x0100
13495,0x0100
13496,0x0100
13497,0x0100
13498,0x0100
13499,0x0100
13500,0x0100
13501,0x0100
13502,0x0100
13503,0x0100
13504,0x0100
13505,0x0100
13506,0x0100
13507,0x0100
13508,0x0100
13509,0x0100
13510,0x0100
13511,0x0100
13512,0x0100
13513,0x0100
13514,0x0100
13515,0x0100
13516,0x0100
13517,0x0100
13518,0x0100
13519,0x0100
13520,0x0100
13521,0x0100
13522,0x0100
13523,0x0100
13524,0x0100
13525,0x0100
13526,0x0100
13527,0x0100
13528,0x0100
13529,0x0100
13530,0x0100
13531,0x0100
13532,0x0100
13533,0x0100
13534,0x0100
13535,0x0100
13536,0x0100
13537,0x0100
13538,0x0100
13539,0x0100
13540,0x0100
13541,0x0100
13542,0x0100
13543,0x0100
13544,0x0100
13545,0x0100
13546,0x0100
13547,0x0100
13548,0x0100
13549,0x0100
13550,0x0100
13551,0x0100
13552,0x0100
13553,0x0100
13554,0x0100
13555,0x0100
13556,0x0100
13557,0x0100
13558,0x0100
13559,0x0100
13560,0x0100
13561,0x0100
13562,0x0100
13563,0x0100
13564,0x0100
13565,0x0100
13566,0x0100
13567,0x0100
13568,0x0100
13569,0x0100
13570,0x0100
13571,0x0100
13572,0x0100
13573,0x0100
13574,0x0100
13575,0x0100
13576,0x0100
13577,0x0100
13578,0x0100
13579,0x0100
13580,0x0100
13581,0x0100
13582,0x0100
13583,0x0100
13584,0x0100
13585,0x0100
13586,0x0100
13587,0x0100
13588,0x0100
13589,0x0100
13590,0x0100
13591,0x0100
13592,0x0100
13593,0x0100
13594,0x0100
13595,0x0100
13596,0x0100
13597,0x0100
13598,0x0100
13599,0x0100
13600,0x0100
13601,0x0100
13602,0x0100
13603,0x0100
13604,0x0100
13605,0x0100
13606,0x0100
13607,0x0100
13608,0x0100
13609,0x0100
13610,0x0100
13611,0x0100
13612,0x0100
13613,0x0100
13614,0x0100
13615,0x0100
13616,0x0100
13617,0x0100
13618,0x0100
13619,0x0100
13620,0x0100
13621,0x0100
13622,0x0100
13623,0x0100
13624,0x0100
13625,0x0100
13626,0x0100
13627,0x0100
13628,0x0100
13629,0x0100
13630,0x0100
13631,0x0100
13632,0x0100
13633,0x0100
13634,0x0100
13635,0x0100
13636,0x0100
13637,0x0100
13638,0x0100
13639,0x0100
13640,0x0100
13641,0x0100
13642,0x0100
13643,0x0100
13644,0x0100
13645,0x0100
13646,0x0100
13647,0x0100
13648,0x0100
13649,0x0100
13650,0x0100
13651,0x0100
13652,0x0100
13653,0x0100
13654,0x0100
13655,0x0100
13656,0x0100
13657,0x0100
13658,0x0100
13659,0x0100
13660,0x0100
13661,0x0100
13662,0x0100
13663,0x0100
13664,0x0100
13665,0x0100
13666,0x0100
13667,0x0100
13668,0x0100
13669,0x0100
13670,0x0100
13671,0x0100
13672,0x0100
13673,0x0100
13674,0x0100
13675,0x0100
13676,0x0100
13677,0x0100
13678,0x0100
13679,0x0100
13680,0x0100
13681,0x0100
13682,0x0100
13683,0x0100
13684,0x0100
13685,0x0100
13686,0x0100
13687,0x0100
13688,0x0100
13689,0x0100
13690,0x0100
13691,0x0100
13692,0x0100
13693,0x0100
13694,0x0100
13695,0x0100
13696,0x0100
13697,0x0100
13698,0x0100
13699,0x0100
13700,0x0100
13701,0x0100
13702,0x0100
13703,0x0100
13704,0x0100
13705,0x0100
13706,0x0100
13707,0x0100
13708,0x0100
13709,0x0100
13710,0x0100
13711,0x0100
13712,0x0100
13713,0x0100
13714,0x0100
13715,0x0100
13716,0x0100
13717,0x0100
13718,0x0100
13719,0x0100
13720,0x0100
13721,0x0100
13722,0x0100
13723,0x0100
13724,0x0100
13725,0x0100
13726,0x0100
13727,0x0100
13728,0x0100
13729,0x0100
13730,0x0100
13731,0x0100
13732,0x0100
13733,0x0100
13734,0x0100
13735,0x0100
13736,0x0100
13737,0x0100
13738,0x0100
13739,0x0100
13740,0x0100
13741,0x0100
13742,0x0100
13743,0x0100
13744,0x0100
13745,0x0100
13746,0x0100
13747,0x0100
13748,0x0100
13749,0x0100
13750,0x0100
13751,0x0100
13752,0x0100
13753,0x0100
13754,0x0100
13755,0x0100
13756,0x0100
13757,0x0100
13758,0x0100
13759,0x0100
13760,0x0100
13761,0x0100
13762,0x0100
13763,0x0100
13764,0x0100
13765,0x0100
13766,0x0100
13767,0x0100
13768,0x0100
13769,0x0100
13770,0x0100
13771,0x0100
13772,0x0100
13773,0x0100
13774,0x0100
13775,0x0100
13776,0x0100
13777,0x0100
13778,0x0100
13779,0x0100
13780,0x0100
13781,0x0100
13782,0x0100
13783,0x0100
13784,0x0100
13785,0x0100
13786,0x0100
13787,0x0100
13788,0x0100
13789,0x0100
13790,0x0100
13791,0x0100
13792,0x0100
13793,0x0100
13794,0x0100
13795,0x0100
13796,0x0100
13797,0x0100
13798,0x0100
13799,0x0100
13800,0x0100
13801,0x0100
13802,0x0100
13803,0x0100
13804,0x0100
13805,0x0100
13806,0x0100
13807,0x0100
13808,0x0100
13809,0x0100
13810,0x0100
13811,0x0100
13812,0x0100
13813,0x0100
13814,0x0100
13815,0x0100
13816,0x0100
13817,0x0100
13818,0x0100
13819,0x0100
13820,0x0100
13821,0x0100
13822,0x0100
13823,0x0100
13824,0x0100
13825,0x0100
13826,0x0100
13827,0x0100
13828,0x0100
13829,0x0100
13830,0x0100
13831,0x0100
13832,0x0100
13833,0x0100
13834,0x0100
13835,0x0100
13836,0x0100
13837,0x0100
13838,0x0100
13839,0x0100
13840,0x0100
13841,0x0100
13842,0x0100
13843,0x0100
13844,0x0100
13845,0x0100
13846,0x0100
13847,0x0100
13848,0x0100
13849,0x0100
13850,0x0100
13851,0x0100
13852,0x0100
13853,0x0100
13854,0x0100
13855,0x0100
13856,0x0100
13857,0x0100
13858,0x0100
13859,0x0100
13860,0x0100
13861,0x0100
13862,0x0100
13863,0x0100
13864,0x0100
13865,0x0100
13866,0x0100
13867,0x0100
13868,0x0100
13869,0x0100
13870,0x0100
13871,0x0100
13872,0x0100
13873,0x0100
13874,0x0100
13875,0x0100
13876,0x0100
13877,0x0100
13878,0x0100
13879,0x0100
13880,0x0100
13881,0x0100
13882,0x0100
13883,0x0100
13884,0x0100
13885,0x0100
13886,0x0100
13887,0x0100
13888,0x0100
13889,0x0100
13890,0x0100
13891,0x0100
13892,0x0100
13893,0x0100
13894,0x0100
13895,0x0100
13896,0x0100
13897,0x0100
13898,0x0100
13899,0x0100
13900,0x0100
13901,0x0100
13902,0x0100
13903,0x0100
13904,0x0100
13905,0x0100
13906,0x0100
13907,0x0100
13908,0x0100
13909,0x0100
13910,0x0100
13911,0x0100
13912,0x0100
13913,0x0100
13914,0x0100
13915,0x0100
13916,0x0100
13917,0x0100
13918,0x0100
13919,0x0100
13920,0x0100
13921,0x0100
13922,0x0100
13923,0x0100
13924,0x0100
13925,0x0100
13926,0x0100
13927,0x0100
13928,0x0100
13929,0x0100
13930,0x0100
13931,0x0100
13932,0x0100
13933,0x0100
13934,0x0100
13935,0x0100
13936,0x0100
13937,0x0100
13938,0x0100
13939,0x0100
13940,0x0100
13941,0x0100
13942,0x0100
13943,0x0100
13944,0x0100
13945,0x0100
13946,0x0100
13947,0x0100
13948,0x0100
13949,0x0100
13950,0x0100
13951,0x0100
13952,0x0100
13953,0x0100
13954,0x0100
13955,0x0100
13956,0x0100
13957,0x0100
13958,0x0100
13959,0x0100
13960,0x0100
13961,0x0100
13962,0x0100
13963,0x0100
13964,0x0100
13965,0x0100
13966,0x0100
13967,0x0100
13968,0x0100
13969,0x0100
13970,0x0100
13971,0x0100
13972,0x0100
13973,0x0100
13974,0x0100
13975,0x0100
13976,0x0100
13977,0x0100
13978,0x0100
13979,0x0100
13980,0x0100
13981,0x0100
13982,0x0100
13983,0x0100
13984,0x0100
13985,0x0100
13986,0x0100
13987,0x0100
13988,0x0100
13989,0x0100
13990,0x0100
13991,0x0100
13992,0x0100
13993,0x0100
13994,0x0100
13995,0x0100
13996,0x0100
13997,0x0100
13998,0x0100
13999,0x0100
14000,0x0100
14001,0x0100
14002,0x0100
14003,0x0100
14004,0x0100
14005,0x0100
14006,0x0100
14007,0x0100
14008,0x0100
14009,0x0100
14010,0x0100
14011,0x0100
14012,0x0100
14013,0x0100
14014,0x0100
14015,0x0100
14016,0x0100
14017,0x0100
14018,0x0100
14019,0x0100
14020,0x0100
14021,0x0100
14022,0x0100
14023,0x0100
14024,0x0100
14025,0x0100
14026,0x0100
14027,0x0100
14028,0x0100
14029,0x0100
14030,0x0100
14031,0x0100
14032,0x0100
14033,0x0100
14034,0x0100
14035,0x0100
14036,0x0100
14037,0x0100
14038,0x0100
14039,0x0100
14040,0x0100
14041,0x0100
14042,0x0100
14043,0x0100
14044,0x0100
14045,0x0100
14046,0x0100
14047,0x0100
14048,0x0100
14049,0x0100
14050,0x0100
14051,0x0100
14052,0x0100
14053,0x0100
14054,0x0100
14055,0x0100
14056,0x0100
14057,0x0100
14058,0x0100
14059,0x0100
14060,0x0100
14061,0x0100
14062,0x0100
14063,0x0100
14064,0x0100
14065,0x0100
14066,0x0100
14067,0x0100
14068,0x0100
14069,0x0100
14070,0x0100
14071,0x0100
14072,0x0100
14073,0x0100
14074,0x0100
14075,0x0100
14076,0x0100
14077,0x0100
14078,0x0100
14079,0x0100
14080,0x0100
14081,0x0100
14082,0x0100
14083,0x0100
14084,0x0100
14085,0x0100
14086,0x0100
14087,0x0100
14088,0x0100
14089,0x0100
14090,0x0100
14091,0x0100
14092,0x0100
14093,0x0100
14094,0x0100
14095,0x0100
14096,0x0100
14097,0x0100
14098,0x0100
14099,0x0100
14100,0x0100
14101,0x0100
14102,0x0100
14103,0x0100
14104,0x0100
14105,0x0100
14106,0x0100
14107,0x0100
14108,0x0100
14109,0x0100
14110,0x0100
14111,0x0100
14112,0x0100
14113,0x0100
14114,0x0100
14115,0x0100
14116,0x0100
14117,0x0100
14118,0x0100
14119,0x0100
14120,0x0100
14121,0x0100
14122,0x0100
14123,0x0100
14124,0x0100
14125,0x0100
14126,0x0100
14127,0x0100
14128,0x0100
14129,0x0100
14130,0x0100
14131,0x0100
14132,0x0100
14133,0x0100
14134,0x0100
14135,0x0100
14136,0x0100
14137,0x0100
14138,0x0100
14139,0x0100
14140,0x0100
14141,0x0100
14142,0x0100
14143,0x0100
14144,0x0100
14145,0x0100
14146,0x0100
14147,0x0100
14148,0x0100
14149,0x0100
14150,0x0100
14151,0x0100
14152,0x0100
14153,0x0100
14154,0x0100
14155,0x0100
14156,0x0100
14157,0x0100
14158,0x0100
14159,0x0100
14160,0x0100
14161,0x0100
14162,0x0100
14163,0x0100
14164,0x0100
14165,0x0100
14166,0x0100
14167,0x0100
14168,0x0100
14169,0x0100
14170,0x0100
14171,0x0100
14172,0x0100
14173,0x0100
14174,0x0100
14175,0x0100
14176,0x0100
14177,0x0100
14178,0x0100
14179,0x0100
14180,0x0100
14181,0x0100
14182,0x0100
14183,0x0100
14184,0x0100
14185,0x0100
14186,0x0100
14187,0x0100
14188,0x0100
14189,0x0100
14190,0x0100
14191,0x0100
14192,0x0100
14193,0x0100
14194,0x0100
14195,0x0100
14196,0x0100
14197,0x0100
14198,0x0100
14199,0x0100
14200,0x0100
14201,0x0100
14202,0x0100
14203,0x0100
14204,0x0100
14205,0x0100
14206,0x0100
14207,0x0100
14208,0x0100
14209,0x0100
14210,0x0100
14211,0x0100
14212,0x0100
14213,0x0100
14214,0x0100
14215,0x0100
14216,0x0100
14217,0x0100
14218,0x0100
14219,0x0100
14220,0x0100
14221,0x0100
14222,0x0100
14223,0x0100
14224,0x0100
14225,0x0100
14226,0x0100
14227,0x0100
14228,0x0100
14229,0x0100
14230,0x0100
14231,0x0100
14232,0x0100
14233,0x0100
14234,0x0100
14235,0x0100
14236,0x0100
14237,0x0100
14238,0x0100
14239,0x0100
14240,0x0100
14241,0x0100
14242,0x0100
14243,0x0100
14244,0x0100
14245,0x0100
14246,0x0100
14247,0x0100
14248,0x0100
14249,0x0100
14250,0x0100
14251,0x0100
14252,0x0100
14253,0x0100
14254,0x0100
14255,0x0100
14256,0x0100
14257,0x0100
14258,0x0100
14259,0x0100
14260,0x0100
14261,0x0100
14262,0x0100
14263,0x0100
14264,0x0100
14265,0x0100
14266,0x0100
14267,0x0100
14268,0x0100
14269,0x0100
14270,0x0100
14271,0x0100
14272,0x0100
14273,0x0100
14274,0x0100
14275,0x0100
14276,0x0100
14277,0x0100
14278,0x0100
14279,0x0100
14280,0x0100
14281,0x0100
14282,0x0100
14283,0x0100
14284,0x0100
14285,0x0100
14286,0x0100
14287,0x0100
14288,0x0100
14289,0x0100
14290,0x0100
14291,0x0100
14292,0x0100
14293,0x0100
14294,0x0100
14295,0x0100
14296,0x0100
14297,0x0100
14298,0x0100
14299,0x0100
14300,0x0100
14301,0x0100
14302,0x0100
14303,0x0100
14304,0x0100
14305,0x0100
14306,0x0100
14307,0x0100
14308,0x0100
14309,0x0100
14310,0x0100
14311,0x0100
14312,0x0100
14313,0x0100
14314,0x0100
14315,0x0100
14316,0x0100
14317,0x0100
14318,0x0100
14319,0x0100
14320,0x0100
14321,0x0100
14322,0x0100
14323,0x0100
14324,0x0100
14325,0x0100
14326,0x0100
14327,0x0100
14328,0x0100
14329,0x0100
14330,0x0100
14331,0x0100
14332,0x0100
14333,0x0100
14334,0x0100
14335,0x0100
14336,0x0100
14337,0x0100
14338,0x0100
14339,0x0100
14340,0x0100
14341,0x0100
14342,0x0100
14343,0x0100
14344,0x0100
14345,0x0100
14346,0x0100
14347,0x0100
14348,0x0100
14349,0x0100
14350,0x0100
14351,0x0100
14352,0x0100
14353,0x0100
14354,0x0100
14355,0x0100
14356,0x0100
14357,0x0100
14358,0x0100
14359,0x0100
14360,0x0100
14361,0x0100
14362,0x0100
14363,0x0100
14364,0x0100
14365,0x0100
14366,0x0100
14367,0x0100
14368,0x0100
14369,0x0100
14370,0x0100
14371,0x0100
14372,0x0100
14373,0x0100
14374,0x0100
14375,0x0100
14376,0x0100
14377,0x0100
14378,0x0100
14379,0x0100
14380,0x0100
14381,0x0100
14382,0x0100
14383,0x0100
14384,0x0100
14385,0x0100
14386,0x0100
14387,0x0100
14388,0x0100
14389,0x0100
14390,0x0100
14391,0x0100
14392,0x0100
14393,0x0100
14394,0x0100
14395,0x0100
14396,0x0100
14397,0x0100
14398,0x0100
14399,0x0100
14400,0x0100
14401,0x0100
14402,0x0100
14403,0x0100
14404,0x0100
14405,0x0100
14406,0x0100
14407,0x0100
14408,0x0100
14409,0x0100
14410,0x0100
14411,0x0100
14412,0x0100
14413,0x0100
14414,0x0100
14415,0x0100
14416,0x0100
14417,0x0100
14418,0x0100
14419,0x0100
14420,0x0100
14421,0x0100
14422,0x0100
14423,0x0100
14424,0x0100
14425,0x0100
14426,0x0100
14427,0x0100
14428,0x0100
14429,0x0100
14430,0x0100
14431,0x0100
14432,0x0100
14433,0x0100
14434,0x0100
14435,0x0100
14436,0x0100
14437,0x0100
14438,0x0100
14439,0x0100
14440,0x0100
14441,0x0100
14442,0x0100
14443,0x0100
14444,0x0100
14445,0x0100
14446,0x0100
14447,0x0100
14448,0x0100
14449,0x0100
14450,0x0100
14451,0x0100
14452,0x0100
14453,0x0100
14454,0x0100
14455,0x0100
14456,0x0100
14457,0x0100
14458,0x0100
14459,0x0100
14460,0x0100
14461,0x0100
14462,0x0100
14463,0x0100
14464,0x0100
14465,0x0100
14466,0x0100
14467,0x0100
14468,0x0100
14469,0x0100
14470,0x0100
14471,0x0100
14472,0x0100
14473,0x0100
14474,0x0100
14475,0x0100
14476,0x0100
14477,0x0100
14478,0x0100
14479,0x0100
14480,0x0100
14481,0x0100
14482,0x0100
14483,0x0100
14484,0x0100
14485,0x0100
14486,0x0100
14487,0x0100
14488,0x0100
14489,0x0100
14490,0x0100
14491,0x0100
14492,0x0100
14493,0x0100
14494,0x0100
14495,0x0100
14496,0x0100
14497,0x0100
14498,0x0100
14499,0x0100
14500,0x0100
14501,0x0100
14502,0x0100
14503,0x0100
14504,0x0100
14505,0x0100
14506,0x0100
14507,0x0100
14508,0x0100
14509,0x0100
14510,0x0100
14511,0x0100
14512,0x0100
14513,0x0100
14514,0x0100
14515,0x0100
14516,0x0100
14517,0x0100
14518,0x0100
14519,0x0100
14520,0x0100
14521,0x0100
14522,0x0100
14523,0x0100
14524,0x0100
14525,0x0100
14526,0x0100
14527,0x0100
14528,0x0100
14529,0x0100
14530,0x0100
14531,0x0100
14532,0x0100
14533,0x0100
14534,0x0100
14535,0x0100
14536,0x0100
14537,0x0100
14538,0x0100
14539,0x0100
14540,0x0100
14541,0x0100
14542,0x0100
14543,0x0100
14544,0x0100
14545,0x0100
14546,0x0100
14547,0x0100
14548,0x0100
14549,0x0100
14550,0x0100
14551,0x0100
14552,0x0100
14553,0x0100
14554,0x0100
14555,0x0100
14556,0x0100
14557,0x0100
14558,0x0100
14559,0x0100
14560,0x0100
14561,0x0100
14562,0x0100
14563,0x0100
14564,0x0100
14565,0x0100
14566,0x0100
14567,0x0100
14568,0x0100
14569,0x0100
14570,0x0100
14571,0x0100
14572,0x0100
14573,0x0100
14574,0x0100
14575,0x0100
14576,0x0100
14577,0x0100
14578,0x0100
14579,0x0100
14580,0x0100
14581,0x0100
14582,0x0100
14583,0x0100
14584,0x0100
14585,0x0100
14586,0x0100
14587,0x0100
14588,0x0100
14589,0x0100
14590,0x0100
14591,0x0100
14592,0x0100
14593,0x0100
14594,0x0100
14595,0x0100
14596,0x0100
14597,0x0100
14598,0x0100
14599,0x0100
14600,0x0100
14601,0x0100
14602,0x0100
14603,0x0100
14604,0x0100
14605,0x0100
14606,0x0100
14607,0x0100
14608,0x0100
14609,0x0100
14610,0x0100
14611,0x0100
14612,0x0100
14613,0x0100
14614,0x0100
14615,0x0100
14616,0x0100
14617,0x0100
14618,0x0100
14619,0x0100
14620,0x0100
14621,0x0100
14622,0x0100
14623,0x0100
14624,0x0100
14625,0x0100
14626,0x0100
14627,0x0100
14628,0x0100
14629,0x0100
14630,0x0100
14631,0x0100
14632,0x0100
14633,0x0100
14634,0x0100
14635,0x0100
14636,0x0100
14637,0x0100
14638,0x0100
14639,0x0100
14640,0x0100
14641,0x0100
14642,0x0100
14643,0x0100
14644,0x0100
14645,0x0100
14646,0x0100
14647,0x0100
14648,0x0100
14649,0x0100
14650,0x0100
14651,0x0100
14652,0x0100
14653,0x0100
14654,0x0100
14655,0x0100
14656,0x0100
14657,0x0100
14658,0x0100
14659,0x0100
14660,0x0100
14661,0x0100
14662,0x0100
14663,0x0100
14664,0x0100
14665,0x0100
14666,0x0100
14667,0x0100
14668,0x0100
14669,0x0100
14670,0x0100
14671,0x0100
14672,0x0100
14673,0x0100
14674,0x0100
14675,0x0100
14676,0x0100
14677,0x0100
14678,0x0100
14679,0x0100
14680,0x0100
14681,0x0100
14682,0x0100
14683,0x0100
14684,0x0100
14685,0x0100
14686,0x0100
14687,0x0100
14688,0x0100
14689,0x0100
14690,0x0100
14691,0x0100
14692,0x0100
14693,0x0100
14694,0x0100
14695,0x0100
14696,0x0100
14697,0x0100
14698,0x0100
14699,0x0100
14700,0x0100
14701,0x0100
14702,0x0100
14703,0x0100
14704,0x0100
14705,0x0100
14706,0x0100
14707,0x0100
14708,0x0100
14709,0x0100
14710,0x0100
14711,0x0100
14712,0x0100
14713,0x0100
14714,0x0100
14715,0x0100
14716,0x0100
14717,0x0100
14718,0x0100
14719,0x0100
14720,0x0100
14721,0x0100
14722,0x0100
14723,0x0100
14724,0x0100
14725,0x0100
14726,0x0100
14727,0x0100
14728,0x0100
14729,0x0100
14730,0x0100
14731,0x0100
14732,0x0100
14733,0x0100
14734,0x0100
14735,0x0100
14736,0x0100
14737,0x0100
14738,0x0100
14739,0x0100
14740,0x0100
14741,0x0100
14742,0x0100
14743,0x0100
14744,0x0100
14745,0x0100
14746,0x0100
14747,0x0100
14748,0x0100
14749,0x0100
14750,0x0100
14751,0x0100
14752,0x0100
14753,0x0100
14754,0x0100
14755,0x0100
14756,0x0100
14757,0x0100
14758,0x0100
14759,0x0100
14760,0x0100
14761,0x0100
14762,0x0100
14763,0x0100
14764,0x0100
14765,0x0100
14766,0x0100
14767,0x0100
14768,0x0100
14769,0x0100
14770,0x0100
14771,0x0100
14772,0x0100
14773,0x0100
14774,0x0100
14775,0x0100
14776,0x0100
14777,0x0100
14778,0x0100
14779,0x0100
14780,0x0100
14781,0x0100
14782,0x0100
14783,0x0100
14784,0x0100
14785,0x0100
14786,0x0100
14787,0x0100
14788,0x0100
14789,0x0100
14790,0x0100
14791,0x0100
14792,0x0100
14793,0x0100
14794,0x0100
14795,0x0100
14796,0x0100
14797,0x0100
14798,0x0100
14799,0x0100
14800,0x0100
14801,0x0100
14802,0x0100
14803,0x0100
14804,0x0100
14805,0x0100
14806,0x0100
14807,0x0100
14808,0x0100
14809,0x0100
14810,0x0100
14811,0x0100
14812,0x0100
14813,0x0100
14814,0x0100
14815,0x0100
14816,0x0100
14817,0x0100
14818,0x0100
14819,0x0100
14820,0x0100
14821,0x0100
14822,0x0100
14823,0x0100
14824,0x0100
14825,0x0100
14826,0x0100
14827,0x0100
14828,0x0100
14829,0x0100
14830,0x0100
14831,0x0100
14832,0x0100
14833,0x0100
14834,0x0100
14835,0x0100
14836,0x0100
14837,0x0100
14838,0x0100
14839,0x0100
14840,0x0100
14841,0x0100
14842,0x0100
14843,0x0100
14844,0x0100
14845,0x0100
14846,0x0100
14847,0x0100
14848,0x0100
14849,0x0100
14850,0x0100
14851,0x0100
14852,0x0100
14853,0x0100
14854,0x0100
14855,0x0100
14856,0x0100
14857,0x0100
14858,0x0100
14859,0x0100
14860,0x0100
14861,0x0100
14862,0x0100
14863,0x0100
14864,0x0100
14865,0x0100
14866,0x0100
14867,0x0100
14868,0x0100
14869,0x0100
14870,0x0100
14871,0x0100
14872,0x0100
14873,0x0100
14874,0x0100
14875,0x0100
14876,0x0100
14877,0x0100
14878,0x0100
14879,0x0100
14880,0x0100
14881,0x0100
14882,0x0100
14883,0x0100
14884,0x0100
14885,0x0100
14886,0x0100
14887,0x0100
14888,0x0100
14889,0x0100
14890,0x0100
14891,0x0100
14892,0x0100
14893,0x0100
14894,0x0100
14895,0x0100
14896,0x0100
14897,0x0100
14898,0x0100
14899,0x0100
14900,0x0100
14901,0x0100
14902,0x0100
14903,0x0100
14904,0x0100
14905,0x0100
14906,0x0100
14907,0x0100
14908,0x0100
14909,0x0100
14910,0x0100
14911,0x0100
14912,0x0100
14913,0x0100
14914,0x0100
14915,0x0100
14916,0x0100
14917,0x0100
14918,0x0100
14919,0x0100
14920,0x0100
14921,0x0100
14922,0x0100
14923,0x0100
14924,0x0100
14925,0x0100
14926,0x0100
14927,0x0100
14928,0x0100
14929,0x0100
14930,0x0100
14931,0x0100
14932,0x0100
14933,0x0100
14934,0x0100
14935,0x0100
14936,0x0100
14937,0x0100
14938,0x0100
14939,0x0100
14940,0x0100
14941,0x0100
14942,0x0100
14943,0x0100
14944,0x0100
14945,0x0100
14946,0x0100
14947,0x0100
14948,0x0100
14949,0x0100
14950,0x0100
14951,0x0100
14952,0x0100
14953,0x0100
14954,0x0100
14955,0x0100
14956,0x0100
14957,0x0100
14958,0x0100
14959,0x0100
14960,0x0100
14961,0x0100
14962,0x0100
14963,0x0100
14964,0x0100
14965,0x0100
14966,0x0100
14967,0x0100
14968,0x0100
14969,0x0100
14970,0x0100
14971,0x0100
14972,0x0100
14973,0x0100
14974,0x0100
14975,0x0100
14976,0x0100
14977,0x0100
14978,0x0100
14979,0x0100
14980,0x0100
14981,0x0100
14982,0x0100
14983,0x0100
14984,0x0100
14985,0x0100
14986,0x0100
14987,0x0100
14988,0x0100
14989,0x0100
14990,0x0100
14991,0x0100
14992,0x0100
14993,0x0100
14994,0x0100
14995,0x0100
14996,0x0100
14997,0x0100
14998,0x0100
14999,0x0100
15000,0x0100
15001,0x0100
15002,0x0100
15003,0x0100
15004,0x0100
15005,0x0100
15006,0x0100
15007,0x0100
15008,0x0100
15009,0x0100
15010,0x0100
15011,0x0100
15012,0x0100
15013,0x0100
15014,0x0100
15015,0x0100
15016,0x0100
15017,0x0100
15018,0x0100
15019,0x0100
15020,0x0100
15021,0x0100
15022,0x0100
15023,0x0100
15024,0x0100
15025,0x0100
15026,0x0100
15027,0x0100
15028,0x0100
15029,0x0100
15030,0x0100
15031,0x0100
15032,0x0100
15033,0x0100
15034,0x0100
15035,0x0100
15036,0x0100
15037,0x0100
15038,0x0100
15039,0x0100
15040,0x0100
15041,0x0100
15042,0x0100
15043,0x0100
15044,0x0100
15045,0x0100
15046,0x0100
15047,0x0100
15048,0x0100
15049,0x0100
15050,0x0100
15051,0x0100
15052,0x0100
15053,0x0100
15054,0x0100
15055,0x0100
15056,0x0100
15057,0x0100
15058,0x0100
15059,0x0100
15060,0x0100
15061,0x0100
15062,0x0100
15063,0x0100
15064,0x0100
15065,0x0100
15066,0x0100
15067,0x0100
15068,0x0100
15069,0x0100
15070,0x0100
15071,0x0100
15072,0x0100
15073,0x0100
15074,0x0100
15075,0x0100
15076,0x0100
15077,0x0100
15078,0x0100
15079,0x0100
15080,0x0100
15081,0x0100
15082,0x0100
15083,0x0100
15084,0x0100
15085,0x0100
15086,0x0100
15087,0x0100
15088,0x0100
15089,0x0100
15090,0x0100
15091,0x0100
15092,0x0100
15093,0x0100
15094,0x0100
15095,0x0100
15096,0x0100
15097,0x0100
15098,0x0100
15099,0x0100
15100,0x0100
15101,0x0100
15102,0x0100
15103,0x0100
15104,0x0100
15105,0x0100
15106,0x0100
15107,0x0100
15108,0x0100
15109,0x0100
15110,0x0100
15111,0x0100
15112,0x0100
15113,0x0100
15114,0x0100
15115,0x0100
15116,0x0100
15117,0x0100
15118,0x0100
15119,0x0100
15120,0x0100
15121,0x0100
15122,0x0100
15123,0x0100
15124,0x0100
15125,0x0100
15126,0x0100
15127,0x0100
15128,0x0100
15129,0x0100
15130,0x0100
15131,0x0100
15132,0x0100
15133,0x0100
15134,0x0100
15135,0x0100
15136,0x0100
15137,0x0100
15138,0x0100
15139,0x0100
15140,0x0100
15141,0x0100
15142,0x0100
15143,0x0100
15144,0x0100
15145,0x0100
15146,0x0100
15147,0x0100
15148,0x0100
15149,0x0100
15150,0x0100
15151,0x0100
15152,0x0100
15153,0x0100
15154,0x0100
15155,0x0100
15156,0x0100
15157,0x0100
15158,0x0100
15159,0x0100
15160,0x0100
15161,0x0100
15162,0x0100
15163,0x0100
15164,0x0100
15165,0x0100
15166,0x0100
15167,0x0100
15168,0x0100
15169,0x0100
15170,0x0100
15171,0x0100
15172,0x0100
15173,0x0100
15174,0x0100
15175,0x0100
15176,0x0100
15177,0x0100
15178,0x0100
15179,0x0100
15180,0x0100
15181,0x0100
15182,0x0100
15183,0x0100
15184,0x0100
15185,0x0100
15186,0x0100
15187,0x0100
15188,0x0100
15189,0x0100
15190,0x0100
15191,0x0100
15192,0x0100
15193,0x0100
15194,0x0100
15195,0x0100
15196,0x0100
15197,0x0100
15198,0x0100
15199,0x0100
15200,0x0100
15201,0x0100
15202,0x0100
15203,0x0100
15204,0x0100
15205,0x0100
15206,0x0100
15207,0x0100
15208,0x0100
15209,0x0100
15210,0x0100
15211,0x0100
15212,0x0100
15213,0x0100
15214,0x0100
15215,0x0100
15216,0x0100
15217,0x0100
15218,0x0100
15219,0x0100
15220,0x0100
15221,0x0100
15222,0x0100
15223,0x0100
15224,0x0100
15225,0x0100
15226,0x0100
15227,0x0100
15228,0x0100
15229,0x0100
15230,0x0100
15231,0x0100
15232,0x0100
15233,0x0100
15234,0x0100
15235,0x0100
15236,0x0100
15237,0x0100
15238,0x0100
15239,0x0100
15240,0x0100
15241,0x0100
15242,0x0100
15243,0x0100
15244,0x0100
15245,0x0100
15246,0x0100
15247,0x0100
15248,0x0100
15249,0x0100
15250,0x0100
15251,0x0100
15252,0x0100
15253,0x0100
15254,0x0100
15255,0x0100
15256,0x0100
15257,0x0100
15258,0x0100
15259,0x0100
15260,0x0100
15261,0x0100
15262,0x0100
15263,0x0100
15264,0x0100
15265,0x0100
15266,0x0100
15267,0x0100
15268,0x0100
15269,0x0100
15270,0x0100
15271,0x0100
15272,0x0100
15273,0x0100
15274,0x0100
15275,0x0100
15276,0x0100
15277,0x0100
15278,0x0100
15279,0x0100
15280,0x0100
15281,0x0100
15282,0x0100
15283,0x0100
15284,0x0100
15285,0x0100
15286,0x0100
15287,0x0100
15288,0x0100
15289,0x0100
15290,0x0100
15291,0x0100
15292,0x0100
15293,0x0100
15294,0x0100
15295,0x0100
15296,0x0100
15297,0x0100
15298,0x0100
15299,0x0100
15300,0x0100
15301,0x0100
15302,0x0100
15303,0x0100
15304,0x0100
15305,0x0100
15306,0x0100
15307,0x0100
15308,0x0100
15309,0x0100
15310,0x0100
15311,0x0100
15312,0x0100
15313,0x0100
15314,0x0100
15315,0x0100
15316,0x0100
15317,0x0100
15318,0x0100
15319,0x0100
15320,0x0100
15321,0x0100
15322,0x0100
15323,0x0100
15324,0x0100
15325,0x0100
15326,0x0100
15327,0x0100
15328,0x0100
15329,0x0100
15330,0x0100
15331,0x0100
15332,0x0100
15333,0x0100
15334,0x0100
15335,0x0100
15336,0x0100
15337,0x0100
15338,0x0100
15339,0x0100
15340,0x0100
15341,0x0100
15342,0x0100
15343,0x0100
15344,0x0100
15345,0x0100
15346,0x0100
15347,0x0100
15348,0x0100
15349,0x0100
15350,0x0100
15351,0x0100
15352,0x0100
15353,0x0100
15354,0x0100
15355,0x0100
15356,0x0100
15357,0x0100
15358,0x0100
15359,0x0100
15360,0x0100
15361,0x0100
15362,0x0100
15363,0x0100
15364,0x0100
15365,0x0100
15366,0x0100
15367,0x0100
15368,0x0100
15369,0x0100
15370,0x0100
15371,0x0100
15372,0x0100
15373,0x0100
15374,0x0100
15375,0x0100
15376,0x0100
15377,0x0100
15378,0x0100
15379,0x0100
15380,0x0100
15381,0x0100
15382,0x0100
15383,0x0100
15384,0x0100
15385,0x0100
15386,0x0100
15387,0x0100
15388,0x0100
15389,0x0100
15390,0x0100
15391,0x0100
15392,0x0100
15393,0x0100
15394,0x0100
15395,0x0100
15396,0x0100
15397,0x0100
15398,0x0100
15399,0x0100
15400,0x0100
15401,0x0100
15402,0x0100
15403,0x0100
15404,0x0100
15405,0x0100
15406,0x0100
15407,0x0100
15408,0x0100
15409,0x0100
15410,0x0100
15411,0x0100
15412,0x0100
15413,0x0100
15414,0x0100
15415,0x0100
15416,0x0100
15417,0x0100
15418,0x0100
15419,0x0100
15420,0x0100
15421,0x0100
15422,0x0100
15423,0x0100
15424,0x0100
15425,0x0100
15426,0x0100
15427,0x0100
15428,0x0100
15429,0x0100
15430,0x0100
15431,0x0100
15432,0x0100
15433,0x0100
15434,0x0100
15435,0x0100
15436,0x0100
15437,0x0100
15438,0x0100
15439,0x0100
15440,0x0100
15441,0x0100
15442,0x0100
15443,0x0100
15444,0x0100
15445,0x0100
15446,0x0100
15447,0x0100
15448,0x0100
15449,0x0100
15450,0x0100
15451,0x0100
15452,0x0100
15453,0x0100
15454,0x0100
15455,0x0100
15456,0x0100
15457,0x0100
15458,0x0100
15459,0x0100
15460,0x0100
15461,0x0100
15462,0x0100
15463,0x0100
15464,0x0100
15465,0x0100
15466,0x0100
15467,0x0100
15468,0x0100
15469,0x0100
15470,0x0100
15471,0x0100
15472,0x0100
15473,0x0100
15474,0x0100
15475,0x0100
15476,0x0100
15477,0x0100
15478,0x0100
15479,0x0100
15480,0x0100
15481,0x0100
15482,0x0100
15483,0x0100
15484,0x0100
15485,0x0100
15486,0x0100
15487,0x0100
15488,0x0100
15489,0x0100
15490,0x0100
15491,0x0100
15492,0x0100
15493,0x0100
15494,0x0100
15495,0x0100
15496,0x0100
15497,0x0100
15498,0x0100
15499,0x0100
15500,0x0100
15501,0x0100
15502,0x0100
15503,0x0100
15504,0x0100
15505,0x0100
15506,0x0100
15507,0x0100
15508,0x0100
15509,0x0100
15510,0x0100
15511,0x0100
15512,0x0100
15513,0x0100
15514,0x0100
15515,0x0100
15516,0x0100
15517,0x0100
15518,0x0100
15519,0x0100
15520,0x0100
15521,0x0100
15522,0x0100
15523,0x0100
15524,0x0100
15525,0x0100
15526,0x0100
15527,0x0100
15528,0x0100
15529,0x0100
15530,0x0100
15531,0x0100
15532,0x0100
15533,0x0100
15534,0x0100
15535,0x0100
15536,0x0100
15537,0x0100
15538,0x0100
15539,0x0100
15540,0x0100
15541,0x0100
15542,0x0100
15543,0x0100
15544,0x0100
15545,0x0100
15546,0x0100
15547,0x0100
15548,0x0100
15549,0x0100
15550,0x0100
15551,0x0100
15552,0x0100
15553,0x0100
15554,0x0100
15555,0x0100
15556,0x0100
15557,0x0100
15558,0x0100
15559,0x0100
15560,0x0100
15561,0x0100
15562,0x0100
15563,0x0100
15564,0x0100
15565,0x0100
15566,0x0100
15567,0x0100
15568,0x0100
15569,0x0100
15570,0x0100
15571,0x0100
15572,0x0100
15573,0x0100
15574,0x0100
15575,0x0100
15576,0x0100
15577,0x0100
15578,0x0100
15579,0x0100
15580,0x0100
15581,0x0100
15582,0x0100
15583,0x0100
15584,0x0100
15585,0x0100
15586,0x0100
15587,0x0100
15588,0x0100
15589,0x0100
15590,0x0100
15591,0x0100
15592,0x0100
15593,0x0100
15594,0x0100
15595,0x0100
15596,0x0100
15597,0x0100
15598,0x0100
15599,0x0100
15600,0x0100
15601,0x0100
15602,0x0100
15603,0x0100
15604,0x0100
15605,0x0100
15606,0x0100
15607,0x0100
15608,0x0100
15609,0x0100
15610,0x0100
15611,0x0100
15612,0x0100
15613,0x0100
15614,0x0100
15615,0x0100
15616,0x0100
15617,0x0100
15618,0x0100
15619,0x0100
15620,0x0100
15621,0x0100
15622,0x0100
15623,0x0100
15624,0x0100
15625,0x0100
15626,0x0100
15627,0x0100
15628,0x0100
15629,0x0100
15630,0x0100
15631,0x0100
15632,0x0100
15633,0x0100
15634,0x0100
15635,0x0100
15636,0x0100
15637,0x0100
15638,0x0100
15639,0x0100
15640,0x0100
15641,0x0100
15642,0x0100
15643,0x0100
15644,0x0100
15645,0x0100
15646,0x0100
15647,0x0100
15648,0x0100
15649,0x0100
15650,0x0100
15651,0x0100
15652,0x0100
15653,0x0100
15654,0x0100
15655,0x0100
15656,0x0100
15657,0x0100
15658,0x0100
15659,0x0100
15660,0x0100
15661,0x0100
15662,0x0100
15663,0x0100
15664,0x0100
15665,0x0100
15666,0x0100
15667,0x0100
15668,0x0100
15669,0x0100
15670,0x0100
15671,0x0100
15672,0x0100
15673,0x0100
15674,0x0100
15675,0x0100
15676,0x0100
15677,0x0100
15678,0x0100
15679,0x0100
15680,0x0100
15681,0x0100
15682,0x0100
15683,0x0100
15684,0x0100
15685,0x0100
15686,0x0100
15687,0x0100
15688,0x0100
15689,0x0100
15690,0x0100
15691,0x0100
15692,0x0100
15693,0x0100
15694,0x0100
15695,0x0100
15696,0x0100
15697,0x0100
15698,0x0100
15699,0x0100
15700,0x0100
15701,0x0100
15702,0x0100
15703,0x0100
15704,0x0100
15705,0x0100
15706,0x0100
15707,0x0100
15708,0x0100
15709,0x0100
15710,0x0100
15711,0x0100
15712,0x0100
15713,0x0100
15714,0x0100
15715,0x0100
15716,0x0100
15717,0x0100
15718,0x0100
15719,0x0100
15720,0x0100
15721,0x0100
15722,0x0100
15723,0x0100
15724,0x0100
15725,0x0100
15726,0x0100
15727,0x0100
15728,0x0100
15729,0x0100
15730,0x0100
15731,0x0100
15732,0x0100
15733,0x0100
15734,0x0100
15735,0x0100
15736,0x0100
15737,0x0100
15738,0x0100
15739,0x0100
15740,0x0100
15741,0x0100
15742,0x0100
15743,0x0100
15744,0x0100
15745,0x0100
15746,0x0100
15747,0x0100
15748,0x0100
15749,0x0100
15750,0x0100
15751,0x0100
15752,0x0100
15753,0x0100
15754,0x0100
15755,0x0100
15756,0x0100
15757,0x0100
15758,0x0100
15759,0x0100
15760,0x0100
15761,0x0100
15762,0x0100
15763,0x0100
15764,0x0100
15765,0x0100
15766,0x0100
15767,0x0100
15768,0x0100
15769,0x0100
15770,0x0100
15771,0x0100
15772,0x0100
15773,0x0100
15774,0x0100
15775,0x0100
15776,0x0100
15777,0x0100
15778,0x0100
15779,0x0100
15780,0x0100
15781,0x0100
15782,0x0100
15783,0x0100
15784,0x0100
15785,0x0100
15786,0x0100
15787,0x0100
15788,0x0100
15789,0x0100
15790,0x0100
15791,0x0100
15792,0x0100
15793,0x0100
15794,0x0100
15795,0x0100
15796,0x0100
15797,0x0100
15798,0x0100
15799,0x0100
15800,0x0100
15801,0x0100
15802,0x0100
15803,0x0100
15804,0x0100
15805,0x0100
15806,0x0100
15807,0x0100
15808,0x0100
15809,0x0100
15810,0x0100
15811,0x0100
15812,0x0100
15813,0x0100
15814,0x0100
15815,0x0100
15816,0x0100
15817,0x0100
15818,0x0100
15819,0x0100
15820,0x0100
15821,0x0100
15822,0x0100
15823,0x0100
15824,0x0100
15825,0x0100
15826,0x0100
15827,0x0100
15828,0x0100
15829,0x0100
15830,0x0100
15831,0x0100
15832,0x0100
15833,0x0100
15834,0x0100
15835,0x0100
15836,0x0100
15837,0x0100
15838,0x0100
15839,0x0100
15840,0x0100
15841,0x0100
15842,0x0100
15843,0x0100
15844,0x0100
15845,0x0100
15846,0x0100
15847,0x0100
15848,0x0100
15849,0x0100
15850,0x0100
15851,0x0100
15852,0x0100
15853,0x0100
15854,0x0100
15855,0x0100
15856,0x0100
15857,0x0100
15858,0x0100
15859,0x0100
15860,0x0100
15861,0x0100
15862,0x0100
15863,0x0100
15864,0x0100
15865,0x0100
15866,0x0100
15867,0x0100
15868,0x0100
15869,0x0100
15870,0x0100
15871,0x0100
15872,0x0100
15873,0x0100
15874,0x0100
15875,0x0100
15876,0x0100
15877,0x0100
15878,0x0100
15879,0x0100
15880,0x0100
15881,0x0100
15882,0x0100
15883,0x0100
15884,0x0100
15885,0x0100
15886,0x0100
15887,0x0100
15888,0x0100
15889,0x0100
15890,0x0100
15891,0x0100
15892,0x0100
15893,0x0100
15894,0x0100
15895,0x0100
15896,0x0100
15897,0x0100
15898,0x0100
15899,0x0100
15900,0x0100
15901,0x0100
15902,0x0100
15903,0x0100
15904,0x0100
15905,0x0100
15906,0x0100
15907,0x0100
15908,0x0100
15909,0x0100
15910,0x0100
15911,0x0100
15912,0x0100
15913,0x0100
15914,0x0100
15915,0x0100
15916,0x0100
15917,0x0100
15918,0x0100
15919,0x0100
15920,0x0100
15921,0x0100
15922,0x0100
15923,0x0100
15924,0x0100
15925,0x0100
15926,0x0100
15927,0x0100
15928,0x0100
15929,0x0100
15930,0x0100
15931,0x0100
15932,0x0100
15933,0x0100
15934,0x0100
15935,0x0100
15936,0x0100
15937,0x0100
15938,0x0100
15939,0x0100
15940,0x0100
15941,0x0100
15942,0x0100
15943,0x0100
15944,0x0100
15945,0x0100
15946,0x0100
15947,0x0100
15948,0x0100
15949,0x0100
15950,0x0100
15951,0x0100
15952,0x0100
15953,0x0100
15954,0x0100
15955,0x0100
15956,0x0100
15957,0x0100
15958,0x0100
15959,0x0100
15960,0x0100
15961,0x0100
15962,0x0100
15963,0x0100
15964,0x0100
15965,0x0100
15966,0x0100
15967,0x0100
15968,0x0100
15969,0x0100
15970,0x0100
15971,0x0100
15972,0x0100
15973,0x0100
15974,0x0100
15975,0x0100
15976,0x0100
15977,0x0100
15978,0x0100
15979,0x0100
15980,0x0100
15981,0x0100
15982,0x0100
15983,0x0100
15984,0x0100
15985,0x0100
15986,0x0100
15987,0x0100
15988,0x0100
15989,0x0100
15990,0x0100
15991,0x0100
15992,0x0100
15993,0x0100
15994,0x0100
15995,0x0100
15996,0x0100
15997,0x0100
15998,0x0100
15999,0x0100
16000,0x0100
16001,0x0100
16002,0x0100
16003,0x0100
16004,0x0100
16005,0x0100
16006,0x0100
16007,0x0100
16008,0x0100
16009,0x0100
16010,0x0100
16011,0x0100
16012,0x0100
16013,0x0100
16014,0x0100
16015,0x0100
16016,0x0100
16017,0x0100
16018,0x0100
16019,0x0100
16020,0x0100
16021,0x0100
16022,0x0100
16023,0x0100
16024,0x0100
16025,0x0100
16026,0x0100
16027,0x0100
16028,0x0100
16029,0x0100
16030,0x0100
16031,0x0100
16032,0x0100
16033,0x0100
16034,0x0100
16035,0x0100
16036,0x0100
16037,0x0100
16038,0x0100
16039,0x0100
16040,0x0100
16041,0x0100
16042,0x0100
16043,0x0100
16044,0x0100
16045,0x0100
16046,0x0100
16047,0x0100
16048,0x0100
16049,0x0100
16050,0x0100
16051,0x0100
16052,0x0100
16053,0x0100
16054,0x0100
16055,0x0100
16056,0x0100
16057,0x0100
16058,0x0100
16059,0x0100
16060,0x0100
16061,0x0100
16062,0x0100
16063,0x0100
16064,0x0100
16065,0x0100
16066,0x0100
16067,0x0100
16068,0x0100
16069,0x0100
16070,0x0100
16071,0x0100
16072,0x0100
16073,0x0100
16074,0x0100
16075,0x0100
16076,0x0100
16077,0x0100
16078,0x0100
16079,0x0100
16080,0x0100
16081,0x0100
16082,0x0100
16083,0x0100
16084,0x0100
16085,0x0100
16086,0x0100
16087,0x0100
16088,0x0100
16089,0x0100
16090,0x0100
16091,0x0100
16092,0x0100
16093,0x0100
16094,0x0100
16095,0x0100
16096,0x0100
16097,0x0100
16098,0x0100
16099,0x0100
16100,0x0100
16101,0x0100
16102,0x0100
16103,0x0100
16104,0x0100
16105,0x0100
16106,0x0100
16107,0x0100
16108,0x0100
16109,0x0100
16110,0x0100
16111,0x0100
16112,0x0100
16113,0x0100
16114,0x0100
16115,0x0100
16116,0x0100
16117,0x0100
16118,0x0100
16119,0x0100
16120,0x0100
16121,0x0100
16122,0x0100
16123,0x0100
16124,0x0100
16125,0x0100
16126,0x0100
16127,0x0100
16128,0x0100
16129,0x0100
16130,0x0100
16131,0x0100
16132,0x0100
16133,0x0100
16134,0x0100
16135,0x0100
16136,0x0100
16137,0x0100
16138,0x0100
16139,0x0100
16140,0x0100
16141,0x0100
16142,0x0100
16143,0x0100
16144,0x0100
16145,0x0100
16146,0x0100
16147,0x0100
16148,0x0100
16149,0x0100
16150,0x0100
16151,0x0100
16152,0x0100
16153,0x0100
16154,0x0100
16155,0x0100
16156,0x0100
16157,0x0100
16158,0x0100
16159,0x0100
16160,0x0100
16161,0x0100
16162,0x0100
16163,0x0100
16164,0x0100
16165,0x0100
16166,0x0100
16167,0x0100
16168,0x0100
16169,0x0100
16170,0x0100
16171,0x0100
16172,0x0100
16173,0x0100
16174,0x0100
16175,0x0100
16176,0x0100
16177,0x0100
16178,0x0100
16179,0x0100
16180,0x0100
16181,0x0100
16182,0x0100
16183,0x0100
16184,0x0100
16185,0x0100
16186,0x0100
16187,0x0100
16188,0x0100
16189,0x0100
16190,0x0100
16191,0x0100
16192,0x0100
16193,0x0100
16194,0x0100
16195,0x0100
16196,0x0100
16197,0x0100
16198,0x0100
16199,0x0100
16200,0x0100
16201,0x0100
16202,0x0100
16203,0x0100
16204,0x0100
16205,0x0100
16206,0x0100
16207,0x0100
16208,0x0100
16209,0x0100
16210,0x0100
16211,0x0100
16212,0x0100
16213,0x0100
16214,0x0100
16215,0x0100
16216,0x0100
16217,0x0100
16218,0x0100
16219,0x0100
16220,0x0100
16221,0x0100
16222,0x0100
16223,0x0100
16224,0x0100
16225,0x0100
16226,0x0100
16227,0x0100
16228,0x0100
16229,0x0100
16230,0x0100
16231,0x0100
16232,0x0100
16233,0x0100
16234,0x0100
16235,0x0100
16236,0x0100
16237,0x0100
16238,0x0100
16239,0x0100
16240,0x0100
16241,0x0100
16242,0x0100
16243,0x0100
16244,0x0100
16245,0x0100
16246,0x0100
16247,0x0100
16248,0x0100
16249,0x0100
16250,0x0100
16251,0x0100
16252,0x0100
16253,0x0100
16254,0x0100
16255,0x0100
16256,0x0100
16257,0x0100
16258,0x0100
16259,0x0100
16260,0x0100
16261,0x0100
16262,0x0100
16263,0x0100
16264,0x0100
16265,0x0100
16266,0x0100
16267,0x0100
16268,0x0100
16269,0x0100
16270,0x0100
16271,0x0100
16272,0x0100
16273,0x0100
16274,0x0100
16275,0x0100
16276,0x0100
16277,0x0100
16278,0x0100
16279,0x0100
16280,0x0100
16281,0x0100
16282,0x0100
16283,0x0100
16284,0x0100
16285,0x0100
16286,0x0100
16287,0x0100
16288,0x0100
16289,0x0100
16290,0x0100
16291,0x0100
16292,0x0100
16293,0x0100
16294,0x0100
16295,0x0100
16296,0x0100
16297,0x0100
16298,0x0100
16299,0x0100
16300,0x0100
16301,0x0100
16302,0x0100
16303,0x0100
16304,0x0100
16305,0x0100
16306,0x0100
16307,0x0100
16308,0x0100
16309,0x0100
16310,0x0100
16311,0x0100
16312,0x0100
16313,0x0100
16314,0x0100
16315,0x0100
16316,0x0100
16317,0x0100
16318,0x0100
16319,0x0100
16320,0x0100
16321,0x0100
16322,0x0100
16323,0x0100
16324,0x0100
16325,0x0100
16326,0x0100
16327,0x0100
16328,0x0100
16329,0x0100
16330,0x0100
16331,0x0100
16332,0x0100
16333,0x0100
16334,0x0100
16335,0x0100
16336,0x0100
16337,0x0100
16338,0x0100
16339,0x0100
16340,0x0100
16341,0x0100
16342,0x0100
16343,0x0100
16344,0x0100
16345,0x0100
16346,0x0100
16347,0x0100
16348,0x0100
16349,0x0100
16350,0x0100
16351,0x0100
16352,0x0100
16353,0x0100
16354,0x0100
16355,0x0100
16356,0x0100
16357,0x0100
16358,0x0100
16359,0x0100
16360,0x0100
16361,0x0100
16362,0x0100
16363,0x0100
16364,0x0100
16365,0x0100
16366,0x0100
16367,0x0100
16368,0x0100
16369,0x0100
16370,0x0100
16371,0x0100
16372,0x0100
16373,0x0100
16374,0x0100
16375,0x0100
16376,0x0100
16377,0x0100
16378,0x0100
16379,0x0100
16380,0x0100
16381,0x0100
16382,0x0100
16383,0x0100
16384,0x0100
16385,0x0100
16386,0x0100
16387,0x0100
16388,0x0100
16389,0x0100
16390,0x0100
16391,0x0100
16392,0x0100
16393,0x0100
16394,0x0100
16395,0x0100
16396,0x0100
16397,0x0100
16398,0x0100
16399,0x0100
16400,0x0100
16401,0x0100
16402,0x0100
16403,0x0100
16404,0x0100
16405,0x0100
16406,0x0100
16407,0x0100
16408,0x0100
16409,0x0100
16410,0x0100
16411,0x0100
16412,0x0100
16413,0x0100
16414,0x0100
16415,0x0100
16416,0x0100
16417,0x0100
16418,0x0100
16419,0x0100
16420,0x0100
16421,0x0100
16422,0x0100
16423,0x0100
16424,0x0100
16425,0x0100
16426,0x0100
16427,0x0100
16428,0x0100
16429,0x0100
16430,0x0100
16431,0x0100
16432,0x0100
16433,0x0100
16434,0x0100
16435,0x0100
16436,0x0100
16437,0x0100
16438,0x0100
16439,0x0100
16440,0x0100
16441,0x0100
16442,0x0100
16443,0x0100
16444,0x0100
16445,0x0100
16446,0x0100
16447,0x0100
16448,0x0100
16449,0x0100
16450,0x0100
16451,0x0100
16452,0x0100
16453,0x0100
16454,0x0100
16455,0x0100
16456,0x0100
16457,0x0100
16458,0x0100
16459,0x0100
16460,0x0100
16461,0x0100
16462,0x0100
16463,0x0100
16464,0x0100
16465,0x0100
16466,0x0100
16467,0x0100
16468,0x0100
16469,0x0100
16470,0x0100
16471,0x0100
16472,0x0100
16473,0x0100
16474,0x0100
16475,0x0100
16476,0x0100
16477,0x0100
16478,0x0100
16479,0x0100
16480,0x0100
16481,0x0100
16482,0x0100
16483,0x0100
16484,0x0100
16485,0x0100
16486,0x0100
16487,0x0100
16488,0x0100
16489,0x0100
16490,0x0100
16491,0x0100
16492,0x0100
16493,0x0100
16494,0x0100
16495,0x0100
16496,0x0100
16497,0x0100
16498,0x0100
16499,0x0100
16500,0x0100
16501,0x0100
16502,0x0100
16503,0x0100
16504,0x0100
16505,0x0100
16506,0x0100
16507,0x0100
16508,0x0100
16509,0x0100
16510,0x0100
16511,0x0100
16512,0x0100
16513,0x0100
16514,0x0100
16515,0x0100
16516,0x0100
16517,0x0100
16518,0x0100
16519,0x0100
16520,0x0100
16521,0x0100
16522,0x0100
16523,0x0100
16524,0x0100
16525,0x0100
16526,0x0100
16527,0x0100
16528,0x0100
16529,0x0100
16530,0x0100
16531,0x0100
16532,0x0100
16533,0x0100
16534,0x0100
16535,0x0100
16536,0x0100
16537,0x0100
16538,0x0100
16539,0x0100
16540,0x0100
16541,0x0100
16542,0x0100
16543,0x0100
16544,0x0100
16545,0x0100
16546,0x0100
16547,0x0100
16548,0x0100
16549,0x0100
16550,0x0100
16551,0x0100
16552,0x0100
16553,0x0100
16554,0x0100
16555,0x0100
16556,0x0100
16557,0x0100
16558,0x0100
16559,0x0100
16560,0x0100
16561,0x0100
16562,0x0100
16563,0x0100
16564,0x0100
16565,0x0100
16566,0x0100
16567,0x0100
16568,0x0100
16569,0x0100
16570,0x0100
16571,0x0100
16572,0x0100
16573,0x0100
16574,0x0100
16575,0x0100
16576,0x0100
16577,0x0100
16578,0x0100
16579,0x0100
16580,0x0100
16581,0x0100
16582,0x0100
16583,0x0100
16584,0x0100
16585,0x0100
16586,0x0100
16587,0x0100
16588,0x0100
16589,0x0100
16590,0x0100
16591,0x0100
16592,0x0100
16593,0x0100
16594,0x0100
16595,0x0100
16596,0x0100
16597,0x0100
16598,0x0100
16599,0x0100
16600,0x0100
16601,0x0100
16602,0x0100
16603,0x0100
16604,0x0100
16605,0x0100
16606,0x0100
16607,0x0100
16608,0x0100
16609,0x0100
16610,0x0100
16611,0x0100
16612,0x0100
16613,0x0100
16614,0x0100
16615,0x0100
16616,0x0100
16617,0x0100
16618,0x0100
16619,0x0100
16620,0x0100
16621,0x0100
16622,0x0100
16623,0x0100
16624,0x0100
16625,0x0100
16626,0x0100
16627,0x0100
16628,0x0100
16629,0x0100
16630,0x0100
16631,0x0100
16632,0x0100
16633,0x0100
16634,0x0100
16635,0x0100
16636,0x0100
16637,0x0100
16638,0x0100
16639,0x0100
16640,0x0100
16641,0x0100
16642,0x0100
16643,0x0100
16644,0x0100
16645,0x0100
16646,0x0100
16647,0x0100
16648,0x0100
16649,0x0100
16650,0x0100
16651,0x0100
16652,0x0100
16653,0x0100
16654,0x0100
16655,0x0100
16656,0x0100
16657,0x0100
16658,0x0100
16659,0x0100
16660,0x0100
16661,0x0100
16662,0x0100
16663,0x0100
16664,0x0100
16665,0x0100
16666,0x0100
16667,0x0100
16668,0x0100
16669,0x0100
16670,0x0100
16671,0x0100
16672,0x0100
16673,0x0100
16674,0x0100
16675,0x0100
16676,0x0100
16677,0x0100
16678,0x0100
16679,0x0100
16680,0x0100
16681,0x0100
16682,0x0100
16683,0x0100
16684,0x0100
16685,0x0100
16686,0x0100
16687,0x0100
16688,0x0100
16689,0x0100
16690,0x0100
16691,0x0100
16692,0x0100
16693,0x0100
16694,0x0100
16695,0x0100
16696,0x0100
16697,0x0100
16698,0x0100
16699,0x0100
16700,0x0100
16701,0x0100
16702,0x0100
16703,0x0100
16704,0x0100
16705,0x0100
16706,0x0100
16707,0x0100
16708,0x0100
16709,0x0100
16710,0x0100
16711,0x0100
16712,0x0100
16713,0x0100
16714,0x0100
16715,0x0100
16716,0x0100
16717,0x0100
16718,0x0100
16719,0x0100
16720,0x0100
16721,0x0100
16722,0x0100
16723,0x0100
16724,0x0100
16725,0x0100
16726,0x0100
16727,0x0100
16728,0x0100
16729,0x0100
16730,0x0100
16731,0x0100
16732,0x0100
16733,0x0100
16734,0x0100
16735,0x0100
16736,0x0100
16737,0x0100
16738,0x0100
16739,0x0100
16740,0x0100
16741,0x0100
16742,0x0100
16743,0x0100
16744,0x0100
16745,0x0100
16746,0x0100
16747,0x0100
16748,0x0100
16749,0x0100
16750,0x0100
16751,0x0100
16752,0x0100
16753,0x0100
16754,0x0100
16755,0x0100
16756,0x0100
16757,0x0100
16758,0x0100
16759,0x0100
16760,0x0100
16761,0x0100
16762,0x0100
16763,0x0100
16764,0x0100
16765,0x0100
16766,0x0100
16767,0x0100
16768,0x0100
16769,0x0100
16770,0x0100
16771,0x0100
16772,0x0100
16773,0x0100
16774,0x0100
16775,0x0100
16776,0x0100
16777,0x0100
16778,0x0100
16779,0x0100
16780,0x0100
16781,0x0100
16782,0x0100
16783,0x0100
16784,0x0100
16785,0x0100
16786,0x0100
16787,0x0100
16788,0x0100
16789,0x0100
16790,0x0100
16791,0x0100
16792,0x0100
16793,0x0100
16794,0x0100
16795,0x0100
16796,0x0100
16797,0x0100
16798,0x0100
16799,0x0100
16800,0x0100
16801,0x0100
16802,0x0100
16803,0x0100
16804,0x0100
16805,0x0100
16806,0x0100
16807,0x0100
16808,0x0100
16809,0x0100
16810,0x0100
16811,0x0100
16812,0x0100
16813,0x0100
16814,0x0100
16815,0x0100
16816,0x0100
16817,0x0100
16818,0x0100
16819,0x0100
16820,0x0100
16821,0x0100
16822,0x0100
16823,0x0100
16824,0x0100
16825,0x0100
16826,0x0100
16827,0x0100
16828,0x0100
16829,0x0100
16830,0x0100
16831,0x0100
16832,0x0100
16833,0x0100
16834,0x0100
16835,0x0100
16836,0x0100
16837,0x0100
16838,0x0100
16839,0x0100
16840,0x0100
16841,0x0100
16842,0x0100
16843,0x0100
16844,0x0100
16845,0x0100
16846,0x0100
16847,0x0100
16848,0x0100
16849,0x0100
16850,0x0100
16851,0x0100
16852,0x0100
16853,0x0100
16854,0x0100
16855,0x0100
16856,0x0100
16857,0x0100
16858,0x0100
16859,0x0100
16860,0x0100
16861,0x0100
16862,0x0100
16863,0x0100
16864,0x0100
16865,0x0100
16866,0x0100
16867,0x0100
16868,0x0100
16869,0x0100
16870,0x0100
16871,0x0100
16872,0x0100
16873,0x0100
16874,0x0100
16875,0x0100
16876,0x0100
16877,0x0100
16878,0x0100
16879,0x0100
16880,0x0100
16881,0x0100
16882,0x0100
16883,0x0100
16884,0x0100
16885,0x0100
16886,0x0100
16887,0x0100
16888,0x0100
16889,0x0100
16890,0x0100
16891,0x0100
16892,0x0100
16893,0x0100
16894,0x0100
16895,0x0100
16896,0x0100
16897,0x0100
16898,0x0100
16899,0x0100
16900,0x0100
16901,0x0100
16902,0x0100
16903,0x0100
16904,0x0100
16905,0x0100
16906,0x0100
16907,0x0100
16908,0x0100
16909,0x0100
16910,0x0100
16911,0x0100
16912,0x0100
16913,0x0100
16914,0x0100
16915,0x0100
16916,0x0100
16917,0x0100
16918,0x0100
16919,0x0100
16920,0x0100
16921,0x0100
16922,0x0100
16923,0x0100
16924,0x0100
16925,0x0100
16926,0x0100
16927,0x0100
16928,0x0100
16929,0x0100
16930,0x0100
16931,0x0100
16932,0x0100
16933,0x0100
16934,0x0100
16935,0x0100
16936,0x0100
16937,0x0100
16938,0x0100
16939,0x0100
16940,0x0100
16941,0x0100
16942,0x0100
16943,0x0100
16944,0x0100
16945,0x0100
16946,0x0100
16947,0x0100
16948,0x0100
16949,0x0100
16950,0x0100
16951,0x0100
16952,0x0100
16953,0x0100
16954,0x0100
16955,0x0100
16956,0x0100
16957,0x0100
16958,0x0100
16959,0x0100
16960,0x0100
16961,0x0100
16962,0x0100
16963,0x0100
16964,0x0100
16965,0x0100
16966,0x0100
16967,0x0100
16968,0x0100
16969,0x0100
16970,0x0100
16971,0x0100
16972,0x0100
16973,0x0100
16974,0x0100
16975,0x0100
16976,0x0100
16977,0x0100
16978,0x0100
16979,0x0100
16980,0x0100
16981,0x0100
16982,0x0100
16983,0x0100
16984,0x0100
16985,0x0100
16986,0x0100
16987,0x0100
16988,0x0100
16989,0x0100
16990,0x0100
16991,0x0100
16992,0x0100
16993,0x0100
16994,0x0100
16995,0x0100
16996,0x0100
16997,0x0100
16998,0x0100
16999,0x0100
17000,0x0100
17001,0x0100
17002,0x0100
17003,0x0100
17004,0x0100
17005,0x0100
17006,0x0100
17007,0x0100
17008,0x0100
17009,0x0100
17010,0x0100
17011,0x0100
17012,0x0100
17013,0x0100
17014,0x0100
17015,0x0100
17016,0x0100
17017,0x0100
17018,0x0100
17019,0x0100
17020,0x0100
17021,0x0100
17022,0x0100
17023,0x0100
17024,0x0100
17025,0x0100
17026,0x0100
17027,0x0100
17028,0x0100
17029,0x0100
17030,0x0100
17031,0x0100
17032,0x0100
17033,0x0100
17034,0x0100
17035,0x0100
17036,0x0100
17037,0x0100
17038,0x0100
17039,0x0100
17040,0x0100
17041,0x0100
17042,0x0100
17043,0x0100
17044,0x0100
17045,0x0100
17046,0x0100
17047,0x0100
17048,0x0100
17049,0x0100
17050,0x0100
17051,0x0100
17052,0x0100
17053,0x0100
17054,0x0100
17055,0x0100
17056,0x0100
17057,0x0100
17058,0x0100
17059,0x0100
17060,0x0100
17061,0x0100
17062,0x0100
17063,0x0100
17064,0x0100
17065,0x0100
17066,0x0100
17067,0x0100
17068,0x0100
17069,0x0100
17070,0x0100
17071,0x0100
17072,0x0100
17073,0x0100
17074,0x0100
17075,0x0100
17076,0x0100
17077,0x0100
17078,0x0100
17079,0x0100
17080,0x0100
17081,0x0100
17082,0x0100
17083,0x0100
17084,0x0100
17085,0x0100
17086,0x0100
17087,0x0100
17088,0x0100
17089,0x0100
17090,0x0100
17091,0x0100
17092,0x0100
17093,0x0100
17094,0x0100
17095,0x0100
17096,0x0100
17097,0x0100
17098,0x0100
17099,0x0100
17100,0x0100
17101,0x0100
17102,0x0100
17103,0x0100
17104,0x0100
17105,0x0100
17106,0x0100
17107,0x0100
17108,0x0100
17109,0x0100
17110,0x0100
17111,0x0100
17112,0x0100
17113,0x0100
17114,0x0100
17115,0x0100
17116,0x0100
17117,0x0100
17118,0x0100
17119,0x0100
17120,0x0100
17121,0x0100
17122,0x0100
17123,0x0100
17124,0x0100
17125,0x0100
17126,0x0100
17127,0x0100
17128,0x0100
17129,0x0100
17130,0x0100
17131,0x0100
17132,0x0100
17133,0x0100
17134,0x0100
17135,0x0100
17136,0x0100
17137,0x0100
17138,0x0100
17139,0x0100
17140,0x0100
17141,0x0100
17142,0x0100
17143,0x0100
17144,0x0100
17145,0x0100
17146,0x0100
17147,0x0100
17148,0x0100
17149,0x0100
17150,0x0100
17151,0x0100
17152,0x0100
17153,0x0100
17154,0x0100
17155,0x0100
17156,0x0100
17157,0x0100
17158,0x0100
17159,0x0100
17160,0x0100
17161,0x0100
17162,0x0100
17163,0x0100
17164,0x0100
17165,0x0100
17166,0x0100
17167,0x0100
17168,0x0100
17169,0x0100
17170,0x0100
17171,0x0100
17172,0x0100
17173,0x0100
17174,0x0100
17175,0x0100
17176,0x0100
17177,0x0100
17178,0x0100
17179,0x0100
17180,0x0100
17181,0x0100
17182,0x0100
17183,0x0100
17184,0x0100
17185,0x0100
17186,0x0100
17187,0x0100
17188,0x0100
17189,0x0100
17190,0x0100
17191,0x0100
17192,0x0100
17193,0x0100
17194,0x0100
17195,0x0100
17196,0x0100
17197,0x0100
17198,0x0100
17199,0x0100
17200,0x0100
17201,0x0100
17202,0x0100
17203,0x0100
17204,0x0100
17205,0x0100
17206,0x0100
17207,0x0100
17208,0x0100
17209,0x0100
17210,0x0100
17211,0x0100
17212,0x0100
17213,0x0100
17214,0x0100
17215,0x0100
17216,0x0100
17217,0x0100
17218,0x0100
17219,0x0100
17220,0x0100
17221,0x0100
17222,0x0100
17223,0x0100
17224,0x0100
17225,0x0100
17226,0x0100
17227,0x0100
17228,0x0100
17229,0x0100
17230,0x0100
17231,0x0100
17232,0x0100
17233,0x0100
17234,0x0100
17235,0x0100
17236,0x0100
17237,0x0100
17238,0x0100
17239,0x0100
17240,0x0100
17241,0x0100
17242,0x0100
17243,0x0100
17244,0x0100
17245,0x0100
17246,0x0100
17247,0x0100
17248,0x0100
17249,0x0100
17250,0x0100
17251,0x0100
17252,0x0100
17253,0x0100
17254,0x0100
17255,0x0100
17256,0x0100
17257,0x0100
17258,0x0100
17259,0x0100
17260,0x0100
17261,0x0100
17262,0x0100
17263,0x0100
17264,0x0100
17265,0x0100
17266,0x0100
17267,0x0100
17268,0x0100
17269,0x0100
17270,0x0100
17271,0x0100
17272,0x0100
17273,0x0100
17274,0x0100
17275,0x0100
17276,0x0100
17277,0x0100
17278,0x0100
17279,0x0100
17280,0x0100
17281,0x0100
17282,0x0100
17283,0x0100
17284,0x0100
17285,0x0100
17286,0x0100
17287,0x0100
17288,0x0100
17289,0x0100
17290,0x0100
17291,0x0100
17292,0x0100
17293,0x0100
17294,0x0100
17295,0x0100
17296,0x0100
17297,0x0100
17298,0x0100
17299,0x0100
17300,0x0100
17301,0x0100
17302,0x0100
17303,0x0100
17304,0x0100
17305,0x0100
17306,0x0100
17307,0x0100
17308,0x0100
17309,0x0100
17310,0x0100
17311,0x0100
17312,0x0100
17313,0x0100
17314,0x0100
17315,0x0100
17316,0x0100
17317,0x0100
17318,0x0100
17319,0x0100
17320,0x0100
17321,0x0100
17322,0x0100
17323,0x0100
17324,0x0100
17325,0x0100
17326,0x0100
17327,0x0100
17328,0x0100
17329,0x0100
17330,0x0100
17331,0x0100
17332,0x0100
17333,0x0100
17334,0x0100
17335,0x0100
17336,0x0100
17337,0x0100
17338,0x0100
17339,0x0100
17340,0x0100
17341,0x0100
17342,0x0100
17343,0x0100
17344,0x0100
17345,0x0100
17346,0x0100
17347,0x0100
17348,0x0100
17349,0x0100
17350,0x0100
17351,0x0100
17352,0x0100
17353,0x0100
17354,0x0100
17355,0x0100
17356,0x0100
17357,0x0100
17358,0x0100
17359,0x0100
17360,0x0100
17361,0x0100
17362,0x0100
17363,0x0100
17364,0x0100
17365,0x0100
17366,0x0100
17367,0x0100
17368,0x0100
17369,0x0100
17370,0x0100
17371,0x0100
17372,0x0100
17373,0x0100
17374,0x0100
17375,0x0100
17376,0x0100
17377,0x0100
17378,0x0100
17379,0x0100
17380,0x0100
17381,0x0100
17382,0x0100
17383,0x0100
17384,0x0100
17385,0x0100
17386,0x0100
17387,0x0100
17388,0x0100
17389,0x0100
17390,0x0100
17391,0x0100
17392,0x0100
17393,0x0100
17394,0x0100
17395,0x0100
17396,0x0100
17397,0x0100
17398,0x0100
17399,0x0100
17400,0x0100
17401,0x0100
17402,0x0100
17403,0x0100
17404,0x0100
17405,0x0100
17406,0x0100
17407,0x0100
17408,0x0100
17409,0x0100
17410,0x0100
17411,0x0100
17412,0x0100
17413,0x0100
17414,0x0100
17415,0x0100
17416,0x0100
17417,0x0100
17418,0x0100
17419,0x0100
17420,0x0100
17421,0x0100
17422,0x0100
17423,0x0100
17424,0x0100
17425,0x0100
17426,0x0100
17427,0x0100
17428,0x0100
17429,0x0100
17430,0x0100
17431,0x0100
17432,0x0100
17433,0x0100
17434,0x0100
17435,0x0100
17436,0x0100
17437,0x0100
17438,0x0100
17439,0x0100
17440,0x0100
17441,0x0100
17442,0x0100
17443,0x0100
17444,0x0100
17445,0x0100
17446,0x0100
17447,0x0100
17448,0x0100
17449,0x0100
17450,0x0100
17451,0x0100
17452,0x0100
17453,0x0100
17454,0x0100
17455,0x0100
17456,0x0100
17457,0x0100
17458,0x0100
17459,0x0100
17460,0x0100
17461,0x0100
17462,0x0100
17463,0x0100
17464,0x0100
17465,0x0100
17466,0x0100
17467,0x0100
17468,0x0100
17469,0x0100
17470,0x0100
17471,0x0100
17472,0x0100
17473,0x0100
17474,0x0100
17475,0x0100
17476,0x0100
17477,0x0100
17478,0x0100
17479,0x0100
17480,0x0100
17481,0x0100
17482,0x0100
17483,0x0100
17484,0x0100
17485,0x0100
17486,0x0100
17487,0x0100
17488,0x0100
17489,0x0100
17490,0x0100
17491,0x0100
17492,0x0100
17493,0x0100
17494,0x0100
17495,0x0100
17496,0x0100
17497,0x0100
17498,0x0100
17499,0x0100
17500,0x0100
17501,0x0100
17502,0x0100
17503,0x0100
17504,0x0100
17505,0x0100
17506,0x0100
17507,0x0100
17508,0x0100
17509,0x0100
17510,0x0100
17511,0x0100
17512,0x0100
17513,0x0100
17514,0x0100
17515,0x0100
17516,0x0100
17517,0x0100
17518,0x0100
17519,0x0100
17520,0x0100
17521,0x0100
17522,0x0100
17523,0x0100
17524,0x0100
17525,0x0100
17526,0x0100
17527,0x0100
17528,0x0100
17529,0x0100
17530,0x0100
17531,0x0100
17532,0x0100
17533,0x0100
17534,0x0100
17535,0x0100
17536,0x0100
17537,0x0100
17538,0x0100
17539,0x0100
17540,0x0100
17541,0x0100
17542,0x0100
17543,0x0100
17544,0x0100
17545,0x0100
17546,0x0100
17547,0x0100
17548,0x0100
17549,0x0100
17550,0x0100
17551,0x0100
17552,0x0100
17553,0x0100
17554,0x0100
17555,0x0100
17556,0x0100
17557,0x0100
17558,0x0100
17559,0x0100
17560,0x0100
17561,0x0100
17562,0x0100
17563,0x0100
17564,0x0100
17565,0x0100
17566,0x0100
17567,0x0100
17568,0x0100
17569,0x0100
17570,0x0100
17571,0x0100
17572,0x0100
17573,0x0100
17574,0x0100
17575,0x0100
17576,0x0100
17577,0x0100
17578,0x0100
17579,0x0100
17580,0x0100
17581,0x0100
17582,0x0100
17583,0x0100
17584,0x0100
17585,0x0100
17586,0x0100
17587,0x0100
17588,0x0100
17589,0x0100
17590,0x0100
17591,0x0100
17592,0x0100
17593,0x0100
17594,0x0100
17595,0x0100
17596,0x0100
17597,0x0100
17598,0x0100
17599,0x0100
17600,0x0100
17601,0x0100
17602,0x0100
17603,0x0100
17604,0x0100
17605,0x0100
17606,0x0100
17607,0x0100
17608,0x0100
17609,0x0100
17610,0x0100
17611,0x0100
17612,0x0100
17613,0x0100
17614,0x0100
17615,0x0100
17616,0x0100
17617,0x0100
17618,0x0100
17619,0x0100
17620,0x0100
17621,0x0100
17622,0x0100
17623,0x0100
17624,0x0100
17625,0x0100
17626,0x0100
17627,0x0100
17628,0x0100
17629,0x0100
17630,0x0100
17631,0x0100
17632,0x0100
17633,0x0100
17634,0x0100
17635,0x0100
17636,0x0100
17637,0x0100
17638,0x0100
17639,0x0100
17640,0x0100
17641,0x0100
17642,0x0100
17643,0x0100
17644,0x0100
17645,0x0100
17646,0x0100
17647,0x0100
17648,0x0100
17649,0x0100
17650,0x0100
17651,0x0100
17652,0x0100
17653,0x0100
17654,0x0100
17655,0x0100
17656,0x0100
17657,0x0100
17658,0x0100
17659,0x0100
17660,0x0100
17661,0x0100
17662,0x0100
17663,0x0100
17664,0x0100
17665,0x0100
17666,0x0100
17667,0x0100
17668,0x0100
17669,0x0100
17670,0x0100
17671,0x0100
17672,0x0100
17673,0x0100
17674,0x0100
17675,0x0100
17676,0x0100
17677,0x0100
17678,0x0100
17679,0x0100
17680,0x0100
17681,0x0100
17682,0x0100
17683,0x0100
17684,0x0100
17685,0x0100
17686,0x0100
17687,0x0100
17688,0x0100
17689,0x0100
17690,0x0100
17691,0x0100
17692,0x0100
17693,0x0100
17694,0x0100
17695,0x0100
17696,0x0100
17697,0x0100
17698,0x0100
17699,0x0100
17700,0x0100
17701,0x0100
17702,0x0100
17703,0x0100
17704,0x0100
17705,0x0100
17706,0x0100
17707,0x0100
17708,0x0100
17709,0x0100
17710,0x0100
17711,0x0100
17712,0x0100
17713,0x0100
17714,0x0100
17715,0x0100
17716,0x0100
17717,0x0100
17718,0x0100
17719,0x0100
17720,0x0100
17721,0x0100
17722,0x0100
17723,0x0100
17724,0x0100
17725,0x0100
17726,0x0100
17727,0x0100
17728,0x0100
17729,0x0100
17730,0x0100
17731,0x0100
17732,0x0100
17733,0x0100
17734,0x0100
17735,0x0100
17736,0x0100
17737,0x0100
17738,0x0100
17739,0x0100
17740,0x0100
17741,0x0100
17742,0x0100
17743,0x0100
17744,0x0100
17745,0x0100
17746,0x0100
17747,0x0100
17748,0x0100
17749,0x0100
17750,0x0100
17751,0x0100
17752,0x0100
17753,0x0100
17754,0x0100
17755,0x0100
17756,0x0100
17757,0x0100
17758,0x0100
17759,0x0100
17760,0x0100
17761,0x0100
17762,0x0100
17763,0x0100
17764,0x0100
17765,0x0100
17766,0x0100
17767,0x0100
17768,0x0100
17769,0x0100
17770,0x0100
17771,0x0100
17772,0x0100
17773,0x0100
17774,0x0100
17775,0x0100
17776,0x0100
17777,0x0100
17778,0x0100
17779,0x0100
17780,0x0100
17781,0x0100
17782,0x0100
17783,0x0100
17784,0x0100
17785,0x0100
17786,0x0100
17787,0x0100
17788,0x0100
17789,0x0100
17790,0x0100
17791,0x0100
17792,0x0100
17793,0x0100
17794,0x0100
17795,0x0100
17796,0x0100
17797,0x0100
17798,0x0100
17799,0x0100
17800,0x0100
17801,0x0100
17802,0x0100
17803,0x0100
17804,0x0100
17805,0x0100
17806,0x0100
17807,0x0100
17808,0x0100
17809,0x0100
17810,0x0100
17811,0x0100
17812,0x0100
17813,0x0100
17814,0x0100
17815,0x0100
17816,0x0100
17817,0x0100
17818,0x0100
17819,0x0100
17820,0x0100
17821,0x0100
17822,0x0100
17823,0x0100
17824,0x0100
17825,0x0100
17826,0x0100
17827,0x0100
17828,0x0100
17829,0x0100
17830,0x0100
17831,0x0100
17832,0x0100
17833,0x0100
17834,0x0100
17835,0x0100
17836,0x0100
17837,0x0100
17838,0x0100
17839,0x0100
17840,0x0100
17841,0x0100
17842,0x0100
17843,0x0100
17844,0x0100
17845,0x0100
17846,0x0100
17847,0x0100
17848,0x0100
17849,0x0100
17850,0x0100
17851,0x0100
17852,0x0100
17853,0x0100
17854,0x0100
17855,0x0100
17856,0x0100
17857,0x0100
17858,0x0100
17859,0x0100
17860,0x0100
17861,0x0100
17862,0x0100
17863,0x0100
17864,0x0100
17865,0x0100
17866,0x0100
17867,0x0100
17868,0x0100
17869,0x0100
17870,0x0100
17871,0x0100
17872,0x0100
17873,0x0100
17874,0x0100
17875,0x0100
17876,0x0100
17877,0x0100
17878,0x0100
17879,0x0100
17880,0x0100
17881,0x0100
17882,0x0100
17883,0x0100
17884,0x0100
17885,0x0100
17886,0x0100
17887,0x0100
17888,0x0100
17889,0x0100
17890,0x0100
17891,0x0100
17892,0x0100
17893,0x0100
17894,0x0100
17895,0x0100
17896,0x0100
17897,0x0100
17898,0x0100
17899,0x0100
17900,0x0100
17901,0x0100
17902,0x0100
17903,0x0100
17904,0x0100
17905,0x0100
17906,0x0100
17907,0x0100
17908,0x0100
17909,0x0100
17910,0x0100
17911,0x0100
17912,0x0100
17913,0x0100
17914,0x0100
17915,0x0100
17916,0x0100
17917,0x0100
17918,0x0100
17919,0x0100
17920,0x0100
17921,0x0100
17922,0x0100
17923,0x0100
17924,0x0100
17925,0x0100
17926,0x0100
17927,0x0100
17928,0x0100
17929,0x0100
17930,0x0100
17931,0x0100
17932,0x0100
17933,0x0100
17934,0x0100
17935,0x0100
17936,0x0100
17937,0x0100
17938,0x0100
17939,0x0100
17940,0x0100
17941,0x0100
17942,0x0100
17943,0x0100
17944,0x0100
17945,0x0100
17946,0x0100
17947,0x0100
17948,0x0100
17949,0x0100
17950,0x0100
17951,0x0100
17952,0x0100
17953,0x0100
17954,0x0100
17955,0x0100
17956,0x0100
17957,0x0100
17958,0x0100
17959,0x0100
17960,0x0100
17961,0x0100
17962,0x0100
17963,0x0100
17964,0x0100
17965,0x0100
17966,0x0100
17967,0x0100
17968,0x0100
17969,0x0100
17970,0x0100
17971,0x0100
17972,0x0100
17973,0x0100
17974,0x0100
17975,0x0100
17976,0x0100
17977,0x0100
17978,0x0100
17979,0x0100
17980,0x0100
17981,0x0100
17982,0x0100
17983,0x0100
17984,0x0100
17985,0x0100
17986,0x0100
17987,0x0100
17988,0x0100
17989,0x0100
17990,0x0100
17991,0x0100
17992,0x0100
17993,0x0100
17994,0x0100
17995,0x0100
17996,0x0100
17997,0x0100
17998,0x0100
17999,0x0100
18000,0x0100
18001,0x0100
18002,0x0100
18003,0x0100
18004,0x0100
18005,0x0100
18006,0x0100
18007,0x0100
18008,0x0100
18009,0x0100
18010,0x0100
18011,0x0100
18012,0x0100
18013,0x0100
18014,0x0100
18015,0x0100
18016,0x0100
18017,0x0100
18018,0x0100
18019,0x0100
18020,0x0100
18021,0x0100
18022,0x0100
18023,0x0100
18024,0x0100
18025,0x0100
18026,0x0100
18027,0x0100
18028,0x0100
18029,0x0100
18030,0x0100
18031,0x0100
18032,0x0100
18033,0x0100
18034,0x0100
18035,0x0100
18036,0x0100
18037,0x0100
18038,0x0100
18039,0x0100
18040,0x0100
18041,0x0100
18042,0x0100
18043,0x0100
18044,0x0100
18045,0x0100
18046,0x0100
18047,0x0100
18048,0x0100
18049,0x0100
18050,0x0100
18051,0x0100
18052,0x0100
18053,0x0100
18054,0x0100
18055,0x0100
18056,0x0100
18057,0x0100
18058,0x0100
18059,0x0100
18060,0x0100
18061,0x0100
18062,0x0100
18063,0x0100
18064,0x0100
18065,0x0100
18066,0x0100
18067,0x0100
18068,0x0100
18069,0x0100
18070,0x0100
18071,0x0100
18072,0x0100
18073,0x0100
18074,0x0100
18075,0x0100
18076,0x0100
18077,0x0100
18078,0x0100
18079,0x0100
18080,0x0100
18081,0x0100
18082,0x0100
18083,0x0100
18084,0x0100
18085,0x0100
18086,0x0100
18087,0x0100
18088,0x0100
18089,0x0100
18090,0x0100
18091,0x0100
18092,0x0100
18093,0x0100
18094,0x0100
18095,0x0100
18096,0x0100
18097,0x0100
18098,0x0100
18099,0x0100
18100,0x0100
18101,0x0100
18102,0x0100
18103,0x0100
18104,0x0100
18105,0x0100
18106,0x0100
18107,0x0100
18108,0x0100
18109,0x0100
18110,0x0100
18111,0x0100
18112,0x0100
18113,0x0100
18114,0x0100
18115,0x0100
18116,0x0100
18117,0x0100
18118,0x0100
18119,0x0100
18120,0x0100
18121,0x0100
18122,0x0100
18123,0x0100
18124,0x0100
18125,0x0100
18126,0x0100
18127,0x0100
18128,0x0100
18129,0x0100
18130,0x0100
18131,0x0100
18132,0x0100
18133,0x0100
18134,0x0100
18135,0x0100
18136,0x0100
18137,0x0100
18138,0x0100
18139,0x0100
18140,0x0100
18141,0x0100
18142,0x0100
18143,0x0100
18144,0x0100
18145,0x0100
18146,0x0100
18147,0x0100
18148,0x0100
18149,0x0100
18150,0x0100
18151,0x0100
18152,0x0100
18153,0x0100
18154,0x0100
18155,0x0100
18156,0x0100
18157,0x0100
18158,0x0100
18159,0x0100
18160,0x0100
18161,0x0100
18162,0x0100
18163,0x0100
18164,0x0100
18165,0x0100
18166,0x0100
18167,0x0100
18168,0x0100
18169,0x0100
18170,0x0100
18171,0x0100
18172,0x0100
18173,0x0100
18174,0x0100
18175,0x0100
18176,0x0100
18177,0x0100
18178,0x0100
18179,0x0100
18180,0x0100
18181,0x0100
18182,0x0100
18183,0x0100
18184,0x0100
18185,0x0100
18186,0x0100
18187,0x0100
18188,0x0100
18189,0x0100
18190,0x0100
18191,0x0100
18192,0x0100
18193,0x0100
18194,0x0100
18195,0x0100
18196,0x0100
18197,0x0100
18198,0x0100
18199,0x0100
18200,0x0100
18201,0x0100
18202,0x0100
18203,0x0100
18204,0x0100
18205,0x0100
18206,0x0100
18207,0x0100
18208,0x0100
18209,0x0100
18210,0x0100
18211,0x0100
18212,0x0100
18213,0x0100
18214,0x0100
18215,0x0100
18216,0x0100
18217,0x0100
18218,0x0100
18219,0x0100
18220,0x0100
18221,0x0100
18222,0x0100
18223,0x0100
18224,0x0100
18225,0x0100
18226,0x0100
18227,0x0100
18228,0x0100
18229,0x0100
18230,0x0100
18231,0x0100
18232,0x0100
18233,0x0100
18234,0x0100
18235,0x0100
18236,0x0100
18237,0x0100
18238,0x0100
18239,0x0100
18240,0x0100
18241,0x0100
18242,0x0100
18243,0x0100
18244,0x0100
18245,0x0100
18246,0x0100
18247,0x0100
18248,0x0100
18249,0x0100
18250,0x0100
18251,0x0100
18252,0x0100
18253,0x0100
18254,0x0100
18255,0x0100
18256,0x0100
18257,0x0100
18258,0x0100
18259,0x0100
18260,0x0100
18261,0x0100
18262,0x0100
18263,0x0100
18264,0x0100
18265,0x0100
18266,0x0100
18267,0x0100
18268,0x0100
18269,0x0100
18270,0x0100
18271,0x0100
18272,0x0100
18273,0x0100
18274,0x0100
18275,0x0100
18276,0x0100
18277,0x0100
18278,0x0100
18279,0x0100
18280,0x0100
18281,0x0100
18282,0x0100
18283,0x0100
18284,0x0100
18285,0x0100
18286,0x0100
18287,0x0100
18288,0x0100
18289,0x0100
18290,0x0100
18291,0x0100
18292,0x0100
18293,0x0100
18294,0x0100
18295,0x0100
18296,0x0100
18297,0x0100
18298,0x0100
18299,0x0100
18300,0x0100
18301,0x0100
18302,0x0100
18303,0x0100
18304,0x0100
18305,0x0100
18306,0x0100
18307,0x0100
18308,0x0100
18309,0x0100
18310,0x0100
18311,0x0100
18312,0x0100
18313,0x0100
18314,0x0100
18315,0x0100
18316,0x0100
18317,0x0100
18318,0x0100
18319,0x0100
18320,0x0100
18321,0x0100
18322,0x0100
18323,0x0100
18324,0x0100
18325,0x0100
18326,0x0100
18327,0x0100
18328,0x0100
18329,0x0100
18330,0x0100
18331,0x0100
18332,0x0100
18333,0x0100
18334,0x0100
18335,0x0100
18336,0x0100
18337,0x0100
18338,0x0100
18339,0x0100
18340,0x0100
18341,0x0100
18342,0x0100
18343,0x0100
18344,0x0100
18345,0x0100
18346,0x0100
18347,0x0100
18348,0x0100
18349,0x0100
18350,0x0100
18351,0x0100
18352,0x0100
18353,0x0100
18354,0x0100
18355,0x0100
18356,0x0100
18357,0x0100
18358,0x0100
18359,0x0100
