# VRD_MMIO_TRACE version=3 capacity=1048576 sh2_drc=0 profile_pc=0 profile_pc_env=0 m68k_batching=normal instruction_start_hook=1 m68k_direct=1 master_direct=1 coverage_from_start=1 pc_allowlist=m68k:0x0001C6FE-0x0001C76C|0x0001C8B0-0x0001C930|0x0001C930-0x0001CB0E;master:0x06000460-0x06000478|0x02301500-0x023025E0|0x02304000-0x02304314|0x02304500-0x02304504|0x02304600-0x0230466C
# FILTER q027_passive=1 m68k_system=0x00A15100-0x00A1513F master_system=0x20004000-0x2000403F master_peripheral=0xFFFFFE00-0xFFFFFFFF master_sdram=all_writes master_framebuffer=all_writes master_regs=exact_instruction_pc
sequence,frame,cpu,pc,op,address,width,value
0,5,master,0x02304618,write,0x2600BC60,4,0x0
1,5,master,0x02304618,write,0x2600BC64,4,0x0
2,5,master,0x02304618,write,0x2600BC68,4,0x0
3,5,master,0x02304618,write,0x2600BC6C,4,0x0
4,5,master,0x02304618,write,0x2600BC70,4,0x0
5,5,master,0x02304618,write,0x2600BC74,4,0x0
6,5,master,0x02304618,write,0x2600BC78,4,0x0
7,5,master,0x02304618,write,0x2600BC7C,4,0x0
8,5,master,0x02304618,write,0x2600BC80,4,0x0
9,5,master,0x02304618,write,0x2600BC84,4,0x0
10,5,master,0x02304618,write,0x2600BC88,4,0x0
11,5,master,0x02304618,write,0x2600BC8C,4,0x0
12,5,master,0x02304618,write,0x2600BC90,4,0x0
13,5,master,0x02304618,write,0x2600BC94,4,0x0
14,5,master,0x02304618,write,0x2600BC98,4,0x0
15,5,master,0x02304618,write,0x2600BC9C,4,0x0
16,5,master,0x02304624,write,0x2600BC60,4,0x51323749
17,5,master,0x0230462E,write,0x2600BC00,4,0x0
18,5,master,0x0230462E,write,0x2600BC04,4,0x0
19,5,master,0x0230462E,write,0x2600BC08,4,0x0
20,5,master,0x0230462E,write,0x2600BC0C,4,0x0
21,5,master,0x0230463A,write,0x2600FB64,4,0x5132374B
22,5,master,0x02304642,write,0x2600FC00,4,0x0
23,5,master,0x02304644,write,0x2600FC04,4,0x0
24,5,master,0x02304646,write,0x2600FC08,4,0x0
25,5,master,0x02304648,write,0x2600FC0C,4,0x0
26,5,master,0x06000464,read,0x20004020,1,0x0
27,5,master,0x06000464,read,0x20004020,1,0x0
28,5,master,0x06000464,read,0x20004020,1,0x0
29,5,master,0x06000464,read,0x20004020,1,0x0
30,5,master,0x06000464,read,0x20004020,1,0x0
31,5,master,0x06000464,read,0x20004020,1,0x0
32,5,master,0x06000464,read,0x20004020,1,0x0
33,5,master,0x06000464,read,0x20004020,1,0x0
34,5,master,0x06000464,read,0x20004020,1,0x0
35,14,master,0x06000464,read,0x20004020,1,0x1
36,14,master,0x0600046A,read,0x20004021,1,0x6
37,167,master,0x06000464,read,0x20004020,1,0x0
38,167,master,0x06000464,read,0x20004020,1,0x0
39,167,master,0x06000464,read,0x20004020,1,0x0
40,167,master,0x06000464,read,0x20004020,1,0x0
41,167,master,0x06000464,read,0x20004020,1,0x0
42,167,master,0x06000464,read,0x20004020,1,0x0
43,167,master,0x06000464,read,0x20004020,1,0x0
44,167,master,0x06000464,read,0x20004020,1,0x0
45,167,master,0x06000464,read,0x20004020,1,0x0
46,167,master,0x06000464,read,0x20004020,1,0x0
47,372,master,0x06000464,read,0x20004020,1,0x0
48,372,master,0x06000464,read,0x20004020,1,0x0
49,372,master,0x06000464,read,0x20004020,1,0x0
50,372,master,0x06000464,read,0x20004020,1,0x0
51,372,master,0x06000464,read,0x20004020,1,0x0
52,372,master,0x06000464,read,0x20004020,1,0x0
53,372,master,0x06000464,read,0x20004020,1,0x0
54,372,master,0x06000464,read,0x20004020,1,0x0
55,372,master,0x06000464,read,0x20004020,1,0x0
56,372,master,0x06000464,read,0x20004020,1,0x0
57,375,master,0x06000464,read,0x20004020,1,0x1
58,375,master,0x0600046A,read,0x20004021,1,0x3
59,375,master,0x06000464,read,0x20004020,1,0x0
60,375,master,0x06000464,read,0x20004020,1,0x0
61,375,master,0x06000464,read,0x20004020,1,0x0
62,375,master,0x06000464,read,0x20004020,1,0x0
63,375,master,0x06000464,read,0x20004020,1,0x0
64,375,master,0x06000464,read,0x20004020,1,0x0
65,375,master,0x06000464,read,0x20004020,1,0x0
66,375,master,0x06000464,read,0x20004020,1,0x0
67,375,master,0x06000464,read,0x20004020,1,0x0
68,375,master,0x06000464,read,0x20004020,1,0x0
69,392,master,0x06000464,read,0x20004020,1,0x0
70,392,master,0x06000464,read,0x20004020,1,0x0
71,392,master,0x06000464,read,0x20004020,1,0x0
72,392,master,0x06000464,read,0x20004020,1,0x0
73,392,master,0x06000464,read,0x20004020,1,0x0
74,392,master,0x06000464,read,0x20004020,1,0x0
75,392,master,0x06000464,read,0x20004020,1,0x0
76,392,master,0x06000464,read,0x20004020,1,0x0
77,392,master,0x06000464,read,0x20004020,1,0x0
78,392,master,0x06000464,read,0x20004020,1,0x0
79,394,master,0x06000464,read,0x20004020,1,0x1
80,394,master,0x0600046A,read,0x20004021,1,0x5
81,395,master,0x06000464,read,0x20004020,1,0x0
82,395,master,0x06000464,read,0x20004020,1,0x0
83,395,master,0x06000464,read,0x20004020,1,0x0
84,395,master,0x06000464,read,0x20004020,1,0x0
85,395,master,0x06000464,read,0x20004020,1,0x0
86,395,master,0x06000464,read,0x20004020,1,0x0
87,395,master,0x06000464,read,0x20004020,1,0x0
88,395,master,0x06000464,read,0x20004020,1,0x0
89,395,master,0x06000464,read,0x20004020,1,0x0
90,395,master,0x06000464,read,0x20004020,1,0x0
91,397,master,0x06000464,read,0x20004020,1,0x0
92,397,master,0x06000464,read,0x20004020,1,0x0
93,397,master,0x06000464,read,0x20004020,1,0x0
94,397,master,0x06000464,read,0x20004020,1,0x0
95,397,master,0x06000464,read,0x20004020,1,0x0
96,397,master,0x06000464,read,0x20004020,1,0x0
97,397,master,0x06000464,read,0x20004020,1,0x0
98,397,master,0x06000464,read,0x20004020,1,0x0
99,397,master,0x06000464,read,0x20004020,1,0x0
100,397,master,0x06000464,read,0x20004020,1,0x0
101,397,master,0x06000464,read,0x20004020,1,0x1
102,397,master,0x0600046A,read,0x20004021,1,0x5
103,399,master,0x06000464,read,0x20004020,1,0x0
104,399,master,0x06000464,read,0x20004020,1,0x0
105,399,master,0x06000464,read,0x20004020,1,0x0
106,399,master,0x06000464,read,0x20004020,1,0x0
107,399,master,0x06000464,read,0x20004020,1,0x0
108,399,master,0x06000464,read,0x20004020,1,0x0
109,399,master,0x06000464,read,0x20004020,1,0x0
110,399,master,0x06000464,read,0x20004020,1,0x0
111,399,master,0x06000464,read,0x20004020,1,0x0
112,399,master,0x06000464,read,0x20004020,1,0x0
113,400,master,0x06000464,read,0x20004020,1,0x0
114,400,master,0x06000464,read,0x20004020,1,0x0
115,400,master,0x06000464,read,0x20004020,1,0x0
116,400,master,0x06000464,read,0x20004020,1,0x0
117,400,master,0x06000464,read,0x20004020,1,0x0
118,400,master,0x06000464,read,0x20004020,1,0x0
119,400,master,0x06000464,read,0x20004020,1,0x0
120,400,master,0x06000464,read,0x20004020,1,0x0
121,400,master,0x06000464,read,0x20004020,1,0x0
122,400,master,0x06000464,read,0x20004020,1,0x0
123,400,master,0x06000464,read,0x20004020,1,0x1
124,400,master,0x0600046A,read,0x20004021,1,0x5
125,402,master,0x06000464,read,0x20004020,1,0x0
126,402,master,0x06000464,read,0x20004020,1,0x0
127,402,master,0x06000464,read,0x20004020,1,0x0
128,402,master,0x06000464,read,0x20004020,1,0x0
129,402,master,0x06000464,read,0x20004020,1,0x0
130,402,master,0x06000464,read,0x20004020,1,0x0
131,402,master,0x06000464,read,0x20004020,1,0x0
132,402,master,0x06000464,read,0x20004020,1,0x0
133,402,master,0x06000464,read,0x20004020,1,0x0
134,402,master,0x06000464,read,0x20004020,1,0x0
135,403,master,0x06000464,read,0x20004020,1,0x0
136,403,master,0x06000464,read,0x20004020,1,0x0
137,403,master,0x06000464,read,0x20004020,1,0x0
138,403,master,0x06000464,read,0x20004020,1,0x0
139,403,master,0x06000464,read,0x20004020,1,0x0
140,403,master,0x06000464,read,0x20004020,1,0x0
141,403,master,0x06000464,read,0x20004020,1,0x0
142,403,master,0x06000464,read,0x20004020,1,0x0
143,403,master,0x06000464,read,0x20004020,1,0x0
144,403,master,0x06000464,read,0x20004020,1,0x0
145,403,master,0x06000464,read,0x20004020,1,0x1
146,403,master,0x0600046A,read,0x20004021,1,0x5
147,405,master,0x06000464,read,0x20004020,1,0x0
148,405,master,0x06000464,read,0x20004020,1,0x0
149,405,master,0x06000464,read,0x20004020,1,0x0
150,405,master,0x06000464,read,0x20004020,1,0x0
151,405,master,0x06000464,read,0x20004020,1,0x0
152,405,master,0x06000464,read,0x20004020,1,0x0
153,405,master,0x06000464,read,0x20004020,1,0x0
154,405,master,0x06000464,read,0x20004020,1,0x0
155,405,master,0x06000464,read,0x20004020,1,0x0
156,405,master,0x06000464,read,0x20004020,1,0x0
157,406,master,0x06000464,read,0x20004020,1,0x0
158,406,master,0x06000464,read,0x20004020,1,0x0
159,406,master,0x06000464,read,0x20004020,1,0x0
160,406,master,0x06000464,read,0x20004020,1,0x0
161,406,master,0x06000464,read,0x20004020,1,0x0
162,406,master,0x06000464,read,0x20004020,1,0x0
163,406,master,0x06000464,read,0x20004020,1,0x0
164,406,master,0x06000464,read,0x20004020,1,0x0
165,406,master,0x06000464,read,0x20004020,1,0x0
166,406,master,0x06000464,read,0x20004020,1,0x0
167,406,master,0x06000464,read,0x20004020,1,0x1
168,406,master,0x0600046A,read,0x20004021,1,0x5
169,408,master,0x06000464,read,0x20004020,1,0x0
170,408,master,0x06000464,read,0x20004020,1,0x0
171,408,master,0x06000464,read,0x20004020,1,0x0
172,408,master,0x06000464,read,0x20004020,1,0x0
173,408,master,0x06000464,read,0x20004020,1,0x0
174,408,master,0x06000464,read,0x20004020,1,0x0
175,408,master,0x06000464,read,0x20004020,1,0x0
176,408,master,0x06000464,read,0x20004020,1,0x0
177,408,master,0x06000464,read,0x20004020,1,0x0
178,408,master,0x06000464,read,0x20004020,1,0x0
179,409,master,0x06000464,read,0x20004020,1,0x0
180,409,master,0x06000464,read,0x20004020,1,0x0
181,409,master,0x06000464,read,0x20004020,1,0x0
182,409,master,0x06000464,read,0x20004020,1,0x0
183,409,master,0x06000464,read,0x20004020,1,0x0
184,409,master,0x06000464,read,0x20004020,1,0x0
185,409,master,0x06000464,read,0x20004020,1,0x0
186,409,master,0x06000464,read,0x20004020,1,0x0
187,409,master,0x06000464,read,0x20004020,1,0x0
188,409,master,0x06000464,read,0x20004020,1,0x0
189,409,master,0x06000464,read,0x20004020,1,0x1
190,409,master,0x0600046A,read,0x20004021,1,0x5
191,411,master,0x06000464,read,0x20004020,1,0x0
192,411,master,0x06000464,read,0x20004020,1,0x0
193,411,master,0x06000464,read,0x20004020,1,0x0
194,411,master,0x06000464,read,0x20004020,1,0x0
195,411,master,0x06000464,read,0x20004020,1,0x0
196,411,master,0x06000464,read,0x20004020,1,0x0
197,411,master,0x06000464,read,0x20004020,1,0x0
198,411,master,0x06000464,read,0x20004020,1,0x0
199,411,master,0x06000464,read,0x20004020,1,0x0
200,411,master,0x06000464,read,0x20004020,1,0x0
201,412,master,0x06000464,read,0x20004020,1,0x0
202,412,master,0x06000464,read,0x20004020,1,0x0
203,412,master,0x06000464,read,0x20004020,1,0x0
204,412,master,0x06000464,read,0x20004020,1,0x0
205,412,master,0x06000464,read,0x20004020,1,0x0
206,412,master,0x06000464,read,0x20004020,1,0x0
207,412,master,0x06000464,read,0x20004020,1,0x0
208,412,master,0x06000464,read,0x20004020,1,0x0
209,412,master,0x06000464,read,0x20004020,1,0x0
210,412,master,0x06000464,read,0x20004020,1,0x0
211,412,master,0x06000464,read,0x20004020,1,0x1
212,412,master,0x0600046A,read,0x20004021,1,0x5
213,414,master,0x06000464,read,0x20004020,1,0x0
214,414,master,0x06000464,read,0x20004020,1,0x0
215,414,master,0x06000464,read,0x20004020,1,0x0
216,414,master,0x06000464,read,0x20004020,1,0x0
217,414,master,0x06000464,read,0x20004020,1,0x0
218,414,master,0x06000464,read,0x20004020,1,0x0
219,414,master,0x06000464,read,0x20004020,1,0x0
220,414,master,0x06000464,read,0x20004020,1,0x0
221,414,master,0x06000464,read,0x20004020,1,0x0
222,414,master,0x06000464,read,0x20004020,1,0x0
223,415,master,0x06000464,read,0x20004020,1,0x0
224,415,master,0x06000464,read,0x20004020,1,0x0
225,415,master,0x06000464,read,0x20004020,1,0x0
226,415,master,0x06000464,read,0x20004020,1,0x0
227,415,master,0x06000464,read,0x20004020,1,0x0
228,415,master,0x06000464,read,0x20004020,1,0x0
229,415,master,0x06000464,read,0x20004020,1,0x0
230,415,master,0x06000464,read,0x20004020,1,0x0
231,415,master,0x06000464,read,0x20004020,1,0x0
232,415,master,0x06000464,read,0x20004020,1,0x0
233,415,master,0x06000464,read,0x20004020,1,0x1
234,415,master,0x0600046A,read,0x20004021,1,0x5
235,417,master,0x06000464,read,0x20004020,1,0x0
236,417,master,0x06000464,read,0x20004020,1,0x0
237,417,master,0x06000464,read,0x20004020,1,0x0
238,417,master,0x06000464,read,0x20004020,1,0x0
239,417,master,0x06000464,read,0x20004020,1,0x0
240,417,master,0x06000464,read,0x20004020,1,0x0
241,417,master,0x06000464,read,0x20004020,1,0x0
242,417,master,0x06000464,read,0x20004020,1,0x0
243,417,master,0x06000464,read,0x20004020,1,0x0
244,417,master,0x06000464,read,0x20004020,1,0x0
245,418,master,0x06000464,read,0x20004020,1,0x0
246,418,master,0x06000464,read,0x20004020,1,0x0
247,418,master,0x06000464,read,0x20004020,1,0x0
248,418,master,0x06000464,read,0x20004020,1,0x0
249,418,master,0x06000464,read,0x20004020,1,0x0
250,418,master,0x06000464,read,0x20004020,1,0x0
251,418,master,0x06000464,read,0x20004020,1,0x0
252,418,master,0x06000464,read,0x20004020,1,0x0
253,418,master,0x06000464,read,0x20004020,1,0x0
254,418,master,0x06000464,read,0x20004020,1,0x0
255,418,master,0x06000464,read,0x20004020,1,0x1
256,418,master,0x0600046A,read,0x20004021,1,0x5
257,420,master,0x06000464,read,0x20004020,1,0x0
258,420,master,0x06000464,read,0x20004020,1,0x0
259,420,master,0x06000464,read,0x20004020,1,0x0
260,420,master,0x06000464,read,0x20004020,1,0x0
261,420,master,0x06000464,read,0x20004020,1,0x0
262,420,master,0x06000464,read,0x20004020,1,0x0
263,420,master,0x06000464,read,0x20004020,1,0x0
264,420,master,0x06000464,read,0x20004020,1,0x0
265,420,master,0x06000464,read,0x20004020,1,0x0
266,420,master,0x06000464,read,0x20004020,1,0x0
267,421,master,0x06000464,read,0x20004020,1,0x0
268,421,master,0x06000464,read,0x20004020,1,0x0
269,421,master,0x06000464,read,0x20004020,1,0x0
270,421,master,0x06000464,read,0x20004020,1,0x0
271,421,master,0x06000464,read,0x20004020,1,0x0
272,421,master,0x06000464,read,0x20004020,1,0x0
273,421,master,0x06000464,read,0x20004020,1,0x0
274,421,master,0x06000464,read,0x20004020,1,0x0
275,421,master,0x06000464,read,0x20004020,1,0x0
276,421,master,0x06000464,read,0x20004020,1,0x0
277,421,master,0x06000464,read,0x20004020,1,0x1
278,421,master,0x0600046A,read,0x20004021,1,0x5
279,423,master,0x06000464,read,0x20004020,1,0x0
280,423,master,0x06000464,read,0x20004020,1,0x0
281,423,master,0x06000464,read,0x20004020,1,0x0
282,423,master,0x06000464,read,0x20004020,1,0x0
283,423,master,0x06000464,read,0x20004020,1,0x0
284,423,master,0x06000464,read,0x20004020,1,0x0
285,423,master,0x06000464,read,0x20004020,1,0x0
286,423,master,0x06000464,read,0x20004020,1,0x0
287,423,master,0x06000464,read,0x20004020,1,0x0
288,423,master,0x06000464,read,0x20004020,1,0x0
289,424,master,0x06000464,read,0x20004020,1,0x0
290,424,master,0x06000464,read,0x20004020,1,0x0
291,424,master,0x06000464,read,0x20004020,1,0x0
292,424,master,0x06000464,read,0x20004020,1,0x0
293,424,master,0x06000464,read,0x20004020,1,0x0
294,424,master,0x06000464,read,0x20004020,1,0x0
295,424,master,0x06000464,read,0x20004020,1,0x0
296,424,master,0x06000464,read,0x20004020,1,0x0
297,424,master,0x06000464,read,0x20004020,1,0x0
298,424,master,0x06000464,read,0x20004020,1,0x0
299,424,master,0x06000464,read,0x20004020,1,0x1
300,424,master,0x0600046A,read,0x20004021,1,0x5
301,426,master,0x06000464,read,0x20004020,1,0x0
302,426,master,0x06000464,read,0x20004020,1,0x0
303,426,master,0x06000464,read,0x20004020,1,0x0
304,426,master,0x06000464,read,0x20004020,1,0x0
305,426,master,0x06000464,read,0x20004020,1,0x0
306,426,master,0x06000464,read,0x20004020,1,0x0
307,426,master,0x06000464,read,0x20004020,1,0x0
308,426,master,0x06000464,read,0x20004020,1,0x0
309,426,master,0x06000464,read,0x20004020,1,0x0
310,426,master,0x06000464,read,0x20004020,1,0x0
311,427,master,0x06000464,read,0x20004020,1,0x0
312,427,master,0x06000464,read,0x20004020,1,0x0
313,427,master,0x06000464,read,0x20004020,1,0x0
314,427,master,0x06000464,read,0x20004020,1,0x0
315,427,master,0x06000464,read,0x20004020,1,0x0
316,427,master,0x06000464,read,0x20004020,1,0x0
317,427,master,0x06000464,read,0x20004020,1,0x0
318,427,master,0x06000464,read,0x20004020,1,0x0
319,427,master,0x06000464,read,0x20004020,1,0x0
320,427,master,0x06000464,read,0x20004020,1,0x0
321,427,master,0x06000464,read,0x20004020,1,0x1
322,427,master,0x0600046A,read,0x20004021,1,0x5
323,429,master,0x06000464,read,0x20004020,1,0x0
324,429,master,0x06000464,read,0x20004020,1,0x0
325,429,master,0x06000464,read,0x20004020,1,0x0
326,429,master,0x06000464,read,0x20004020,1,0x0
327,429,master,0x06000464,read,0x20004020,1,0x0
328,429,master,0x06000464,read,0x20004020,1,0x0
329,429,master,0x06000464,read,0x20004020,1,0x0
330,429,master,0x06000464,read,0x20004020,1,0x0
331,429,master,0x06000464,read,0x20004020,1,0x0
332,429,master,0x06000464,read,0x20004020,1,0x0
333,430,master,0x06000464,read,0x20004020,1,0x0
334,430,master,0x06000464,read,0x20004020,1,0x0
335,430,master,0x06000464,read,0x20004020,1,0x0
336,430,master,0x06000464,read,0x20004020,1,0x0
337,430,master,0x06000464,read,0x20004020,1,0x0
338,430,master,0x06000464,read,0x20004020,1,0x0
339,430,master,0x06000464,read,0x20004020,1,0x0
340,430,master,0x06000464,read,0x20004020,1,0x0
341,430,master,0x06000464,read,0x20004020,1,0x0
342,430,master,0x06000464,read,0x20004020,1,0x0
343,430,master,0x06000464,read,0x20004020,1,0x1
344,430,master,0x0600046A,read,0x20004021,1,0x5
345,432,master,0x06000464,read,0x20004020,1,0x0
346,432,master,0x06000464,read,0x20004020,1,0x0
347,432,master,0x06000464,read,0x20004020,1,0x0
348,432,master,0x06000464,read,0x20004020,1,0x0
349,432,master,0x06000464,read,0x20004020,1,0x0
350,432,master,0x06000464,read,0x20004020,1,0x0
351,432,master,0x06000464,read,0x20004020,1,0x0
352,432,master,0x06000464,read,0x20004020,1,0x0
353,432,master,0x06000464,read,0x20004020,1,0x0
354,432,master,0x06000464,read,0x20004020,1,0x0
355,433,master,0x06000464,read,0x20004020,1,0x0
356,433,master,0x06000464,read,0x20004020,1,0x0
357,433,master,0x06000464,read,0x20004020,1,0x0
358,433,master,0x06000464,read,0x20004020,1,0x0
359,433,master,0x06000464,read,0x20004020,1,0x0
360,433,master,0x06000464,read,0x20004020,1,0x0
361,433,master,0x06000464,read,0x20004020,1,0x0
362,433,master,0x06000464,read,0x20004020,1,0x0
363,433,master,0x06000464,read,0x20004020,1,0x0
364,433,master,0x06000464,read,0x20004020,1,0x0
365,433,master,0x06000464,read,0x20004020,1,0x1
366,433,master,0x0600046A,read,0x20004021,1,0x5
367,435,master,0x06000464,read,0x20004020,1,0x0
368,435,master,0x06000464,read,0x20004020,1,0x0
369,435,master,0x06000464,read,0x20004020,1,0x0
370,435,master,0x06000464,read,0x20004020,1,0x0
371,435,master,0x06000464,read,0x20004020,1,0x0
372,435,master,0x06000464,read,0x20004020,1,0x0
373,435,master,0x06000464,read,0x20004020,1,0x0
374,435,master,0x06000464,read,0x20004020,1,0x0
375,435,master,0x06000464,read,0x20004020,1,0x0
376,435,master,0x06000464,read,0x20004020,1,0x0
377,436,master,0x06000464,read,0x20004020,1,0x0
378,436,master,0x06000464,read,0x20004020,1,0x0
379,436,master,0x06000464,read,0x20004020,1,0x0
380,436,master,0x06000464,read,0x20004020,1,0x0
381,436,master,0x06000464,read,0x20004020,1,0x0
382,436,master,0x06000464,read,0x20004020,1,0x0
383,436,master,0x06000464,read,0x20004020,1,0x0
384,436,master,0x06000464,read,0x20004020,1,0x0
385,436,master,0x06000464,read,0x20004020,1,0x0
386,436,master,0x06000464,read,0x20004020,1,0x0
387,436,master,0x06000464,read,0x20004020,1,0x1
388,436,master,0x0600046A,read,0x20004021,1,0x5
389,438,master,0x06000464,read,0x20004020,1,0x0
390,438,master,0x06000464,read,0x20004020,1,0x0
391,438,master,0x06000464,read,0x20004020,1,0x0
392,438,master,0x06000464,read,0x20004020,1,0x0
393,438,master,0x06000464,read,0x20004020,1,0x0
394,438,master,0x06000464,read,0x20004020,1,0x0
395,438,master,0x06000464,read,0x20004020,1,0x0
396,438,master,0x06000464,read,0x20004020,1,0x0
397,438,master,0x06000464,read,0x20004020,1,0x0
398,438,master,0x06000464,read,0x20004020,1,0x0
399,439,master,0x06000464,read,0x20004020,1,0x0
400,439,master,0x06000464,read,0x20004020,1,0x0
401,439,master,0x06000464,read,0x20004020,1,0x0
402,439,master,0x06000464,read,0x20004020,1,0x0
403,439,master,0x06000464,read,0x20004020,1,0x0
404,439,master,0x06000464,read,0x20004020,1,0x0
405,439,master,0x06000464,read,0x20004020,1,0x0
406,439,master,0x06000464,read,0x20004020,1,0x0
407,439,master,0x06000464,read,0x20004020,1,0x0
408,439,master,0x06000464,read,0x20004020,1,0x0
409,439,master,0x06000464,read,0x20004020,1,0x1
410,439,master,0x0600046A,read,0x20004021,1,0x5
411,441,master,0x06000464,read,0x20004020,1,0x0
412,441,master,0x06000464,read,0x20004020,1,0x0
413,441,master,0x06000464,read,0x20004020,1,0x0
414,441,master,0x06000464,read,0x20004020,1,0x0
415,441,master,0x06000464,read,0x20004020,1,0x0
416,441,master,0x06000464,read,0x20004020,1,0x0
417,441,master,0x06000464,read,0x20004020,1,0x0
418,441,master,0x06000464,read,0x20004020,1,0x0
419,441,master,0x06000464,read,0x20004020,1,0x0
420,441,master,0x06000464,read,0x20004020,1,0x0
421,442,master,0x06000464,read,0x20004020,1,0x0
422,442,master,0x06000464,read,0x20004020,1,0x0
423,442,master,0x06000464,read,0x20004020,1,0x0
424,442,master,0x06000464,read,0x20004020,1,0x0
425,442,master,0x06000464,read,0x20004020,1,0x0
426,442,master,0x06000464,read,0x20004020,1,0x0
427,442,master,0x06000464,read,0x20004020,1,0x0
428,442,master,0x06000464,read,0x20004020,1,0x0
429,442,master,0x06000464,read,0x20004020,1,0x0
430,442,master,0x06000464,read,0x20004020,1,0x0
431,442,master,0x06000464,read,0x20004020,1,0x1
432,442,master,0x0600046A,read,0x20004021,1,0x5
433,444,master,0x06000464,read,0x20004020,1,0x0
434,444,master,0x06000464,read,0x20004020,1,0x0
435,444,master,0x06000464,read,0x20004020,1,0x0
436,444,master,0x06000464,read,0x20004020,1,0x0
437,444,master,0x06000464,read,0x20004020,1,0x0
438,444,master,0x06000464,read,0x20004020,1,0x0
439,444,master,0x06000464,read,0x20004020,1,0x0
440,444,master,0x06000464,read,0x20004020,1,0x0
441,444,master,0x06000464,read,0x20004020,1,0x0
442,444,master,0x06000464,read,0x20004020,1,0x0
443,445,master,0x06000464,read,0x20004020,1,0x0
444,445,master,0x06000464,read,0x20004020,1,0x0
445,445,master,0x06000464,read,0x20004020,1,0x0
446,445,master,0x06000464,read,0x20004020,1,0x0
447,445,master,0x06000464,read,0x20004020,1,0x0
448,445,master,0x06000464,read,0x20004020,1,0x0
449,445,master,0x06000464,read,0x20004020,1,0x0
450,445,master,0x06000464,read,0x20004020,1,0x0
451,445,master,0x06000464,read,0x20004020,1,0x0
452,445,master,0x06000464,read,0x20004020,1,0x0
453,445,master,0x06000464,read,0x20004020,1,0x1
454,445,master,0x0600046A,read,0x20004021,1,0x5
455,447,master,0x06000464,read,0x20004020,1,0x0
456,447,master,0x06000464,read,0x20004020,1,0x0
457,447,master,0x06000464,read,0x20004020,1,0x0
458,447,master,0x06000464,read,0x20004020,1,0x0
459,447,master,0x06000464,read,0x20004020,1,0x0
460,447,master,0x06000464,read,0x20004020,1,0x0
461,447,master,0x06000464,read,0x20004020,1,0x0
462,447,master,0x06000464,read,0x20004020,1,0x0
463,447,master,0x06000464,read,0x20004020,1,0x0
464,447,master,0x06000464,read,0x20004020,1,0x0
465,448,master,0x06000464,read,0x20004020,1,0x0
466,448,master,0x06000464,read,0x20004020,1,0x0
467,448,master,0x06000464,read,0x20004020,1,0x0
468,448,master,0x06000464,read,0x20004020,1,0x0
469,448,master,0x06000464,read,0x20004020,1,0x0
470,448,master,0x06000464,read,0x20004020,1,0x0
471,448,master,0x06000464,read,0x20004020,1,0x0
472,448,master,0x06000464,read,0x20004020,1,0x0
473,448,master,0x06000464,read,0x20004020,1,0x0
474,448,master,0x06000464,read,0x20004020,1,0x0
475,448,master,0x06000464,read,0x20004020,1,0x1
476,448,master,0x0600046A,read,0x20004021,1,0x5
477,450,master,0x06000464,read,0x20004020,1,0x0
478,450,master,0x06000464,read,0x20004020,1,0x0
479,450,master,0x06000464,read,0x20004020,1,0x0
480,450,master,0x06000464,read,0x20004020,1,0x0
481,450,master,0x06000464,read,0x20004020,1,0x0
482,450,master,0x06000464,read,0x20004020,1,0x0
483,450,master,0x06000464,read,0x20004020,1,0x0
484,450,master,0x06000464,read,0x20004020,1,0x0
485,450,master,0x06000464,read,0x20004020,1,0x0
486,450,master,0x06000464,read,0x20004020,1,0x0
487,451,master,0x06000464,read,0x20004020,1,0x0
488,451,master,0x06000464,read,0x20004020,1,0x0
489,451,master,0x06000464,read,0x20004020,1,0x0
490,451,master,0x06000464,read,0x20004020,1,0x0
491,451,master,0x06000464,read,0x20004020,1,0x0
492,451,master,0x06000464,read,0x20004020,1,0x0
493,451,master,0x06000464,read,0x20004020,1,0x0
494,451,master,0x06000464,read,0x20004020,1,0x0
495,451,master,0x06000464,read,0x20004020,1,0x0
496,451,master,0x06000464,read,0x20004020,1,0x0
497,451,master,0x06000464,read,0x20004020,1,0x1
498,451,master,0x0600046A,read,0x20004021,1,0x5
499,453,master,0x06000464,read,0x20004020,1,0x0
500,453,master,0x06000464,read,0x20004020,1,0x0
501,453,master,0x06000464,read,0x20004020,1,0x0
502,453,master,0x06000464,read,0x20004020,1,0x0
503,453,master,0x06000464,read,0x20004020,1,0x0
504,453,master,0x06000464,read,0x20004020,1,0x0
505,453,master,0x06000464,read,0x20004020,1,0x0
506,453,master,0x06000464,read,0x20004020,1,0x0
507,453,master,0x06000464,read,0x20004020,1,0x0
508,453,master,0x06000464,read,0x20004020,1,0x0
509,454,master,0x06000464,read,0x20004020,1,0x0
510,454,master,0x06000464,read,0x20004020,1,0x0
511,454,master,0x06000464,read,0x20004020,1,0x0
512,454,master,0x06000464,read,0x20004020,1,0x0
513,454,master,0x06000464,read,0x20004020,1,0x0
514,454,master,0x06000464,read,0x20004020,1,0x0
515,454,master,0x06000464,read,0x20004020,1,0x0
516,454,master,0x06000464,read,0x20004020,1,0x0
517,454,master,0x06000464,read,0x20004020,1,0x0
518,454,master,0x06000464,read,0x20004020,1,0x0
519,454,master,0x06000464,read,0x20004020,1,0x1
520,454,master,0x0600046A,read,0x20004021,1,0x5
521,456,master,0x06000464,read,0x20004020,1,0x0
522,456,master,0x06000464,read,0x20004020,1,0x0
523,456,master,0x06000464,read,0x20004020,1,0x0
524,456,master,0x06000464,read,0x20004020,1,0x0
525,456,master,0x06000464,read,0x20004020,1,0x0
526,456,master,0x06000464,read,0x20004020,1,0x0
527,456,master,0x06000464,read,0x20004020,1,0x0
528,456,master,0x06000464,read,0x20004020,1,0x0
529,456,master,0x06000464,read,0x20004020,1,0x0
530,456,master,0x06000464,read,0x20004020,1,0x0
531,457,master,0x06000464,read,0x20004020,1,0x0
532,457,master,0x06000464,read,0x20004020,1,0x0
533,457,master,0x06000464,read,0x20004020,1,0x0
534,457,master,0x06000464,read,0x20004020,1,0x0
535,457,master,0x06000464,read,0x20004020,1,0x0
536,457,master,0x06000464,read,0x20004020,1,0x0
537,457,master,0x06000464,read,0x20004020,1,0x0
538,457,master,0x06000464,read,0x20004020,1,0x0
539,457,master,0x06000464,read,0x20004020,1,0x0
540,457,master,0x06000464,read,0x20004020,1,0x0
541,457,master,0x06000464,read,0x20004020,1,0x1
542,457,master,0x0600046A,read,0x20004021,1,0x5
543,459,master,0x06000464,read,0x20004020,1,0x0
544,459,master,0x06000464,read,0x20004020,1,0x0
545,459,master,0x06000464,read,0x20004020,1,0x0
546,459,master,0x06000464,read,0x20004020,1,0x0
547,459,master,0x06000464,read,0x20004020,1,0x0
548,459,master,0x06000464,read,0x20004020,1,0x0
549,459,master,0x06000464,read,0x20004020,1,0x0
550,459,master,0x06000464,read,0x20004020,1,0x0
551,459,master,0x06000464,read,0x20004020,1,0x0
552,459,master,0x06000464,read,0x20004020,1,0x0
553,460,master,0x06000464,read,0x20004020,1,0x0
554,460,master,0x06000464,read,0x20004020,1,0x0
555,460,master,0x06000464,read,0x20004020,1,0x0
556,460,master,0x06000464,read,0x20004020,1,0x0
557,460,master,0x06000464,read,0x20004020,1,0x0
558,460,master,0x06000464,read,0x20004020,1,0x0
559,460,master,0x06000464,read,0x20004020,1,0x0
560,460,master,0x06000464,read,0x20004020,1,0x0
561,460,master,0x06000464,read,0x20004020,1,0x0
562,460,master,0x06000464,read,0x20004020,1,0x0
563,460,master,0x06000464,read,0x20004020,1,0x1
564,460,master,0x0600046A,read,0x20004021,1,0x5
565,462,master,0x06000464,read,0x20004020,1,0x0
566,462,master,0x06000464,read,0x20004020,1,0x0
567,462,master,0x06000464,read,0x20004020,1,0x0
568,462,master,0x06000464,read,0x20004020,1,0x0
569,462,master,0x06000464,read,0x20004020,1,0x0
570,462,master,0x06000464,read,0x20004020,1,0x0
571,462,master,0x06000464,read,0x20004020,1,0x0
572,462,master,0x06000464,read,0x20004020,1,0x0
573,462,master,0x06000464,read,0x20004020,1,0x0
574,462,master,0x06000464,read,0x20004020,1,0x0
575,463,master,0x06000464,read,0x20004020,1,0x0
576,463,master,0x06000464,read,0x20004020,1,0x0
577,463,master,0x06000464,read,0x20004020,1,0x0
578,463,master,0x06000464,read,0x20004020,1,0x0
579,463,master,0x06000464,read,0x20004020,1,0x0
580,463,master,0x06000464,read,0x20004020,1,0x0
581,463,master,0x06000464,read,0x20004020,1,0x0
582,463,master,0x06000464,read,0x20004020,1,0x0
583,463,master,0x06000464,read,0x20004020,1,0x0
584,463,master,0x06000464,read,0x20004020,1,0x0
585,463,master,0x06000464,read,0x20004020,1,0x1
586,463,master,0x0600046A,read,0x20004021,1,0x5
587,465,master,0x06000464,read,0x20004020,1,0x0
588,465,master,0x06000464,read,0x20004020,1,0x0
589,465,master,0x06000464,read,0x20004020,1,0x0
590,465,master,0x06000464,read,0x20004020,1,0x0
591,465,master,0x06000464,read,0x20004020,1,0x0
592,465,master,0x06000464,read,0x20004020,1,0x0
593,465,master,0x06000464,read,0x20004020,1,0x0
594,465,master,0x06000464,read,0x20004020,1,0x0
595,465,master,0x06000464,read,0x20004020,1,0x0
596,465,master,0x06000464,read,0x20004020,1,0x0
597,466,master,0x06000464,read,0x20004020,1,0x0
598,466,master,0x06000464,read,0x20004020,1,0x0
599,466,master,0x06000464,read,0x20004020,1,0x0
600,466,master,0x06000464,read,0x20004020,1,0x0
601,466,master,0x06000464,read,0x20004020,1,0x0
602,466,master,0x06000464,read,0x20004020,1,0x0
603,466,master,0x06000464,read,0x20004020,1,0x0
604,466,master,0x06000464,read,0x20004020,1,0x0
605,466,master,0x06000464,read,0x20004020,1,0x0
606,466,master,0x06000464,read,0x20004020,1,0x0
607,466,master,0x06000464,read,0x20004020,1,0x1
608,466,master,0x0600046A,read,0x20004021,1,0x5
609,468,master,0x06000464,read,0x20004020,1,0x0
610,468,master,0x06000464,read,0x20004020,1,0x0
611,468,master,0x06000464,read,0x20004020,1,0x0
612,468,master,0x06000464,read,0x20004020,1,0x0
613,468,master,0x06000464,read,0x20004020,1,0x0
614,468,master,0x06000464,read,0x20004020,1,0x0
615,468,master,0x06000464,read,0x20004020,1,0x0
616,468,master,0x06000464,read,0x20004020,1,0x0
617,468,master,0x06000464,read,0x20004020,1,0x0
618,468,master,0x06000464,read,0x20004020,1,0x0
619,469,master,0x06000464,read,0x20004020,1,0x0
620,469,master,0x06000464,read,0x20004020,1,0x0
621,469,master,0x06000464,read,0x20004020,1,0x0
622,469,master,0x06000464,read,0x20004020,1,0x0
623,469,master,0x06000464,read,0x20004020,1,0x0
624,469,master,0x06000464,read,0x20004020,1,0x0
625,469,master,0x06000464,read,0x20004020,1,0x0
626,469,master,0x06000464,read,0x20004020,1,0x0
627,469,master,0x06000464,read,0x20004020,1,0x0
628,469,master,0x06000464,read,0x20004020,1,0x0
629,469,master,0x06000464,read,0x20004020,1,0x1
630,469,master,0x0600046A,read,0x20004021,1,0x5
631,471,master,0x06000464,read,0x20004020,1,0x0
632,471,master,0x06000464,read,0x20004020,1,0x0
633,471,master,0x06000464,read,0x20004020,1,0x0
634,471,master,0x06000464,read,0x20004020,1,0x0
635,471,master,0x06000464,read,0x20004020,1,0x0
636,471,master,0x06000464,read,0x20004020,1,0x0
637,471,master,0x06000464,read,0x20004020,1,0x0
638,471,master,0x06000464,read,0x20004020,1,0x0
639,471,master,0x06000464,read,0x20004020,1,0x0
640,471,master,0x06000464,read,0x20004020,1,0x0
641,472,master,0x06000464,read,0x20004020,1,0x0
642,472,master,0x06000464,read,0x20004020,1,0x0
643,472,master,0x06000464,read,0x20004020,1,0x0
644,472,master,0x06000464,read,0x20004020,1,0x0
645,472,master,0x06000464,read,0x20004020,1,0x0
646,472,master,0x06000464,read,0x20004020,1,0x0
647,472,master,0x06000464,read,0x20004020,1,0x0
648,472,master,0x06000464,read,0x20004020,1,0x0
649,472,master,0x06000464,read,0x20004020,1,0x0
650,472,master,0x06000464,read,0x20004020,1,0x0
651,472,master,0x06000464,read,0x20004020,1,0x1
652,472,master,0x0600046A,read,0x20004021,1,0x5
653,474,master,0x06000464,read,0x20004020,1,0x0
654,474,master,0x06000464,read,0x20004020,1,0x0
655,474,master,0x06000464,read,0x20004020,1,0x0
656,474,master,0x06000464,read,0x20004020,1,0x0
657,474,master,0x06000464,read,0x20004020,1,0x0
658,474,master,0x06000464,read,0x20004020,1,0x0
659,474,master,0x06000464,read,0x20004020,1,0x0
660,474,master,0x06000464,read,0x20004020,1,0x0
661,474,master,0x06000464,read,0x20004020,1,0x0
662,474,master,0x06000464,read,0x20004020,1,0x0
663,475,master,0x06000464,read,0x20004020,1,0x0
664,475,master,0x06000464,read,0x20004020,1,0x0
665,475,master,0x06000464,read,0x20004020,1,0x0
666,475,master,0x06000464,read,0x20004020,1,0x0
667,475,master,0x06000464,read,0x20004020,1,0x0
668,475,master,0x06000464,read,0x20004020,1,0x0
669,475,master,0x06000464,read,0x20004020,1,0x0
670,475,master,0x06000464,read,0x20004020,1,0x0
671,475,master,0x06000464,read,0x20004020,1,0x0
672,475,master,0x06000464,read,0x20004020,1,0x0
673,475,master,0x06000464,read,0x20004020,1,0x1
674,475,master,0x0600046A,read,0x20004021,1,0x5
675,477,master,0x06000464,read,0x20004020,1,0x0
676,477,master,0x06000464,read,0x20004020,1,0x0
677,477,master,0x06000464,read,0x20004020,1,0x0
678,477,master,0x06000464,read,0x20004020,1,0x0
679,477,master,0x06000464,read,0x20004020,1,0x0
680,477,master,0x06000464,read,0x20004020,1,0x0
681,477,master,0x06000464,read,0x20004020,1,0x0
682,477,master,0x06000464,read,0x20004020,1,0x0
683,477,master,0x06000464,read,0x20004020,1,0x0
684,477,master,0x06000464,read,0x20004020,1,0x0
685,478,master,0x06000464,read,0x20004020,1,0x0
686,478,master,0x06000464,read,0x20004020,1,0x0
687,478,master,0x06000464,read,0x20004020,1,0x0
688,478,master,0x06000464,read,0x20004020,1,0x0
689,478,master,0x06000464,read,0x20004020,1,0x0
690,478,master,0x06000464,read,0x20004020,1,0x0
691,478,master,0x06000464,read,0x20004020,1,0x0
692,478,master,0x06000464,read,0x20004020,1,0x0
693,478,master,0x06000464,read,0x20004020,1,0x0
694,478,master,0x06000464,read,0x20004020,1,0x0
695,478,master,0x06000464,read,0x20004020,1,0x1
696,478,master,0x0600046A,read,0x20004021,1,0x5
697,480,master,0x06000464,read,0x20004020,1,0x0
698,480,master,0x06000464,read,0x20004020,1,0x0
699,480,master,0x06000464,read,0x20004020,1,0x0
700,480,master,0x06000464,read,0x20004020,1,0x0
701,480,master,0x06000464,read,0x20004020,1,0x0
702,480,master,0x06000464,read,0x20004020,1,0x0
703,480,master,0x06000464,read,0x20004020,1,0x0
704,480,master,0x06000464,read,0x20004020,1,0x0
705,480,master,0x06000464,read,0x20004020,1,0x0
706,480,master,0x06000464,read,0x20004020,1,0x0
707,481,master,0x06000464,read,0x20004020,1,0x0
708,481,master,0x06000464,read,0x20004020,1,0x0
709,481,master,0x06000464,read,0x20004020,1,0x0
710,481,master,0x06000464,read,0x20004020,1,0x0
711,481,master,0x06000464,read,0x20004020,1,0x0
712,481,master,0x06000464,read,0x20004020,1,0x0
713,481,master,0x06000464,read,0x20004020,1,0x0
714,481,master,0x06000464,read,0x20004020,1,0x0
715,481,master,0x06000464,read,0x20004020,1,0x0
716,481,master,0x06000464,read,0x20004020,1,0x0
717,481,master,0x06000464,read,0x20004020,1,0x1
718,481,master,0x0600046A,read,0x20004021,1,0x5
719,483,master,0x06000464,read,0x20004020,1,0x0
720,483,master,0x06000464,read,0x20004020,1,0x0
721,483,master,0x06000464,read,0x20004020,1,0x0
722,483,master,0x06000464,read,0x20004020,1,0x0
723,483,master,0x06000464,read,0x20004020,1,0x0
724,483,master,0x06000464,read,0x20004020,1,0x0
725,483,master,0x06000464,read,0x20004020,1,0x0
726,483,master,0x06000464,read,0x20004020,1,0x0
727,483,master,0x06000464,read,0x20004020,1,0x0
728,483,master,0x06000464,read,0x20004020,1,0x0
729,484,master,0x06000464,read,0x20004020,1,0x0
730,484,master,0x06000464,read,0x20004020,1,0x0
731,484,master,0x06000464,read,0x20004020,1,0x0
732,484,master,0x06000464,read,0x20004020,1,0x0
733,484,master,0x06000464,read,0x20004020,1,0x0
734,484,master,0x06000464,read,0x20004020,1,0x0
735,484,master,0x06000464,read,0x20004020,1,0x0
736,484,master,0x06000464,read,0x20004020,1,0x0
737,484,master,0x06000464,read,0x20004020,1,0x0
738,484,master,0x06000464,read,0x20004020,1,0x0
739,484,master,0x06000464,read,0x20004020,1,0x1
740,484,master,0x0600046A,read,0x20004021,1,0x5
741,486,master,0x06000464,read,0x20004020,1,0x0
742,486,master,0x06000464,read,0x20004020,1,0x0
743,486,master,0x06000464,read,0x20004020,1,0x0
744,486,master,0x06000464,read,0x20004020,1,0x0
745,486,master,0x06000464,read,0x20004020,1,0x0
746,486,master,0x06000464,read,0x20004020,1,0x0
747,486,master,0x06000464,read,0x20004020,1,0x0
748,486,master,0x06000464,read,0x20004020,1,0x0
749,486,master,0x06000464,read,0x20004020,1,0x0
750,486,master,0x06000464,read,0x20004020,1,0x0
751,487,master,0x06000464,read,0x20004020,1,0x0
752,487,master,0x06000464,read,0x20004020,1,0x0
753,487,master,0x06000464,read,0x20004020,1,0x0
754,487,master,0x06000464,read,0x20004020,1,0x0
755,487,master,0x06000464,read,0x20004020,1,0x0
756,487,master,0x06000464,read,0x20004020,1,0x0
757,487,master,0x06000464,read,0x20004020,1,0x0
758,487,master,0x06000464,read,0x20004020,1,0x0
759,487,master,0x06000464,read,0x20004020,1,0x0
760,487,master,0x06000464,read,0x20004020,1,0x0
761,487,master,0x06000464,read,0x20004020,1,0x1
762,487,master,0x0600046A,read,0x20004021,1,0x5
763,489,master,0x06000464,read,0x20004020,1,0x0
764,489,master,0x06000464,read,0x20004020,1,0x0
765,489,master,0x06000464,read,0x20004020,1,0x0
766,489,master,0x06000464,read,0x20004020,1,0x0
767,489,master,0x06000464,read,0x20004020,1,0x0
768,489,master,0x06000464,read,0x20004020,1,0x0
769,489,master,0x06000464,read,0x20004020,1,0x0
770,489,master,0x06000464,read,0x20004020,1,0x0
771,489,master,0x06000464,read,0x20004020,1,0x0
772,489,master,0x06000464,read,0x20004020,1,0x0
773,490,master,0x06000464,read,0x20004020,1,0x0
774,490,master,0x06000464,read,0x20004020,1,0x0
775,490,master,0x06000464,read,0x20004020,1,0x0
776,490,master,0x06000464,read,0x20004020,1,0x0
777,490,master,0x06000464,read,0x20004020,1,0x0
778,490,master,0x06000464,read,0x20004020,1,0x0
779,490,master,0x06000464,read,0x20004020,1,0x0
780,490,master,0x06000464,read,0x20004020,1,0x0
781,490,master,0x06000464,read,0x20004020,1,0x0
782,490,master,0x06000464,read,0x20004020,1,0x0
783,490,master,0x06000464,read,0x20004020,1,0x1
784,490,master,0x0600046A,read,0x20004021,1,0x5
785,492,master,0x06000464,read,0x20004020,1,0x0
786,492,master,0x06000464,read,0x20004020,1,0x0
787,492,master,0x06000464,read,0x20004020,1,0x0
788,492,master,0x06000464,read,0x20004020,1,0x0
789,492,master,0x06000464,read,0x20004020,1,0x0
790,492,master,0x06000464,read,0x20004020,1,0x0
791,492,master,0x06000464,read,0x20004020,1,0x0
792,492,master,0x06000464,read,0x20004020,1,0x0
793,492,master,0x06000464,read,0x20004020,1,0x0
794,492,master,0x06000464,read,0x20004020,1,0x0
795,493,master,0x06000464,read,0x20004020,1,0x0
796,493,master,0x06000464,read,0x20004020,1,0x0
797,493,master,0x06000464,read,0x20004020,1,0x0
798,493,master,0x06000464,read,0x20004020,1,0x0
799,493,master,0x06000464,read,0x20004020,1,0x0
800,493,master,0x06000464,read,0x20004020,1,0x0
801,493,master,0x06000464,read,0x20004020,1,0x0
802,493,master,0x06000464,read,0x20004020,1,0x0
803,493,master,0x06000464,read,0x20004020,1,0x0
804,493,master,0x06000464,read,0x20004020,1,0x0
805,493,master,0x06000464,read,0x20004020,1,0x1
806,493,master,0x0600046A,read,0x20004021,1,0x5
807,495,master,0x06000464,read,0x20004020,1,0x0
808,495,master,0x06000464,read,0x20004020,1,0x0
809,495,master,0x06000464,read,0x20004020,1,0x0
810,495,master,0x06000464,read,0x20004020,1,0x0
811,495,master,0x06000464,read,0x20004020,1,0x0
812,495,master,0x06000464,read,0x20004020,1,0x0
813,495,master,0x06000464,read,0x20004020,1,0x0
814,495,master,0x06000464,read,0x20004020,1,0x0
815,495,master,0x06000464,read,0x20004020,1,0x0
816,495,master,0x06000464,read,0x20004020,1,0x0
817,496,master,0x06000464,read,0x20004020,1,0x0
818,496,master,0x06000464,read,0x20004020,1,0x0
819,496,master,0x06000464,read,0x20004020,1,0x0
820,496,master,0x06000464,read,0x20004020,1,0x0
821,496,master,0x06000464,read,0x20004020,1,0x0
822,496,master,0x06000464,read,0x20004020,1,0x0
823,496,master,0x06000464,read,0x20004020,1,0x0
824,496,master,0x06000464,read,0x20004020,1,0x0
825,496,master,0x06000464,read,0x20004020,1,0x0
826,496,master,0x06000464,read,0x20004020,1,0x0
827,496,master,0x06000464,read,0x20004020,1,0x1
828,496,master,0x0600046A,read,0x20004021,1,0x5
829,498,master,0x06000464,read,0x20004020,1,0x0
830,498,master,0x06000464,read,0x20004020,1,0x0
831,498,master,0x06000464,read,0x20004020,1,0x0
832,498,master,0x06000464,read,0x20004020,1,0x0
833,498,master,0x06000464,read,0x20004020,1,0x0
834,498,master,0x06000464,read,0x20004020,1,0x0
835,498,master,0x06000464,read,0x20004020,1,0x0
836,498,master,0x06000464,read,0x20004020,1,0x0
837,498,master,0x06000464,read,0x20004020,1,0x0
838,498,master,0x06000464,read,0x20004020,1,0x0
839,499,master,0x06000464,read,0x20004020,1,0x0
840,499,master,0x06000464,read,0x20004020,1,0x0
841,499,master,0x06000464,read,0x20004020,1,0x0
842,499,master,0x06000464,read,0x20004020,1,0x0
843,499,master,0x06000464,read,0x20004020,1,0x0
844,499,master,0x06000464,read,0x20004020,1,0x0
845,499,master,0x06000464,read,0x20004020,1,0x0
846,499,master,0x06000464,read,0x20004020,1,0x0
847,499,master,0x06000464,read,0x20004020,1,0x0
848,499,master,0x06000464,read,0x20004020,1,0x0
849,499,master,0x06000464,read,0x20004020,1,0x1
850,499,master,0x0600046A,read,0x20004021,1,0x5
851,501,master,0x06000464,read,0x20004020,1,0x0
852,501,master,0x06000464,read,0x20004020,1,0x0
853,501,master,0x06000464,read,0x20004020,1,0x0
854,501,master,0x06000464,read,0x20004020,1,0x0
855,501,master,0x06000464,read,0x20004020,1,0x0
856,501,master,0x06000464,read,0x20004020,1,0x0
857,501,master,0x06000464,read,0x20004020,1,0x0
858,501,master,0x06000464,read,0x20004020,1,0x0
859,501,master,0x06000464,read,0x20004020,1,0x0
860,501,master,0x06000464,read,0x20004020,1,0x0
861,502,master,0x06000464,read,0x20004020,1,0x0
862,502,master,0x06000464,read,0x20004020,1,0x0
863,502,master,0x06000464,read,0x20004020,1,0x0
864,502,master,0x06000464,read,0x20004020,1,0x0
865,502,master,0x06000464,read,0x20004020,1,0x0
866,502,master,0x06000464,read,0x20004020,1,0x0
867,502,master,0x06000464,read,0x20004020,1,0x0
868,502,master,0x06000464,read,0x20004020,1,0x0
869,502,master,0x06000464,read,0x20004020,1,0x0
870,502,master,0x06000464,read,0x20004020,1,0x0
871,502,master,0x06000464,read,0x20004020,1,0x1
872,502,master,0x0600046A,read,0x20004021,1,0x5
873,504,master,0x06000464,read,0x20004020,1,0x0
874,504,master,0x06000464,read,0x20004020,1,0x0
875,504,master,0x06000464,read,0x20004020,1,0x0
876,504,master,0x06000464,read,0x20004020,1,0x0
877,504,master,0x06000464,read,0x20004020,1,0x0
878,504,master,0x06000464,read,0x20004020,1,0x0
879,504,master,0x06000464,read,0x20004020,1,0x0
880,504,master,0x06000464,read,0x20004020,1,0x0
881,504,master,0x06000464,read,0x20004020,1,0x0
882,504,master,0x06000464,read,0x20004020,1,0x0
883,505,master,0x06000464,read,0x20004020,1,0x0
884,505,master,0x06000464,read,0x20004020,1,0x0
885,505,master,0x06000464,read,0x20004020,1,0x0
886,505,master,0x06000464,read,0x20004020,1,0x0
887,505,master,0x06000464,read,0x20004020,1,0x0
888,505,master,0x06000464,read,0x20004020,1,0x0
889,505,master,0x06000464,read,0x20004020,1,0x0
890,505,master,0x06000464,read,0x20004020,1,0x0
891,505,master,0x06000464,read,0x20004020,1,0x0
892,505,master,0x06000464,read,0x20004020,1,0x0
893,505,master,0x06000464,read,0x20004020,1,0x1
894,505,master,0x0600046A,read,0x20004021,1,0x5
895,507,master,0x06000464,read,0x20004020,1,0x0
896,507,master,0x06000464,read,0x20004020,1,0x0
897,507,master,0x06000464,read,0x20004020,1,0x0
898,507,master,0x06000464,read,0x20004020,1,0x0
899,507,master,0x06000464,read,0x20004020,1,0x0
900,507,master,0x06000464,read,0x20004020,1,0x0
901,507,master,0x06000464,read,0x20004020,1,0x0
902,507,master,0x06000464,read,0x20004020,1,0x0
903,507,master,0x06000464,read,0x20004020,1,0x0
904,507,master,0x06000464,read,0x20004020,1,0x0
905,508,master,0x06000464,read,0x20004020,1,0x0
906,508,master,0x06000464,read,0x20004020,1,0x0
907,508,master,0x06000464,read,0x20004020,1,0x0
908,508,master,0x06000464,read,0x20004020,1,0x0
909,508,master,0x06000464,read,0x20004020,1,0x0
910,508,master,0x06000464,read,0x20004020,1,0x0
911,508,master,0x06000464,read,0x20004020,1,0x0
912,508,master,0x06000464,read,0x20004020,1,0x0
913,508,master,0x06000464,read,0x20004020,1,0x0
914,508,master,0x06000464,read,0x20004020,1,0x0
915,508,master,0x06000464,read,0x20004020,1,0x1
916,508,master,0x0600046A,read,0x20004021,1,0x5
917,510,master,0x06000464,read,0x20004020,1,0x0
918,510,master,0x06000464,read,0x20004020,1,0x0
919,510,master,0x06000464,read,0x20004020,1,0x0
920,510,master,0x06000464,read,0x20004020,1,0x0
921,510,master,0x06000464,read,0x20004020,1,0x0
922,510,master,0x06000464,read,0x20004020,1,0x0
923,510,master,0x06000464,read,0x20004020,1,0x0
924,510,master,0x06000464,read,0x20004020,1,0x0
925,510,master,0x06000464,read,0x20004020,1,0x0
926,510,master,0x06000464,read,0x20004020,1,0x0
927,511,master,0x06000464,read,0x20004020,1,0x0
928,511,master,0x06000464,read,0x20004020,1,0x0
929,511,master,0x06000464,read,0x20004020,1,0x0
930,511,master,0x06000464,read,0x20004020,1,0x0
931,511,master,0x06000464,read,0x20004020,1,0x0
932,511,master,0x06000464,read,0x20004020,1,0x0
933,511,master,0x06000464,read,0x20004020,1,0x0
934,511,master,0x06000464,read,0x20004020,1,0x0
935,511,master,0x06000464,read,0x20004020,1,0x0
936,511,master,0x06000464,read,0x20004020,1,0x0
937,511,master,0x06000464,read,0x20004020,1,0x1
938,511,master,0x0600046A,read,0x20004021,1,0x5
939,513,master,0x06000464,read,0x20004020,1,0x0
940,513,master,0x06000464,read,0x20004020,1,0x0
941,513,master,0x06000464,read,0x20004020,1,0x0
942,513,master,0x06000464,read,0x20004020,1,0x0
943,513,master,0x06000464,read,0x20004020,1,0x0
944,513,master,0x06000464,read,0x20004020,1,0x0
945,513,master,0x06000464,read,0x20004020,1,0x0
946,513,master,0x06000464,read,0x20004020,1,0x0
947,513,master,0x06000464,read,0x20004020,1,0x0
948,513,master,0x06000464,read,0x20004020,1,0x0
949,514,master,0x06000464,read,0x20004020,1,0x0
950,514,master,0x06000464,read,0x20004020,1,0x0
951,514,master,0x06000464,read,0x20004020,1,0x0
952,514,master,0x06000464,read,0x20004020,1,0x0
953,514,master,0x06000464,read,0x20004020,1,0x0
954,514,master,0x06000464,read,0x20004020,1,0x0
955,514,master,0x06000464,read,0x20004020,1,0x0
956,514,master,0x06000464,read,0x20004020,1,0x0
957,514,master,0x06000464,read,0x20004020,1,0x0
958,514,master,0x06000464,read,0x20004020,1,0x0
959,514,master,0x06000464,read,0x20004020,1,0x1
960,514,master,0x0600046A,read,0x20004021,1,0x5
961,516,master,0x06000464,read,0x20004020,1,0x0
962,516,master,0x06000464,read,0x20004020,1,0x0
963,516,master,0x06000464,read,0x20004020,1,0x0
964,516,master,0x06000464,read,0x20004020,1,0x0
965,516,master,0x06000464,read,0x20004020,1,0x0
966,516,master,0x06000464,read,0x20004020,1,0x0
967,516,master,0x06000464,read,0x20004020,1,0x0
968,516,master,0x06000464,read,0x20004020,1,0x0
969,516,master,0x06000464,read,0x20004020,1,0x0
970,516,master,0x06000464,read,0x20004020,1,0x0
971,517,master,0x06000464,read,0x20004020,1,0x0
972,517,master,0x06000464,read,0x20004020,1,0x0
973,517,master,0x06000464,read,0x20004020,1,0x0
974,517,master,0x06000464,read,0x20004020,1,0x0
975,517,master,0x06000464,read,0x20004020,1,0x0
976,517,master,0x06000464,read,0x20004020,1,0x0
977,517,master,0x06000464,read,0x20004020,1,0x0
978,517,master,0x06000464,read,0x20004020,1,0x0
979,517,master,0x06000464,read,0x20004020,1,0x0
980,517,master,0x06000464,read,0x20004020,1,0x0
981,517,master,0x06000464,read,0x20004020,1,0x1
982,517,master,0x0600046A,read,0x20004021,1,0x5
983,519,master,0x06000464,read,0x20004020,1,0x0
984,519,master,0x06000464,read,0x20004020,1,0x0
985,519,master,0x06000464,read,0x20004020,1,0x0
986,519,master,0x06000464,read,0x20004020,1,0x0
987,519,master,0x06000464,read,0x20004020,1,0x0
988,519,master,0x06000464,read,0x20004020,1,0x0
989,519,master,0x06000464,read,0x20004020,1,0x0
990,519,master,0x06000464,read,0x20004020,1,0x0
991,519,master,0x06000464,read,0x20004020,1,0x0
992,519,master,0x06000464,read,0x20004020,1,0x0
993,520,master,0x06000464,read,0x20004020,1,0x0
994,520,master,0x06000464,read,0x20004020,1,0x0
995,520,master,0x06000464,read,0x20004020,1,0x0
996,520,master,0x06000464,read,0x20004020,1,0x0
997,520,master,0x06000464,read,0x20004020,1,0x0
998,520,master,0x06000464,read,0x20004020,1,0x0
999,520,master,0x06000464,read,0x20004020,1,0x0
1000,520,master,0x06000464,read,0x20004020,1,0x0
1001,520,master,0x06000464,read,0x20004020,1,0x0
1002,520,master,0x06000464,read,0x20004020,1,0x0
1003,520,master,0x06000464,read,0x20004020,1,0x1
1004,520,master,0x0600046A,read,0x20004021,1,0x5
1005,522,master,0x06000464,read,0x20004020,1,0x0
1006,522,master,0x06000464,read,0x20004020,1,0x0
1007,522,master,0x06000464,read,0x20004020,1,0x0
1008,522,master,0x06000464,read,0x20004020,1,0x0
1009,522,master,0x06000464,read,0x20004020,1,0x0
1010,522,master,0x06000464,read,0x20004020,1,0x0
1011,522,master,0x06000464,read,0x20004020,1,0x0
1012,522,master,0x06000464,read,0x20004020,1,0x0
1013,522,master,0x06000464,read,0x20004020,1,0x0
1014,522,master,0x06000464,read,0x20004020,1,0x0
1015,523,master,0x06000464,read,0x20004020,1,0x0
1016,523,master,0x06000464,read,0x20004020,1,0x0
1017,523,master,0x06000464,read,0x20004020,1,0x0
1018,523,master,0x06000464,read,0x20004020,1,0x0
1019,523,master,0x06000464,read,0x20004020,1,0x0
1020,523,master,0x06000464,read,0x20004020,1,0x0
1021,523,master,0x06000464,read,0x20004020,1,0x0
1022,523,master,0x06000464,read,0x20004020,1,0x0
1023,523,master,0x06000464,read,0x20004020,1,0x0
1024,523,master,0x06000464,read,0x20004020,1,0x0
1025,523,master,0x06000464,read,0x20004020,1,0x1
1026,523,master,0x0600046A,read,0x20004021,1,0x5
1027,525,master,0x06000464,read,0x20004020,1,0x0
1028,525,master,0x06000464,read,0x20004020,1,0x0
1029,525,master,0x06000464,read,0x20004020,1,0x0
1030,525,master,0x06000464,read,0x20004020,1,0x0
1031,525,master,0x06000464,read,0x20004020,1,0x0
1032,525,master,0x06000464,read,0x20004020,1,0x0
1033,525,master,0x06000464,read,0x20004020,1,0x0
1034,525,master,0x06000464,read,0x20004020,1,0x0
1035,525,master,0x06000464,read,0x20004020,1,0x0
1036,525,master,0x06000464,read,0x20004020,1,0x0
1037,526,master,0x06000464,read,0x20004020,1,0x0
1038,526,master,0x06000464,read,0x20004020,1,0x0
1039,526,master,0x06000464,read,0x20004020,1,0x0
1040,526,master,0x06000464,read,0x20004020,1,0x0
1041,526,master,0x06000464,read,0x20004020,1,0x0
1042,526,master,0x06000464,read,0x20004020,1,0x0
1043,526,master,0x06000464,read,0x20004020,1,0x0
1044,526,master,0x06000464,read,0x20004020,1,0x0
1045,526,master,0x06000464,read,0x20004020,1,0x0
1046,526,master,0x06000464,read,0x20004020,1,0x0
1047,526,master,0x06000464,read,0x20004020,1,0x1
1048,526,master,0x0600046A,read,0x20004021,1,0x5
1049,528,master,0x06000464,read,0x20004020,1,0x0
1050,528,master,0x06000464,read,0x20004020,1,0x0
1051,528,master,0x06000464,read,0x20004020,1,0x0
1052,528,master,0x06000464,read,0x20004020,1,0x0
1053,528,master,0x06000464,read,0x20004020,1,0x0
1054,528,master,0x06000464,read,0x20004020,1,0x0
1055,528,master,0x06000464,read,0x20004020,1,0x0
1056,528,master,0x06000464,read,0x20004020,1,0x0
1057,528,master,0x06000464,read,0x20004020,1,0x0
1058,528,master,0x06000464,read,0x20004020,1,0x0
1059,529,master,0x06000464,read,0x20004020,1,0x0
1060,529,master,0x06000464,read,0x20004020,1,0x0
1061,529,master,0x06000464,read,0x20004020,1,0x0
1062,529,master,0x06000464,read,0x20004020,1,0x0
1063,529,master,0x06000464,read,0x20004020,1,0x0
1064,529,master,0x06000464,read,0x20004020,1,0x0
1065,529,master,0x06000464,read,0x20004020,1,0x0
1066,529,master,0x06000464,read,0x20004020,1,0x0
1067,529,master,0x06000464,read,0x20004020,1,0x0
1068,529,master,0x06000464,read,0x20004020,1,0x0
1069,529,master,0x06000464,read,0x20004020,1,0x1
1070,529,master,0x0600046A,read,0x20004021,1,0x5
1071,531,master,0x06000464,read,0x20004020,1,0x0
1072,531,master,0x06000464,read,0x20004020,1,0x0
1073,531,master,0x06000464,read,0x20004020,1,0x0
1074,531,master,0x06000464,read,0x20004020,1,0x0
1075,531,master,0x06000464,read,0x20004020,1,0x0
1076,531,master,0x06000464,read,0x20004020,1,0x0
1077,531,master,0x06000464,read,0x20004020,1,0x0
1078,531,master,0x06000464,read,0x20004020,1,0x0
1079,531,master,0x06000464,read,0x20004020,1,0x0
1080,531,master,0x06000464,read,0x20004020,1,0x0
1081,532,master,0x06000464,read,0x20004020,1,0x0
1082,532,master,0x06000464,read,0x20004020,1,0x0
1083,532,master,0x06000464,read,0x20004020,1,0x0
1084,532,master,0x06000464,read,0x20004020,1,0x0
1085,532,master,0x06000464,read,0x20004020,1,0x0
1086,532,master,0x06000464,read,0x20004020,1,0x0
1087,532,master,0x06000464,read,0x20004020,1,0x0
1088,532,master,0x06000464,read,0x20004020,1,0x0
1089,532,master,0x06000464,read,0x20004020,1,0x0
1090,532,master,0x06000464,read,0x20004020,1,0x0
1091,532,master,0x06000464,read,0x20004020,1,0x1
1092,532,master,0x0600046A,read,0x20004021,1,0x5
1093,534,master,0x06000464,read,0x20004020,1,0x0
1094,534,master,0x06000464,read,0x20004020,1,0x0
1095,534,master,0x06000464,read,0x20004020,1,0x0
1096,534,master,0x06000464,read,0x20004020,1,0x0
1097,534,master,0x06000464,read,0x20004020,1,0x0
1098,534,master,0x06000464,read,0x20004020,1,0x0
1099,534,master,0x06000464,read,0x20004020,1,0x0
1100,534,master,0x06000464,read,0x20004020,1,0x0
1101,534,master,0x06000464,read,0x20004020,1,0x0
1102,534,master,0x06000464,read,0x20004020,1,0x0
1103,535,master,0x06000464,read,0x20004020,1,0x0
1104,535,master,0x06000464,read,0x20004020,1,0x0
1105,535,master,0x06000464,read,0x20004020,1,0x0
1106,535,master,0x06000464,read,0x20004020,1,0x0
1107,535,master,0x06000464,read,0x20004020,1,0x0
1108,535,master,0x06000464,read,0x20004020,1,0x0
1109,535,master,0x06000464,read,0x20004020,1,0x0
1110,535,master,0x06000464,read,0x20004020,1,0x0
1111,535,master,0x06000464,read,0x20004020,1,0x0
1112,535,master,0x06000464,read,0x20004020,1,0x0
1113,535,master,0x06000464,read,0x20004020,1,0x1
1114,535,master,0x0600046A,read,0x20004021,1,0x5
1115,537,master,0x06000464,read,0x20004020,1,0x0
1116,537,master,0x06000464,read,0x20004020,1,0x0
1117,537,master,0x06000464,read,0x20004020,1,0x0
1118,537,master,0x06000464,read,0x20004020,1,0x0
1119,537,master,0x06000464,read,0x20004020,1,0x0
1120,537,master,0x06000464,read,0x20004020,1,0x0
1121,537,master,0x06000464,read,0x20004020,1,0x0
1122,537,master,0x06000464,read,0x20004020,1,0x0
1123,537,master,0x06000464,read,0x20004020,1,0x0
1124,537,master,0x06000464,read,0x20004020,1,0x0
1125,538,master,0x06000464,read,0x20004020,1,0x0
1126,538,master,0x06000464,read,0x20004020,1,0x0
1127,538,master,0x06000464,read,0x20004020,1,0x0
1128,538,master,0x06000464,read,0x20004020,1,0x0
1129,538,master,0x06000464,read,0x20004020,1,0x0
1130,538,master,0x06000464,read,0x20004020,1,0x0
1131,538,master,0x06000464,read,0x20004020,1,0x0
1132,538,master,0x06000464,read,0x20004020,1,0x0
1133,538,master,0x06000464,read,0x20004020,1,0x0
1134,538,master,0x06000464,read,0x20004020,1,0x0
1135,538,master,0x06000464,read,0x20004020,1,0x1
1136,538,master,0x0600046A,read,0x20004021,1,0x5
1137,540,master,0x06000464,read,0x20004020,1,0x0
1138,540,master,0x06000464,read,0x20004020,1,0x0
1139,540,master,0x06000464,read,0x20004020,1,0x0
1140,540,master,0x06000464,read,0x20004020,1,0x0
1141,540,master,0x06000464,read,0x20004020,1,0x0
1142,540,master,0x06000464,read,0x20004020,1,0x0
1143,540,master,0x06000464,read,0x20004020,1,0x0
1144,540,master,0x06000464,read,0x20004020,1,0x0
1145,540,master,0x06000464,read,0x20004020,1,0x0
1146,540,master,0x06000464,read,0x20004020,1,0x0
1147,541,master,0x06000464,read,0x20004020,1,0x0
1148,541,master,0x06000464,read,0x20004020,1,0x0
1149,541,master,0x06000464,read,0x20004020,1,0x0
1150,541,master,0x06000464,read,0x20004020,1,0x0
1151,541,master,0x06000464,read,0x20004020,1,0x0
1152,541,master,0x06000464,read,0x20004020,1,0x0
1153,541,master,0x06000464,read,0x20004020,1,0x0
1154,541,master,0x06000464,read,0x20004020,1,0x0
1155,541,master,0x06000464,read,0x20004020,1,0x0
1156,541,master,0x06000464,read,0x20004020,1,0x0
1157,541,master,0x06000464,read,0x20004020,1,0x1
1158,541,master,0x0600046A,read,0x20004021,1,0x5
1159,543,master,0x06000464,read,0x20004020,1,0x0
1160,543,master,0x06000464,read,0x20004020,1,0x0
1161,543,master,0x06000464,read,0x20004020,1,0x0
1162,543,master,0x06000464,read,0x20004020,1,0x0
1163,543,master,0x06000464,read,0x20004020,1,0x0
1164,543,master,0x06000464,read,0x20004020,1,0x0
1165,543,master,0x06000464,read,0x20004020,1,0x0
1166,543,master,0x06000464,read,0x20004020,1,0x0
1167,543,master,0x06000464,read,0x20004020,1,0x0
1168,543,master,0x06000464,read,0x20004020,1,0x0
1169,544,master,0x06000464,read,0x20004020,1,0x0
1170,544,master,0x06000464,read,0x20004020,1,0x0
1171,544,master,0x06000464,read,0x20004020,1,0x0
1172,544,master,0x06000464,read,0x20004020,1,0x0
1173,544,master,0x06000464,read,0x20004020,1,0x0
1174,544,master,0x06000464,read,0x20004020,1,0x0
1175,544,master,0x06000464,read,0x20004020,1,0x0
1176,544,master,0x06000464,read,0x20004020,1,0x0
1177,544,master,0x06000464,read,0x20004020,1,0x0
1178,544,master,0x06000464,read,0x20004020,1,0x0
1179,544,master,0x06000464,read,0x20004020,1,0x1
1180,544,master,0x0600046A,read,0x20004021,1,0x5
1181,546,master,0x06000464,read,0x20004020,1,0x0
1182,546,master,0x06000464,read,0x20004020,1,0x0
1183,546,master,0x06000464,read,0x20004020,1,0x0
1184,546,master,0x06000464,read,0x20004020,1,0x0
1185,546,master,0x06000464,read,0x20004020,1,0x0
1186,546,master,0x06000464,read,0x20004020,1,0x0
1187,546,master,0x06000464,read,0x20004020,1,0x0
1188,546,master,0x06000464,read,0x20004020,1,0x0
1189,546,master,0x06000464,read,0x20004020,1,0x0
1190,546,master,0x06000464,read,0x20004020,1,0x0
1191,547,master,0x06000464,read,0x20004020,1,0x0
1192,547,master,0x06000464,read,0x20004020,1,0x0
1193,547,master,0x06000464,read,0x20004020,1,0x0
1194,547,master,0x06000464,read,0x20004020,1,0x0
1195,547,master,0x06000464,read,0x20004020,1,0x0
1196,547,master,0x06000464,read,0x20004020,1,0x0
1197,547,master,0x06000464,read,0x20004020,1,0x0
1198,547,master,0x06000464,read,0x20004020,1,0x0
1199,547,master,0x06000464,read,0x20004020,1,0x0
1200,547,master,0x06000464,read,0x20004020,1,0x0
1201,547,master,0x06000464,read,0x20004020,1,0x1
1202,547,master,0x0600046A,read,0x20004021,1,0x5
1203,549,master,0x06000464,read,0x20004020,1,0x0
1204,549,master,0x06000464,read,0x20004020,1,0x0
1205,549,master,0x06000464,read,0x20004020,1,0x0
1206,549,master,0x06000464,read,0x20004020,1,0x0
1207,549,master,0x06000464,read,0x20004020,1,0x0
1208,549,master,0x06000464,read,0x20004020,1,0x0
1209,549,master,0x06000464,read,0x20004020,1,0x0
1210,549,master,0x06000464,read,0x20004020,1,0x0
1211,549,master,0x06000464,read,0x20004020,1,0x0
1212,549,master,0x06000464,read,0x20004020,1,0x0
1213,550,master,0x06000464,read,0x20004020,1,0x0
1214,550,master,0x06000464,read,0x20004020,1,0x0
1215,550,master,0x06000464,read,0x20004020,1,0x0
1216,550,master,0x06000464,read,0x20004020,1,0x0
1217,550,master,0x06000464,read,0x20004020,1,0x0
1218,550,master,0x06000464,read,0x20004020,1,0x0
1219,550,master,0x06000464,read,0x20004020,1,0x0
1220,550,master,0x06000464,read,0x20004020,1,0x0
1221,550,master,0x06000464,read,0x20004020,1,0x0
1222,550,master,0x06000464,read,0x20004020,1,0x0
1223,550,master,0x06000464,read,0x20004020,1,0x1
1224,550,master,0x0600046A,read,0x20004021,1,0x5
1225,552,master,0x06000464,read,0x20004020,1,0x0
1226,552,master,0x06000464,read,0x20004020,1,0x0
1227,552,master,0x06000464,read,0x20004020,1,0x0
1228,552,master,0x06000464,read,0x20004020,1,0x0
1229,552,master,0x06000464,read,0x20004020,1,0x0
1230,552,master,0x06000464,read,0x20004020,1,0x0
1231,552,master,0x06000464,read,0x20004020,1,0x0
1232,552,master,0x06000464,read,0x20004020,1,0x0
1233,552,master,0x06000464,read,0x20004020,1,0x0
1234,552,master,0x06000464,read,0x20004020,1,0x0
1235,553,master,0x06000464,read,0x20004020,1,0x0
1236,553,master,0x06000464,read,0x20004020,1,0x0
1237,553,master,0x06000464,read,0x20004020,1,0x0
1238,553,master,0x06000464,read,0x20004020,1,0x0
1239,553,master,0x06000464,read,0x20004020,1,0x0
1240,553,master,0x06000464,read,0x20004020,1,0x0
1241,553,master,0x06000464,read,0x20004020,1,0x0
1242,553,master,0x06000464,read,0x20004020,1,0x0
1243,553,master,0x06000464,read,0x20004020,1,0x0
1244,553,master,0x06000464,read,0x20004020,1,0x0
1245,553,master,0x06000464,read,0x20004020,1,0x1
1246,553,master,0x0600046A,read,0x20004021,1,0x5
1247,555,master,0x06000464,read,0x20004020,1,0x0
1248,555,master,0x06000464,read,0x20004020,1,0x0
1249,555,master,0x06000464,read,0x20004020,1,0x0
1250,555,master,0x06000464,read,0x20004020,1,0x0
1251,555,master,0x06000464,read,0x20004020,1,0x0
1252,555,master,0x06000464,read,0x20004020,1,0x0
1253,555,master,0x06000464,read,0x20004020,1,0x0
1254,555,master,0x06000464,read,0x20004020,1,0x0
1255,555,master,0x06000464,read,0x20004020,1,0x0
1256,555,master,0x06000464,read,0x20004020,1,0x0
1257,556,master,0x06000464,read,0x20004020,1,0x0
1258,556,master,0x06000464,read,0x20004020,1,0x0
1259,556,master,0x06000464,read,0x20004020,1,0x0
1260,556,master,0x06000464,read,0x20004020,1,0x0
1261,556,master,0x06000464,read,0x20004020,1,0x0
1262,556,master,0x06000464,read,0x20004020,1,0x0
1263,556,master,0x06000464,read,0x20004020,1,0x0
1264,556,master,0x06000464,read,0x20004020,1,0x0
1265,556,master,0x06000464,read,0x20004020,1,0x0
1266,556,master,0x06000464,read,0x20004020,1,0x0
1267,556,master,0x06000464,read,0x20004020,1,0x1
1268,556,master,0x0600046A,read,0x20004021,1,0x5
1269,558,master,0x06000464,read,0x20004020,1,0x0
1270,558,master,0x06000464,read,0x20004020,1,0x0
1271,558,master,0x06000464,read,0x20004020,1,0x0
1272,558,master,0x06000464,read,0x20004020,1,0x0
1273,558,master,0x06000464,read,0x20004020,1,0x0
1274,558,master,0x06000464,read,0x20004020,1,0x0
1275,558,master,0x06000464,read,0x20004020,1,0x0
1276,558,master,0x06000464,read,0x20004020,1,0x0
1277,558,master,0x06000464,read,0x20004020,1,0x0
1278,558,master,0x06000464,read,0x20004020,1,0x0
1279,559,master,0x06000464,read,0x20004020,1,0x0
1280,559,master,0x06000464,read,0x20004020,1,0x0
1281,559,master,0x06000464,read,0x20004020,1,0x0
1282,559,master,0x06000464,read,0x20004020,1,0x0
1283,559,master,0x06000464,read,0x20004020,1,0x0
1284,559,master,0x06000464,read,0x20004020,1,0x0
1285,559,master,0x06000464,read,0x20004020,1,0x0
1286,559,master,0x06000464,read,0x20004020,1,0x0
1287,559,master,0x06000464,read,0x20004020,1,0x0
1288,559,master,0x06000464,read,0x20004020,1,0x0
1289,559,master,0x06000464,read,0x20004020,1,0x1
1290,559,master,0x0600046A,read,0x20004021,1,0x5
1291,561,master,0x06000464,read,0x20004020,1,0x0
1292,561,master,0x06000464,read,0x20004020,1,0x0
1293,561,master,0x06000464,read,0x20004020,1,0x0
1294,561,master,0x06000464,read,0x20004020,1,0x0
1295,561,master,0x06000464,read,0x20004020,1,0x0
1296,561,master,0x06000464,read,0x20004020,1,0x0
1297,561,master,0x06000464,read,0x20004020,1,0x0
1298,561,master,0x06000464,read,0x20004020,1,0x0
1299,561,master,0x06000464,read,0x20004020,1,0x0
1300,561,master,0x06000464,read,0x20004020,1,0x0
1301,562,master,0x06000464,read,0x20004020,1,0x0
1302,562,master,0x06000464,read,0x20004020,1,0x0
1303,562,master,0x06000464,read,0x20004020,1,0x0
1304,562,master,0x06000464,read,0x20004020,1,0x0
1305,562,master,0x06000464,read,0x20004020,1,0x0
1306,562,master,0x06000464,read,0x20004020,1,0x0
1307,562,master,0x06000464,read,0x20004020,1,0x0
1308,562,master,0x06000464,read,0x20004020,1,0x0
1309,562,master,0x06000464,read,0x20004020,1,0x0
1310,562,master,0x06000464,read,0x20004020,1,0x0
1311,562,master,0x06000464,read,0x20004020,1,0x1
1312,562,master,0x0600046A,read,0x20004021,1,0x5
1313,564,master,0x06000464,read,0x20004020,1,0x0
1314,564,master,0x06000464,read,0x20004020,1,0x0
1315,564,master,0x06000464,read,0x20004020,1,0x0
1316,564,master,0x06000464,read,0x20004020,1,0x0
1317,564,master,0x06000464,read,0x20004020,1,0x0
1318,564,master,0x06000464,read,0x20004020,1,0x0
1319,564,master,0x06000464,read,0x20004020,1,0x0
1320,564,master,0x06000464,read,0x20004020,1,0x0
1321,564,master,0x06000464,read,0x20004020,1,0x0
1322,564,master,0x06000464,read,0x20004020,1,0x0
1323,565,master,0x06000464,read,0x20004020,1,0x0
1324,565,master,0x06000464,read,0x20004020,1,0x0
1325,565,master,0x06000464,read,0x20004020,1,0x0
1326,565,master,0x06000464,read,0x20004020,1,0x0
1327,565,master,0x06000464,read,0x20004020,1,0x0
1328,565,master,0x06000464,read,0x20004020,1,0x0
1329,565,master,0x06000464,read,0x20004020,1,0x0
1330,565,master,0x06000464,read,0x20004020,1,0x0
1331,565,master,0x06000464,read,0x20004020,1,0x0
1332,565,master,0x06000464,read,0x20004020,1,0x0
1333,565,master,0x06000464,read,0x20004020,1,0x1
1334,565,master,0x0600046A,read,0x20004021,1,0x5
1335,567,master,0x06000464,read,0x20004020,1,0x0
1336,567,master,0x06000464,read,0x20004020,1,0x0
1337,567,master,0x06000464,read,0x20004020,1,0x0
1338,567,master,0x06000464,read,0x20004020,1,0x0
1339,567,master,0x06000464,read,0x20004020,1,0x0
1340,567,master,0x06000464,read,0x20004020,1,0x0
1341,567,master,0x06000464,read,0x20004020,1,0x0
1342,567,master,0x06000464,read,0x20004020,1,0x0
1343,567,master,0x06000464,read,0x20004020,1,0x0
1344,567,master,0x06000464,read,0x20004020,1,0x0
1345,568,master,0x06000464,read,0x20004020,1,0x0
1346,568,master,0x06000464,read,0x20004020,1,0x0
1347,568,master,0x06000464,read,0x20004020,1,0x0
1348,568,master,0x06000464,read,0x20004020,1,0x0
1349,568,master,0x06000464,read,0x20004020,1,0x0
1350,568,master,0x06000464,read,0x20004020,1,0x0
1351,568,master,0x06000464,read,0x20004020,1,0x0
1352,568,master,0x06000464,read,0x20004020,1,0x0
1353,568,master,0x06000464,read,0x20004020,1,0x0
1354,568,master,0x06000464,read,0x20004020,1,0x0
1355,568,master,0x06000464,read,0x20004020,1,0x1
1356,568,master,0x0600046A,read,0x20004021,1,0x5
1357,570,master,0x06000464,read,0x20004020,1,0x0
1358,570,master,0x06000464,read,0x20004020,1,0x0
1359,570,master,0x06000464,read,0x20004020,1,0x0
1360,570,master,0x06000464,read,0x20004020,1,0x0
1361,570,master,0x06000464,read,0x20004020,1,0x0
1362,570,master,0x06000464,read,0x20004020,1,0x0
1363,570,master,0x06000464,read,0x20004020,1,0x0
1364,570,master,0x06000464,read,0x20004020,1,0x0
1365,570,master,0x06000464,read,0x20004020,1,0x0
1366,570,master,0x06000464,read,0x20004020,1,0x0
1367,571,master,0x06000464,read,0x20004020,1,0x0
1368,571,master,0x06000464,read,0x20004020,1,0x0
1369,571,master,0x06000464,read,0x20004020,1,0x0
1370,571,master,0x06000464,read,0x20004020,1,0x0
1371,571,master,0x06000464,read,0x20004020,1,0x0
1372,571,master,0x06000464,read,0x20004020,1,0x0
1373,571,master,0x06000464,read,0x20004020,1,0x0
1374,571,master,0x06000464,read,0x20004020,1,0x0
1375,571,master,0x06000464,read,0x20004020,1,0x0
1376,571,master,0x06000464,read,0x20004020,1,0x0
1377,571,master,0x06000464,read,0x20004020,1,0x1
1378,571,master,0x0600046A,read,0x20004021,1,0x5
1379,573,master,0x06000464,read,0x20004020,1,0x0
1380,573,master,0x06000464,read,0x20004020,1,0x0
1381,573,master,0x06000464,read,0x20004020,1,0x0
1382,573,master,0x06000464,read,0x20004020,1,0x0
1383,573,master,0x06000464,read,0x20004020,1,0x0
1384,573,master,0x06000464,read,0x20004020,1,0x0
1385,573,master,0x06000464,read,0x20004020,1,0x0
1386,573,master,0x06000464,read,0x20004020,1,0x0
1387,573,master,0x06000464,read,0x20004020,1,0x0
1388,573,master,0x06000464,read,0x20004020,1,0x0
1389,574,master,0x06000464,read,0x20004020,1,0x0
1390,574,master,0x06000464,read,0x20004020,1,0x0
1391,574,master,0x06000464,read,0x20004020,1,0x0
1392,574,master,0x06000464,read,0x20004020,1,0x0
1393,574,master,0x06000464,read,0x20004020,1,0x0
1394,574,master,0x06000464,read,0x20004020,1,0x0
1395,574,master,0x06000464,read,0x20004020,1,0x0
1396,574,master,0x06000464,read,0x20004020,1,0x0
1397,574,master,0x06000464,read,0x20004020,1,0x0
1398,574,master,0x06000464,read,0x20004020,1,0x0
1399,574,master,0x06000464,read,0x20004020,1,0x1
1400,574,master,0x0600046A,read,0x20004021,1,0x5
1401,576,master,0x06000464,read,0x20004020,1,0x0
1402,576,master,0x06000464,read,0x20004020,1,0x0
1403,576,master,0x06000464,read,0x20004020,1,0x0
1404,576,master,0x06000464,read,0x20004020,1,0x0
1405,576,master,0x06000464,read,0x20004020,1,0x0
1406,576,master,0x06000464,read,0x20004020,1,0x0
1407,576,master,0x06000464,read,0x20004020,1,0x0
1408,576,master,0x06000464,read,0x20004020,1,0x0
1409,576,master,0x06000464,read,0x20004020,1,0x0
1410,576,master,0x06000464,read,0x20004020,1,0x0
1411,577,master,0x06000464,read,0x20004020,1,0x0
1412,577,master,0x06000464,read,0x20004020,1,0x0
1413,577,master,0x06000464,read,0x20004020,1,0x0
1414,577,master,0x06000464,read,0x20004020,1,0x0
1415,577,master,0x06000464,read,0x20004020,1,0x0
1416,577,master,0x06000464,read,0x20004020,1,0x0
1417,577,master,0x06000464,read,0x20004020,1,0x0
1418,577,master,0x06000464,read,0x20004020,1,0x0
1419,577,master,0x06000464,read,0x20004020,1,0x0
1420,577,master,0x06000464,read,0x20004020,1,0x0
1421,577,master,0x06000464,read,0x20004020,1,0x1
1422,577,master,0x0600046A,read,0x20004021,1,0x5
1423,579,master,0x06000464,read,0x20004020,1,0x0
1424,579,master,0x06000464,read,0x20004020,1,0x0
1425,579,master,0x06000464,read,0x20004020,1,0x0
1426,579,master,0x06000464,read,0x20004020,1,0x0
1427,579,master,0x06000464,read,0x20004020,1,0x0
1428,579,master,0x06000464,read,0x20004020,1,0x0
1429,579,master,0x06000464,read,0x20004020,1,0x0
1430,579,master,0x06000464,read,0x20004020,1,0x0
1431,579,master,0x06000464,read,0x20004020,1,0x0
1432,579,master,0x06000464,read,0x20004020,1,0x0
1433,580,master,0x06000464,read,0x20004020,1,0x0
1434,580,master,0x06000464,read,0x20004020,1,0x0
1435,580,master,0x06000464,read,0x20004020,1,0x0
1436,580,master,0x06000464,read,0x20004020,1,0x0
1437,580,master,0x06000464,read,0x20004020,1,0x0
1438,580,master,0x06000464,read,0x20004020,1,0x0
1439,580,master,0x06000464,read,0x20004020,1,0x0
1440,580,master,0x06000464,read,0x20004020,1,0x0
1441,580,master,0x06000464,read,0x20004020,1,0x0
1442,580,master,0x06000464,read,0x20004020,1,0x0
1443,580,master,0x06000464,read,0x20004020,1,0x1
1444,580,master,0x0600046A,read,0x20004021,1,0x5
1445,582,master,0x06000464,read,0x20004020,1,0x0
1446,582,master,0x06000464,read,0x20004020,1,0x0
1447,582,master,0x06000464,read,0x20004020,1,0x0
1448,582,master,0x06000464,read,0x20004020,1,0x0
1449,582,master,0x06000464,read,0x20004020,1,0x0
1450,582,master,0x06000464,read,0x20004020,1,0x0
1451,582,master,0x06000464,read,0x20004020,1,0x0
1452,582,master,0x06000464,read,0x20004020,1,0x0
1453,582,master,0x06000464,read,0x20004020,1,0x0
1454,582,master,0x06000464,read,0x20004020,1,0x0
1455,583,master,0x06000464,read,0x20004020,1,0x0
1456,583,master,0x06000464,read,0x20004020,1,0x0
1457,583,master,0x06000464,read,0x20004020,1,0x0
1458,583,master,0x06000464,read,0x20004020,1,0x0
1459,583,master,0x06000464,read,0x20004020,1,0x0
1460,583,master,0x06000464,read,0x20004020,1,0x0
1461,583,master,0x06000464,read,0x20004020,1,0x0
1462,583,master,0x06000464,read,0x20004020,1,0x0
1463,583,master,0x06000464,read,0x20004020,1,0x0
1464,583,master,0x06000464,read,0x20004020,1,0x0
1465,583,master,0x06000464,read,0x20004020,1,0x1
1466,583,master,0x0600046A,read,0x20004021,1,0x5
1467,585,master,0x06000464,read,0x20004020,1,0x0
1468,585,master,0x06000464,read,0x20004020,1,0x0
1469,585,master,0x06000464,read,0x20004020,1,0x0
1470,585,master,0x06000464,read,0x20004020,1,0x0
1471,585,master,0x06000464,read,0x20004020,1,0x0
1472,585,master,0x06000464,read,0x20004020,1,0x0
1473,585,master,0x06000464,read,0x20004020,1,0x0
1474,585,master,0x06000464,read,0x20004020,1,0x0
1475,585,master,0x06000464,read,0x20004020,1,0x0
1476,585,master,0x06000464,read,0x20004020,1,0x0
1477,586,master,0x06000464,read,0x20004020,1,0x0
1478,586,master,0x06000464,read,0x20004020,1,0x0
1479,586,master,0x06000464,read,0x20004020,1,0x0
1480,586,master,0x06000464,read,0x20004020,1,0x0
1481,586,master,0x06000464,read,0x20004020,1,0x0
1482,586,master,0x06000464,read,0x20004020,1,0x0
1483,586,master,0x06000464,read,0x20004020,1,0x0
1484,586,master,0x06000464,read,0x20004020,1,0x0
1485,586,master,0x06000464,read,0x20004020,1,0x0
1486,586,master,0x06000464,read,0x20004020,1,0x0
1487,586,master,0x06000464,read,0x20004020,1,0x1
1488,586,master,0x0600046A,read,0x20004021,1,0x5
1489,588,master,0x06000464,read,0x20004020,1,0x0
1490,588,master,0x06000464,read,0x20004020,1,0x0
1491,588,master,0x06000464,read,0x20004020,1,0x0
1492,588,master,0x06000464,read,0x20004020,1,0x0
1493,588,master,0x06000464,read,0x20004020,1,0x0
1494,588,master,0x06000464,read,0x20004020,1,0x0
1495,588,master,0x06000464,read,0x20004020,1,0x0
1496,588,master,0x06000464,read,0x20004020,1,0x0
1497,588,master,0x06000464,read,0x20004020,1,0x0
1498,588,master,0x06000464,read,0x20004020,1,0x0
1499,589,master,0x06000464,read,0x20004020,1,0x0
1500,589,master,0x06000464,read,0x20004020,1,0x0
1501,589,master,0x06000464,read,0x20004020,1,0x0
1502,589,master,0x06000464,read,0x20004020,1,0x0
1503,589,master,0x06000464,read,0x20004020,1,0x0
1504,589,master,0x06000464,read,0x20004020,1,0x0
1505,589,master,0x06000464,read,0x20004020,1,0x0
1506,589,master,0x06000464,read,0x20004020,1,0x0
1507,589,master,0x06000464,read,0x20004020,1,0x0
1508,589,master,0x06000464,read,0x20004020,1,0x0
1509,589,master,0x06000464,read,0x20004020,1,0x1
1510,589,master,0x0600046A,read,0x20004021,1,0x5
1511,591,master,0x06000464,read,0x20004020,1,0x0
1512,591,master,0x06000464,read,0x20004020,1,0x0
1513,591,master,0x06000464,read,0x20004020,1,0x0
1514,591,master,0x06000464,read,0x20004020,1,0x0
1515,591,master,0x06000464,read,0x20004020,1,0x0
1516,591,master,0x06000464,read,0x20004020,1,0x0
1517,591,master,0x06000464,read,0x20004020,1,0x0
1518,591,master,0x06000464,read,0x20004020,1,0x0
1519,591,master,0x06000464,read,0x20004020,1,0x0
1520,591,master,0x06000464,read,0x20004020,1,0x0
1521,592,master,0x06000464,read,0x20004020,1,0x0
1522,592,master,0x06000464,read,0x20004020,1,0x0
1523,592,master,0x06000464,read,0x20004020,1,0x0
1524,592,master,0x06000464,read,0x20004020,1,0x0
1525,592,master,0x06000464,read,0x20004020,1,0x0
1526,592,master,0x06000464,read,0x20004020,1,0x0
1527,592,master,0x06000464,read,0x20004020,1,0x0
1528,592,master,0x06000464,read,0x20004020,1,0x0
1529,592,master,0x06000464,read,0x20004020,1,0x0
1530,592,master,0x06000464,read,0x20004020,1,0x0
1531,592,master,0x06000464,read,0x20004020,1,0x1
1532,592,master,0x0600046A,read,0x20004021,1,0x5
1533,594,master,0x06000464,read,0x20004020,1,0x0
1534,594,master,0x06000464,read,0x20004020,1,0x0
1535,594,master,0x06000464,read,0x20004020,1,0x0
1536,594,master,0x06000464,read,0x20004020,1,0x0
1537,594,master,0x06000464,read,0x20004020,1,0x0
1538,594,master,0x06000464,read,0x20004020,1,0x0
1539,594,master,0x06000464,read,0x20004020,1,0x0
1540,594,master,0x06000464,read,0x20004020,1,0x0
1541,594,master,0x06000464,read,0x20004020,1,0x0
1542,594,master,0x06000464,read,0x20004020,1,0x0
1543,595,master,0x06000464,read,0x20004020,1,0x0
1544,595,master,0x06000464,read,0x20004020,1,0x0
1545,595,master,0x06000464,read,0x20004020,1,0x0
1546,595,master,0x06000464,read,0x20004020,1,0x0
1547,595,master,0x06000464,read,0x20004020,1,0x0
1548,595,master,0x06000464,read,0x20004020,1,0x0
1549,595,master,0x06000464,read,0x20004020,1,0x0
1550,595,master,0x06000464,read,0x20004020,1,0x0
1551,595,master,0x06000464,read,0x20004020,1,0x0
1552,595,master,0x06000464,read,0x20004020,1,0x0
1553,595,master,0x06000464,read,0x20004020,1,0x1
1554,595,master,0x0600046A,read,0x20004021,1,0x5
1555,597,master,0x06000464,read,0x20004020,1,0x0
1556,597,master,0x06000464,read,0x20004020,1,0x0
1557,597,master,0x06000464,read,0x20004020,1,0x0
1558,597,master,0x06000464,read,0x20004020,1,0x0
1559,597,master,0x06000464,read,0x20004020,1,0x0
1560,597,master,0x06000464,read,0x20004020,1,0x0
1561,597,master,0x06000464,read,0x20004020,1,0x0
1562,597,master,0x06000464,read,0x20004020,1,0x0
1563,597,master,0x06000464,read,0x20004020,1,0x0
1564,597,master,0x06000464,read,0x20004020,1,0x0
1565,598,master,0x06000464,read,0x20004020,1,0x0
1566,598,master,0x06000464,read,0x20004020,1,0x0
1567,598,master,0x06000464,read,0x20004020,1,0x0
1568,598,master,0x06000464,read,0x20004020,1,0x0
1569,598,master,0x06000464,read,0x20004020,1,0x0
1570,598,master,0x06000464,read,0x20004020,1,0x0
1571,598,master,0x06000464,read,0x20004020,1,0x0
1572,598,master,0x06000464,read,0x20004020,1,0x0
1573,598,master,0x06000464,read,0x20004020,1,0x0
1574,598,master,0x06000464,read,0x20004020,1,0x0
1575,598,master,0x06000464,read,0x20004020,1,0x1
1576,598,master,0x0600046A,read,0x20004021,1,0x5
1577,600,master,0x06000464,read,0x20004020,1,0x0
1578,600,master,0x06000464,read,0x20004020,1,0x0
1579,600,master,0x06000464,read,0x20004020,1,0x0
1580,600,master,0x06000464,read,0x20004020,1,0x0
1581,600,master,0x06000464,read,0x20004020,1,0x0
1582,600,master,0x06000464,read,0x20004020,1,0x0
1583,600,master,0x06000464,read,0x20004020,1,0x0
1584,600,master,0x06000464,read,0x20004020,1,0x0
1585,600,master,0x06000464,read,0x20004020,1,0x0
1586,600,master,0x06000464,read,0x20004020,1,0x0
1587,601,master,0x06000464,read,0x20004020,1,0x0
1588,601,master,0x06000464,read,0x20004020,1,0x0
1589,601,master,0x06000464,read,0x20004020,1,0x0
1590,601,master,0x06000464,read,0x20004020,1,0x0
1591,601,master,0x06000464,read,0x20004020,1,0x0
1592,601,master,0x06000464,read,0x20004020,1,0x0
1593,601,master,0x06000464,read,0x20004020,1,0x0
1594,601,master,0x06000464,read,0x20004020,1,0x0
1595,601,master,0x06000464,read,0x20004020,1,0x0
1596,601,master,0x06000464,read,0x20004020,1,0x0
1597,601,master,0x06000464,read,0x20004020,1,0x1
1598,601,master,0x0600046A,read,0x20004021,1,0x5
1599,603,master,0x06000464,read,0x20004020,1,0x0
1600,603,master,0x06000464,read,0x20004020,1,0x0
1601,603,master,0x06000464,read,0x20004020,1,0x0
1602,603,master,0x06000464,read,0x20004020,1,0x0
1603,603,master,0x06000464,read,0x20004020,1,0x0
1604,603,master,0x06000464,read,0x20004020,1,0x0
1605,603,master,0x06000464,read,0x20004020,1,0x0
1606,603,master,0x06000464,read,0x20004020,1,0x0
1607,603,master,0x06000464,read,0x20004020,1,0x0
1608,603,master,0x06000464,read,0x20004020,1,0x0
1609,604,master,0x06000464,read,0x20004020,1,0x0
1610,604,master,0x06000464,read,0x20004020,1,0x0
1611,604,master,0x06000464,read,0x20004020,1,0x0
1612,604,master,0x06000464,read,0x20004020,1,0x0
1613,604,master,0x06000464,read,0x20004020,1,0x0
1614,604,master,0x06000464,read,0x20004020,1,0x0
1615,604,master,0x06000464,read,0x20004020,1,0x0
1616,604,master,0x06000464,read,0x20004020,1,0x0
1617,604,master,0x06000464,read,0x20004020,1,0x0
1618,604,master,0x06000464,read,0x20004020,1,0x0
1619,604,master,0x06000464,read,0x20004020,1,0x1
1620,604,master,0x0600046A,read,0x20004021,1,0x5
1621,606,master,0x06000464,read,0x20004020,1,0x0
1622,606,master,0x06000464,read,0x20004020,1,0x0
1623,606,master,0x06000464,read,0x20004020,1,0x0
1624,606,master,0x06000464,read,0x20004020,1,0x0
1625,606,master,0x06000464,read,0x20004020,1,0x0
1626,606,master,0x06000464,read,0x20004020,1,0x0
1627,606,master,0x06000464,read,0x20004020,1,0x0
1628,606,master,0x06000464,read,0x20004020,1,0x0
1629,606,master,0x06000464,read,0x20004020,1,0x0
1630,606,master,0x06000464,read,0x20004020,1,0x0
1631,607,master,0x06000464,read,0x20004020,1,0x0
1632,607,master,0x06000464,read,0x20004020,1,0x0
1633,607,master,0x06000464,read,0x20004020,1,0x0
1634,607,master,0x06000464,read,0x20004020,1,0x0
1635,607,master,0x06000464,read,0x20004020,1,0x0
1636,607,master,0x06000464,read,0x20004020,1,0x0
1637,607,master,0x06000464,read,0x20004020,1,0x0
1638,607,master,0x06000464,read,0x20004020,1,0x0
1639,607,master,0x06000464,read,0x20004020,1,0x0
1640,607,master,0x06000464,read,0x20004020,1,0x0
1641,607,master,0x06000464,read,0x20004020,1,0x1
1642,607,master,0x0600046A,read,0x20004021,1,0x5
1643,609,master,0x06000464,read,0x20004020,1,0x0
1644,609,master,0x06000464,read,0x20004020,1,0x0
1645,609,master,0x06000464,read,0x20004020,1,0x0
1646,609,master,0x06000464,read,0x20004020,1,0x0
1647,609,master,0x06000464,read,0x20004020,1,0x0
1648,609,master,0x06000464,read,0x20004020,1,0x0
1649,609,master,0x06000464,read,0x20004020,1,0x0
1650,609,master,0x06000464,read,0x20004020,1,0x0
1651,609,master,0x06000464,read,0x20004020,1,0x0
1652,609,master,0x06000464,read,0x20004020,1,0x0
1653,610,master,0x06000464,read,0x20004020,1,0x0
1654,610,master,0x06000464,read,0x20004020,1,0x0
1655,610,master,0x06000464,read,0x20004020,1,0x0
1656,610,master,0x06000464,read,0x20004020,1,0x0
1657,610,master,0x06000464,read,0x20004020,1,0x0
1658,610,master,0x06000464,read,0x20004020,1,0x0
1659,610,master,0x06000464,read,0x20004020,1,0x0
1660,610,master,0x06000464,read,0x20004020,1,0x0
1661,610,master,0x06000464,read,0x20004020,1,0x0
1662,610,master,0x06000464,read,0x20004020,1,0x0
1663,610,master,0x06000464,read,0x20004020,1,0x1
1664,610,master,0x0600046A,read,0x20004021,1,0x5
1665,612,master,0x06000464,read,0x20004020,1,0x0
1666,612,master,0x06000464,read,0x20004020,1,0x0
1667,612,master,0x06000464,read,0x20004020,1,0x0
1668,612,master,0x06000464,read,0x20004020,1,0x0
1669,612,master,0x06000464,read,0x20004020,1,0x0
1670,612,master,0x06000464,read,0x20004020,1,0x0
1671,612,master,0x06000464,read,0x20004020,1,0x0
1672,612,master,0x06000464,read,0x20004020,1,0x0
1673,612,master,0x06000464,read,0x20004020,1,0x0
1674,612,master,0x06000464,read,0x20004020,1,0x0
1675,613,master,0x06000464,read,0x20004020,1,0x0
1676,613,master,0x06000464,read,0x20004020,1,0x0
1677,613,master,0x06000464,read,0x20004020,1,0x0
1678,613,master,0x06000464,read,0x20004020,1,0x0
1679,613,master,0x06000464,read,0x20004020,1,0x0
1680,613,master,0x06000464,read,0x20004020,1,0x0
1681,613,master,0x06000464,read,0x20004020,1,0x0
1682,613,master,0x06000464,read,0x20004020,1,0x0
1683,613,master,0x06000464,read,0x20004020,1,0x0
1684,613,master,0x06000464,read,0x20004020,1,0x0
1685,613,master,0x06000464,read,0x20004020,1,0x1
1686,613,master,0x0600046A,read,0x20004021,1,0x5
1687,615,master,0x06000464,read,0x20004020,1,0x0
1688,615,master,0x06000464,read,0x20004020,1,0x0
1689,615,master,0x06000464,read,0x20004020,1,0x0
1690,615,master,0x06000464,read,0x20004020,1,0x0
1691,615,master,0x06000464,read,0x20004020,1,0x0
1692,615,master,0x06000464,read,0x20004020,1,0x0
1693,615,master,0x06000464,read,0x20004020,1,0x0
1694,615,master,0x06000464,read,0x20004020,1,0x0
1695,615,master,0x06000464,read,0x20004020,1,0x0
1696,615,master,0x06000464,read,0x20004020,1,0x0
1697,616,master,0x06000464,read,0x20004020,1,0x0
1698,616,master,0x06000464,read,0x20004020,1,0x0
1699,616,master,0x06000464,read,0x20004020,1,0x0
1700,616,master,0x06000464,read,0x20004020,1,0x0
1701,616,master,0x06000464,read,0x20004020,1,0x0
1702,616,master,0x06000464,read,0x20004020,1,0x0
1703,616,master,0x06000464,read,0x20004020,1,0x0
1704,616,master,0x06000464,read,0x20004020,1,0x0
1705,616,master,0x06000464,read,0x20004020,1,0x0
1706,616,master,0x06000464,read,0x20004020,1,0x0
1707,616,master,0x06000464,read,0x20004020,1,0x1
1708,616,master,0x0600046A,read,0x20004021,1,0x5
1709,618,master,0x06000464,read,0x20004020,1,0x0
1710,618,master,0x06000464,read,0x20004020,1,0x0
1711,618,master,0x06000464,read,0x20004020,1,0x0
1712,618,master,0x06000464,read,0x20004020,1,0x0
1713,618,master,0x06000464,read,0x20004020,1,0x0
1714,618,master,0x06000464,read,0x20004020,1,0x0
1715,618,master,0x06000464,read,0x20004020,1,0x0
1716,618,master,0x06000464,read,0x20004020,1,0x0
1717,618,master,0x06000464,read,0x20004020,1,0x0
1718,618,master,0x06000464,read,0x20004020,1,0x0
1719,619,master,0x06000464,read,0x20004020,1,0x0
1720,619,master,0x06000464,read,0x20004020,1,0x0
1721,619,master,0x06000464,read,0x20004020,1,0x0
1722,619,master,0x06000464,read,0x20004020,1,0x0
1723,619,master,0x06000464,read,0x20004020,1,0x0
1724,619,master,0x06000464,read,0x20004020,1,0x0
1725,619,master,0x06000464,read,0x20004020,1,0x0
1726,619,master,0x06000464,read,0x20004020,1,0x0
1727,619,master,0x06000464,read,0x20004020,1,0x0
1728,619,master,0x06000464,read,0x20004020,1,0x0
1729,619,master,0x06000464,read,0x20004020,1,0x1
1730,619,master,0x0600046A,read,0x20004021,1,0x5
1731,621,master,0x06000464,read,0x20004020,1,0x0
1732,621,master,0x06000464,read,0x20004020,1,0x0
1733,621,master,0x06000464,read,0x20004020,1,0x0
1734,621,master,0x06000464,read,0x20004020,1,0x0
1735,621,master,0x06000464,read,0x20004020,1,0x0
1736,621,master,0x06000464,read,0x20004020,1,0x0
1737,621,master,0x06000464,read,0x20004020,1,0x0
1738,621,master,0x06000464,read,0x20004020,1,0x0
1739,621,master,0x06000464,read,0x20004020,1,0x0
1740,621,master,0x06000464,read,0x20004020,1,0x0
1741,622,master,0x06000464,read,0x20004020,1,0x0
1742,622,master,0x06000464,read,0x20004020,1,0x0
1743,622,master,0x06000464,read,0x20004020,1,0x0
1744,622,master,0x06000464,read,0x20004020,1,0x0
1745,622,master,0x06000464,read,0x20004020,1,0x0
1746,622,master,0x06000464,read,0x20004020,1,0x0
1747,622,master,0x06000464,read,0x20004020,1,0x0
1748,622,master,0x06000464,read,0x20004020,1,0x0
1749,622,master,0x06000464,read,0x20004020,1,0x0
1750,622,master,0x06000464,read,0x20004020,1,0x0
1751,622,master,0x06000464,read,0x20004020,1,0x1
1752,622,master,0x0600046A,read,0x20004021,1,0x5
1753,624,master,0x06000464,read,0x20004020,1,0x0
1754,624,master,0x06000464,read,0x20004020,1,0x0
1755,624,master,0x06000464,read,0x20004020,1,0x0
1756,624,master,0x06000464,read,0x20004020,1,0x0
1757,624,master,0x06000464,read,0x20004020,1,0x0
1758,624,master,0x06000464,read,0x20004020,1,0x0
1759,624,master,0x06000464,read,0x20004020,1,0x0
1760,624,master,0x06000464,read,0x20004020,1,0x0
1761,624,master,0x06000464,read,0x20004020,1,0x0
1762,624,master,0x06000464,read,0x20004020,1,0x0
1763,625,master,0x06000464,read,0x20004020,1,0x0
1764,625,master,0x06000464,read,0x20004020,1,0x0
1765,625,master,0x06000464,read,0x20004020,1,0x0
1766,625,master,0x06000464,read,0x20004020,1,0x0
1767,625,master,0x06000464,read,0x20004020,1,0x0
1768,625,master,0x06000464,read,0x20004020,1,0x0
1769,625,master,0x06000464,read,0x20004020,1,0x0
1770,625,master,0x06000464,read,0x20004020,1,0x0
1771,625,master,0x06000464,read,0x20004020,1,0x0
1772,625,master,0x06000464,read,0x20004020,1,0x0
1773,625,master,0x06000464,read,0x20004020,1,0x1
1774,625,master,0x0600046A,read,0x20004021,1,0x5
1775,627,master,0x06000464,read,0x20004020,1,0x0
1776,627,master,0x06000464,read,0x20004020,1,0x0
1777,627,master,0x06000464,read,0x20004020,1,0x0
1778,627,master,0x06000464,read,0x20004020,1,0x0
1779,627,master,0x06000464,read,0x20004020,1,0x0
1780,627,master,0x06000464,read,0x20004020,1,0x0
1781,627,master,0x06000464,read,0x20004020,1,0x0
1782,627,master,0x06000464,read,0x20004020,1,0x0
1783,627,master,0x06000464,read,0x20004020,1,0x0
1784,627,master,0x06000464,read,0x20004020,1,0x0
1785,628,master,0x06000464,read,0x20004020,1,0x0
1786,628,master,0x06000464,read,0x20004020,1,0x0
1787,628,master,0x06000464,read,0x20004020,1,0x0
1788,628,master,0x06000464,read,0x20004020,1,0x0
1789,628,master,0x06000464,read,0x20004020,1,0x0
1790,628,master,0x06000464,read,0x20004020,1,0x0
1791,628,master,0x06000464,read,0x20004020,1,0x0
1792,628,master,0x06000464,read,0x20004020,1,0x0
1793,628,master,0x06000464,read,0x20004020,1,0x0
1794,628,master,0x06000464,read,0x20004020,1,0x0
1795,628,master,0x06000464,read,0x20004020,1,0x1
1796,628,master,0x0600046A,read,0x20004021,1,0x5
1797,630,master,0x06000464,read,0x20004020,1,0x0
1798,630,master,0x06000464,read,0x20004020,1,0x0
1799,630,master,0x06000464,read,0x20004020,1,0x0
1800,630,master,0x06000464,read,0x20004020,1,0x0
1801,630,master,0x06000464,read,0x20004020,1,0x0
1802,630,master,0x06000464,read,0x20004020,1,0x0
1803,630,master,0x06000464,read,0x20004020,1,0x0
1804,630,master,0x06000464,read,0x20004020,1,0x0
1805,630,master,0x06000464,read,0x20004020,1,0x0
1806,630,master,0x06000464,read,0x20004020,1,0x0
1807,631,master,0x06000464,read,0x20004020,1,0x0
1808,631,master,0x06000464,read,0x20004020,1,0x0
1809,631,master,0x06000464,read,0x20004020,1,0x0
1810,631,master,0x06000464,read,0x20004020,1,0x0
1811,631,master,0x06000464,read,0x20004020,1,0x0
1812,631,master,0x06000464,read,0x20004020,1,0x0
1813,631,master,0x06000464,read,0x20004020,1,0x0
1814,631,master,0x06000464,read,0x20004020,1,0x0
1815,631,master,0x06000464,read,0x20004020,1,0x0
1816,631,master,0x06000464,read,0x20004020,1,0x0
1817,631,master,0x06000464,read,0x20004020,1,0x1
1818,631,master,0x0600046A,read,0x20004021,1,0x5
1819,633,master,0x06000464,read,0x20004020,1,0x0
1820,633,master,0x06000464,read,0x20004020,1,0x0
1821,633,master,0x06000464,read,0x20004020,1,0x0
1822,633,master,0x06000464,read,0x20004020,1,0x0
1823,633,master,0x06000464,read,0x20004020,1,0x0
1824,633,master,0x06000464,read,0x20004020,1,0x0
1825,633,master,0x06000464,read,0x20004020,1,0x0
1826,633,master,0x06000464,read,0x20004020,1,0x0
1827,633,master,0x06000464,read,0x20004020,1,0x0
1828,633,master,0x06000464,read,0x20004020,1,0x0
1829,634,master,0x06000464,read,0x20004020,1,0x0
1830,634,master,0x06000464,read,0x20004020,1,0x0
1831,634,master,0x06000464,read,0x20004020,1,0x0
1832,634,master,0x06000464,read,0x20004020,1,0x0
1833,634,master,0x06000464,read,0x20004020,1,0x0
1834,634,master,0x06000464,read,0x20004020,1,0x0
1835,634,master,0x06000464,read,0x20004020,1,0x0
1836,634,master,0x06000464,read,0x20004020,1,0x0
1837,634,master,0x06000464,read,0x20004020,1,0x0
1838,634,master,0x06000464,read,0x20004020,1,0x0
1839,634,master,0x06000464,read,0x20004020,1,0x1
1840,634,master,0x0600046A,read,0x20004021,1,0x5
1841,636,master,0x06000464,read,0x20004020,1,0x0
1842,636,master,0x06000464,read,0x20004020,1,0x0
1843,636,master,0x06000464,read,0x20004020,1,0x0
1844,636,master,0x06000464,read,0x20004020,1,0x0
1845,636,master,0x06000464,read,0x20004020,1,0x0
1846,636,master,0x06000464,read,0x20004020,1,0x0
1847,636,master,0x06000464,read,0x20004020,1,0x0
1848,636,master,0x06000464,read,0x20004020,1,0x0
1849,636,master,0x06000464,read,0x20004020,1,0x0
1850,636,master,0x06000464,read,0x20004020,1,0x0
1851,637,master,0x06000464,read,0x20004020,1,0x0
1852,637,master,0x06000464,read,0x20004020,1,0x0
1853,637,master,0x06000464,read,0x20004020,1,0x0
1854,637,master,0x06000464,read,0x20004020,1,0x0
1855,637,master,0x06000464,read,0x20004020,1,0x0
1856,637,master,0x06000464,read,0x20004020,1,0x0
1857,637,master,0x06000464,read,0x20004020,1,0x0
1858,637,master,0x06000464,read,0x20004020,1,0x0
1859,637,master,0x06000464,read,0x20004020,1,0x0
1860,637,master,0x06000464,read,0x20004020,1,0x0
1861,637,master,0x06000464,read,0x20004020,1,0x1
1862,637,master,0x0600046A,read,0x20004021,1,0x5
1863,639,master,0x06000464,read,0x20004020,1,0x0
1864,639,master,0x06000464,read,0x20004020,1,0x0
1865,639,master,0x06000464,read,0x20004020,1,0x0
1866,639,master,0x06000464,read,0x20004020,1,0x0
1867,639,master,0x06000464,read,0x20004020,1,0x0
1868,639,master,0x06000464,read,0x20004020,1,0x0
1869,639,master,0x06000464,read,0x20004020,1,0x0
1870,639,master,0x06000464,read,0x20004020,1,0x0
1871,639,master,0x06000464,read,0x20004020,1,0x0
1872,639,master,0x06000464,read,0x20004020,1,0x0
1873,640,master,0x06000464,read,0x20004020,1,0x0
1874,640,master,0x06000464,read,0x20004020,1,0x0
1875,640,master,0x06000464,read,0x20004020,1,0x0
1876,640,master,0x06000464,read,0x20004020,1,0x0
1877,640,master,0x06000464,read,0x20004020,1,0x0
1878,640,master,0x06000464,read,0x20004020,1,0x0
1879,640,master,0x06000464,read,0x20004020,1,0x0
1880,640,master,0x06000464,read,0x20004020,1,0x0
1881,640,master,0x06000464,read,0x20004020,1,0x0
1882,640,master,0x06000464,read,0x20004020,1,0x0
1883,640,master,0x06000464,read,0x20004020,1,0x1
1884,640,master,0x0600046A,read,0x20004021,1,0x5
1885,642,master,0x06000464,read,0x20004020,1,0x0
1886,642,master,0x06000464,read,0x20004020,1,0x0
1887,642,master,0x06000464,read,0x20004020,1,0x0
1888,642,master,0x06000464,read,0x20004020,1,0x0
1889,642,master,0x06000464,read,0x20004020,1,0x0
1890,642,master,0x06000464,read,0x20004020,1,0x0
1891,642,master,0x06000464,read,0x20004020,1,0x0
1892,642,master,0x06000464,read,0x20004020,1,0x0
1893,642,master,0x06000464,read,0x20004020,1,0x0
1894,642,master,0x06000464,read,0x20004020,1,0x0
1895,643,master,0x06000464,read,0x20004020,1,0x0
1896,643,master,0x06000464,read,0x20004020,1,0x0
1897,643,master,0x06000464,read,0x20004020,1,0x0
1898,643,master,0x06000464,read,0x20004020,1,0x0
1899,643,master,0x06000464,read,0x20004020,1,0x0
1900,643,master,0x06000464,read,0x20004020,1,0x0
1901,643,master,0x06000464,read,0x20004020,1,0x0
1902,643,master,0x06000464,read,0x20004020,1,0x0
1903,643,master,0x06000464,read,0x20004020,1,0x0
1904,643,master,0x06000464,read,0x20004020,1,0x0
1905,643,master,0x06000464,read,0x20004020,1,0x1
1906,643,master,0x0600046A,read,0x20004021,1,0x5
1907,645,master,0x06000464,read,0x20004020,1,0x0
1908,645,master,0x06000464,read,0x20004020,1,0x0
1909,645,master,0x06000464,read,0x20004020,1,0x0
1910,645,master,0x06000464,read,0x20004020,1,0x0
1911,645,master,0x06000464,read,0x20004020,1,0x0
1912,645,master,0x06000464,read,0x20004020,1,0x0
1913,645,master,0x06000464,read,0x20004020,1,0x0
1914,645,master,0x06000464,read,0x20004020,1,0x0
1915,645,master,0x06000464,read,0x20004020,1,0x0
1916,645,master,0x06000464,read,0x20004020,1,0x0
1917,646,master,0x06000464,read,0x20004020,1,0x0
1918,646,master,0x06000464,read,0x20004020,1,0x0
1919,646,master,0x06000464,read,0x20004020,1,0x0
1920,646,master,0x06000464,read,0x20004020,1,0x0
1921,646,master,0x06000464,read,0x20004020,1,0x0
1922,646,master,0x06000464,read,0x20004020,1,0x0
1923,646,master,0x06000464,read,0x20004020,1,0x0
1924,646,master,0x06000464,read,0x20004020,1,0x0
1925,646,master,0x06000464,read,0x20004020,1,0x0
1926,646,master,0x06000464,read,0x20004020,1,0x0
1927,646,master,0x06000464,read,0x20004020,1,0x1
1928,646,master,0x0600046A,read,0x20004021,1,0x5
1929,648,master,0x06000464,read,0x20004020,1,0x0
1930,648,master,0x06000464,read,0x20004020,1,0x0
1931,648,master,0x06000464,read,0x20004020,1,0x0
1932,648,master,0x06000464,read,0x20004020,1,0x0
1933,648,master,0x06000464,read,0x20004020,1,0x0
1934,648,master,0x06000464,read,0x20004020,1,0x0
1935,648,master,0x06000464,read,0x20004020,1,0x0
1936,648,master,0x06000464,read,0x20004020,1,0x0
1937,648,master,0x06000464,read,0x20004020,1,0x0
1938,648,master,0x06000464,read,0x20004020,1,0x0
1939,649,master,0x06000464,read,0x20004020,1,0x0
1940,649,master,0x06000464,read,0x20004020,1,0x0
1941,649,master,0x06000464,read,0x20004020,1,0x0
1942,649,master,0x06000464,read,0x20004020,1,0x0
1943,649,master,0x06000464,read,0x20004020,1,0x0
1944,649,master,0x06000464,read,0x20004020,1,0x0
1945,649,master,0x06000464,read,0x20004020,1,0x0
1946,649,master,0x06000464,read,0x20004020,1,0x0
1947,649,master,0x06000464,read,0x20004020,1,0x0
1948,649,master,0x06000464,read,0x20004020,1,0x0
1949,649,master,0x06000464,read,0x20004020,1,0x1
1950,649,master,0x0600046A,read,0x20004021,1,0x5
1951,651,master,0x06000464,read,0x20004020,1,0x0
1952,651,master,0x06000464,read,0x20004020,1,0x0
1953,651,master,0x06000464,read,0x20004020,1,0x0
1954,651,master,0x06000464,read,0x20004020,1,0x0
1955,651,master,0x06000464,read,0x20004020,1,0x0
1956,651,master,0x06000464,read,0x20004020,1,0x0
1957,651,master,0x06000464,read,0x20004020,1,0x0
1958,651,master,0x06000464,read,0x20004020,1,0x0
1959,651,master,0x06000464,read,0x20004020,1,0x0
1960,651,master,0x06000464,read,0x20004020,1,0x0
1961,652,master,0x06000464,read,0x20004020,1,0x0
1962,652,master,0x06000464,read,0x20004020,1,0x0
1963,652,master,0x06000464,read,0x20004020,1,0x0
1964,652,master,0x06000464,read,0x20004020,1,0x0
1965,652,master,0x06000464,read,0x20004020,1,0x0
1966,652,master,0x06000464,read,0x20004020,1,0x0
1967,652,master,0x06000464,read,0x20004020,1,0x0
1968,652,master,0x06000464,read,0x20004020,1,0x0
1969,652,master,0x06000464,read,0x20004020,1,0x0
1970,652,master,0x06000464,read,0x20004020,1,0x0
1971,652,master,0x06000464,read,0x20004020,1,0x1
1972,652,master,0x0600046A,read,0x20004021,1,0x5
1973,654,master,0x06000464,read,0x20004020,1,0x0
1974,654,master,0x06000464,read,0x20004020,1,0x0
1975,654,master,0x06000464,read,0x20004020,1,0x0
1976,654,master,0x06000464,read,0x20004020,1,0x0
1977,654,master,0x06000464,read,0x20004020,1,0x0
1978,654,master,0x06000464,read,0x20004020,1,0x0
1979,654,master,0x06000464,read,0x20004020,1,0x0
1980,654,master,0x06000464,read,0x20004020,1,0x0
1981,654,master,0x06000464,read,0x20004020,1,0x0
1982,654,master,0x06000464,read,0x20004020,1,0x0
1983,655,master,0x06000464,read,0x20004020,1,0x0
1984,655,master,0x06000464,read,0x20004020,1,0x0
1985,655,master,0x06000464,read,0x20004020,1,0x0
1986,655,master,0x06000464,read,0x20004020,1,0x0
1987,655,master,0x06000464,read,0x20004020,1,0x0
1988,655,master,0x06000464,read,0x20004020,1,0x0
1989,655,master,0x06000464,read,0x20004020,1,0x0
1990,655,master,0x06000464,read,0x20004020,1,0x0
1991,655,master,0x06000464,read,0x20004020,1,0x0
1992,655,master,0x06000464,read,0x20004020,1,0x0
1993,655,master,0x06000464,read,0x20004020,1,0x1
1994,655,master,0x0600046A,read,0x20004021,1,0x5
1995,657,master,0x06000464,read,0x20004020,1,0x0
1996,657,master,0x06000464,read,0x20004020,1,0x0
1997,657,master,0x06000464,read,0x20004020,1,0x0
1998,657,master,0x06000464,read,0x20004020,1,0x0
1999,657,master,0x06000464,read,0x20004020,1,0x0
2000,657,master,0x06000464,read,0x20004020,1,0x0
2001,657,master,0x06000464,read,0x20004020,1,0x0
2002,657,master,0x06000464,read,0x20004020,1,0x0
2003,657,master,0x06000464,read,0x20004020,1,0x0
2004,657,master,0x06000464,read,0x20004020,1,0x0
2005,658,master,0x06000464,read,0x20004020,1,0x0
2006,658,master,0x06000464,read,0x20004020,1,0x0
2007,658,master,0x06000464,read,0x20004020,1,0x0
2008,658,master,0x06000464,read,0x20004020,1,0x0
2009,658,master,0x06000464,read,0x20004020,1,0x0
2010,658,master,0x06000464,read,0x20004020,1,0x0
2011,658,master,0x06000464,read,0x20004020,1,0x0
2012,658,master,0x06000464,read,0x20004020,1,0x0
2013,658,master,0x06000464,read,0x20004020,1,0x0
2014,658,master,0x06000464,read,0x20004020,1,0x0
2015,658,master,0x06000464,read,0x20004020,1,0x1
2016,658,master,0x0600046A,read,0x20004021,1,0x5
2017,660,master,0x06000464,read,0x20004020,1,0x0
2018,660,master,0x06000464,read,0x20004020,1,0x0
2019,660,master,0x06000464,read,0x20004020,1,0x0
2020,660,master,0x06000464,read,0x20004020,1,0x0
2021,660,master,0x06000464,read,0x20004020,1,0x0
2022,660,master,0x06000464,read,0x20004020,1,0x0
2023,660,master,0x06000464,read,0x20004020,1,0x0
2024,660,master,0x06000464,read,0x20004020,1,0x0
2025,660,master,0x06000464,read,0x20004020,1,0x0
2026,660,master,0x06000464,read,0x20004020,1,0x0
2027,661,master,0x06000464,read,0x20004020,1,0x0
2028,661,master,0x06000464,read,0x20004020,1,0x0
2029,661,master,0x06000464,read,0x20004020,1,0x0
2030,661,master,0x06000464,read,0x20004020,1,0x0
2031,661,master,0x06000464,read,0x20004020,1,0x0
2032,661,master,0x06000464,read,0x20004020,1,0x0
2033,661,master,0x06000464,read,0x20004020,1,0x0
2034,661,master,0x06000464,read,0x20004020,1,0x0
2035,661,master,0x06000464,read,0x20004020,1,0x0
2036,661,master,0x06000464,read,0x20004020,1,0x0
2037,661,master,0x06000464,read,0x20004020,1,0x1
2038,661,master,0x0600046A,read,0x20004021,1,0x5
2039,663,master,0x06000464,read,0x20004020,1,0x0
2040,663,master,0x06000464,read,0x20004020,1,0x0
2041,663,master,0x06000464,read,0x20004020,1,0x0
2042,663,master,0x06000464,read,0x20004020,1,0x0
2043,663,master,0x06000464,read,0x20004020,1,0x0
2044,663,master,0x06000464,read,0x20004020,1,0x0
2045,663,master,0x06000464,read,0x20004020,1,0x0
2046,663,master,0x06000464,read,0x20004020,1,0x0
2047,663,master,0x06000464,read,0x20004020,1,0x0
2048,663,master,0x06000464,read,0x20004020,1,0x0
2049,664,master,0x06000464,read,0x20004020,1,0x0
2050,664,master,0x06000464,read,0x20004020,1,0x0
2051,664,master,0x06000464,read,0x20004020,1,0x0
2052,664,master,0x06000464,read,0x20004020,1,0x0
2053,664,master,0x06000464,read,0x20004020,1,0x0
2054,664,master,0x06000464,read,0x20004020,1,0x0
2055,664,master,0x06000464,read,0x20004020,1,0x0
2056,664,master,0x06000464,read,0x20004020,1,0x0
2057,664,master,0x06000464,read,0x20004020,1,0x0
2058,664,master,0x06000464,read,0x20004020,1,0x0
2059,664,master,0x06000464,read,0x20004020,1,0x1
2060,664,master,0x0600046A,read,0x20004021,1,0x5
2061,666,master,0x06000464,read,0x20004020,1,0x0
2062,666,master,0x06000464,read,0x20004020,1,0x0
2063,666,master,0x06000464,read,0x20004020,1,0x0
2064,666,master,0x06000464,read,0x20004020,1,0x0
2065,666,master,0x06000464,read,0x20004020,1,0x0
2066,666,master,0x06000464,read,0x20004020,1,0x0
2067,666,master,0x06000464,read,0x20004020,1,0x0
2068,666,master,0x06000464,read,0x20004020,1,0x0
2069,666,master,0x06000464,read,0x20004020,1,0x0
2070,666,master,0x06000464,read,0x20004020,1,0x0
2071,667,master,0x06000464,read,0x20004020,1,0x0
2072,667,master,0x06000464,read,0x20004020,1,0x0
2073,667,master,0x06000464,read,0x20004020,1,0x0
2074,667,master,0x06000464,read,0x20004020,1,0x0
2075,667,master,0x06000464,read,0x20004020,1,0x0
2076,667,master,0x06000464,read,0x20004020,1,0x0
2077,667,master,0x06000464,read,0x20004020,1,0x0
2078,667,master,0x06000464,read,0x20004020,1,0x0
2079,667,master,0x06000464,read,0x20004020,1,0x0
2080,667,master,0x06000464,read,0x20004020,1,0x0
2081,667,master,0x06000464,read,0x20004020,1,0x1
2082,667,master,0x0600046A,read,0x20004021,1,0x5
2083,669,master,0x06000464,read,0x20004020,1,0x0
2084,669,master,0x06000464,read,0x20004020,1,0x0
2085,669,master,0x06000464,read,0x20004020,1,0x0
2086,669,master,0x06000464,read,0x20004020,1,0x0
2087,669,master,0x06000464,read,0x20004020,1,0x0
2088,669,master,0x06000464,read,0x20004020,1,0x0
2089,669,master,0x06000464,read,0x20004020,1,0x0
2090,669,master,0x06000464,read,0x20004020,1,0x0
2091,669,master,0x06000464,read,0x20004020,1,0x0
2092,669,master,0x06000464,read,0x20004020,1,0x0
2093,670,master,0x06000464,read,0x20004020,1,0x0
2094,670,master,0x06000464,read,0x20004020,1,0x0
2095,670,master,0x06000464,read,0x20004020,1,0x0
2096,670,master,0x06000464,read,0x20004020,1,0x0
2097,670,master,0x06000464,read,0x20004020,1,0x0
2098,670,master,0x06000464,read,0x20004020,1,0x0
2099,670,master,0x06000464,read,0x20004020,1,0x0
2100,670,master,0x06000464,read,0x20004020,1,0x0
2101,670,master,0x06000464,read,0x20004020,1,0x0
2102,670,master,0x06000464,read,0x20004020,1,0x0
2103,670,master,0x06000464,read,0x20004020,1,0x1
2104,670,master,0x0600046A,read,0x20004021,1,0x5
2105,672,master,0x06000464,read,0x20004020,1,0x0
2106,672,master,0x06000464,read,0x20004020,1,0x0
2107,672,master,0x06000464,read,0x20004020,1,0x0
2108,672,master,0x06000464,read,0x20004020,1,0x0
2109,672,master,0x06000464,read,0x20004020,1,0x0
2110,672,master,0x06000464,read,0x20004020,1,0x0
2111,672,master,0x06000464,read,0x20004020,1,0x0
2112,672,master,0x06000464,read,0x20004020,1,0x0
2113,672,master,0x06000464,read,0x20004020,1,0x0
2114,672,master,0x06000464,read,0x20004020,1,0x0
2115,673,master,0x06000464,read,0x20004020,1,0x0
2116,673,master,0x06000464,read,0x20004020,1,0x0
2117,673,master,0x06000464,read,0x20004020,1,0x0
2118,673,master,0x06000464,read,0x20004020,1,0x0
2119,673,master,0x06000464,read,0x20004020,1,0x0
2120,673,master,0x06000464,read,0x20004020,1,0x0
2121,673,master,0x06000464,read,0x20004020,1,0x0
2122,673,master,0x06000464,read,0x20004020,1,0x0
2123,673,master,0x06000464,read,0x20004020,1,0x0
2124,673,master,0x06000464,read,0x20004020,1,0x0
2125,673,master,0x06000464,read,0x20004020,1,0x1
2126,673,master,0x0600046A,read,0x20004021,1,0x5
2127,675,master,0x06000464,read,0x20004020,1,0x0
2128,675,master,0x06000464,read,0x20004020,1,0x0
2129,675,master,0x06000464,read,0x20004020,1,0x0
2130,675,master,0x06000464,read,0x20004020,1,0x0
2131,675,master,0x06000464,read,0x20004020,1,0x0
2132,675,master,0x06000464,read,0x20004020,1,0x0
2133,675,master,0x06000464,read,0x20004020,1,0x0
2134,675,master,0x06000464,read,0x20004020,1,0x0
2135,675,master,0x06000464,read,0x20004020,1,0x0
2136,675,master,0x06000464,read,0x20004020,1,0x0
2137,676,master,0x06000464,read,0x20004020,1,0x0
2138,676,master,0x06000464,read,0x20004020,1,0x0
2139,676,master,0x06000464,read,0x20004020,1,0x0
2140,676,master,0x06000464,read,0x20004020,1,0x0
2141,676,master,0x06000464,read,0x20004020,1,0x0
2142,676,master,0x06000464,read,0x20004020,1,0x0
2143,676,master,0x06000464,read,0x20004020,1,0x0
2144,676,master,0x06000464,read,0x20004020,1,0x0
2145,676,master,0x06000464,read,0x20004020,1,0x0
2146,676,master,0x06000464,read,0x20004020,1,0x0
2147,676,master,0x06000464,read,0x20004020,1,0x1
2148,676,master,0x0600046A,read,0x20004021,1,0x5
2149,678,master,0x06000464,read,0x20004020,1,0x0
2150,678,master,0x06000464,read,0x20004020,1,0x0
2151,678,master,0x06000464,read,0x20004020,1,0x0
2152,678,master,0x06000464,read,0x20004020,1,0x0
2153,678,master,0x06000464,read,0x20004020,1,0x0
2154,678,master,0x06000464,read,0x20004020,1,0x0
2155,678,master,0x06000464,read,0x20004020,1,0x0
2156,678,master,0x06000464,read,0x20004020,1,0x0
2157,678,master,0x06000464,read,0x20004020,1,0x0
2158,678,master,0x06000464,read,0x20004020,1,0x0
2159,679,master,0x06000464,read,0x20004020,1,0x0
2160,679,master,0x06000464,read,0x20004020,1,0x0
2161,679,master,0x06000464,read,0x20004020,1,0x0
2162,679,master,0x06000464,read,0x20004020,1,0x0
2163,679,master,0x06000464,read,0x20004020,1,0x0
2164,679,master,0x06000464,read,0x20004020,1,0x0
2165,679,master,0x06000464,read,0x20004020,1,0x0
2166,679,master,0x06000464,read,0x20004020,1,0x0
2167,679,master,0x06000464,read,0x20004020,1,0x0
2168,679,master,0x06000464,read,0x20004020,1,0x0
2169,679,master,0x06000464,read,0x20004020,1,0x1
2170,679,master,0x0600046A,read,0x20004021,1,0x5
2171,681,master,0x06000464,read,0x20004020,1,0x0
2172,681,master,0x06000464,read,0x20004020,1,0x0
2173,681,master,0x06000464,read,0x20004020,1,0x0
2174,681,master,0x06000464,read,0x20004020,1,0x0
2175,681,master,0x06000464,read,0x20004020,1,0x0
2176,681,master,0x06000464,read,0x20004020,1,0x0
2177,681,master,0x06000464,read,0x20004020,1,0x0
2178,681,master,0x06000464,read,0x20004020,1,0x0
2179,681,master,0x06000464,read,0x20004020,1,0x0
2180,681,master,0x06000464,read,0x20004020,1,0x0
2181,682,master,0x06000464,read,0x20004020,1,0x0
2182,682,master,0x06000464,read,0x20004020,1,0x0
2183,682,master,0x06000464,read,0x20004020,1,0x0
2184,682,master,0x06000464,read,0x20004020,1,0x0
2185,682,master,0x06000464,read,0x20004020,1,0x0
2186,682,master,0x06000464,read,0x20004020,1,0x0
2187,682,master,0x06000464,read,0x20004020,1,0x0
2188,682,master,0x06000464,read,0x20004020,1,0x0
2189,682,master,0x06000464,read,0x20004020,1,0x0
2190,682,master,0x06000464,read,0x20004020,1,0x0
2191,682,master,0x06000464,read,0x20004020,1,0x1
2192,682,master,0x0600046A,read,0x20004021,1,0x5
2193,684,master,0x06000464,read,0x20004020,1,0x0
2194,684,master,0x06000464,read,0x20004020,1,0x0
2195,684,master,0x06000464,read,0x20004020,1,0x0
2196,684,master,0x06000464,read,0x20004020,1,0x0
2197,684,master,0x06000464,read,0x20004020,1,0x0
2198,684,master,0x06000464,read,0x20004020,1,0x0
2199,684,master,0x06000464,read,0x20004020,1,0x0
2200,684,master,0x06000464,read,0x20004020,1,0x0
2201,684,master,0x06000464,read,0x20004020,1,0x0
2202,684,master,0x06000464,read,0x20004020,1,0x0
2203,685,master,0x06000464,read,0x20004020,1,0x0
2204,685,master,0x06000464,read,0x20004020,1,0x0
2205,685,master,0x06000464,read,0x20004020,1,0x0
2206,685,master,0x06000464,read,0x20004020,1,0x0
2207,685,master,0x06000464,read,0x20004020,1,0x0
2208,685,master,0x06000464,read,0x20004020,1,0x0
2209,685,master,0x06000464,read,0x20004020,1,0x0
2210,685,master,0x06000464,read,0x20004020,1,0x0
2211,685,master,0x06000464,read,0x20004020,1,0x0
2212,685,master,0x06000464,read,0x20004020,1,0x0
2213,685,master,0x06000464,read,0x20004020,1,0x1
2214,685,master,0x0600046A,read,0x20004021,1,0x5
2215,687,master,0x06000464,read,0x20004020,1,0x0
2216,687,master,0x06000464,read,0x20004020,1,0x0
2217,687,master,0x06000464,read,0x20004020,1,0x0
2218,687,master,0x06000464,read,0x20004020,1,0x0
2219,687,master,0x06000464,read,0x20004020,1,0x0
2220,687,master,0x06000464,read,0x20004020,1,0x0
2221,687,master,0x06000464,read,0x20004020,1,0x0
2222,687,master,0x06000464,read,0x20004020,1,0x0
2223,687,master,0x06000464,read,0x20004020,1,0x0
2224,687,master,0x06000464,read,0x20004020,1,0x0
2225,688,master,0x06000464,read,0x20004020,1,0x0
2226,688,master,0x06000464,read,0x20004020,1,0x0
2227,688,master,0x06000464,read,0x20004020,1,0x0
2228,688,master,0x06000464,read,0x20004020,1,0x0
2229,688,master,0x06000464,read,0x20004020,1,0x0
2230,688,master,0x06000464,read,0x20004020,1,0x0
2231,688,master,0x06000464,read,0x20004020,1,0x0
2232,688,master,0x06000464,read,0x20004020,1,0x0
2233,688,master,0x06000464,read,0x20004020,1,0x0
2234,688,master,0x06000464,read,0x20004020,1,0x0
2235,688,master,0x06000464,read,0x20004020,1,0x1
2236,688,master,0x0600046A,read,0x20004021,1,0x5
2237,690,master,0x06000464,read,0x20004020,1,0x0
2238,690,master,0x06000464,read,0x20004020,1,0x0
2239,690,master,0x06000464,read,0x20004020,1,0x0
2240,690,master,0x06000464,read,0x20004020,1,0x0
2241,690,master,0x06000464,read,0x20004020,1,0x0
2242,690,master,0x06000464,read,0x20004020,1,0x0
2243,690,master,0x06000464,read,0x20004020,1,0x0
2244,690,master,0x06000464,read,0x20004020,1,0x0
2245,690,master,0x06000464,read,0x20004020,1,0x0
2246,690,master,0x06000464,read,0x20004020,1,0x0
2247,691,master,0x06000464,read,0x20004020,1,0x0
2248,691,master,0x06000464,read,0x20004020,1,0x0
2249,691,master,0x06000464,read,0x20004020,1,0x0
2250,691,master,0x06000464,read,0x20004020,1,0x0
2251,691,master,0x06000464,read,0x20004020,1,0x0
2252,691,master,0x06000464,read,0x20004020,1,0x0
2253,691,master,0x06000464,read,0x20004020,1,0x0
2254,691,master,0x06000464,read,0x20004020,1,0x0
2255,691,master,0x06000464,read,0x20004020,1,0x0
2256,691,master,0x06000464,read,0x20004020,1,0x0
2257,691,master,0x06000464,read,0x20004020,1,0x1
2258,691,master,0x0600046A,read,0x20004021,1,0x5
2259,693,master,0x06000464,read,0x20004020,1,0x0
2260,693,master,0x06000464,read,0x20004020,1,0x0
2261,693,master,0x06000464,read,0x20004020,1,0x0
2262,693,master,0x06000464,read,0x20004020,1,0x0
2263,693,master,0x06000464,read,0x20004020,1,0x0
2264,693,master,0x06000464,read,0x20004020,1,0x0
2265,693,master,0x06000464,read,0x20004020,1,0x0
2266,693,master,0x06000464,read,0x20004020,1,0x0
2267,693,master,0x06000464,read,0x20004020,1,0x0
2268,693,master,0x06000464,read,0x20004020,1,0x0
2269,694,master,0x06000464,read,0x20004020,1,0x0
2270,694,master,0x06000464,read,0x20004020,1,0x0
2271,694,master,0x06000464,read,0x20004020,1,0x0
2272,694,master,0x06000464,read,0x20004020,1,0x0
2273,694,master,0x06000464,read,0x20004020,1,0x0
2274,694,master,0x06000464,read,0x20004020,1,0x0
2275,694,master,0x06000464,read,0x20004020,1,0x0
2276,694,master,0x06000464,read,0x20004020,1,0x0
2277,694,master,0x06000464,read,0x20004020,1,0x0
2278,694,master,0x06000464,read,0x20004020,1,0x0
2279,694,master,0x06000464,read,0x20004020,1,0x1
2280,694,master,0x0600046A,read,0x20004021,1,0x5
2281,696,master,0x06000464,read,0x20004020,1,0x0
2282,696,master,0x06000464,read,0x20004020,1,0x0
2283,696,master,0x06000464,read,0x20004020,1,0x0
2284,696,master,0x06000464,read,0x20004020,1,0x0
2285,696,master,0x06000464,read,0x20004020,1,0x0
2286,696,master,0x06000464,read,0x20004020,1,0x0
2287,696,master,0x06000464,read,0x20004020,1,0x0
2288,696,master,0x06000464,read,0x20004020,1,0x0
2289,696,master,0x06000464,read,0x20004020,1,0x0
2290,696,master,0x06000464,read,0x20004020,1,0x0
2291,697,master,0x06000464,read,0x20004020,1,0x0
2292,697,master,0x06000464,read,0x20004020,1,0x0
2293,697,master,0x06000464,read,0x20004020,1,0x0
2294,697,master,0x06000464,read,0x20004020,1,0x0
2295,697,master,0x06000464,read,0x20004020,1,0x0
2296,697,master,0x06000464,read,0x20004020,1,0x0
2297,697,master,0x06000464,read,0x20004020,1,0x0
2298,697,master,0x06000464,read,0x20004020,1,0x0
2299,697,master,0x06000464,read,0x20004020,1,0x0
2300,697,master,0x06000464,read,0x20004020,1,0x0
2301,697,master,0x06000464,read,0x20004020,1,0x1
2302,697,master,0x0600046A,read,0x20004021,1,0x5
2303,699,master,0x06000464,read,0x20004020,1,0x0
2304,699,master,0x06000464,read,0x20004020,1,0x0
2305,699,master,0x06000464,read,0x20004020,1,0x0
2306,699,master,0x06000464,read,0x20004020,1,0x0
2307,699,master,0x06000464,read,0x20004020,1,0x0
2308,699,master,0x06000464,read,0x20004020,1,0x0
2309,699,master,0x06000464,read,0x20004020,1,0x0
2310,699,master,0x06000464,read,0x20004020,1,0x0
2311,699,master,0x06000464,read,0x20004020,1,0x0
2312,699,master,0x06000464,read,0x20004020,1,0x0
2313,700,master,0x06000464,read,0x20004020,1,0x0
2314,700,master,0x06000464,read,0x20004020,1,0x0
2315,700,master,0x06000464,read,0x20004020,1,0x0
2316,700,master,0x06000464,read,0x20004020,1,0x0
2317,700,master,0x06000464,read,0x20004020,1,0x0
2318,700,master,0x06000464,read,0x20004020,1,0x0
2319,700,master,0x06000464,read,0x20004020,1,0x0
2320,700,master,0x06000464,read,0x20004020,1,0x0
2321,700,master,0x06000464,read,0x20004020,1,0x0
2322,700,master,0x06000464,read,0x20004020,1,0x0
2323,700,master,0x06000464,read,0x20004020,1,0x1
2324,700,master,0x0600046A,read,0x20004021,1,0x5
2325,702,master,0x06000464,read,0x20004020,1,0x0
2326,702,master,0x06000464,read,0x20004020,1,0x0
2327,702,master,0x06000464,read,0x20004020,1,0x0
2328,702,master,0x06000464,read,0x20004020,1,0x0
2329,702,master,0x06000464,read,0x20004020,1,0x0
2330,702,master,0x06000464,read,0x20004020,1,0x0
2331,702,master,0x06000464,read,0x20004020,1,0x0
2332,702,master,0x06000464,read,0x20004020,1,0x0
2333,702,master,0x06000464,read,0x20004020,1,0x0
2334,702,master,0x06000464,read,0x20004020,1,0x0
2335,703,master,0x06000464,read,0x20004020,1,0x0
2336,703,master,0x06000464,read,0x20004020,1,0x0
2337,703,master,0x06000464,read,0x20004020,1,0x0
2338,703,master,0x06000464,read,0x20004020,1,0x0
2339,703,master,0x06000464,read,0x20004020,1,0x0
2340,703,master,0x06000464,read,0x20004020,1,0x0
2341,703,master,0x06000464,read,0x20004020,1,0x0
2342,703,master,0x06000464,read,0x20004020,1,0x0
2343,703,master,0x06000464,read,0x20004020,1,0x0
2344,703,master,0x06000464,read,0x20004020,1,0x0
2345,703,master,0x06000464,read,0x20004020,1,0x1
2346,703,master,0x0600046A,read,0x20004021,1,0x5
2347,705,master,0x06000464,read,0x20004020,1,0x0
2348,705,master,0x06000464,read,0x20004020,1,0x0
2349,705,master,0x06000464,read,0x20004020,1,0x0
2350,705,master,0x06000464,read,0x20004020,1,0x0
2351,705,master,0x06000464,read,0x20004020,1,0x0
2352,705,master,0x06000464,read,0x20004020,1,0x0
2353,705,master,0x06000464,read,0x20004020,1,0x0
2354,705,master,0x06000464,read,0x20004020,1,0x0
2355,705,master,0x06000464,read,0x20004020,1,0x0
2356,705,master,0x06000464,read,0x20004020,1,0x0
2357,706,master,0x06000464,read,0x20004020,1,0x0
2358,706,master,0x06000464,read,0x20004020,1,0x0
2359,706,master,0x06000464,read,0x20004020,1,0x0
2360,706,master,0x06000464,read,0x20004020,1,0x0
2361,706,master,0x06000464,read,0x20004020,1,0x0
2362,706,master,0x06000464,read,0x20004020,1,0x0
2363,706,master,0x06000464,read,0x20004020,1,0x0
2364,706,master,0x06000464,read,0x20004020,1,0x0
2365,706,master,0x06000464,read,0x20004020,1,0x0
2366,706,master,0x06000464,read,0x20004020,1,0x0
2367,706,master,0x06000464,read,0x20004020,1,0x1
2368,706,master,0x0600046A,read,0x20004021,1,0x5
2369,708,master,0x06000464,read,0x20004020,1,0x0
2370,708,master,0x06000464,read,0x20004020,1,0x0
2371,708,master,0x06000464,read,0x20004020,1,0x0
2372,708,master,0x06000464,read,0x20004020,1,0x0
2373,708,master,0x06000464,read,0x20004020,1,0x0
2374,708,master,0x06000464,read,0x20004020,1,0x0
2375,708,master,0x06000464,read,0x20004020,1,0x0
2376,708,master,0x06000464,read,0x20004020,1,0x0
2377,708,master,0x06000464,read,0x20004020,1,0x0
2378,708,master,0x06000464,read,0x20004020,1,0x0
2379,709,master,0x06000464,read,0x20004020,1,0x0
2380,709,master,0x06000464,read,0x20004020,1,0x0
2381,709,master,0x06000464,read,0x20004020,1,0x0
2382,709,master,0x06000464,read,0x20004020,1,0x0
2383,709,master,0x06000464,read,0x20004020,1,0x0
2384,709,master,0x06000464,read,0x20004020,1,0x0
2385,709,master,0x06000464,read,0x20004020,1,0x0
2386,709,master,0x06000464,read,0x20004020,1,0x0
2387,709,master,0x06000464,read,0x20004020,1,0x0
2388,709,master,0x06000464,read,0x20004020,1,0x0
2389,709,master,0x06000464,read,0x20004020,1,0x1
2390,709,master,0x0600046A,read,0x20004021,1,0x5
2391,711,master,0x06000464,read,0x20004020,1,0x0
2392,711,master,0x06000464,read,0x20004020,1,0x0
2393,711,master,0x06000464,read,0x20004020,1,0x0
2394,711,master,0x06000464,read,0x20004020,1,0x0
2395,711,master,0x06000464,read,0x20004020,1,0x0
2396,711,master,0x06000464,read,0x20004020,1,0x0
2397,711,master,0x06000464,read,0x20004020,1,0x0
2398,711,master,0x06000464,read,0x20004020,1,0x0
2399,711,master,0x06000464,read,0x20004020,1,0x0
2400,711,master,0x06000464,read,0x20004020,1,0x0
2401,712,master,0x06000464,read,0x20004020,1,0x0
2402,712,master,0x06000464,read,0x20004020,1,0x0
2403,712,master,0x06000464,read,0x20004020,1,0x0
2404,712,master,0x06000464,read,0x20004020,1,0x0
2405,712,master,0x06000464,read,0x20004020,1,0x0
2406,712,master,0x06000464,read,0x20004020,1,0x0
2407,712,master,0x06000464,read,0x20004020,1,0x0
2408,712,master,0x06000464,read,0x20004020,1,0x0
2409,712,master,0x06000464,read,0x20004020,1,0x0
2410,712,master,0x06000464,read,0x20004020,1,0x0
2411,712,master,0x06000464,read,0x20004020,1,0x1
2412,712,master,0x0600046A,read,0x20004021,1,0x5
2413,714,master,0x06000464,read,0x20004020,1,0x0
2414,714,master,0x06000464,read,0x20004020,1,0x0
2415,714,master,0x06000464,read,0x20004020,1,0x0
2416,714,master,0x06000464,read,0x20004020,1,0x0
2417,714,master,0x06000464,read,0x20004020,1,0x0
2418,714,master,0x06000464,read,0x20004020,1,0x0
2419,714,master,0x06000464,read,0x20004020,1,0x0
2420,714,master,0x06000464,read,0x20004020,1,0x0
2421,714,master,0x06000464,read,0x20004020,1,0x0
2422,714,master,0x06000464,read,0x20004020,1,0x0
2423,715,master,0x06000464,read,0x20004020,1,0x0
2424,715,master,0x06000464,read,0x20004020,1,0x0
2425,715,master,0x06000464,read,0x20004020,1,0x0
2426,715,master,0x06000464,read,0x20004020,1,0x0
2427,715,master,0x06000464,read,0x20004020,1,0x0
2428,715,master,0x06000464,read,0x20004020,1,0x0
2429,715,master,0x06000464,read,0x20004020,1,0x0
2430,715,master,0x06000464,read,0x20004020,1,0x0
2431,715,master,0x06000464,read,0x20004020,1,0x0
2432,715,master,0x06000464,read,0x20004020,1,0x0
2433,715,master,0x06000464,read,0x20004020,1,0x1
2434,715,master,0x0600046A,read,0x20004021,1,0x5
2435,717,master,0x06000464,read,0x20004020,1,0x0
2436,717,master,0x06000464,read,0x20004020,1,0x0
2437,717,master,0x06000464,read,0x20004020,1,0x0
2438,717,master,0x06000464,read,0x20004020,1,0x0
2439,717,master,0x06000464,read,0x20004020,1,0x0
2440,717,master,0x06000464,read,0x20004020,1,0x0
2441,717,master,0x06000464,read,0x20004020,1,0x0
2442,717,master,0x06000464,read,0x20004020,1,0x0
2443,717,master,0x06000464,read,0x20004020,1,0x0
2444,717,master,0x06000464,read,0x20004020,1,0x0
2445,718,master,0x06000464,read,0x20004020,1,0x0
2446,718,master,0x06000464,read,0x20004020,1,0x0
2447,718,master,0x06000464,read,0x20004020,1,0x0
2448,718,master,0x06000464,read,0x20004020,1,0x0
2449,718,master,0x06000464,read,0x20004020,1,0x0
2450,718,master,0x06000464,read,0x20004020,1,0x0
2451,718,master,0x06000464,read,0x20004020,1,0x0
2452,718,master,0x06000464,read,0x20004020,1,0x0
2453,718,master,0x06000464,read,0x20004020,1,0x0
2454,718,master,0x06000464,read,0x20004020,1,0x0
2455,718,master,0x06000464,read,0x20004020,1,0x1
2456,718,master,0x0600046A,read,0x20004021,1,0x5
2457,720,master,0x06000464,read,0x20004020,1,0x0
2458,720,master,0x06000464,read,0x20004020,1,0x0
2459,720,master,0x06000464,read,0x20004020,1,0x0
2460,720,master,0x06000464,read,0x20004020,1,0x0
2461,720,master,0x06000464,read,0x20004020,1,0x0
2462,720,master,0x06000464,read,0x20004020,1,0x0
2463,720,master,0x06000464,read,0x20004020,1,0x0
2464,720,master,0x06000464,read,0x20004020,1,0x0
2465,720,master,0x06000464,read,0x20004020,1,0x0
2466,720,master,0x06000464,read,0x20004020,1,0x0
2467,721,master,0x06000464,read,0x20004020,1,0x0
2468,721,master,0x06000464,read,0x20004020,1,0x0
2469,721,master,0x06000464,read,0x20004020,1,0x0
2470,721,master,0x06000464,read,0x20004020,1,0x0
2471,721,master,0x06000464,read,0x20004020,1,0x0
2472,721,master,0x06000464,read,0x20004020,1,0x0
2473,721,master,0x06000464,read,0x20004020,1,0x0
2474,721,master,0x06000464,read,0x20004020,1,0x0
2475,721,master,0x06000464,read,0x20004020,1,0x0
2476,721,master,0x06000464,read,0x20004020,1,0x0
2477,721,master,0x06000464,read,0x20004020,1,0x1
2478,721,master,0x0600046A,read,0x20004021,1,0x5
2479,723,master,0x06000464,read,0x20004020,1,0x0
2480,723,master,0x06000464,read,0x20004020,1,0x0
2481,723,master,0x06000464,read,0x20004020,1,0x0
2482,723,master,0x06000464,read,0x20004020,1,0x0
2483,723,master,0x06000464,read,0x20004020,1,0x0
2484,723,master,0x06000464,read,0x20004020,1,0x0
2485,723,master,0x06000464,read,0x20004020,1,0x0
2486,723,master,0x06000464,read,0x20004020,1,0x0
2487,723,master,0x06000464,read,0x20004020,1,0x0
2488,723,master,0x06000464,read,0x20004020,1,0x0
2489,724,master,0x06000464,read,0x20004020,1,0x0
2490,724,master,0x06000464,read,0x20004020,1,0x0
2491,724,master,0x06000464,read,0x20004020,1,0x0
2492,724,master,0x06000464,read,0x20004020,1,0x0
2493,724,master,0x06000464,read,0x20004020,1,0x0
2494,724,master,0x06000464,read,0x20004020,1,0x0
2495,724,master,0x06000464,read,0x20004020,1,0x0
2496,724,master,0x06000464,read,0x20004020,1,0x0
2497,724,master,0x06000464,read,0x20004020,1,0x0
2498,724,master,0x06000464,read,0x20004020,1,0x0
2499,724,master,0x06000464,read,0x20004020,1,0x1
2500,724,master,0x0600046A,read,0x20004021,1,0x5
2501,726,master,0x06000464,read,0x20004020,1,0x0
2502,726,master,0x06000464,read,0x20004020,1,0x0
2503,726,master,0x06000464,read,0x20004020,1,0x0
2504,726,master,0x06000464,read,0x20004020,1,0x0
2505,726,master,0x06000464,read,0x20004020,1,0x0
2506,726,master,0x06000464,read,0x20004020,1,0x0
2507,726,master,0x06000464,read,0x20004020,1,0x0
2508,726,master,0x06000464,read,0x20004020,1,0x0
2509,726,master,0x06000464,read,0x20004020,1,0x0
2510,726,master,0x06000464,read,0x20004020,1,0x0
2511,727,master,0x06000464,read,0x20004020,1,0x0
2512,727,master,0x06000464,read,0x20004020,1,0x0
2513,727,master,0x06000464,read,0x20004020,1,0x0
2514,727,master,0x06000464,read,0x20004020,1,0x0
2515,727,master,0x06000464,read,0x20004020,1,0x0
2516,727,master,0x06000464,read,0x20004020,1,0x0
2517,727,master,0x06000464,read,0x20004020,1,0x0
2518,727,master,0x06000464,read,0x20004020,1,0x0
2519,727,master,0x06000464,read,0x20004020,1,0x0
2520,727,master,0x06000464,read,0x20004020,1,0x0
2521,727,master,0x06000464,read,0x20004020,1,0x1
2522,727,master,0x0600046A,read,0x20004021,1,0x5
2523,729,master,0x06000464,read,0x20004020,1,0x0
2524,729,master,0x06000464,read,0x20004020,1,0x0
2525,729,master,0x06000464,read,0x20004020,1,0x0
2526,729,master,0x06000464,read,0x20004020,1,0x0
2527,729,master,0x06000464,read,0x20004020,1,0x0
2528,729,master,0x06000464,read,0x20004020,1,0x0
2529,729,master,0x06000464,read,0x20004020,1,0x0
2530,729,master,0x06000464,read,0x20004020,1,0x0
2531,729,master,0x06000464,read,0x20004020,1,0x0
2532,729,master,0x06000464,read,0x20004020,1,0x0
2533,730,master,0x06000464,read,0x20004020,1,0x0
2534,730,master,0x06000464,read,0x20004020,1,0x0
2535,730,master,0x06000464,read,0x20004020,1,0x0
2536,730,master,0x06000464,read,0x20004020,1,0x0
2537,730,master,0x06000464,read,0x20004020,1,0x0
2538,730,master,0x06000464,read,0x20004020,1,0x0
2539,730,master,0x06000464,read,0x20004020,1,0x0
2540,730,master,0x06000464,read,0x20004020,1,0x0
2541,730,master,0x06000464,read,0x20004020,1,0x0
2542,730,master,0x06000464,read,0x20004020,1,0x0
2543,730,master,0x06000464,read,0x20004020,1,0x1
2544,730,master,0x0600046A,read,0x20004021,1,0x5
2545,732,master,0x06000464,read,0x20004020,1,0x0
2546,732,master,0x06000464,read,0x20004020,1,0x0
2547,732,master,0x06000464,read,0x20004020,1,0x0
2548,732,master,0x06000464,read,0x20004020,1,0x0
2549,732,master,0x06000464,read,0x20004020,1,0x0
2550,732,master,0x06000464,read,0x20004020,1,0x0
2551,732,master,0x06000464,read,0x20004020,1,0x0
2552,732,master,0x06000464,read,0x20004020,1,0x0
2553,732,master,0x06000464,read,0x20004020,1,0x0
2554,732,master,0x06000464,read,0x20004020,1,0x0
2555,733,master,0x06000464,read,0x20004020,1,0x0
2556,733,master,0x06000464,read,0x20004020,1,0x0
2557,733,master,0x06000464,read,0x20004020,1,0x0
2558,733,master,0x06000464,read,0x20004020,1,0x0
2559,733,master,0x06000464,read,0x20004020,1,0x0
2560,733,master,0x06000464,read,0x20004020,1,0x0
2561,733,master,0x06000464,read,0x20004020,1,0x0
2562,733,master,0x06000464,read,0x20004020,1,0x0
2563,733,master,0x06000464,read,0x20004020,1,0x0
2564,733,master,0x06000464,read,0x20004020,1,0x0
2565,740,master,0x06000464,read,0x20004020,1,0x1
2566,740,master,0x0600046A,read,0x20004021,1,0x25
2567,741,master,0x06000464,read,0x20004020,1,0x0
2568,741,master,0x06000464,read,0x20004020,1,0x0
2569,741,master,0x06000464,read,0x20004020,1,0x0
2570,741,master,0x06000464,read,0x20004020,1,0x0
2571,741,master,0x06000464,read,0x20004020,1,0x0
2572,741,master,0x06000464,read,0x20004020,1,0x0
2573,741,master,0x06000464,read,0x20004020,1,0x0
2574,741,master,0x06000464,read,0x20004020,1,0x0
2575,741,master,0x06000464,read,0x20004020,1,0x0
2576,741,master,0x06000464,read,0x20004020,1,0x0
2577,741,master,0x06000464,read,0x20004020,1,0x1
2578,741,master,0x0600046A,read,0x20004021,1,0x25
2579,741,master,0x06000464,read,0x20004020,1,0x0
2580,741,master,0x06000464,read,0x20004020,1,0x0
2581,741,master,0x06000464,read,0x20004020,1,0x0
2582,741,master,0x06000464,read,0x20004020,1,0x0
2583,741,master,0x06000464,read,0x20004020,1,0x0
2584,741,master,0x06000464,read,0x20004020,1,0x0
2585,741,master,0x06000464,read,0x20004020,1,0x0
2586,741,master,0x06000464,read,0x20004020,1,0x0
2587,741,master,0x06000464,read,0x20004020,1,0x0
2588,741,master,0x06000464,read,0x20004020,1,0x0
2589,741,master,0x06000464,read,0x20004020,1,0x0
2590,741,master,0x06000464,read,0x20004020,1,0x0
2591,741,master,0x06000464,read,0x20004020,1,0x0
2592,741,master,0x06000464,read,0x20004020,1,0x0
2593,741,master,0x06000464,read,0x20004020,1,0x0
2594,741,master,0x06000464,read,0x20004020,1,0x0
2595,741,master,0x06000464,read,0x20004020,1,0x0
2596,741,master,0x06000464,read,0x20004020,1,0x0
2597,741,master,0x06000464,read,0x20004020,1,0x0
2598,741,master,0x06000464,read,0x20004020,1,0x0
2599,741,master,0x06000464,read,0x20004020,1,0x1
2600,741,master,0x0600046A,read,0x20004021,1,0x3
2601,742,master,0x06000464,read,0x20004020,1,0x0
2602,742,master,0x06000464,read,0x20004020,1,0x0
2603,742,master,0x06000464,read,0x20004020,1,0x0
2604,742,master,0x06000464,read,0x20004020,1,0x0
2605,742,master,0x06000464,read,0x20004020,1,0x0
2606,742,master,0x06000464,read,0x20004020,1,0x0
2607,742,master,0x06000464,read,0x20004020,1,0x0
2608,742,master,0x06000464,read,0x20004020,1,0x0
2609,742,master,0x06000464,read,0x20004020,1,0x0
2610,742,master,0x06000464,read,0x20004020,1,0x0
2611,742,master,0x06000464,read,0x20004020,1,0x1
2612,742,master,0x0600046A,read,0x20004021,1,0x2B
2613,743,master,0x06000464,read,0x20004020,1,0x0
2614,743,master,0x06000464,read,0x20004020,1,0x0
2615,743,master,0x06000464,read,0x20004020,1,0x0
2616,743,master,0x06000464,read,0x20004020,1,0x0
2617,743,master,0x06000464,read,0x20004020,1,0x0
2618,743,master,0x06000464,read,0x20004020,1,0x0
2619,743,master,0x06000464,read,0x20004020,1,0x0
2620,743,master,0x06000464,read,0x20004020,1,0x0
2621,743,master,0x06000464,read,0x20004020,1,0x0
2622,743,master,0x06000464,read,0x20004020,1,0x0
2623,744,master,0x06000464,read,0x20004020,1,0x1
2624,744,master,0x0600046A,read,0x20004021,1,0x22
2625,745,master,0x06000464,read,0x20004020,1,0x0
2626,745,master,0x06000464,read,0x20004020,1,0x0
2627,745,master,0x06000464,read,0x20004020,1,0x0
2628,745,master,0x06000464,read,0x20004020,1,0x0
2629,745,master,0x06000464,read,0x20004020,1,0x0
2630,745,master,0x06000464,read,0x20004020,1,0x0
2631,745,master,0x06000464,read,0x20004020,1,0x0
2632,745,master,0x06000464,read,0x20004020,1,0x0
2633,745,master,0x06000464,read,0x20004020,1,0x0
2634,745,master,0x06000464,read,0x20004020,1,0x1
2635,745,master,0x0600046A,read,0x20004021,1,0x22
2636,745,master,0x06000464,read,0x20004020,1,0x0
2637,745,master,0x06000464,read,0x20004020,1,0x0
2638,745,master,0x06000464,read,0x20004020,1,0x0
2639,745,master,0x06000464,read,0x20004020,1,0x0
2640,745,master,0x06000464,read,0x20004020,1,0x0
2641,745,master,0x06000464,read,0x20004020,1,0x0
2642,745,master,0x06000464,read,0x20004020,1,0x0
2643,745,master,0x06000464,read,0x20004020,1,0x0
2644,745,master,0x06000464,read,0x20004020,1,0x0
2645,745,master,0x06000464,read,0x20004020,1,0x1
2646,745,master,0x0600046A,read,0x20004021,1,0x2B
2647,746,master,0x06000464,read,0x20004020,1,0x0
2648,746,master,0x06000464,read,0x20004020,1,0x0
2649,746,master,0x06000464,read,0x20004020,1,0x0
2650,746,master,0x06000464,read,0x20004020,1,0x0
2651,746,master,0x06000464,read,0x20004020,1,0x0
2652,746,master,0x06000464,read,0x20004020,1,0x0
2653,746,master,0x06000464,read,0x20004020,1,0x0
2654,746,master,0x06000464,read,0x20004020,1,0x0
2655,746,master,0x06000464,read,0x20004020,1,0x0
2656,746,master,0x06000464,read,0x20004020,1,0x0
2657,747,master,0x06000464,read,0x20004020,1,0x1
2658,747,master,0x0600046A,read,0x20004021,1,0x22
2659,748,master,0x06000464,read,0x20004020,1,0x0
2660,748,master,0x06000464,read,0x20004020,1,0x0
2661,748,master,0x06000464,read,0x20004020,1,0x0
2662,748,master,0x06000464,read,0x20004020,1,0x0
2663,748,master,0x06000464,read,0x20004020,1,0x0
2664,748,master,0x06000464,read,0x20004020,1,0x0
2665,748,master,0x06000464,read,0x20004020,1,0x0
2666,748,master,0x06000464,read,0x20004020,1,0x0
2667,748,master,0x06000464,read,0x20004020,1,0x0
2668,748,master,0x06000464,read,0x20004020,1,0x1
2669,748,master,0x0600046A,read,0x20004021,1,0x22
2670,748,master,0x06000464,read,0x20004020,1,0x0
2671,748,master,0x06000464,read,0x20004020,1,0x0
2672,748,master,0x06000464,read,0x20004020,1,0x0
2673,748,master,0x06000464,read,0x20004020,1,0x0
2674,748,master,0x06000464,read,0x20004020,1,0x0
2675,748,master,0x06000464,read,0x20004020,1,0x0
2676,748,master,0x06000464,read,0x20004020,1,0x0
2677,748,master,0x06000464,read,0x20004020,1,0x0
2678,748,master,0x06000464,read,0x20004020,1,0x0
2679,748,master,0x06000464,read,0x20004020,1,0x1
2680,748,master,0x0600046A,read,0x20004021,1,0x2B
2681,749,master,0x06000464,read,0x20004020,1,0x0
2682,749,master,0x06000464,read,0x20004020,1,0x0
2683,749,master,0x06000464,read,0x20004020,1,0x0
2684,749,master,0x06000464,read,0x20004020,1,0x0
2685,749,master,0x06000464,read,0x20004020,1,0x0
2686,749,master,0x06000464,read,0x20004020,1,0x0
2687,749,master,0x06000464,read,0x20004020,1,0x0
2688,749,master,0x06000464,read,0x20004020,1,0x0
2689,749,master,0x06000464,read,0x20004020,1,0x0
2690,749,master,0x06000464,read,0x20004020,1,0x0
2691,750,master,0x06000464,read,0x20004020,1,0x1
2692,750,master,0x0600046A,read,0x20004021,1,0x22
2693,751,master,0x06000464,read,0x20004020,1,0x0
2694,751,master,0x06000464,read,0x20004020,1,0x0
2695,751,master,0x06000464,read,0x20004020,1,0x0
2696,751,master,0x06000464,read,0x20004020,1,0x0
2697,751,master,0x06000464,read,0x20004020,1,0x0
2698,751,master,0x06000464,read,0x20004020,1,0x0
2699,751,master,0x06000464,read,0x20004020,1,0x0
2700,751,master,0x06000464,read,0x20004020,1,0x0
2701,751,master,0x06000464,read,0x20004020,1,0x0
2702,751,master,0x06000464,read,0x20004020,1,0x1
2703,751,master,0x0600046A,read,0x20004021,1,0x22
2704,751,master,0x06000464,read,0x20004020,1,0x0
2705,751,master,0x06000464,read,0x20004020,1,0x0
2706,751,master,0x06000464,read,0x20004020,1,0x0
2707,751,master,0x06000464,read,0x20004020,1,0x0
2708,751,master,0x06000464,read,0x20004020,1,0x0
2709,751,master,0x06000464,read,0x20004020,1,0x0
2710,751,master,0x06000464,read,0x20004020,1,0x0
2711,751,master,0x06000464,read,0x20004020,1,0x0
2712,751,master,0x06000464,read,0x20004020,1,0x0
2713,751,master,0x06000464,read,0x20004020,1,0x1
2714,751,master,0x0600046A,read,0x20004021,1,0x2B
2715,752,master,0x06000464,read,0x20004020,1,0x0
2716,752,master,0x06000464,read,0x20004020,1,0x0
2717,752,master,0x06000464,read,0x20004020,1,0x0
2718,752,master,0x06000464,read,0x20004020,1,0x0
2719,752,master,0x06000464,read,0x20004020,1,0x0
2720,752,master,0x06000464,read,0x20004020,1,0x0
2721,752,master,0x06000464,read,0x20004020,1,0x0
2722,752,master,0x06000464,read,0x20004020,1,0x0
2723,752,master,0x06000464,read,0x20004020,1,0x0
2724,752,master,0x06000464,read,0x20004020,1,0x0
2725,754,master,0x06000464,read,0x20004020,1,0x1
2726,754,master,0x0600046A,read,0x20004021,1,0x22
2727,754,master,0x06000464,read,0x20004020,1,0x0
2728,754,master,0x06000464,read,0x20004020,1,0x0
2729,754,master,0x06000464,read,0x20004020,1,0x0
2730,754,master,0x06000464,read,0x20004020,1,0x0
2731,754,master,0x06000464,read,0x20004020,1,0x0
2732,754,master,0x06000464,read,0x20004020,1,0x0
2733,754,master,0x06000464,read,0x20004020,1,0x0
2734,754,master,0x06000464,read,0x20004020,1,0x0
2735,754,master,0x06000464,read,0x20004020,1,0x0
2736,754,master,0x06000464,read,0x20004020,1,0x1
2737,754,master,0x0600046A,read,0x20004021,1,0x22
2738,754,master,0x06000464,read,0x20004020,1,0x0
2739,754,master,0x06000464,read,0x20004020,1,0x0
2740,754,master,0x06000464,read,0x20004020,1,0x0
2741,754,master,0x06000464,read,0x20004020,1,0x0
2742,754,master,0x06000464,read,0x20004020,1,0x0
2743,754,master,0x06000464,read,0x20004020,1,0x0
2744,754,master,0x06000464,read,0x20004020,1,0x0
2745,754,master,0x06000464,read,0x20004020,1,0x0
2746,754,master,0x06000464,read,0x20004020,1,0x0
2747,754,master,0x06000464,read,0x20004020,1,0x1
2748,754,master,0x0600046A,read,0x20004021,1,0x2B
2749,755,master,0x06000464,read,0x20004020,1,0x0
2750,755,master,0x06000464,read,0x20004020,1,0x0
2751,755,master,0x06000464,read,0x20004020,1,0x0
2752,755,master,0x06000464,read,0x20004020,1,0x0
2753,755,master,0x06000464,read,0x20004020,1,0x0
2754,755,master,0x06000464,read,0x20004020,1,0x0
2755,755,master,0x06000464,read,0x20004020,1,0x0
2756,755,master,0x06000464,read,0x20004020,1,0x0
2757,755,master,0x06000464,read,0x20004020,1,0x0
2758,755,master,0x06000464,read,0x20004020,1,0x0
2759,756,master,0x06000464,read,0x20004020,1,0x1
2760,756,master,0x0600046A,read,0x20004021,1,0x22
2761,757,master,0x06000464,read,0x20004020,1,0x0
2762,757,master,0x06000464,read,0x20004020,1,0x0
2763,757,master,0x06000464,read,0x20004020,1,0x0
2764,757,master,0x06000464,read,0x20004020,1,0x0
2765,757,master,0x06000464,read,0x20004020,1,0x0
2766,757,master,0x06000464,read,0x20004020,1,0x0
2767,757,master,0x06000464,read,0x20004020,1,0x0
2768,757,master,0x06000464,read,0x20004020,1,0x0
2769,757,master,0x06000464,read,0x20004020,1,0x0
2770,757,master,0x06000464,read,0x20004020,1,0x1
2771,757,master,0x0600046A,read,0x20004021,1,0x22
2772,757,master,0x06000464,read,0x20004020,1,0x0
2773,757,master,0x06000464,read,0x20004020,1,0x0
2774,757,master,0x06000464,read,0x20004020,1,0x0
2775,757,master,0x06000464,read,0x20004020,1,0x0
2776,757,master,0x06000464,read,0x20004020,1,0x0
2777,757,master,0x06000464,read,0x20004020,1,0x0
2778,757,master,0x06000464,read,0x20004020,1,0x0
2779,757,master,0x06000464,read,0x20004020,1,0x0
2780,757,master,0x06000464,read,0x20004020,1,0x0
2781,757,master,0x06000464,read,0x20004020,1,0x1
2782,757,master,0x0600046A,read,0x20004021,1,0x2B
2783,758,master,0x06000464,read,0x20004020,1,0x0
2784,758,master,0x06000464,read,0x20004020,1,0x0
2785,758,master,0x06000464,read,0x20004020,1,0x0
2786,758,master,0x06000464,read,0x20004020,1,0x0
2787,758,master,0x06000464,read,0x20004020,1,0x0
2788,758,master,0x06000464,read,0x20004020,1,0x0
2789,758,master,0x06000464,read,0x20004020,1,0x0
2790,758,master,0x06000464,read,0x20004020,1,0x0
2791,758,master,0x06000464,read,0x20004020,1,0x0
2792,758,master,0x06000464,read,0x20004020,1,0x0
2793,759,master,0x06000464,read,0x20004020,1,0x1
2794,759,master,0x0600046A,read,0x20004021,1,0x22
2795,760,master,0x06000464,read,0x20004020,1,0x0
2796,760,master,0x06000464,read,0x20004020,1,0x0
2797,760,master,0x06000464,read,0x20004020,1,0x0
2798,760,master,0x06000464,read,0x20004020,1,0x0
2799,760,master,0x06000464,read,0x20004020,1,0x0
2800,760,master,0x06000464,read,0x20004020,1,0x0
2801,760,master,0x06000464,read,0x20004020,1,0x0
2802,760,master,0x06000464,read,0x20004020,1,0x0
2803,760,master,0x06000464,read,0x20004020,1,0x0
2804,760,master,0x06000464,read,0x20004020,1,0x1
2805,760,master,0x0600046A,read,0x20004021,1,0x22
2806,760,master,0x06000464,read,0x20004020,1,0x0
2807,760,master,0x06000464,read,0x20004020,1,0x0
2808,760,master,0x06000464,read,0x20004020,1,0x0
2809,760,master,0x06000464,read,0x20004020,1,0x0
2810,760,master,0x06000464,read,0x20004020,1,0x0
2811,760,master,0x06000464,read,0x20004020,1,0x0
2812,760,master,0x06000464,read,0x20004020,1,0x0
2813,760,master,0x06000464,read,0x20004020,1,0x0
2814,760,master,0x06000464,read,0x20004020,1,0x0
2815,760,master,0x06000464,read,0x20004020,1,0x1
2816,760,master,0x0600046A,read,0x20004021,1,0x2B
2817,761,master,0x06000464,read,0x20004020,1,0x0
2818,761,master,0x06000464,read,0x20004020,1,0x0
2819,761,master,0x06000464,read,0x20004020,1,0x0
2820,761,master,0x06000464,read,0x20004020,1,0x0
2821,761,master,0x06000464,read,0x20004020,1,0x0
2822,761,master,0x06000464,read,0x20004020,1,0x0
2823,761,master,0x06000464,read,0x20004020,1,0x0
2824,761,master,0x06000464,read,0x20004020,1,0x0
2825,761,master,0x06000464,read,0x20004020,1,0x0
2826,761,master,0x06000464,read,0x20004020,1,0x0
2827,762,master,0x06000464,read,0x20004020,1,0x1
2828,762,master,0x0600046A,read,0x20004021,1,0x22
2829,763,master,0x06000464,read,0x20004020,1,0x0
2830,763,master,0x06000464,read,0x20004020,1,0x0
2831,763,master,0x06000464,read,0x20004020,1,0x0
2832,763,master,0x06000464,read,0x20004020,1,0x0
2833,763,master,0x06000464,read,0x20004020,1,0x0
2834,763,master,0x06000464,read,0x20004020,1,0x0
2835,763,master,0x06000464,read,0x20004020,1,0x0
2836,763,master,0x06000464,read,0x20004020,1,0x0
2837,763,master,0x06000464,read,0x20004020,1,0x0
2838,763,master,0x06000464,read,0x20004020,1,0x1
2839,763,master,0x0600046A,read,0x20004021,1,0x22
2840,763,master,0x06000464,read,0x20004020,1,0x0
2841,763,master,0x06000464,read,0x20004020,1,0x0
2842,763,master,0x06000464,read,0x20004020,1,0x0
2843,763,master,0x06000464,read,0x20004020,1,0x0
2844,763,master,0x06000464,read,0x20004020,1,0x0
2845,763,master,0x06000464,read,0x20004020,1,0x0
2846,763,master,0x06000464,read,0x20004020,1,0x0
2847,763,master,0x06000464,read,0x20004020,1,0x0
2848,763,master,0x06000464,read,0x20004020,1,0x0
2849,764,master,0x06000464,read,0x20004020,1,0x1
2850,764,master,0x0600046A,read,0x20004021,1,0x2B
2851,764,master,0x06000464,read,0x20004020,1,0x0
2852,764,master,0x06000464,read,0x20004020,1,0x0
2853,764,master,0x06000464,read,0x20004020,1,0x0
2854,764,master,0x06000464,read,0x20004020,1,0x0
2855,764,master,0x06000464,read,0x20004020,1,0x0
2856,764,master,0x06000464,read,0x20004020,1,0x0
2857,764,master,0x06000464,read,0x20004020,1,0x0
2858,764,master,0x06000464,read,0x20004020,1,0x0
2859,764,master,0x06000464,read,0x20004020,1,0x0
2860,764,master,0x06000464,read,0x20004020,1,0x0
2861,765,master,0x06000464,read,0x20004020,1,0x1
2862,765,master,0x0600046A,read,0x20004021,1,0x22
2863,766,master,0x06000464,read,0x20004020,1,0x0
2864,766,master,0x06000464,read,0x20004020,1,0x0
2865,766,master,0x06000464,read,0x20004020,1,0x0
2866,766,master,0x06000464,read,0x20004020,1,0x0
2867,766,master,0x06000464,read,0x20004020,1,0x0
2868,766,master,0x06000464,read,0x20004020,1,0x0
2869,766,master,0x06000464,read,0x20004020,1,0x0
2870,766,master,0x06000464,read,0x20004020,1,0x0
2871,766,master,0x06000464,read,0x20004020,1,0x0
2872,766,master,0x06000464,read,0x20004020,1,0x1
2873,766,master,0x0600046A,read,0x20004021,1,0x22
2874,766,master,0x06000464,read,0x20004020,1,0x0
2875,766,master,0x06000464,read,0x20004020,1,0x0
2876,766,master,0x06000464,read,0x20004020,1,0x0
2877,766,master,0x06000464,read,0x20004020,1,0x0
2878,766,master,0x06000464,read,0x20004020,1,0x0
2879,766,master,0x06000464,read,0x20004020,1,0x0
2880,766,master,0x06000464,read,0x20004020,1,0x0
2881,766,master,0x06000464,read,0x20004020,1,0x0
2882,766,master,0x06000464,read,0x20004020,1,0x0
2883,766,master,0x06000464,read,0x20004020,1,0x1
2884,766,master,0x0600046A,read,0x20004021,1,0x2B
2885,767,master,0x06000464,read,0x20004020,1,0x0
2886,767,master,0x06000464,read,0x20004020,1,0x0
2887,767,master,0x06000464,read,0x20004020,1,0x0
2888,767,master,0x06000464,read,0x20004020,1,0x0
2889,767,master,0x06000464,read,0x20004020,1,0x0
2890,767,master,0x06000464,read,0x20004020,1,0x0
2891,767,master,0x06000464,read,0x20004020,1,0x0
2892,767,master,0x06000464,read,0x20004020,1,0x0
2893,767,master,0x06000464,read,0x20004020,1,0x0
2894,767,master,0x06000464,read,0x20004020,1,0x0
2895,768,master,0x06000464,read,0x20004020,1,0x1
2896,768,master,0x0600046A,read,0x20004021,1,0x22
2897,769,master,0x06000464,read,0x20004020,1,0x0
2898,769,master,0x06000464,read,0x20004020,1,0x0
2899,769,master,0x06000464,read,0x20004020,1,0x0
2900,769,master,0x06000464,read,0x20004020,1,0x0
2901,769,master,0x06000464,read,0x20004020,1,0x0
2902,769,master,0x06000464,read,0x20004020,1,0x0
2903,769,master,0x06000464,read,0x20004020,1,0x0
2904,769,master,0x06000464,read,0x20004020,1,0x0
2905,769,master,0x06000464,read,0x20004020,1,0x0
2906,769,master,0x06000464,read,0x20004020,1,0x1
2907,769,master,0x0600046A,read,0x20004021,1,0x22
2908,769,master,0x06000464,read,0x20004020,1,0x0
2909,769,master,0x06000464,read,0x20004020,1,0x0
2910,769,master,0x06000464,read,0x20004020,1,0x0
2911,769,master,0x06000464,read,0x20004020,1,0x0
2912,769,master,0x06000464,read,0x20004020,1,0x0
2913,769,master,0x06000464,read,0x20004020,1,0x0
2914,769,master,0x06000464,read,0x20004020,1,0x0
2915,769,master,0x06000464,read,0x20004020,1,0x0
2916,769,master,0x06000464,read,0x20004020,1,0x0
2917,769,master,0x06000464,read,0x20004020,1,0x1
2918,769,master,0x0600046A,read,0x20004021,1,0x2B
2919,770,master,0x06000464,read,0x20004020,1,0x0
2920,770,master,0x06000464,read,0x20004020,1,0x0
2921,770,master,0x06000464,read,0x20004020,1,0x0
2922,770,master,0x06000464,read,0x20004020,1,0x0
2923,770,master,0x06000464,read,0x20004020,1,0x0
2924,770,master,0x06000464,read,0x20004020,1,0x0
2925,770,master,0x06000464,read,0x20004020,1,0x0
2926,770,master,0x06000464,read,0x20004020,1,0x0
2927,770,master,0x06000464,read,0x20004020,1,0x0
2928,770,master,0x06000464,read,0x20004020,1,0x0
2929,771,master,0x06000464,read,0x20004020,1,0x1
2930,771,master,0x0600046A,read,0x20004021,1,0x22
2931,772,master,0x06000464,read,0x20004020,1,0x0
2932,772,master,0x06000464,read,0x20004020,1,0x0
2933,772,master,0x06000464,read,0x20004020,1,0x0
2934,772,master,0x06000464,read,0x20004020,1,0x0
2935,772,master,0x06000464,read,0x20004020,1,0x0
2936,772,master,0x06000464,read,0x20004020,1,0x0
2937,772,master,0x06000464,read,0x20004020,1,0x0
2938,772,master,0x06000464,read,0x20004020,1,0x0
2939,772,master,0x06000464,read,0x20004020,1,0x0
2940,772,master,0x06000464,read,0x20004020,1,0x1
2941,772,master,0x0600046A,read,0x20004021,1,0x22
2942,772,master,0x06000464,read,0x20004020,1,0x0
2943,772,master,0x06000464,read,0x20004020,1,0x0
2944,772,master,0x06000464,read,0x20004020,1,0x0
2945,772,master,0x06000464,read,0x20004020,1,0x0
2946,772,master,0x06000464,read,0x20004020,1,0x0
2947,772,master,0x06000464,read,0x20004020,1,0x0
2948,772,master,0x06000464,read,0x20004020,1,0x0
2949,772,master,0x06000464,read,0x20004020,1,0x0
2950,772,master,0x06000464,read,0x20004020,1,0x0
2951,772,master,0x06000464,read,0x20004020,1,0x1
2952,772,master,0x0600046A,read,0x20004021,1,0x2B
2953,773,master,0x06000464,read,0x20004020,1,0x0
2954,773,master,0x06000464,read,0x20004020,1,0x0
2955,773,master,0x06000464,read,0x20004020,1,0x0
2956,773,master,0x06000464,read,0x20004020,1,0x0
2957,773,master,0x06000464,read,0x20004020,1,0x0
2958,773,master,0x06000464,read,0x20004020,1,0x0
2959,773,master,0x06000464,read,0x20004020,1,0x0
2960,773,master,0x06000464,read,0x20004020,1,0x0
2961,773,master,0x06000464,read,0x20004020,1,0x0
2962,773,master,0x06000464,read,0x20004020,1,0x0
2963,775,master,0x06000464,read,0x20004020,1,0x1
2964,775,master,0x0600046A,read,0x20004021,1,0x22
2965,775,master,0x06000464,read,0x20004020,1,0x0
2966,775,master,0x06000464,read,0x20004020,1,0x0
2967,775,master,0x06000464,read,0x20004020,1,0x0
2968,775,master,0x06000464,read,0x20004020,1,0x0
2969,775,master,0x06000464,read,0x20004020,1,0x0
2970,775,master,0x06000464,read,0x20004020,1,0x0
2971,775,master,0x06000464,read,0x20004020,1,0x0
2972,775,master,0x06000464,read,0x20004020,1,0x0
2973,775,master,0x06000464,read,0x20004020,1,0x0
2974,775,master,0x06000464,read,0x20004020,1,0x1
2975,775,master,0x0600046A,read,0x20004021,1,0x22
2976,775,master,0x06000464,read,0x20004020,1,0x0
2977,775,master,0x06000464,read,0x20004020,1,0x0
2978,775,master,0x06000464,read,0x20004020,1,0x0
2979,775,master,0x06000464,read,0x20004020,1,0x0
2980,775,master,0x06000464,read,0x20004020,1,0x0
2981,775,master,0x06000464,read,0x20004020,1,0x0
2982,775,master,0x06000464,read,0x20004020,1,0x0
2983,775,master,0x06000464,read,0x20004020,1,0x0
2984,775,master,0x06000464,read,0x20004020,1,0x0
2985,775,master,0x06000464,read,0x20004020,1,0x1
2986,775,master,0x0600046A,read,0x20004021,1,0x2B
2987,776,master,0x06000464,read,0x20004020,1,0x0
2988,776,master,0x06000464,read,0x20004020,1,0x0
2989,776,master,0x06000464,read,0x20004020,1,0x0
2990,776,master,0x06000464,read,0x20004020,1,0x0
2991,776,master,0x06000464,read,0x20004020,1,0x0
2992,776,master,0x06000464,read,0x20004020,1,0x0
2993,776,master,0x06000464,read,0x20004020,1,0x0
2994,776,master,0x06000464,read,0x20004020,1,0x0
2995,776,master,0x06000464,read,0x20004020,1,0x0
2996,776,master,0x06000464,read,0x20004020,1,0x0
2997,777,master,0x06000464,read,0x20004020,1,0x1
2998,777,master,0x0600046A,read,0x20004021,1,0x22
2999,778,master,0x06000464,read,0x20004020,1,0x0
3000,778,master,0x06000464,read,0x20004020,1,0x0
3001,778,master,0x06000464,read,0x20004020,1,0x0
3002,778,master,0x06000464,read,0x20004020,1,0x0
3003,778,master,0x06000464,read,0x20004020,1,0x0
3004,778,master,0x06000464,read,0x20004020,1,0x0
3005,778,master,0x06000464,read,0x20004020,1,0x0
3006,778,master,0x06000464,read,0x20004020,1,0x0
3007,778,master,0x06000464,read,0x20004020,1,0x0
3008,778,master,0x06000464,read,0x20004020,1,0x1
3009,778,master,0x0600046A,read,0x20004021,1,0x22
3010,778,master,0x06000464,read,0x20004020,1,0x0
3011,778,master,0x06000464,read,0x20004020,1,0x0
3012,778,master,0x06000464,read,0x20004020,1,0x0
3013,778,master,0x06000464,read,0x20004020,1,0x0
3014,778,master,0x06000464,read,0x20004020,1,0x0
3015,778,master,0x06000464,read,0x20004020,1,0x0
3016,778,master,0x06000464,read,0x20004020,1,0x0
3017,778,master,0x06000464,read,0x20004020,1,0x0
3018,778,master,0x06000464,read,0x20004020,1,0x0
3019,778,master,0x06000464,read,0x20004020,1,0x1
3020,778,master,0x0600046A,read,0x20004021,1,0x2B
3021,779,master,0x06000464,read,0x20004020,1,0x0
3022,779,master,0x06000464,read,0x20004020,1,0x0
3023,779,master,0x06000464,read,0x20004020,1,0x0
3024,779,master,0x06000464,read,0x20004020,1,0x0
3025,779,master,0x06000464,read,0x20004020,1,0x0
3026,779,master,0x06000464,read,0x20004020,1,0x0
3027,779,master,0x06000464,read,0x20004020,1,0x0
3028,779,master,0x06000464,read,0x20004020,1,0x0
3029,779,master,0x06000464,read,0x20004020,1,0x0
3030,779,master,0x06000464,read,0x20004020,1,0x0
3031,780,master,0x06000464,read,0x20004020,1,0x1
3032,780,master,0x0600046A,read,0x20004021,1,0x22
3033,781,master,0x06000464,read,0x20004020,1,0x0
3034,781,master,0x06000464,read,0x20004020,1,0x0
3035,781,master,0x06000464,read,0x20004020,1,0x0
3036,781,master,0x06000464,read,0x20004020,1,0x0
3037,781,master,0x06000464,read,0x20004020,1,0x0
3038,781,master,0x06000464,read,0x20004020,1,0x0
3039,781,master,0x06000464,read,0x20004020,1,0x0
3040,781,master,0x06000464,read,0x20004020,1,0x0
3041,781,master,0x06000464,read,0x20004020,1,0x0
3042,781,master,0x06000464,read,0x20004020,1,0x1
3043,781,master,0x0600046A,read,0x20004021,1,0x22
3044,781,master,0x06000464,read,0x20004020,1,0x0
3045,781,master,0x06000464,read,0x20004020,1,0x0
3046,781,master,0x06000464,read,0x20004020,1,0x0
3047,781,master,0x06000464,read,0x20004020,1,0x0
3048,781,master,0x06000464,read,0x20004020,1,0x0
3049,781,master,0x06000464,read,0x20004020,1,0x0
3050,781,master,0x06000464,read,0x20004020,1,0x0
3051,781,master,0x06000464,read,0x20004020,1,0x0
3052,781,master,0x06000464,read,0x20004020,1,0x0
3053,781,master,0x06000464,read,0x20004020,1,0x1
3054,781,master,0x0600046A,read,0x20004021,1,0x2B
3055,782,master,0x06000464,read,0x20004020,1,0x0
3056,782,master,0x06000464,read,0x20004020,1,0x0
3057,782,master,0x06000464,read,0x20004020,1,0x0
3058,782,master,0x06000464,read,0x20004020,1,0x0
3059,782,master,0x06000464,read,0x20004020,1,0x0
3060,782,master,0x06000464,read,0x20004020,1,0x0
3061,782,master,0x06000464,read,0x20004020,1,0x0
3062,782,master,0x06000464,read,0x20004020,1,0x0
3063,782,master,0x06000464,read,0x20004020,1,0x0
3064,782,master,0x06000464,read,0x20004020,1,0x0
3065,783,master,0x06000464,read,0x20004020,1,0x1
3066,783,master,0x0600046A,read,0x20004021,1,0x22
3067,784,master,0x06000464,read,0x20004020,1,0x0
3068,784,master,0x06000464,read,0x20004020,1,0x0
3069,784,master,0x06000464,read,0x20004020,1,0x0
3070,784,master,0x06000464,read,0x20004020,1,0x0
3071,784,master,0x06000464,read,0x20004020,1,0x0
3072,784,master,0x06000464,read,0x20004020,1,0x0
3073,784,master,0x06000464,read,0x20004020,1,0x0
3074,784,master,0x06000464,read,0x20004020,1,0x0
3075,784,master,0x06000464,read,0x20004020,1,0x0
3076,784,master,0x06000464,read,0x20004020,1,0x1
3077,784,master,0x0600046A,read,0x20004021,1,0x22
3078,784,master,0x06000464,read,0x20004020,1,0x0
3079,784,master,0x06000464,read,0x20004020,1,0x0
3080,784,master,0x06000464,read,0x20004020,1,0x0
3081,784,master,0x06000464,read,0x20004020,1,0x0
3082,784,master,0x06000464,read,0x20004020,1,0x0
3083,784,master,0x06000464,read,0x20004020,1,0x0
3084,784,master,0x06000464,read,0x20004020,1,0x0
3085,784,master,0x06000464,read,0x20004020,1,0x0
3086,784,master,0x06000464,read,0x20004020,1,0x0
3087,785,master,0x06000464,read,0x20004020,1,0x1
3088,785,master,0x0600046A,read,0x20004021,1,0x2B
3089,785,master,0x06000464,read,0x20004020,1,0x0
3090,785,master,0x06000464,read,0x20004020,1,0x0
3091,785,master,0x06000464,read,0x20004020,1,0x0
3092,785,master,0x06000464,read,0x20004020,1,0x0
3093,785,master,0x06000464,read,0x20004020,1,0x0
3094,785,master,0x06000464,read,0x20004020,1,0x0
3095,785,master,0x06000464,read,0x20004020,1,0x0
3096,785,master,0x06000464,read,0x20004020,1,0x0
3097,785,master,0x06000464,read,0x20004020,1,0x0
3098,785,master,0x06000464,read,0x20004020,1,0x0
3099,786,master,0x06000464,read,0x20004020,1,0x1
3100,786,master,0x0600046A,read,0x20004021,1,0x22
3101,787,master,0x06000464,read,0x20004020,1,0x0
3102,787,master,0x06000464,read,0x20004020,1,0x0
3103,787,master,0x06000464,read,0x20004020,1,0x0
3104,787,master,0x06000464,read,0x20004020,1,0x0
3105,787,master,0x06000464,read,0x20004020,1,0x0
3106,787,master,0x06000464,read,0x20004020,1,0x0
3107,787,master,0x06000464,read,0x20004020,1,0x0
3108,787,master,0x06000464,read,0x20004020,1,0x0
3109,787,master,0x06000464,read,0x20004020,1,0x0
3110,787,master,0x06000464,read,0x20004020,1,0x1
3111,787,master,0x0600046A,read,0x20004021,1,0x22
3112,787,master,0x06000464,read,0x20004020,1,0x0
3113,787,master,0x06000464,read,0x20004020,1,0x0
3114,787,master,0x06000464,read,0x20004020,1,0x0
3115,787,master,0x06000464,read,0x20004020,1,0x0
3116,787,master,0x06000464,read,0x20004020,1,0x0
3117,787,master,0x06000464,read,0x20004020,1,0x0
3118,787,master,0x06000464,read,0x20004020,1,0x0
3119,787,master,0x06000464,read,0x20004020,1,0x0
3120,787,master,0x06000464,read,0x20004020,1,0x0
3121,787,master,0x06000464,read,0x20004020,1,0x1
3122,787,master,0x0600046A,read,0x20004021,1,0x2B
3123,788,master,0x06000464,read,0x20004020,1,0x0
3124,788,master,0x06000464,read,0x20004020,1,0x0
3125,788,master,0x06000464,read,0x20004020,1,0x0
3126,788,master,0x06000464,read,0x20004020,1,0x0
3127,788,master,0x06000464,read,0x20004020,1,0x0
3128,788,master,0x06000464,read,0x20004020,1,0x0
3129,788,master,0x06000464,read,0x20004020,1,0x0
3130,788,master,0x06000464,read,0x20004020,1,0x0
3131,788,master,0x06000464,read,0x20004020,1,0x0
3132,788,master,0x06000464,read,0x20004020,1,0x0
3133,790,master,0x06000464,read,0x20004020,1,0x1
3134,790,master,0x0600046A,read,0x20004021,1,0x22
3135,790,master,0x06000464,read,0x20004020,1,0x0
3136,790,master,0x06000464,read,0x20004020,1,0x0
3137,790,master,0x06000464,read,0x20004020,1,0x0
3138,790,master,0x06000464,read,0x20004020,1,0x0
3139,790,master,0x06000464,read,0x20004020,1,0x0
3140,790,master,0x06000464,read,0x20004020,1,0x0
3141,790,master,0x06000464,read,0x20004020,1,0x0
3142,790,master,0x06000464,read,0x20004020,1,0x0
3143,790,master,0x06000464,read,0x20004020,1,0x0
3144,790,master,0x06000464,read,0x20004020,1,0x1
3145,790,master,0x0600046A,read,0x20004021,1,0x22
3146,790,master,0x06000464,read,0x20004020,1,0x0
3147,790,master,0x06000464,read,0x20004020,1,0x0
3148,790,master,0x06000464,read,0x20004020,1,0x0
3149,790,master,0x06000464,read,0x20004020,1,0x0
3150,790,master,0x06000464,read,0x20004020,1,0x0
3151,790,master,0x06000464,read,0x20004020,1,0x0
3152,790,master,0x06000464,read,0x20004020,1,0x0
3153,790,master,0x06000464,read,0x20004020,1,0x0
3154,790,master,0x06000464,read,0x20004020,1,0x0
3155,790,master,0x06000464,read,0x20004020,1,0x1
3156,790,master,0x0600046A,read,0x20004021,1,0x2B
3157,791,master,0x06000464,read,0x20004020,1,0x0
3158,791,master,0x06000464,read,0x20004020,1,0x0
3159,791,master,0x06000464,read,0x20004020,1,0x0
3160,791,master,0x06000464,read,0x20004020,1,0x0
3161,791,master,0x06000464,read,0x20004020,1,0x0
3162,791,master,0x06000464,read,0x20004020,1,0x0
3163,791,master,0x06000464,read,0x20004020,1,0x0
3164,791,master,0x06000464,read,0x20004020,1,0x0
3165,791,master,0x06000464,read,0x20004020,1,0x0
3166,791,master,0x06000464,read,0x20004020,1,0x0
3167,792,master,0x06000464,read,0x20004020,1,0x1
3168,792,master,0x0600046A,read,0x20004021,1,0x22
3169,793,master,0x06000464,read,0x20004020,1,0x0
3170,793,master,0x06000464,read,0x20004020,1,0x0
3171,793,master,0x06000464,read,0x20004020,1,0x0
3172,793,master,0x06000464,read,0x20004020,1,0x0
3173,793,master,0x06000464,read,0x20004020,1,0x0
3174,793,master,0x06000464,read,0x20004020,1,0x0
3175,793,master,0x06000464,read,0x20004020,1,0x0
3176,793,master,0x06000464,read,0x20004020,1,0x0
3177,793,master,0x06000464,read,0x20004020,1,0x0
3178,793,master,0x06000464,read,0x20004020,1,0x1
3179,793,master,0x0600046A,read,0x20004021,1,0x22
3180,793,master,0x06000464,read,0x20004020,1,0x0
3181,793,master,0x06000464,read,0x20004020,1,0x0
3182,793,master,0x06000464,read,0x20004020,1,0x0
3183,793,master,0x06000464,read,0x20004020,1,0x0
3184,793,master,0x06000464,read,0x20004020,1,0x0
3185,793,master,0x06000464,read,0x20004020,1,0x0
3186,793,master,0x06000464,read,0x20004020,1,0x0
3187,793,master,0x06000464,read,0x20004020,1,0x0
3188,793,master,0x06000464,read,0x20004020,1,0x0
3189,793,master,0x06000464,read,0x20004020,1,0x1
3190,793,master,0x0600046A,read,0x20004021,1,0x2B
3191,794,master,0x06000464,read,0x20004020,1,0x0
3192,794,master,0x06000464,read,0x20004020,1,0x0
3193,794,master,0x06000464,read,0x20004020,1,0x0
3194,794,master,0x06000464,read,0x20004020,1,0x0
3195,794,master,0x06000464,read,0x20004020,1,0x0
3196,794,master,0x06000464,read,0x20004020,1,0x0
3197,794,master,0x06000464,read,0x20004020,1,0x0
3198,794,master,0x06000464,read,0x20004020,1,0x0
3199,794,master,0x06000464,read,0x20004020,1,0x0
3200,794,master,0x06000464,read,0x20004020,1,0x0
3201,795,master,0x06000464,read,0x20004020,1,0x1
3202,795,master,0x0600046A,read,0x20004021,1,0x22
3203,796,master,0x06000464,read,0x20004020,1,0x0
3204,796,master,0x06000464,read,0x20004020,1,0x0
3205,796,master,0x06000464,read,0x20004020,1,0x0
3206,796,master,0x06000464,read,0x20004020,1,0x0
3207,796,master,0x06000464,read,0x20004020,1,0x0
3208,796,master,0x06000464,read,0x20004020,1,0x0
3209,796,master,0x06000464,read,0x20004020,1,0x0
3210,796,master,0x06000464,read,0x20004020,1,0x0
3211,796,master,0x06000464,read,0x20004020,1,0x0
3212,796,master,0x06000464,read,0x20004020,1,0x1
3213,796,master,0x0600046A,read,0x20004021,1,0x22
3214,796,master,0x06000464,read,0x20004020,1,0x0
3215,796,master,0x06000464,read,0x20004020,1,0x0
3216,796,master,0x06000464,read,0x20004020,1,0x0
3217,796,master,0x06000464,read,0x20004020,1,0x0
3218,796,master,0x06000464,read,0x20004020,1,0x0
3219,796,master,0x06000464,read,0x20004020,1,0x0
3220,796,master,0x06000464,read,0x20004020,1,0x0
3221,796,master,0x06000464,read,0x20004020,1,0x0
3222,796,master,0x06000464,read,0x20004020,1,0x0
3223,796,master,0x06000464,read,0x20004020,1,0x1
3224,796,master,0x0600046A,read,0x20004021,1,0x2B
3225,797,master,0x06000464,read,0x20004020,1,0x0
3226,797,master,0x06000464,read,0x20004020,1,0x0
3227,797,master,0x06000464,read,0x20004020,1,0x0
3228,797,master,0x06000464,read,0x20004020,1,0x0
3229,797,master,0x06000464,read,0x20004020,1,0x0
3230,797,master,0x06000464,read,0x20004020,1,0x0
3231,797,master,0x06000464,read,0x20004020,1,0x0
3232,797,master,0x06000464,read,0x20004020,1,0x0
3233,797,master,0x06000464,read,0x20004020,1,0x0
3234,797,master,0x06000464,read,0x20004020,1,0x0
3235,798,master,0x06000464,read,0x20004020,1,0x1
3236,798,master,0x0600046A,read,0x20004021,1,0x22
3237,799,master,0x06000464,read,0x20004020,1,0x0
3238,799,master,0x06000464,read,0x20004020,1,0x0
3239,799,master,0x06000464,read,0x20004020,1,0x0
3240,799,master,0x06000464,read,0x20004020,1,0x0
3241,799,master,0x06000464,read,0x20004020,1,0x0
3242,799,master,0x06000464,read,0x20004020,1,0x0
3243,799,master,0x06000464,read,0x20004020,1,0x0
3244,799,master,0x06000464,read,0x20004020,1,0x0
3245,799,master,0x06000464,read,0x20004020,1,0x0
3246,799,master,0x06000464,read,0x20004020,1,0x1
3247,799,master,0x0600046A,read,0x20004021,1,0x22
3248,799,master,0x06000464,read,0x20004020,1,0x0
3249,799,master,0x06000464,read,0x20004020,1,0x0
3250,799,master,0x06000464,read,0x20004020,1,0x0
3251,799,master,0x06000464,read,0x20004020,1,0x0
3252,799,master,0x06000464,read,0x20004020,1,0x0
3253,799,master,0x06000464,read,0x20004020,1,0x0
3254,799,master,0x06000464,read,0x20004020,1,0x0
3255,799,master,0x06000464,read,0x20004020,1,0x0
3256,799,master,0x06000464,read,0x20004020,1,0x0
3257,799,master,0x06000464,read,0x20004020,1,0x1
3258,799,master,0x0600046A,read,0x20004021,1,0x2B
3259,800,master,0x06000464,read,0x20004020,1,0x0
3260,800,master,0x06000464,read,0x20004020,1,0x0
3261,800,master,0x06000464,read,0x20004020,1,0x0
3262,800,master,0x06000464,read,0x20004020,1,0x0
3263,800,master,0x06000464,read,0x20004020,1,0x0
3264,800,master,0x06000464,read,0x20004020,1,0x0
3265,800,master,0x06000464,read,0x20004020,1,0x0
3266,800,master,0x06000464,read,0x20004020,1,0x0
3267,800,master,0x06000464,read,0x20004020,1,0x0
3268,800,master,0x06000464,read,0x20004020,1,0x0
3269,801,master,0x06000464,read,0x20004020,1,0x1
3270,801,master,0x0600046A,read,0x20004021,1,0x22
3271,802,master,0x06000464,read,0x20004020,1,0x0
3272,802,master,0x06000464,read,0x20004020,1,0x0
3273,802,master,0x06000464,read,0x20004020,1,0x0
3274,802,master,0x06000464,read,0x20004020,1,0x0
3275,802,master,0x06000464,read,0x20004020,1,0x0
3276,802,master,0x06000464,read,0x20004020,1,0x0
3277,802,master,0x06000464,read,0x20004020,1,0x0
3278,802,master,0x06000464,read,0x20004020,1,0x0
3279,802,master,0x06000464,read,0x20004020,1,0x0
3280,802,master,0x06000464,read,0x20004020,1,0x1
3281,802,master,0x0600046A,read,0x20004021,1,0x22
3282,802,master,0x06000464,read,0x20004020,1,0x0
3283,802,master,0x06000464,read,0x20004020,1,0x0
3284,802,master,0x06000464,read,0x20004020,1,0x0
3285,802,master,0x06000464,read,0x20004020,1,0x0
3286,802,master,0x06000464,read,0x20004020,1,0x0
3287,802,master,0x06000464,read,0x20004020,1,0x0
3288,802,master,0x06000464,read,0x20004020,1,0x0
3289,802,master,0x06000464,read,0x20004020,1,0x0
3290,802,master,0x06000464,read,0x20004020,1,0x0
3291,802,master,0x06000464,read,0x20004020,1,0x1
3292,802,master,0x0600046A,read,0x20004021,1,0x2B
3293,803,master,0x06000464,read,0x20004020,1,0x0
3294,803,master,0x06000464,read,0x20004020,1,0x0
3295,803,master,0x06000464,read,0x20004020,1,0x0
3296,803,master,0x06000464,read,0x20004020,1,0x0
3297,803,master,0x06000464,read,0x20004020,1,0x0
3298,803,master,0x06000464,read,0x20004020,1,0x0
3299,803,master,0x06000464,read,0x20004020,1,0x0
3300,803,master,0x06000464,read,0x20004020,1,0x0
3301,803,master,0x06000464,read,0x20004020,1,0x0
3302,803,master,0x06000464,read,0x20004020,1,0x0
3303,804,master,0x06000464,read,0x20004020,1,0x1
3304,804,master,0x0600046A,read,0x20004021,1,0x22
3305,805,master,0x06000464,read,0x20004020,1,0x0
3306,805,master,0x06000464,read,0x20004020,1,0x0
3307,805,master,0x06000464,read,0x20004020,1,0x0
3308,805,master,0x06000464,read,0x20004020,1,0x0
3309,805,master,0x06000464,read,0x20004020,1,0x0
3310,805,master,0x06000464,read,0x20004020,1,0x0
3311,805,master,0x06000464,read,0x20004020,1,0x0
3312,805,master,0x06000464,read,0x20004020,1,0x0
3313,805,master,0x06000464,read,0x20004020,1,0x0
3314,805,master,0x06000464,read,0x20004020,1,0x1
3315,805,master,0x0600046A,read,0x20004021,1,0x22
3316,805,master,0x06000464,read,0x20004020,1,0x0
3317,805,master,0x06000464,read,0x20004020,1,0x0
3318,805,master,0x06000464,read,0x20004020,1,0x0
3319,805,master,0x06000464,read,0x20004020,1,0x0
3320,805,master,0x06000464,read,0x20004020,1,0x0
3321,805,master,0x06000464,read,0x20004020,1,0x0
3322,805,master,0x06000464,read,0x20004020,1,0x0
3323,805,master,0x06000464,read,0x20004020,1,0x0
3324,805,master,0x06000464,read,0x20004020,1,0x0
3325,805,master,0x06000464,read,0x20004020,1,0x1
3326,805,master,0x0600046A,read,0x20004021,1,0x2B
3327,806,master,0x06000464,read,0x20004020,1,0x0
3328,806,master,0x06000464,read,0x20004020,1,0x0
3329,806,master,0x06000464,read,0x20004020,1,0x0
3330,806,master,0x06000464,read,0x20004020,1,0x0
3331,806,master,0x06000464,read,0x20004020,1,0x0
3332,806,master,0x06000464,read,0x20004020,1,0x0
3333,806,master,0x06000464,read,0x20004020,1,0x0
3334,806,master,0x06000464,read,0x20004020,1,0x0
3335,806,master,0x06000464,read,0x20004020,1,0x0
3336,806,master,0x06000464,read,0x20004020,1,0x0
3337,807,master,0x06000464,read,0x20004020,1,0x1
3338,807,master,0x0600046A,read,0x20004021,1,0x22
3339,808,master,0x06000464,read,0x20004020,1,0x0
3340,808,master,0x06000464,read,0x20004020,1,0x0
3341,808,master,0x06000464,read,0x20004020,1,0x0
3342,808,master,0x06000464,read,0x20004020,1,0x0
3343,808,master,0x06000464,read,0x20004020,1,0x0
3344,808,master,0x06000464,read,0x20004020,1,0x0
3345,808,master,0x06000464,read,0x20004020,1,0x0
3346,808,master,0x06000464,read,0x20004020,1,0x0
3347,808,master,0x06000464,read,0x20004020,1,0x0
3348,808,master,0x06000464,read,0x20004020,1,0x1
3349,808,master,0x0600046A,read,0x20004021,1,0x22
3350,808,master,0x06000464,read,0x20004020,1,0x0
3351,808,master,0x06000464,read,0x20004020,1,0x0
3352,808,master,0x06000464,read,0x20004020,1,0x0
3353,808,master,0x06000464,read,0x20004020,1,0x0
3354,808,master,0x06000464,read,0x20004020,1,0x0
3355,808,master,0x06000464,read,0x20004020,1,0x0
3356,808,master,0x06000464,read,0x20004020,1,0x0
3357,808,master,0x06000464,read,0x20004020,1,0x0
3358,808,master,0x06000464,read,0x20004020,1,0x0
3359,808,master,0x06000464,read,0x20004020,1,0x1
3360,808,master,0x0600046A,read,0x20004021,1,0x2B
3361,809,master,0x06000464,read,0x20004020,1,0x0
3362,809,master,0x06000464,read,0x20004020,1,0x0
3363,809,master,0x06000464,read,0x20004020,1,0x0
3364,809,master,0x06000464,read,0x20004020,1,0x0
3365,809,master,0x06000464,read,0x20004020,1,0x0
3366,809,master,0x06000464,read,0x20004020,1,0x0
3367,809,master,0x06000464,read,0x20004020,1,0x0
3368,809,master,0x06000464,read,0x20004020,1,0x0
3369,809,master,0x06000464,read,0x20004020,1,0x0
3370,809,master,0x06000464,read,0x20004020,1,0x0
3371,810,master,0x06000464,read,0x20004020,1,0x1
3372,810,master,0x0600046A,read,0x20004021,1,0x22
3373,811,master,0x06000464,read,0x20004020,1,0x0
3374,811,master,0x06000464,read,0x20004020,1,0x0
3375,811,master,0x06000464,read,0x20004020,1,0x0
3376,811,master,0x06000464,read,0x20004020,1,0x0
3377,811,master,0x06000464,read,0x20004020,1,0x0
3378,811,master,0x06000464,read,0x20004020,1,0x0
3379,811,master,0x06000464,read,0x20004020,1,0x0
3380,811,master,0x06000464,read,0x20004020,1,0x0
3381,811,master,0x06000464,read,0x20004020,1,0x0
3382,811,master,0x06000464,read,0x20004020,1,0x1
3383,811,master,0x0600046A,read,0x20004021,1,0x22
3384,811,master,0x06000464,read,0x20004020,1,0x0
3385,811,master,0x06000464,read,0x20004020,1,0x0
3386,811,master,0x06000464,read,0x20004020,1,0x0
3387,811,master,0x06000464,read,0x20004020,1,0x0
3388,811,master,0x06000464,read,0x20004020,1,0x0
3389,811,master,0x06000464,read,0x20004020,1,0x0
3390,811,master,0x06000464,read,0x20004020,1,0x0
3391,811,master,0x06000464,read,0x20004020,1,0x0
3392,811,master,0x06000464,read,0x20004020,1,0x0
3393,811,master,0x06000464,read,0x20004020,1,0x1
3394,811,master,0x0600046A,read,0x20004021,1,0x2B
3395,812,master,0x06000464,read,0x20004020,1,0x0
3396,812,master,0x06000464,read,0x20004020,1,0x0
3397,812,master,0x06000464,read,0x20004020,1,0x0
3398,812,master,0x06000464,read,0x20004020,1,0x0
3399,812,master,0x06000464,read,0x20004020,1,0x0
3400,812,master,0x06000464,read,0x20004020,1,0x0
3401,812,master,0x06000464,read,0x20004020,1,0x0
3402,812,master,0x06000464,read,0x20004020,1,0x0
3403,812,master,0x06000464,read,0x20004020,1,0x0
3404,812,master,0x06000464,read,0x20004020,1,0x0
3405,813,master,0x06000464,read,0x20004020,1,0x1
3406,813,master,0x0600046A,read,0x20004021,1,0x22
3407,814,master,0x06000464,read,0x20004020,1,0x0
3408,814,master,0x06000464,read,0x20004020,1,0x0
3409,814,master,0x06000464,read,0x20004020,1,0x0
3410,814,master,0x06000464,read,0x20004020,1,0x0
3411,814,master,0x06000464,read,0x20004020,1,0x0
3412,814,master,0x06000464,read,0x20004020,1,0x0
3413,814,master,0x06000464,read,0x20004020,1,0x0
3414,814,master,0x06000464,read,0x20004020,1,0x0
3415,814,master,0x06000464,read,0x20004020,1,0x0
3416,814,master,0x06000464,read,0x20004020,1,0x1
3417,814,master,0x0600046A,read,0x20004021,1,0x22
3418,814,master,0x06000464,read,0x20004020,1,0x0
3419,814,master,0x06000464,read,0x20004020,1,0x0
3420,814,master,0x06000464,read,0x20004020,1,0x0
3421,814,master,0x06000464,read,0x20004020,1,0x0
3422,814,master,0x06000464,read,0x20004020,1,0x0
3423,814,master,0x06000464,read,0x20004020,1,0x0
3424,814,master,0x06000464,read,0x20004020,1,0x0
3425,814,master,0x06000464,read,0x20004020,1,0x0
3426,814,master,0x06000464,read,0x20004020,1,0x0
3427,815,master,0x06000464,read,0x20004020,1,0x1
3428,815,master,0x0600046A,read,0x20004021,1,0x2B
3429,815,master,0x06000464,read,0x20004020,1,0x0
3430,815,master,0x06000464,read,0x20004020,1,0x0
3431,815,master,0x06000464,read,0x20004020,1,0x0
3432,815,master,0x06000464,read,0x20004020,1,0x0
3433,815,master,0x06000464,read,0x20004020,1,0x0
3434,815,master,0x06000464,read,0x20004020,1,0x0
3435,815,master,0x06000464,read,0x20004020,1,0x0
3436,815,master,0x06000464,read,0x20004020,1,0x0
3437,815,master,0x06000464,read,0x20004020,1,0x0
3438,815,master,0x06000464,read,0x20004020,1,0x0
3439,816,master,0x06000464,read,0x20004020,1,0x1
3440,816,master,0x0600046A,read,0x20004021,1,0x22
3441,817,master,0x06000464,read,0x20004020,1,0x0
3442,817,master,0x06000464,read,0x20004020,1,0x0
3443,817,master,0x06000464,read,0x20004020,1,0x0
3444,817,master,0x06000464,read,0x20004020,1,0x0
3445,817,master,0x06000464,read,0x20004020,1,0x0
3446,817,master,0x06000464,read,0x20004020,1,0x0
3447,817,master,0x06000464,read,0x20004020,1,0x0
3448,817,master,0x06000464,read,0x20004020,1,0x0
3449,817,master,0x06000464,read,0x20004020,1,0x0
3450,817,master,0x06000464,read,0x20004020,1,0x1
3451,817,master,0x0600046A,read,0x20004021,1,0x22
3452,817,master,0x06000464,read,0x20004020,1,0x0
3453,817,master,0x06000464,read,0x20004020,1,0x0
3454,817,master,0x06000464,read,0x20004020,1,0x0
3455,817,master,0x06000464,read,0x20004020,1,0x0
3456,817,master,0x06000464,read,0x20004020,1,0x0
3457,817,master,0x06000464,read,0x20004020,1,0x0
3458,817,master,0x06000464,read,0x20004020,1,0x0
3459,817,master,0x06000464,read,0x20004020,1,0x0
3460,817,master,0x06000464,read,0x20004020,1,0x0
3461,817,master,0x06000464,read,0x20004020,1,0x1
3462,817,master,0x0600046A,read,0x20004021,1,0x2B
3463,818,master,0x06000464,read,0x20004020,1,0x0
3464,818,master,0x06000464,read,0x20004020,1,0x0
3465,818,master,0x06000464,read,0x20004020,1,0x0
3466,818,master,0x06000464,read,0x20004020,1,0x0
3467,818,master,0x06000464,read,0x20004020,1,0x0
3468,818,master,0x06000464,read,0x20004020,1,0x0
3469,818,master,0x06000464,read,0x20004020,1,0x0
3470,818,master,0x06000464,read,0x20004020,1,0x0
3471,818,master,0x06000464,read,0x20004020,1,0x0
3472,818,master,0x06000464,read,0x20004020,1,0x0
3473,819,master,0x06000464,read,0x20004020,1,0x1
3474,819,master,0x0600046A,read,0x20004021,1,0x22
3475,820,master,0x06000464,read,0x20004020,1,0x0
3476,820,master,0x06000464,read,0x20004020,1,0x0
3477,820,master,0x06000464,read,0x20004020,1,0x0
3478,820,master,0x06000464,read,0x20004020,1,0x0
3479,820,master,0x06000464,read,0x20004020,1,0x0
3480,820,master,0x06000464,read,0x20004020,1,0x0
3481,820,master,0x06000464,read,0x20004020,1,0x0
3482,820,master,0x06000464,read,0x20004020,1,0x0
3483,820,master,0x06000464,read,0x20004020,1,0x0
3484,820,master,0x06000464,read,0x20004020,1,0x1
3485,820,master,0x0600046A,read,0x20004021,1,0x22
3486,820,master,0x06000464,read,0x20004020,1,0x0
3487,820,master,0x06000464,read,0x20004020,1,0x0
3488,820,master,0x06000464,read,0x20004020,1,0x0
3489,820,master,0x06000464,read,0x20004020,1,0x0
3490,820,master,0x06000464,read,0x20004020,1,0x0
3491,820,master,0x06000464,read,0x20004020,1,0x0
3492,820,master,0x06000464,read,0x20004020,1,0x0
3493,820,master,0x06000464,read,0x20004020,1,0x0
3494,820,master,0x06000464,read,0x20004020,1,0x0
3495,820,master,0x06000464,read,0x20004020,1,0x1
3496,820,master,0x0600046A,read,0x20004021,1,0x2B
3497,821,master,0x06000464,read,0x20004020,1,0x0
3498,821,master,0x06000464,read,0x20004020,1,0x0
3499,821,master,0x06000464,read,0x20004020,1,0x0
3500,821,master,0x06000464,read,0x20004020,1,0x0
3501,821,master,0x06000464,read,0x20004020,1,0x0
3502,821,master,0x06000464,read,0x20004020,1,0x0
3503,821,master,0x06000464,read,0x20004020,1,0x0
3504,821,master,0x06000464,read,0x20004020,1,0x0
3505,821,master,0x06000464,read,0x20004020,1,0x0
3506,821,master,0x06000464,read,0x20004020,1,0x0
3507,822,master,0x06000464,read,0x20004020,1,0x1
3508,822,master,0x0600046A,read,0x20004021,1,0x22
3509,823,master,0x06000464,read,0x20004020,1,0x0
3510,823,master,0x06000464,read,0x20004020,1,0x0
3511,823,master,0x06000464,read,0x20004020,1,0x0
3512,823,master,0x06000464,read,0x20004020,1,0x0
3513,823,master,0x06000464,read,0x20004020,1,0x0
3514,823,master,0x06000464,read,0x20004020,1,0x0
3515,823,master,0x06000464,read,0x20004020,1,0x0
3516,823,master,0x06000464,read,0x20004020,1,0x0
3517,823,master,0x06000464,read,0x20004020,1,0x0
3518,823,master,0x06000464,read,0x20004020,1,0x1
3519,823,master,0x0600046A,read,0x20004021,1,0x22
3520,823,master,0x06000464,read,0x20004020,1,0x0
3521,823,master,0x06000464,read,0x20004020,1,0x0
3522,823,master,0x06000464,read,0x20004020,1,0x0
3523,823,master,0x06000464,read,0x20004020,1,0x0
3524,823,master,0x06000464,read,0x20004020,1,0x0
3525,823,master,0x06000464,read,0x20004020,1,0x0
3526,823,master,0x06000464,read,0x20004020,1,0x0
3527,823,master,0x06000464,read,0x20004020,1,0x0
3528,823,master,0x06000464,read,0x20004020,1,0x0
3529,823,master,0x06000464,read,0x20004020,1,0x1
3530,823,master,0x0600046A,read,0x20004021,1,0x2B
3531,824,master,0x06000464,read,0x20004020,1,0x0
3532,824,master,0x06000464,read,0x20004020,1,0x0
3533,824,master,0x06000464,read,0x20004020,1,0x0
3534,824,master,0x06000464,read,0x20004020,1,0x0
3535,824,master,0x06000464,read,0x20004020,1,0x0
3536,824,master,0x06000464,read,0x20004020,1,0x0
3537,824,master,0x06000464,read,0x20004020,1,0x0
3538,824,master,0x06000464,read,0x20004020,1,0x0
3539,824,master,0x06000464,read,0x20004020,1,0x0
3540,824,master,0x06000464,read,0x20004020,1,0x0
3541,825,master,0x06000464,read,0x20004020,1,0x1
3542,825,master,0x0600046A,read,0x20004021,1,0x22
3543,826,master,0x06000464,read,0x20004020,1,0x0
3544,826,master,0x06000464,read,0x20004020,1,0x0
3545,826,master,0x06000464,read,0x20004020,1,0x0
3546,826,master,0x06000464,read,0x20004020,1,0x0
3547,826,master,0x06000464,read,0x20004020,1,0x0
3548,826,master,0x06000464,read,0x20004020,1,0x0
3549,826,master,0x06000464,read,0x20004020,1,0x0
3550,826,master,0x06000464,read,0x20004020,1,0x0
3551,826,master,0x06000464,read,0x20004020,1,0x0
3552,826,master,0x06000464,read,0x20004020,1,0x1
3553,826,master,0x0600046A,read,0x20004021,1,0x22
3554,826,master,0x06000464,read,0x20004020,1,0x0
3555,826,master,0x06000464,read,0x20004020,1,0x0
3556,826,master,0x06000464,read,0x20004020,1,0x0
3557,826,master,0x06000464,read,0x20004020,1,0x0
3558,826,master,0x06000464,read,0x20004020,1,0x0
3559,826,master,0x06000464,read,0x20004020,1,0x0
3560,826,master,0x06000464,read,0x20004020,1,0x0
3561,826,master,0x06000464,read,0x20004020,1,0x0
3562,826,master,0x06000464,read,0x20004020,1,0x0
3563,826,master,0x06000464,read,0x20004020,1,0x1
3564,826,master,0x0600046A,read,0x20004021,1,0x2B
3565,827,master,0x06000464,read,0x20004020,1,0x0
3566,827,master,0x06000464,read,0x20004020,1,0x0
3567,827,master,0x06000464,read,0x20004020,1,0x0
3568,827,master,0x06000464,read,0x20004020,1,0x0
3569,827,master,0x06000464,read,0x20004020,1,0x0
3570,827,master,0x06000464,read,0x20004020,1,0x0
3571,827,master,0x06000464,read,0x20004020,1,0x0
3572,827,master,0x06000464,read,0x20004020,1,0x0
3573,827,master,0x06000464,read,0x20004020,1,0x0
3574,827,master,0x06000464,read,0x20004020,1,0x0
3575,828,master,0x06000464,read,0x20004020,1,0x1
3576,828,master,0x0600046A,read,0x20004021,1,0x22
3577,829,master,0x06000464,read,0x20004020,1,0x0
3578,829,master,0x06000464,read,0x20004020,1,0x0
3579,829,master,0x06000464,read,0x20004020,1,0x0
3580,829,master,0x06000464,read,0x20004020,1,0x0
3581,829,master,0x06000464,read,0x20004020,1,0x0
3582,829,master,0x06000464,read,0x20004020,1,0x0
3583,829,master,0x06000464,read,0x20004020,1,0x0
3584,829,master,0x06000464,read,0x20004020,1,0x0
3585,829,master,0x06000464,read,0x20004020,1,0x0
3586,829,master,0x06000464,read,0x20004020,1,0x1
3587,829,master,0x0600046A,read,0x20004021,1,0x22
3588,829,master,0x06000464,read,0x20004020,1,0x0
3589,829,master,0x06000464,read,0x20004020,1,0x0
3590,829,master,0x06000464,read,0x20004020,1,0x0
3591,829,master,0x06000464,read,0x20004020,1,0x0
3592,829,master,0x06000464,read,0x20004020,1,0x0
3593,829,master,0x06000464,read,0x20004020,1,0x0
3594,829,master,0x06000464,read,0x20004020,1,0x0
3595,829,master,0x06000464,read,0x20004020,1,0x0
3596,829,master,0x06000464,read,0x20004020,1,0x0
3597,829,master,0x06000464,read,0x20004020,1,0x1
3598,829,master,0x0600046A,read,0x20004021,1,0x2B
3599,830,master,0x06000464,read,0x20004020,1,0x0
3600,830,master,0x06000464,read,0x20004020,1,0x0
3601,830,master,0x06000464,read,0x20004020,1,0x0
3602,830,master,0x06000464,read,0x20004020,1,0x0
3603,830,master,0x06000464,read,0x20004020,1,0x0
3604,830,master,0x06000464,read,0x20004020,1,0x0
3605,830,master,0x06000464,read,0x20004020,1,0x0
3606,830,master,0x06000464,read,0x20004020,1,0x0
3607,830,master,0x06000464,read,0x20004020,1,0x0
3608,830,master,0x06000464,read,0x20004020,1,0x0
3609,831,master,0x06000464,read,0x20004020,1,0x1
3610,831,master,0x0600046A,read,0x20004021,1,0x22
3611,832,master,0x06000464,read,0x20004020,1,0x0
3612,832,master,0x06000464,read,0x20004020,1,0x0
3613,832,master,0x06000464,read,0x20004020,1,0x0
3614,832,master,0x06000464,read,0x20004020,1,0x0
3615,832,master,0x06000464,read,0x20004020,1,0x0
3616,832,master,0x06000464,read,0x20004020,1,0x0
3617,832,master,0x06000464,read,0x20004020,1,0x0
3618,832,master,0x06000464,read,0x20004020,1,0x0
3619,832,master,0x06000464,read,0x20004020,1,0x0
3620,832,master,0x06000464,read,0x20004020,1,0x1
3621,832,master,0x0600046A,read,0x20004021,1,0x22
3622,832,master,0x06000464,read,0x20004020,1,0x0
3623,832,master,0x06000464,read,0x20004020,1,0x0
3624,832,master,0x06000464,read,0x20004020,1,0x0
3625,832,master,0x06000464,read,0x20004020,1,0x0
3626,832,master,0x06000464,read,0x20004020,1,0x0
3627,832,master,0x06000464,read,0x20004020,1,0x0
3628,832,master,0x06000464,read,0x20004020,1,0x0
3629,832,master,0x06000464,read,0x20004020,1,0x0
3630,832,master,0x06000464,read,0x20004020,1,0x0
3631,832,master,0x06000464,read,0x20004020,1,0x1
3632,832,master,0x0600046A,read,0x20004021,1,0x2B
3633,833,master,0x06000464,read,0x20004020,1,0x0
3634,833,master,0x06000464,read,0x20004020,1,0x0
3635,833,master,0x06000464,read,0x20004020,1,0x0
3636,833,master,0x06000464,read,0x20004020,1,0x0
3637,833,master,0x06000464,read,0x20004020,1,0x0
3638,833,master,0x06000464,read,0x20004020,1,0x0
3639,833,master,0x06000464,read,0x20004020,1,0x0
3640,833,master,0x06000464,read,0x20004020,1,0x0
3641,833,master,0x06000464,read,0x20004020,1,0x0
3642,833,master,0x06000464,read,0x20004020,1,0x0
3643,835,master,0x06000464,read,0x20004020,1,0x1
3644,835,master,0x0600046A,read,0x20004021,1,0x22
3645,835,master,0x06000464,read,0x20004020,1,0x0
3646,835,master,0x06000464,read,0x20004020,1,0x0
3647,835,master,0x06000464,read,0x20004020,1,0x0
3648,835,master,0x06000464,read,0x20004020,1,0x0
3649,835,master,0x06000464,read,0x20004020,1,0x0
3650,835,master,0x06000464,read,0x20004020,1,0x0
3651,835,master,0x06000464,read,0x20004020,1,0x0
3652,835,master,0x06000464,read,0x20004020,1,0x0
3653,835,master,0x06000464,read,0x20004020,1,0x0
3654,835,master,0x06000464,read,0x20004020,1,0x1
3655,835,master,0x0600046A,read,0x20004021,1,0x22
3656,835,master,0x06000464,read,0x20004020,1,0x0
3657,835,master,0x06000464,read,0x20004020,1,0x0
3658,835,master,0x06000464,read,0x20004020,1,0x0
3659,835,master,0x06000464,read,0x20004020,1,0x0
3660,835,master,0x06000464,read,0x20004020,1,0x0
3661,835,master,0x06000464,read,0x20004020,1,0x0
3662,835,master,0x06000464,read,0x20004020,1,0x0
3663,835,master,0x06000464,read,0x20004020,1,0x0
3664,835,master,0x06000464,read,0x20004020,1,0x0
3665,835,master,0x06000464,read,0x20004020,1,0x1
3666,835,master,0x0600046A,read,0x20004021,1,0x2B
3667,836,master,0x06000464,read,0x20004020,1,0x0
3668,836,master,0x06000464,read,0x20004020,1,0x0
3669,836,master,0x06000464,read,0x20004020,1,0x0
3670,836,master,0x06000464,read,0x20004020,1,0x0
3671,836,master,0x06000464,read,0x20004020,1,0x0
3672,836,master,0x06000464,read,0x20004020,1,0x0
3673,836,master,0x06000464,read,0x20004020,1,0x0
3674,836,master,0x06000464,read,0x20004020,1,0x0
3675,836,master,0x06000464,read,0x20004020,1,0x0
3676,836,master,0x06000464,read,0x20004020,1,0x0
3677,837,master,0x06000464,read,0x20004020,1,0x1
3678,837,master,0x0600046A,read,0x20004021,1,0x22
3679,838,master,0x06000464,read,0x20004020,1,0x0
3680,838,master,0x06000464,read,0x20004020,1,0x0
3681,838,master,0x06000464,read,0x20004020,1,0x0
3682,838,master,0x06000464,read,0x20004020,1,0x0
3683,838,master,0x06000464,read,0x20004020,1,0x0
3684,838,master,0x06000464,read,0x20004020,1,0x0
3685,838,master,0x06000464,read,0x20004020,1,0x0
3686,838,master,0x06000464,read,0x20004020,1,0x0
3687,838,master,0x06000464,read,0x20004020,1,0x0
3688,838,master,0x06000464,read,0x20004020,1,0x1
3689,838,master,0x0600046A,read,0x20004021,1,0x22
3690,838,master,0x06000464,read,0x20004020,1,0x0
3691,838,master,0x06000464,read,0x20004020,1,0x0
3692,838,master,0x06000464,read,0x20004020,1,0x0
3693,838,master,0x06000464,read,0x20004020,1,0x0
3694,838,master,0x06000464,read,0x20004020,1,0x0
3695,838,master,0x06000464,read,0x20004020,1,0x0
3696,838,master,0x06000464,read,0x20004020,1,0x0
3697,838,master,0x06000464,read,0x20004020,1,0x0
3698,838,master,0x06000464,read,0x20004020,1,0x0
3699,838,master,0x06000464,read,0x20004020,1,0x1
3700,838,master,0x0600046A,read,0x20004021,1,0x2B
3701,839,master,0x06000464,read,0x20004020,1,0x0
3702,839,master,0x06000464,read,0x20004020,1,0x0
3703,839,master,0x06000464,read,0x20004020,1,0x0
3704,839,master,0x06000464,read,0x20004020,1,0x0
3705,839,master,0x06000464,read,0x20004020,1,0x0
3706,839,master,0x06000464,read,0x20004020,1,0x0
3707,839,master,0x06000464,read,0x20004020,1,0x0
3708,839,master,0x06000464,read,0x20004020,1,0x0
3709,839,master,0x06000464,read,0x20004020,1,0x0
3710,839,master,0x06000464,read,0x20004020,1,0x0
3711,840,master,0x06000464,read,0x20004020,1,0x1
3712,840,master,0x0600046A,read,0x20004021,1,0x22
3713,841,master,0x06000464,read,0x20004020,1,0x0
3714,841,master,0x06000464,read,0x20004020,1,0x0
3715,841,master,0x06000464,read,0x20004020,1,0x0
3716,841,master,0x06000464,read,0x20004020,1,0x0
3717,841,master,0x06000464,read,0x20004020,1,0x0
3718,841,master,0x06000464,read,0x20004020,1,0x0
3719,841,master,0x06000464,read,0x20004020,1,0x0
3720,841,master,0x06000464,read,0x20004020,1,0x0
3721,841,master,0x06000464,read,0x20004020,1,0x0
3722,841,master,0x06000464,read,0x20004020,1,0x1
3723,841,master,0x0600046A,read,0x20004021,1,0x22
3724,841,master,0x06000464,read,0x20004020,1,0x0
3725,841,master,0x06000464,read,0x20004020,1,0x0
3726,841,master,0x06000464,read,0x20004020,1,0x0
3727,841,master,0x06000464,read,0x20004020,1,0x0
3728,841,master,0x06000464,read,0x20004020,1,0x0
3729,841,master,0x06000464,read,0x20004020,1,0x0
3730,841,master,0x06000464,read,0x20004020,1,0x0
3731,841,master,0x06000464,read,0x20004020,1,0x0
3732,841,master,0x06000464,read,0x20004020,1,0x0
3733,842,master,0x06000464,read,0x20004020,1,0x1
3734,842,master,0x0600046A,read,0x20004021,1,0x2B
3735,842,master,0x06000464,read,0x20004020,1,0x0
3736,842,master,0x06000464,read,0x20004020,1,0x0
3737,842,master,0x06000464,read,0x20004020,1,0x0
3738,842,master,0x06000464,read,0x20004020,1,0x0
3739,842,master,0x06000464,read,0x20004020,1,0x0
3740,842,master,0x06000464,read,0x20004020,1,0x0
3741,842,master,0x06000464,read,0x20004020,1,0x0
3742,842,master,0x06000464,read,0x20004020,1,0x0
3743,842,master,0x06000464,read,0x20004020,1,0x0
3744,842,master,0x06000464,read,0x20004020,1,0x0
3745,843,master,0x06000464,read,0x20004020,1,0x1
3746,843,master,0x0600046A,read,0x20004021,1,0x22
3747,844,master,0x06000464,read,0x20004020,1,0x0
3748,844,master,0x06000464,read,0x20004020,1,0x0
3749,844,master,0x06000464,read,0x20004020,1,0x0
3750,844,master,0x06000464,read,0x20004020,1,0x0
3751,844,master,0x06000464,read,0x20004020,1,0x0
3752,844,master,0x06000464,read,0x20004020,1,0x0
3753,844,master,0x06000464,read,0x20004020,1,0x0
3754,844,master,0x06000464,read,0x20004020,1,0x0
3755,844,master,0x06000464,read,0x20004020,1,0x0
3756,844,master,0x06000464,read,0x20004020,1,0x1
3757,844,master,0x0600046A,read,0x20004021,1,0x22
3758,844,master,0x06000464,read,0x20004020,1,0x0
3759,844,master,0x06000464,read,0x20004020,1,0x0
3760,844,master,0x06000464,read,0x20004020,1,0x0
3761,844,master,0x06000464,read,0x20004020,1,0x0
3762,844,master,0x06000464,read,0x20004020,1,0x0
3763,844,master,0x06000464,read,0x20004020,1,0x0
3764,844,master,0x06000464,read,0x20004020,1,0x0
3765,844,master,0x06000464,read,0x20004020,1,0x0
3766,844,master,0x06000464,read,0x20004020,1,0x0
3767,845,master,0x06000464,read,0x20004020,1,0x1
3768,845,master,0x0600046A,read,0x20004021,1,0x2B
3769,845,master,0x06000464,read,0x20004020,1,0x0
3770,845,master,0x06000464,read,0x20004020,1,0x0
3771,845,master,0x06000464,read,0x20004020,1,0x0
3772,845,master,0x06000464,read,0x20004020,1,0x0
3773,845,master,0x06000464,read,0x20004020,1,0x0
3774,845,master,0x06000464,read,0x20004020,1,0x0
3775,845,master,0x06000464,read,0x20004020,1,0x0
3776,845,master,0x06000464,read,0x20004020,1,0x0
3777,845,master,0x06000464,read,0x20004020,1,0x0
3778,845,master,0x06000464,read,0x20004020,1,0x0
3779,846,master,0x06000464,read,0x20004020,1,0x1
3780,846,master,0x0600046A,read,0x20004021,1,0x22
3781,847,master,0x06000464,read,0x20004020,1,0x0
3782,847,master,0x06000464,read,0x20004020,1,0x0
3783,847,master,0x06000464,read,0x20004020,1,0x0
3784,847,master,0x06000464,read,0x20004020,1,0x0
3785,847,master,0x06000464,read,0x20004020,1,0x0
3786,847,master,0x06000464,read,0x20004020,1,0x0
3787,847,master,0x06000464,read,0x20004020,1,0x0
3788,847,master,0x06000464,read,0x20004020,1,0x0
3789,847,master,0x06000464,read,0x20004020,1,0x0
3790,847,master,0x06000464,read,0x20004020,1,0x1
3791,847,master,0x0600046A,read,0x20004021,1,0x22
3792,847,master,0x06000464,read,0x20004020,1,0x0
3793,847,master,0x06000464,read,0x20004020,1,0x0
3794,847,master,0x06000464,read,0x20004020,1,0x0
3795,847,master,0x06000464,read,0x20004020,1,0x0
3796,847,master,0x06000464,read,0x20004020,1,0x0
3797,847,master,0x06000464,read,0x20004020,1,0x0
3798,847,master,0x06000464,read,0x20004020,1,0x0
3799,847,master,0x06000464,read,0x20004020,1,0x0
3800,847,master,0x06000464,read,0x20004020,1,0x0
3801,847,master,0x06000464,read,0x20004020,1,0x1
3802,847,master,0x0600046A,read,0x20004021,1,0x2B
3803,848,master,0x06000464,read,0x20004020,1,0x0
3804,848,master,0x06000464,read,0x20004020,1,0x0
3805,848,master,0x06000464,read,0x20004020,1,0x0
3806,848,master,0x06000464,read,0x20004020,1,0x0
3807,848,master,0x06000464,read,0x20004020,1,0x0
3808,848,master,0x06000464,read,0x20004020,1,0x0
3809,848,master,0x06000464,read,0x20004020,1,0x0
3810,848,master,0x06000464,read,0x20004020,1,0x0
3811,848,master,0x06000464,read,0x20004020,1,0x0
3812,848,master,0x06000464,read,0x20004020,1,0x0
3813,849,master,0x06000464,read,0x20004020,1,0x1
3814,849,master,0x0600046A,read,0x20004021,1,0x22
3815,850,master,0x06000464,read,0x20004020,1,0x0
3816,850,master,0x06000464,read,0x20004020,1,0x0
3817,850,master,0x06000464,read,0x20004020,1,0x0
3818,850,master,0x06000464,read,0x20004020,1,0x0
3819,850,master,0x06000464,read,0x20004020,1,0x0
3820,850,master,0x06000464,read,0x20004020,1,0x0
3821,850,master,0x06000464,read,0x20004020,1,0x0
3822,850,master,0x06000464,read,0x20004020,1,0x0
3823,850,master,0x06000464,read,0x20004020,1,0x0
3824,850,master,0x06000464,read,0x20004020,1,0x1
3825,850,master,0x0600046A,read,0x20004021,1,0x22
3826,850,master,0x06000464,read,0x20004020,1,0x0
3827,850,master,0x06000464,read,0x20004020,1,0x0
3828,850,master,0x06000464,read,0x20004020,1,0x0
3829,850,master,0x06000464,read,0x20004020,1,0x0
3830,850,master,0x06000464,read,0x20004020,1,0x0
3831,850,master,0x06000464,read,0x20004020,1,0x0
3832,850,master,0x06000464,read,0x20004020,1,0x0
3833,850,master,0x06000464,read,0x20004020,1,0x0
3834,850,master,0x06000464,read,0x20004020,1,0x0
3835,850,master,0x06000464,read,0x20004020,1,0x1
3836,850,master,0x0600046A,read,0x20004021,1,0x2B
3837,851,master,0x06000464,read,0x20004020,1,0x0
3838,851,master,0x06000464,read,0x20004020,1,0x0
3839,851,master,0x06000464,read,0x20004020,1,0x0
3840,851,master,0x06000464,read,0x20004020,1,0x0
3841,851,master,0x06000464,read,0x20004020,1,0x0
3842,851,master,0x06000464,read,0x20004020,1,0x0
3843,851,master,0x06000464,read,0x20004020,1,0x0
3844,851,master,0x06000464,read,0x20004020,1,0x0
3845,851,master,0x06000464,read,0x20004020,1,0x0
3846,851,master,0x06000464,read,0x20004020,1,0x0
3847,852,master,0x06000464,read,0x20004020,1,0x1
3848,852,master,0x0600046A,read,0x20004021,1,0x22
3849,853,master,0x06000464,read,0x20004020,1,0x0
3850,853,master,0x06000464,read,0x20004020,1,0x0
3851,853,master,0x06000464,read,0x20004020,1,0x0
3852,853,master,0x06000464,read,0x20004020,1,0x0
3853,853,master,0x06000464,read,0x20004020,1,0x0
3854,853,master,0x06000464,read,0x20004020,1,0x0
3855,853,master,0x06000464,read,0x20004020,1,0x0
3856,853,master,0x06000464,read,0x20004020,1,0x0
3857,853,master,0x06000464,read,0x20004020,1,0x0
3858,853,master,0x06000464,read,0x20004020,1,0x1
3859,853,master,0x0600046A,read,0x20004021,1,0x22
3860,853,master,0x06000464,read,0x20004020,1,0x0
3861,853,master,0x06000464,read,0x20004020,1,0x0
3862,853,master,0x06000464,read,0x20004020,1,0x0
3863,853,master,0x06000464,read,0x20004020,1,0x0
3864,853,master,0x06000464,read,0x20004020,1,0x0
3865,853,master,0x06000464,read,0x20004020,1,0x0
3866,853,master,0x06000464,read,0x20004020,1,0x0
3867,853,master,0x06000464,read,0x20004020,1,0x0
3868,853,master,0x06000464,read,0x20004020,1,0x0
3869,853,master,0x06000464,read,0x20004020,1,0x1
3870,853,master,0x0600046A,read,0x20004021,1,0x2B
3871,854,master,0x06000464,read,0x20004020,1,0x0
3872,854,master,0x06000464,read,0x20004020,1,0x0
3873,854,master,0x06000464,read,0x20004020,1,0x0
3874,854,master,0x06000464,read,0x20004020,1,0x0
3875,854,master,0x06000464,read,0x20004020,1,0x0
3876,854,master,0x06000464,read,0x20004020,1,0x0
3877,854,master,0x06000464,read,0x20004020,1,0x0
3878,854,master,0x06000464,read,0x20004020,1,0x0
3879,854,master,0x06000464,read,0x20004020,1,0x0
3880,854,master,0x06000464,read,0x20004020,1,0x0
3881,855,master,0x06000464,read,0x20004020,1,0x1
3882,855,master,0x0600046A,read,0x20004021,1,0x22
3883,856,master,0x06000464,read,0x20004020,1,0x0
3884,856,master,0x06000464,read,0x20004020,1,0x0
3885,856,master,0x06000464,read,0x20004020,1,0x0
3886,856,master,0x06000464,read,0x20004020,1,0x0
3887,856,master,0x06000464,read,0x20004020,1,0x0
3888,856,master,0x06000464,read,0x20004020,1,0x0
3889,856,master,0x06000464,read,0x20004020,1,0x0
3890,856,master,0x06000464,read,0x20004020,1,0x0
3891,856,master,0x06000464,read,0x20004020,1,0x0
3892,856,master,0x06000464,read,0x20004020,1,0x1
3893,856,master,0x0600046A,read,0x20004021,1,0x22
3894,856,master,0x06000464,read,0x20004020,1,0x0
3895,856,master,0x06000464,read,0x20004020,1,0x0
3896,856,master,0x06000464,read,0x20004020,1,0x0
3897,856,master,0x06000464,read,0x20004020,1,0x0
3898,856,master,0x06000464,read,0x20004020,1,0x0
3899,856,master,0x06000464,read,0x20004020,1,0x0
3900,856,master,0x06000464,read,0x20004020,1,0x0
3901,856,master,0x06000464,read,0x20004020,1,0x0
3902,856,master,0x06000464,read,0x20004020,1,0x0
3903,856,master,0x06000464,read,0x20004020,1,0x1
3904,856,master,0x0600046A,read,0x20004021,1,0x2B
3905,857,master,0x06000464,read,0x20004020,1,0x0
3906,857,master,0x06000464,read,0x20004020,1,0x0
3907,857,master,0x06000464,read,0x20004020,1,0x0
3908,857,master,0x06000464,read,0x20004020,1,0x0
3909,857,master,0x06000464,read,0x20004020,1,0x0
3910,857,master,0x06000464,read,0x20004020,1,0x0
3911,857,master,0x06000464,read,0x20004020,1,0x0
3912,857,master,0x06000464,read,0x20004020,1,0x0
3913,857,master,0x06000464,read,0x20004020,1,0x0
3914,857,master,0x06000464,read,0x20004020,1,0x0
3915,858,master,0x06000464,read,0x20004020,1,0x1
3916,858,master,0x0600046A,read,0x20004021,1,0x22
3917,859,master,0x06000464,read,0x20004020,1,0x0
3918,859,master,0x06000464,read,0x20004020,1,0x0
3919,859,master,0x06000464,read,0x20004020,1,0x0
3920,859,master,0x06000464,read,0x20004020,1,0x0
3921,859,master,0x06000464,read,0x20004020,1,0x0
3922,859,master,0x06000464,read,0x20004020,1,0x0
3923,859,master,0x06000464,read,0x20004020,1,0x0
3924,859,master,0x06000464,read,0x20004020,1,0x0
3925,859,master,0x06000464,read,0x20004020,1,0x0
3926,859,master,0x06000464,read,0x20004020,1,0x1
3927,859,master,0x0600046A,read,0x20004021,1,0x22
3928,859,master,0x06000464,read,0x20004020,1,0x0
3929,859,master,0x06000464,read,0x20004020,1,0x0
3930,859,master,0x06000464,read,0x20004020,1,0x0
3931,859,master,0x06000464,read,0x20004020,1,0x0
3932,859,master,0x06000464,read,0x20004020,1,0x0
3933,859,master,0x06000464,read,0x20004020,1,0x0
3934,859,master,0x06000464,read,0x20004020,1,0x0
3935,859,master,0x06000464,read,0x20004020,1,0x0
3936,859,master,0x06000464,read,0x20004020,1,0x0
3937,859,master,0x06000464,read,0x20004020,1,0x1
3938,859,master,0x0600046A,read,0x20004021,1,0x2B
3939,860,master,0x06000464,read,0x20004020,1,0x0
3940,860,master,0x06000464,read,0x20004020,1,0x0
3941,860,master,0x06000464,read,0x20004020,1,0x0
3942,860,master,0x06000464,read,0x20004020,1,0x0
3943,860,master,0x06000464,read,0x20004020,1,0x0
3944,860,master,0x06000464,read,0x20004020,1,0x0
3945,860,master,0x06000464,read,0x20004020,1,0x0
3946,860,master,0x06000464,read,0x20004020,1,0x0
3947,860,master,0x06000464,read,0x20004020,1,0x0
3948,860,master,0x06000464,read,0x20004020,1,0x0
3949,861,master,0x06000464,read,0x20004020,1,0x1
3950,861,master,0x0600046A,read,0x20004021,1,0x22
3951,862,master,0x06000464,read,0x20004020,1,0x0
3952,862,master,0x06000464,read,0x20004020,1,0x0
3953,862,master,0x06000464,read,0x20004020,1,0x0
3954,862,master,0x06000464,read,0x20004020,1,0x0
3955,862,master,0x06000464,read,0x20004020,1,0x0
3956,862,master,0x06000464,read,0x20004020,1,0x0
3957,862,master,0x06000464,read,0x20004020,1,0x0
3958,862,master,0x06000464,read,0x20004020,1,0x0
3959,862,master,0x06000464,read,0x20004020,1,0x0
3960,862,master,0x06000464,read,0x20004020,1,0x1
3961,862,master,0x0600046A,read,0x20004021,1,0x22
3962,862,master,0x06000464,read,0x20004020,1,0x0
3963,862,master,0x06000464,read,0x20004020,1,0x0
3964,862,master,0x06000464,read,0x20004020,1,0x0
3965,862,master,0x06000464,read,0x20004020,1,0x0
3966,862,master,0x06000464,read,0x20004020,1,0x0
3967,862,master,0x06000464,read,0x20004020,1,0x0
3968,862,master,0x06000464,read,0x20004020,1,0x0
3969,862,master,0x06000464,read,0x20004020,1,0x0
3970,862,master,0x06000464,read,0x20004020,1,0x0
3971,862,master,0x06000464,read,0x20004020,1,0x1
3972,862,master,0x0600046A,read,0x20004021,1,0x2B
3973,863,master,0x06000464,read,0x20004020,1,0x0
3974,863,master,0x06000464,read,0x20004020,1,0x0
3975,863,master,0x06000464,read,0x20004020,1,0x0
3976,863,master,0x06000464,read,0x20004020,1,0x0
3977,863,master,0x06000464,read,0x20004020,1,0x0
3978,863,master,0x06000464,read,0x20004020,1,0x0
3979,863,master,0x06000464,read,0x20004020,1,0x0
3980,863,master,0x06000464,read,0x20004020,1,0x0
3981,863,master,0x06000464,read,0x20004020,1,0x0
3982,863,master,0x06000464,read,0x20004020,1,0x0
3983,865,master,0x06000464,read,0x20004020,1,0x1
3984,865,master,0x0600046A,read,0x20004021,1,0x22
3985,865,master,0x06000464,read,0x20004020,1,0x0
3986,865,master,0x06000464,read,0x20004020,1,0x0
3987,865,master,0x06000464,read,0x20004020,1,0x0
3988,865,master,0x06000464,read,0x20004020,1,0x0
3989,865,master,0x06000464,read,0x20004020,1,0x0
3990,865,master,0x06000464,read,0x20004020,1,0x0
3991,865,master,0x06000464,read,0x20004020,1,0x0
3992,865,master,0x06000464,read,0x20004020,1,0x0
3993,865,master,0x06000464,read,0x20004020,1,0x0
3994,865,master,0x06000464,read,0x20004020,1,0x1
3995,865,master,0x0600046A,read,0x20004021,1,0x22
3996,865,master,0x06000464,read,0x20004020,1,0x0
3997,865,master,0x06000464,read,0x20004020,1,0x0
3998,865,master,0x06000464,read,0x20004020,1,0x0
3999,865,master,0x06000464,read,0x20004020,1,0x0
4000,865,master,0x06000464,read,0x20004020,1,0x0
4001,865,master,0x06000464,read,0x20004020,1,0x0
4002,865,master,0x06000464,read,0x20004020,1,0x0
4003,865,master,0x06000464,read,0x20004020,1,0x0
4004,865,master,0x06000464,read,0x20004020,1,0x0
4005,865,master,0x06000464,read,0x20004020,1,0x1
4006,865,master,0x0600046A,read,0x20004021,1,0x2B
4007,866,master,0x06000464,read,0x20004020,1,0x0
4008,866,master,0x06000464,read,0x20004020,1,0x0
4009,866,master,0x06000464,read,0x20004020,1,0x0
4010,866,master,0x06000464,read,0x20004020,1,0x0
4011,866,master,0x06000464,read,0x20004020,1,0x0
4012,866,master,0x06000464,read,0x20004020,1,0x0
4013,866,master,0x06000464,read,0x20004020,1,0x0
4014,866,master,0x06000464,read,0x20004020,1,0x0
4015,866,master,0x06000464,read,0x20004020,1,0x0
4016,866,master,0x06000464,read,0x20004020,1,0x0
4017,867,master,0x06000464,read,0x20004020,1,0x1
4018,867,master,0x0600046A,read,0x20004021,1,0x22
4019,868,master,0x06000464,read,0x20004020,1,0x0
4020,868,master,0x06000464,read,0x20004020,1,0x0
4021,868,master,0x06000464,read,0x20004020,1,0x0
4022,868,master,0x06000464,read,0x20004020,1,0x0
4023,868,master,0x06000464,read,0x20004020,1,0x0
4024,868,master,0x06000464,read,0x20004020,1,0x0
4025,868,master,0x06000464,read,0x20004020,1,0x0
4026,868,master,0x06000464,read,0x20004020,1,0x0
4027,868,master,0x06000464,read,0x20004020,1,0x0
4028,868,master,0x06000464,read,0x20004020,1,0x1
4029,868,master,0x0600046A,read,0x20004021,1,0x22
4030,868,master,0x06000464,read,0x20004020,1,0x0
4031,868,master,0x06000464,read,0x20004020,1,0x0
4032,868,master,0x06000464,read,0x20004020,1,0x0
4033,868,master,0x06000464,read,0x20004020,1,0x0
4034,868,master,0x06000464,read,0x20004020,1,0x0
4035,868,master,0x06000464,read,0x20004020,1,0x0
4036,868,master,0x06000464,read,0x20004020,1,0x0
4037,868,master,0x06000464,read,0x20004020,1,0x0
4038,868,master,0x06000464,read,0x20004020,1,0x0
4039,868,master,0x06000464,read,0x20004020,1,0x1
4040,868,master,0x0600046A,read,0x20004021,1,0x2B
4041,869,master,0x06000464,read,0x20004020,1,0x0
4042,869,master,0x06000464,read,0x20004020,1,0x0
4043,869,master,0x06000464,read,0x20004020,1,0x0
4044,869,master,0x06000464,read,0x20004020,1,0x0
4045,869,master,0x06000464,read,0x20004020,1,0x0
4046,869,master,0x06000464,read,0x20004020,1,0x0
4047,869,master,0x06000464,read,0x20004020,1,0x0
4048,869,master,0x06000464,read,0x20004020,1,0x0
4049,869,master,0x06000464,read,0x20004020,1,0x0
4050,869,master,0x06000464,read,0x20004020,1,0x0
4051,870,master,0x06000464,read,0x20004020,1,0x1
4052,870,master,0x0600046A,read,0x20004021,1,0x22
4053,871,master,0x06000464,read,0x20004020,1,0x0
4054,871,master,0x06000464,read,0x20004020,1,0x0
4055,871,master,0x06000464,read,0x20004020,1,0x0
4056,871,master,0x06000464,read,0x20004020,1,0x0
4057,871,master,0x06000464,read,0x20004020,1,0x0
4058,871,master,0x06000464,read,0x20004020,1,0x0
4059,871,master,0x06000464,read,0x20004020,1,0x0
4060,871,master,0x06000464,read,0x20004020,1,0x0
4061,871,master,0x06000464,read,0x20004020,1,0x0
4062,871,master,0x06000464,read,0x20004020,1,0x1
4063,871,master,0x0600046A,read,0x20004021,1,0x22
4064,871,master,0x06000464,read,0x20004020,1,0x0
4065,871,master,0x06000464,read,0x20004020,1,0x0
4066,871,master,0x06000464,read,0x20004020,1,0x0
4067,871,master,0x06000464,read,0x20004020,1,0x0
4068,871,master,0x06000464,read,0x20004020,1,0x0
4069,871,master,0x06000464,read,0x20004020,1,0x0
4070,871,master,0x06000464,read,0x20004020,1,0x0
4071,871,master,0x06000464,read,0x20004020,1,0x0
4072,871,master,0x06000464,read,0x20004020,1,0x0
4073,872,master,0x06000464,read,0x20004020,1,0x0
4074,872,master,0x06000464,read,0x20004020,1,0x0
4075,872,master,0x06000464,read,0x20004020,1,0x0
4076,872,master,0x06000464,read,0x20004020,1,0x0
4077,872,master,0x06000464,read,0x20004020,1,0x0
4078,872,master,0x06000464,read,0x20004020,1,0x0
4079,872,master,0x06000464,read,0x20004020,1,0x0
4080,872,master,0x06000464,read,0x20004020,1,0x0
4081,872,master,0x06000464,read,0x20004020,1,0x0
4082,872,master,0x06000464,read,0x20004020,1,0x0
4083,879,master,0x06000464,read,0x20004020,1,0x1
4084,879,master,0x0600046A,read,0x20004021,1,0x25
4085,879,master,0x06000464,read,0x20004020,1,0x0
4086,879,master,0x06000464,read,0x20004020,1,0x0
4087,879,master,0x06000464,read,0x20004020,1,0x0
4088,879,master,0x06000464,read,0x20004020,1,0x0
4089,879,master,0x06000464,read,0x20004020,1,0x0
4090,879,master,0x06000464,read,0x20004020,1,0x0
4091,879,master,0x06000464,read,0x20004020,1,0x0
4092,879,master,0x06000464,read,0x20004020,1,0x0
4093,879,master,0x06000464,read,0x20004020,1,0x0
4094,879,master,0x06000464,read,0x20004020,1,0x0
4095,879,master,0x06000464,read,0x20004020,1,0x1
4096,879,master,0x0600046A,read,0x20004021,1,0x25
4097,880,master,0x06000464,read,0x20004020,1,0x0
4098,880,master,0x06000464,read,0x20004020,1,0x0
4099,880,master,0x06000464,read,0x20004020,1,0x0
4100,880,master,0x06000464,read,0x20004020,1,0x0
4101,880,master,0x06000464,read,0x20004020,1,0x0
4102,880,master,0x06000464,read,0x20004020,1,0x0
4103,880,master,0x06000464,read,0x20004020,1,0x0
4104,880,master,0x06000464,read,0x20004020,1,0x0
4105,880,master,0x06000464,read,0x20004020,1,0x0
4106,880,master,0x06000464,read,0x20004020,1,0x0
4107,880,master,0x06000464,read,0x20004020,1,0x1
4108,880,master,0x0600046A,read,0x20004021,1,0x25
4109,880,master,0x06000464,read,0x20004020,1,0x0
4110,880,master,0x06000464,read,0x20004020,1,0x0
4111,880,master,0x06000464,read,0x20004020,1,0x0
4112,880,master,0x06000464,read,0x20004020,1,0x0
4113,880,master,0x06000464,read,0x20004020,1,0x0
4114,880,master,0x06000464,read,0x20004020,1,0x0
4115,880,master,0x06000464,read,0x20004020,1,0x0
4116,880,master,0x06000464,read,0x20004020,1,0x0
4117,880,master,0x06000464,read,0x20004020,1,0x0
4118,880,master,0x06000464,read,0x20004020,1,0x0
4119,880,master,0x06000464,read,0x20004020,1,0x1
4120,880,master,0x0600046A,read,0x20004021,1,0x25
4121,880,master,0x06000464,read,0x20004020,1,0x0
4122,880,master,0x06000464,read,0x20004020,1,0x0
4123,880,master,0x06000464,read,0x20004020,1,0x0
4124,880,master,0x06000464,read,0x20004020,1,0x0
4125,880,master,0x06000464,read,0x20004020,1,0x0
4126,880,master,0x06000464,read,0x20004020,1,0x0
4127,880,master,0x06000464,read,0x20004020,1,0x0
4128,880,master,0x06000464,read,0x20004020,1,0x0
4129,880,master,0x06000464,read,0x20004020,1,0x0
4130,880,master,0x06000464,read,0x20004020,1,0x0
4131,880,master,0x06000464,read,0x20004020,1,0x1
4132,880,master,0x0600046A,read,0x20004021,1,0x3
4133,881,master,0x06000464,read,0x20004020,1,0x0
4134,881,master,0x06000464,read,0x20004020,1,0x0
4135,881,master,0x06000464,read,0x20004020,1,0x0
4136,881,master,0x06000464,read,0x20004020,1,0x0
4137,881,master,0x06000464,read,0x20004020,1,0x0
4138,881,master,0x06000464,read,0x20004020,1,0x0
4139,881,master,0x06000464,read,0x20004020,1,0x0
4140,881,master,0x06000464,read,0x20004020,1,0x0
4141,881,master,0x06000464,read,0x20004020,1,0x0
4142,881,master,0x06000464,read,0x20004020,1,0x0
4143,881,master,0x06000464,read,0x20004020,1,0x1
4144,881,master,0x0600046A,read,0x20004021,1,0x22
4145,881,master,0x06000464,read,0x20004020,1,0x0
4146,881,master,0x06000464,read,0x20004020,1,0x0
4147,881,master,0x06000464,read,0x20004020,1,0x0
4148,881,master,0x06000464,read,0x20004020,1,0x0
4149,881,master,0x06000464,read,0x20004020,1,0x0
4150,881,master,0x06000464,read,0x20004020,1,0x0
4151,881,master,0x06000464,read,0x20004020,1,0x0
4152,881,master,0x06000464,read,0x20004020,1,0x0
4153,881,master,0x06000464,read,0x20004020,1,0x0
4154,881,master,0x06000464,read,0x20004020,1,0x1
4155,881,master,0x0600046A,read,0x20004021,1,0x22
4156,882,master,0x06000464,read,0x20004020,1,0x0
4157,882,master,0x06000464,read,0x20004020,1,0x0
4158,882,master,0x06000464,read,0x20004020,1,0x0
4159,882,master,0x06000464,read,0x20004020,1,0x0
4160,882,master,0x06000464,read,0x20004020,1,0x0
4161,882,master,0x06000464,read,0x20004020,1,0x0
4162,882,master,0x06000464,read,0x20004020,1,0x0
4163,882,master,0x06000464,read,0x20004020,1,0x0
4164,882,master,0x06000464,read,0x20004020,1,0x0
4165,882,master,0x06000464,read,0x20004020,1,0x1
4166,882,master,0x0600046A,read,0x20004021,1,0x2A
4167,882,master,0x06000464,read,0x20004020,1,0x0
4168,882,master,0x06000464,read,0x20004020,1,0x0
4169,882,master,0x06000464,read,0x20004020,1,0x0
4170,882,master,0x06000464,read,0x20004020,1,0x0
4171,882,master,0x06000464,read,0x20004020,1,0x0
4172,882,master,0x06000464,read,0x20004020,1,0x0
4173,882,master,0x06000464,read,0x20004020,1,0x0
4174,882,master,0x06000464,read,0x20004020,1,0x0
4175,882,master,0x06000464,read,0x20004020,1,0x0
4176,882,master,0x06000464,read,0x20004020,1,0x0
4177,882,master,0x06000464,read,0x20004020,1,0x0
4178,882,master,0x06000464,read,0x20004020,1,0x1
4179,882,master,0x0600046A,read,0x20004021,1,0x22
4180,882,master,0x06000464,read,0x20004020,1,0x0
4181,882,master,0x06000464,read,0x20004020,1,0x0
4182,882,master,0x06000464,read,0x20004020,1,0x0
4183,882,master,0x06000464,read,0x20004020,1,0x0
4184,882,master,0x06000464,read,0x20004020,1,0x0
4185,882,master,0x06000464,read,0x20004020,1,0x0
4186,882,master,0x06000464,read,0x20004020,1,0x0
4187,882,master,0x06000464,read,0x20004020,1,0x0
4188,882,master,0x06000464,read,0x20004020,1,0x0
4189,882,master,0x06000464,read,0x20004020,1,0x1
4190,882,master,0x0600046A,read,0x20004021,1,0x22
4191,882,master,0x06000464,read,0x20004020,1,0x0
4192,882,master,0x06000464,read,0x20004020,1,0x0
4193,882,master,0x06000464,read,0x20004020,1,0x0
4194,882,master,0x06000464,read,0x20004020,1,0x0
4195,882,master,0x06000464,read,0x20004020,1,0x0
4196,882,master,0x06000464,read,0x20004020,1,0x0
4197,882,master,0x06000464,read,0x20004020,1,0x0
4198,882,master,0x06000464,read,0x20004020,1,0x0
4199,882,master,0x06000464,read,0x20004020,1,0x0
4200,883,master,0x06000464,read,0x20004020,1,0x1
4201,883,master,0x0600046A,read,0x20004021,1,0x22
4202,884,master,0x06000464,read,0x20004020,1,0x0
4203,884,master,0x06000464,read,0x20004020,1,0x0
4204,884,master,0x06000464,read,0x20004020,1,0x0
4205,884,master,0x06000464,read,0x20004020,1,0x0
4206,884,master,0x06000464,read,0x20004020,1,0x0
4207,884,master,0x06000464,read,0x20004020,1,0x0
4208,884,master,0x06000464,read,0x20004020,1,0x0
4209,884,master,0x06000464,read,0x20004020,1,0x0
4210,884,master,0x06000464,read,0x20004020,1,0x0
4211,884,master,0x06000464,read,0x20004020,1,0x1
4212,884,master,0x0600046A,read,0x20004021,1,0x22
4213,884,master,0x06000464,read,0x20004020,1,0x0
4214,884,master,0x06000464,read,0x20004020,1,0x0
4215,884,master,0x06000464,read,0x20004020,1,0x0
4216,884,master,0x06000464,read,0x20004020,1,0x0
4217,884,master,0x06000464,read,0x20004020,1,0x0
4218,884,master,0x06000464,read,0x20004020,1,0x0
4219,884,master,0x06000464,read,0x20004020,1,0x0
4220,884,master,0x06000464,read,0x20004020,1,0x0
4221,884,master,0x06000464,read,0x20004020,1,0x0
4222,884,master,0x06000464,read,0x20004020,1,0x1
4223,884,master,0x0600046A,read,0x20004021,1,0x2A
4224,890,master,0x06000464,read,0x20004020,1,0x0
4225,890,master,0x06000464,read,0x20004020,1,0x0
4226,890,master,0x06000464,read,0x20004020,1,0x0
4227,890,master,0x06000464,read,0x20004020,1,0x0
4228,890,master,0x06000464,read,0x20004020,1,0x0
4229,890,master,0x06000464,read,0x20004020,1,0x0
4230,890,master,0x06000464,read,0x20004020,1,0x0
4231,890,master,0x06000464,read,0x20004020,1,0x0
4232,890,master,0x06000464,read,0x20004020,1,0x0
4233,890,master,0x06000464,read,0x20004020,1,0x0
4234,890,master,0x06000464,read,0x20004020,1,0x1
4235,890,master,0x0600046A,read,0x20004021,1,0x22
4236,890,master,0x06000464,read,0x20004020,1,0x0
4237,890,master,0x06000464,read,0x20004020,1,0x0
4238,890,master,0x06000464,read,0x20004020,1,0x0
4239,890,master,0x06000464,read,0x20004020,1,0x0
4240,890,master,0x06000464,read,0x20004020,1,0x0
4241,890,master,0x06000464,read,0x20004020,1,0x0
4242,890,master,0x06000464,read,0x20004020,1,0x0
4243,890,master,0x06000464,read,0x20004020,1,0x0
4244,890,master,0x06000464,read,0x20004020,1,0x0
4245,890,master,0x06000464,read,0x20004020,1,0x1
4246,890,master,0x0600046A,read,0x20004021,1,0x22
4247,890,master,0x06000464,read,0x20004020,1,0x0
4248,890,master,0x06000464,read,0x20004020,1,0x0
4249,890,master,0x06000464,read,0x20004020,1,0x0
4250,890,master,0x06000464,read,0x20004020,1,0x0
4251,890,master,0x06000464,read,0x20004020,1,0x0
4252,890,master,0x06000464,read,0x20004020,1,0x0
4253,890,master,0x06000464,read,0x20004020,1,0x0
4254,890,master,0x06000464,read,0x20004020,1,0x0
4255,890,master,0x06000464,read,0x20004020,1,0x0
4256,890,master,0x06000464,read,0x20004020,1,0x1
4257,890,master,0x0600046A,read,0x20004021,1,0x22
4258,891,master,0x06000464,read,0x20004020,1,0x0
4259,891,master,0x06000464,read,0x20004020,1,0x0
4260,891,master,0x06000464,read,0x20004020,1,0x0
4261,891,master,0x06000464,read,0x20004020,1,0x0
4262,891,master,0x06000464,read,0x20004020,1,0x0
4263,891,master,0x06000464,read,0x20004020,1,0x0
4264,891,master,0x06000464,read,0x20004020,1,0x0
4265,891,master,0x06000464,read,0x20004020,1,0x0
4266,891,master,0x06000464,read,0x20004020,1,0x0
4267,891,master,0x06000464,read,0x20004020,1,0x1
4268,891,master,0x0600046A,read,0x20004021,1,0x22
4269,891,master,0x06000464,read,0x20004020,1,0x0
4270,891,master,0x06000464,read,0x20004020,1,0x0
4271,891,master,0x06000464,read,0x20004020,1,0x0
4272,891,master,0x06000464,read,0x20004020,1,0x0
4273,891,master,0x06000464,read,0x20004020,1,0x0
4274,891,master,0x06000464,read,0x20004020,1,0x0
4275,891,master,0x06000464,read,0x20004020,1,0x0
4276,891,master,0x06000464,read,0x20004020,1,0x0
4277,891,master,0x06000464,read,0x20004020,1,0x0
4278,891,master,0x06000464,read,0x20004020,1,0x1
4279,891,master,0x0600046A,read,0x20004021,1,0x2A
4280,898,master,0x06000464,read,0x20004020,1,0x0
4281,898,master,0x06000464,read,0x20004020,1,0x0
4282,898,master,0x06000464,read,0x20004020,1,0x0
4283,898,master,0x06000464,read,0x20004020,1,0x0
4284,898,master,0x06000464,read,0x20004020,1,0x0
4285,898,master,0x06000464,read,0x20004020,1,0x0
4286,898,master,0x06000464,read,0x20004020,1,0x0
4287,898,master,0x06000464,read,0x20004020,1,0x0
4288,898,master,0x06000464,read,0x20004020,1,0x0
4289,898,master,0x06000464,read,0x20004020,1,0x0
4290,898,master,0x06000464,read,0x20004020,1,0x1
4291,898,master,0x0600046A,read,0x20004021,1,0x22
4292,898,master,0x06000464,read,0x20004020,1,0x0
4293,898,master,0x06000464,read,0x20004020,1,0x0
4294,898,master,0x06000464,read,0x20004020,1,0x0
4295,898,master,0x06000464,read,0x20004020,1,0x0
4296,898,master,0x06000464,read,0x20004020,1,0x0
4297,898,master,0x06000464,read,0x20004020,1,0x0
4298,898,master,0x06000464,read,0x20004020,1,0x0
4299,898,master,0x06000464,read,0x20004020,1,0x0
4300,898,master,0x06000464,read,0x20004020,1,0x0
4301,898,master,0x06000464,read,0x20004020,1,0x1
4302,898,master,0x0600046A,read,0x20004021,1,0x22
4303,898,master,0x06000464,read,0x20004020,1,0x0
4304,898,master,0x06000464,read,0x20004020,1,0x0
4305,898,master,0x06000464,read,0x20004020,1,0x0
4306,898,master,0x06000464,read,0x20004020,1,0x0
4307,898,master,0x06000464,read,0x20004020,1,0x0
4308,898,master,0x06000464,read,0x20004020,1,0x0
4309,898,master,0x06000464,read,0x20004020,1,0x0
4310,898,master,0x06000464,read,0x20004020,1,0x0
4311,898,master,0x06000464,read,0x20004020,1,0x0
4312,898,master,0x06000464,read,0x20004020,1,0x1
4313,898,master,0x0600046A,read,0x20004021,1,0x22
4314,899,master,0x06000464,read,0x20004020,1,0x0
4315,899,master,0x06000464,read,0x20004020,1,0x0
4316,899,master,0x06000464,read,0x20004020,1,0x0
4317,899,master,0x06000464,read,0x20004020,1,0x0
4318,899,master,0x06000464,read,0x20004020,1,0x0
4319,899,master,0x06000464,read,0x20004020,1,0x0
4320,899,master,0x06000464,read,0x20004020,1,0x0
4321,899,master,0x06000464,read,0x20004020,1,0x0
4322,899,master,0x06000464,read,0x20004020,1,0x0
4323,899,master,0x06000464,read,0x20004020,1,0x1
4324,899,master,0x0600046A,read,0x20004021,1,0x22
4325,899,master,0x06000464,read,0x20004020,1,0x0
4326,899,master,0x06000464,read,0x20004020,1,0x0
4327,899,master,0x06000464,read,0x20004020,1,0x0
4328,899,master,0x06000464,read,0x20004020,1,0x0
4329,899,master,0x06000464,read,0x20004020,1,0x0
4330,899,master,0x06000464,read,0x20004020,1,0x0
4331,899,master,0x06000464,read,0x20004020,1,0x0
4332,899,master,0x06000464,read,0x20004020,1,0x0
4333,899,master,0x06000464,read,0x20004020,1,0x0
4334,899,master,0x06000464,read,0x20004020,1,0x1
4335,899,master,0x0600046A,read,0x20004021,1,0x2A
4336,905,master,0x06000464,read,0x20004020,1,0x0
4337,905,master,0x06000464,read,0x20004020,1,0x0
4338,905,master,0x06000464,read,0x20004020,1,0x0
4339,905,master,0x06000464,read,0x20004020,1,0x0
4340,905,master,0x06000464,read,0x20004020,1,0x0
4341,905,master,0x06000464,read,0x20004020,1,0x0
4342,905,master,0x06000464,read,0x20004020,1,0x0
4343,905,master,0x06000464,read,0x20004020,1,0x0
4344,905,master,0x06000464,read,0x20004020,1,0x0
4345,905,master,0x06000464,read,0x20004020,1,0x0
4346,905,master,0x06000464,read,0x20004020,1,0x1
4347,905,master,0x0600046A,read,0x20004021,1,0x22
4348,905,master,0x06000464,read,0x20004020,1,0x0
4349,905,master,0x06000464,read,0x20004020,1,0x0
4350,905,master,0x06000464,read,0x20004020,1,0x0
4351,905,master,0x06000464,read,0x20004020,1,0x0
4352,905,master,0x06000464,read,0x20004020,1,0x0
4353,905,master,0x06000464,read,0x20004020,1,0x0
4354,905,master,0x06000464,read,0x20004020,1,0x0
4355,905,master,0x06000464,read,0x20004020,1,0x0
4356,905,master,0x06000464,read,0x20004020,1,0x0
4357,905,master,0x06000464,read,0x20004020,1,0x1
4358,905,master,0x0600046A,read,0x20004021,1,0x22
4359,905,master,0x06000464,read,0x20004020,1,0x0
4360,905,master,0x06000464,read,0x20004020,1,0x0
4361,905,master,0x06000464,read,0x20004020,1,0x0
4362,905,master,0x06000464,read,0x20004020,1,0x0
4363,905,master,0x06000464,read,0x20004020,1,0x0
4364,905,master,0x06000464,read,0x20004020,1,0x0
4365,905,master,0x06000464,read,0x20004020,1,0x0
4366,905,master,0x06000464,read,0x20004020,1,0x0
4367,905,master,0x06000464,read,0x20004020,1,0x0
4368,906,master,0x06000464,read,0x20004020,1,0x1
4369,906,master,0x0600046A,read,0x20004021,1,0x22
4370,907,master,0x06000464,read,0x20004020,1,0x0
4371,907,master,0x06000464,read,0x20004020,1,0x0
4372,907,master,0x06000464,read,0x20004020,1,0x0
4373,907,master,0x06000464,read,0x20004020,1,0x0
4374,907,master,0x06000464,read,0x20004020,1,0x0
4375,907,master,0x06000464,read,0x20004020,1,0x0
4376,907,master,0x06000464,read,0x20004020,1,0x0
4377,907,master,0x06000464,read,0x20004020,1,0x0
4378,907,master,0x06000464,read,0x20004020,1,0x0
4379,907,master,0x06000464,read,0x20004020,1,0x1
4380,907,master,0x0600046A,read,0x20004021,1,0x22
4381,907,master,0x06000464,read,0x20004020,1,0x0
4382,907,master,0x06000464,read,0x20004020,1,0x0
4383,907,master,0x06000464,read,0x20004020,1,0x0
4384,907,master,0x06000464,read,0x20004020,1,0x0
4385,907,master,0x06000464,read,0x20004020,1,0x0
4386,907,master,0x06000464,read,0x20004020,1,0x0
4387,907,master,0x06000464,read,0x20004020,1,0x0
4388,907,master,0x06000464,read,0x20004020,1,0x0
4389,907,master,0x06000464,read,0x20004020,1,0x0
4390,907,master,0x06000464,read,0x20004020,1,0x1
4391,907,master,0x0600046A,read,0x20004021,1,0x2A
4392,913,master,0x06000464,read,0x20004020,1,0x0
4393,913,master,0x06000464,read,0x20004020,1,0x0
4394,913,master,0x06000464,read,0x20004020,1,0x0
4395,913,master,0x06000464,read,0x20004020,1,0x0
4396,913,master,0x06000464,read,0x20004020,1,0x0
4397,913,master,0x06000464,read,0x20004020,1,0x0
4398,913,master,0x06000464,read,0x20004020,1,0x0
4399,913,master,0x06000464,read,0x20004020,1,0x0
4400,913,master,0x06000464,read,0x20004020,1,0x0
4401,913,master,0x06000464,read,0x20004020,1,0x0
4402,913,master,0x06000464,read,0x20004020,1,0x1
4403,913,master,0x0600046A,read,0x20004021,1,0x22
4404,913,master,0x06000464,read,0x20004020,1,0x0
4405,913,master,0x06000464,read,0x20004020,1,0x0
4406,913,master,0x06000464,read,0x20004020,1,0x0
4407,913,master,0x06000464,read,0x20004020,1,0x0
4408,913,master,0x06000464,read,0x20004020,1,0x0
4409,913,master,0x06000464,read,0x20004020,1,0x0
4410,913,master,0x06000464,read,0x20004020,1,0x0
4411,913,master,0x06000464,read,0x20004020,1,0x0
4412,913,master,0x06000464,read,0x20004020,1,0x0
4413,913,master,0x06000464,read,0x20004020,1,0x1
4414,913,master,0x0600046A,read,0x20004021,1,0x22
4415,913,master,0x06000464,read,0x20004020,1,0x0
4416,913,master,0x06000464,read,0x20004020,1,0x0
4417,913,master,0x06000464,read,0x20004020,1,0x0
4418,913,master,0x06000464,read,0x20004020,1,0x0
4419,913,master,0x06000464,read,0x20004020,1,0x0
4420,913,master,0x06000464,read,0x20004020,1,0x0
4421,913,master,0x06000464,read,0x20004020,1,0x0
4422,913,master,0x06000464,read,0x20004020,1,0x0
4423,913,master,0x06000464,read,0x20004020,1,0x0
4424,913,master,0x06000464,read,0x20004020,1,0x1
4425,913,master,0x0600046A,read,0x20004021,1,0x22
4426,914,master,0x06000464,read,0x20004020,1,0x0
4427,914,master,0x06000464,read,0x20004020,1,0x0
4428,914,master,0x06000464,read,0x20004020,1,0x0
4429,914,master,0x06000464,read,0x20004020,1,0x0
4430,914,master,0x06000464,read,0x20004020,1,0x0
4431,914,master,0x06000464,read,0x20004020,1,0x0
4432,914,master,0x06000464,read,0x20004020,1,0x0
4433,914,master,0x06000464,read,0x20004020,1,0x0
4434,914,master,0x06000464,read,0x20004020,1,0x0
4435,914,master,0x06000464,read,0x20004020,1,0x1
4436,914,master,0x0600046A,read,0x20004021,1,0x22
4437,914,master,0x06000464,read,0x20004020,1,0x0
4438,914,master,0x06000464,read,0x20004020,1,0x0
4439,914,master,0x06000464,read,0x20004020,1,0x0
4440,914,master,0x06000464,read,0x20004020,1,0x0
4441,914,master,0x06000464,read,0x20004020,1,0x0
4442,914,master,0x06000464,read,0x20004020,1,0x0
4443,914,master,0x06000464,read,0x20004020,1,0x0
4444,914,master,0x06000464,read,0x20004020,1,0x0
4445,914,master,0x06000464,read,0x20004020,1,0x0
4446,914,master,0x06000464,read,0x20004020,1,0x1
4447,914,master,0x0600046A,read,0x20004021,1,0x2A
4448,921,master,0x06000464,read,0x20004020,1,0x0
4449,921,master,0x06000464,read,0x20004020,1,0x0
4450,921,master,0x06000464,read,0x20004020,1,0x0
4451,921,master,0x06000464,read,0x20004020,1,0x0
4452,921,master,0x06000464,read,0x20004020,1,0x0
4453,921,master,0x06000464,read,0x20004020,1,0x0
4454,921,master,0x06000464,read,0x20004020,1,0x0
4455,921,master,0x06000464,read,0x20004020,1,0x0
4456,921,master,0x06000464,read,0x20004020,1,0x0
4457,921,master,0x06000464,read,0x20004020,1,0x0
4458,921,master,0x06000464,read,0x20004020,1,0x1
4459,921,master,0x0600046A,read,0x20004021,1,0x22
4460,921,master,0x06000464,read,0x20004020,1,0x0
4461,921,master,0x06000464,read,0x20004020,1,0x0
4462,921,master,0x06000464,read,0x20004020,1,0x0
4463,921,master,0x06000464,read,0x20004020,1,0x0
4464,921,master,0x06000464,read,0x20004020,1,0x0
4465,921,master,0x06000464,read,0x20004020,1,0x0
4466,921,master,0x06000464,read,0x20004020,1,0x0
4467,921,master,0x06000464,read,0x20004020,1,0x0
4468,921,master,0x06000464,read,0x20004020,1,0x0
4469,921,master,0x06000464,read,0x20004020,1,0x1
4470,921,master,0x0600046A,read,0x20004021,1,0x22
4471,921,master,0x06000464,read,0x20004020,1,0x0
4472,921,master,0x06000464,read,0x20004020,1,0x0
4473,921,master,0x06000464,read,0x20004020,1,0x0
4474,921,master,0x06000464,read,0x20004020,1,0x0
4475,921,master,0x06000464,read,0x20004020,1,0x0
4476,921,master,0x06000464,read,0x20004020,1,0x0
4477,921,master,0x06000464,read,0x20004020,1,0x0
4478,921,master,0x06000464,read,0x20004020,1,0x0
4479,921,master,0x06000464,read,0x20004020,1,0x0
4480,921,master,0x06000464,read,0x20004020,1,0x1
4481,921,master,0x0600046A,read,0x20004021,1,0x22
4482,922,master,0x06000464,read,0x20004020,1,0x0
4483,922,master,0x06000464,read,0x20004020,1,0x0
4484,922,master,0x06000464,read,0x20004020,1,0x0
4485,922,master,0x06000464,read,0x20004020,1,0x0
4486,922,master,0x06000464,read,0x20004020,1,0x0
4487,922,master,0x06000464,read,0x20004020,1,0x0
4488,922,master,0x06000464,read,0x20004020,1,0x0
4489,922,master,0x06000464,read,0x20004020,1,0x0
4490,922,master,0x06000464,read,0x20004020,1,0x0
4491,922,master,0x06000464,read,0x20004020,1,0x1
4492,922,master,0x0600046A,read,0x20004021,1,0x22
4493,922,master,0x06000464,read,0x20004020,1,0x0
4494,922,master,0x06000464,read,0x20004020,1,0x0
4495,922,master,0x06000464,read,0x20004020,1,0x0
4496,922,master,0x06000464,read,0x20004020,1,0x0
4497,922,master,0x06000464,read,0x20004020,1,0x0
4498,922,master,0x06000464,read,0x20004020,1,0x0
4499,922,master,0x06000464,read,0x20004020,1,0x0
4500,922,master,0x06000464,read,0x20004020,1,0x0
4501,922,master,0x06000464,read,0x20004020,1,0x0
4502,922,master,0x06000464,read,0x20004020,1,0x1
4503,922,master,0x0600046A,read,0x20004021,1,0x2A
4504,928,master,0x06000464,read,0x20004020,1,0x0
4505,928,master,0x06000464,read,0x20004020,1,0x0
4506,928,master,0x06000464,read,0x20004020,1,0x0
4507,928,master,0x06000464,read,0x20004020,1,0x0
4508,928,master,0x06000464,read,0x20004020,1,0x0
4509,928,master,0x06000464,read,0x20004020,1,0x0
4510,928,master,0x06000464,read,0x20004020,1,0x0
4511,928,master,0x06000464,read,0x20004020,1,0x0
4512,928,master,0x06000464,read,0x20004020,1,0x0
4513,928,master,0x06000464,read,0x20004020,1,0x0
4514,928,master,0x06000464,read,0x20004020,1,0x0
4515,928,master,0x06000464,read,0x20004020,1,0x0
4516,928,master,0x06000464,read,0x20004020,1,0x0
4517,928,master,0x06000464,read,0x20004020,1,0x0
4518,928,master,0x06000464,read,0x20004020,1,0x1
4519,928,master,0x0600046A,read,0x20004021,1,0x22
4520,928,master,0x06000464,read,0x20004020,1,0x0
4521,928,master,0x06000464,read,0x20004020,1,0x0
4522,928,master,0x06000464,read,0x20004020,1,0x0
4523,928,master,0x06000464,read,0x20004020,1,0x0
4524,928,master,0x06000464,read,0x20004020,1,0x0
4525,928,master,0x06000464,read,0x20004020,1,0x0
4526,928,master,0x06000464,read,0x20004020,1,0x0
4527,928,master,0x06000464,read,0x20004020,1,0x0
4528,928,master,0x06000464,read,0x20004020,1,0x0
4529,928,master,0x06000464,read,0x20004020,1,0x1
4530,928,master,0x0600046A,read,0x20004021,1,0x22
4531,928,master,0x06000464,read,0x20004020,1,0x0
4532,928,master,0x06000464,read,0x20004020,1,0x0
4533,928,master,0x06000464,read,0x20004020,1,0x0
4534,928,master,0x06000464,read,0x20004020,1,0x0
4535,928,master,0x06000464,read,0x20004020,1,0x0
4536,928,master,0x06000464,read,0x20004020,1,0x0
4537,928,master,0x06000464,read,0x20004020,1,0x0
4538,928,master,0x06000464,read,0x20004020,1,0x0
4539,928,master,0x06000464,read,0x20004020,1,0x0
4540,928,master,0x06000464,read,0x20004020,1,0x1
4541,928,master,0x0600046A,read,0x20004021,1,0x22
4542,929,master,0x06000464,read,0x20004020,1,0x0
4543,929,master,0x06000464,read,0x20004020,1,0x0
4544,929,master,0x06000464,read,0x20004020,1,0x0
4545,929,master,0x06000464,read,0x20004020,1,0x0
4546,929,master,0x06000464,read,0x20004020,1,0x0
4547,929,master,0x06000464,read,0x20004020,1,0x0
4548,929,master,0x06000464,read,0x20004020,1,0x0
4549,929,master,0x06000464,read,0x20004020,1,0x0
4550,929,master,0x06000464,read,0x20004020,1,0x0
4551,929,master,0x06000464,read,0x20004020,1,0x1
4552,929,master,0x0600046A,read,0x20004021,1,0x22
4553,929,master,0x06000464,read,0x20004020,1,0x0
4554,929,master,0x06000464,read,0x20004020,1,0x0
4555,929,master,0x06000464,read,0x20004020,1,0x0
4556,929,master,0x06000464,read,0x20004020,1,0x0
4557,929,master,0x06000464,read,0x20004020,1,0x0
4558,929,master,0x06000464,read,0x20004020,1,0x0
4559,929,master,0x06000464,read,0x20004020,1,0x0
4560,929,master,0x06000464,read,0x20004020,1,0x0
4561,929,master,0x06000464,read,0x20004020,1,0x0
4562,929,master,0x06000464,read,0x20004020,1,0x1
4563,929,master,0x0600046A,read,0x20004021,1,0x2A
4564,936,master,0x06000464,read,0x20004020,1,0x0
4565,936,master,0x06000464,read,0x20004020,1,0x0
4566,936,master,0x06000464,read,0x20004020,1,0x0
4567,936,master,0x06000464,read,0x20004020,1,0x0
4568,936,master,0x06000464,read,0x20004020,1,0x0
4569,936,master,0x06000464,read,0x20004020,1,0x0
4570,936,master,0x06000464,read,0x20004020,1,0x0
4571,936,master,0x06000464,read,0x20004020,1,0x0
4572,936,master,0x06000464,read,0x20004020,1,0x0
4573,936,master,0x06000464,read,0x20004020,1,0x0
4574,936,master,0x06000464,read,0x20004020,1,0x1
4575,936,master,0x0600046A,read,0x20004021,1,0x22
4576,936,master,0x06000464,read,0x20004020,1,0x0
4577,936,master,0x06000464,read,0x20004020,1,0x0
4578,936,master,0x06000464,read,0x20004020,1,0x0
4579,936,master,0x06000464,read,0x20004020,1,0x0
4580,936,master,0x06000464,read,0x20004020,1,0x0
4581,936,master,0x06000464,read,0x20004020,1,0x0
4582,936,master,0x06000464,read,0x20004020,1,0x0
4583,936,master,0x06000464,read,0x20004020,1,0x0
4584,936,master,0x06000464,read,0x20004020,1,0x0
4585,936,master,0x06000464,read,0x20004020,1,0x1
4586,936,master,0x0600046A,read,0x20004021,1,0x22
4587,936,master,0x06000464,read,0x20004020,1,0x0
4588,936,master,0x06000464,read,0x20004020,1,0x0
4589,936,master,0x06000464,read,0x20004020,1,0x0
4590,936,master,0x06000464,read,0x20004020,1,0x0
4591,936,master,0x06000464,read,0x20004020,1,0x0
4592,936,master,0x06000464,read,0x20004020,1,0x0
4593,936,master,0x06000464,read,0x20004020,1,0x0
4594,936,master,0x06000464,read,0x20004020,1,0x0
4595,936,master,0x06000464,read,0x20004020,1,0x0
4596,937,master,0x06000464,read,0x20004020,1,0x1
4597,937,master,0x0600046A,read,0x20004021,1,0x22
4598,937,master,0x06000464,read,0x20004020,1,0x0
4599,937,master,0x06000464,read,0x20004020,1,0x0
4600,937,master,0x06000464,read,0x20004020,1,0x0
4601,937,master,0x06000464,read,0x20004020,1,0x0
4602,937,master,0x06000464,read,0x20004020,1,0x0
4603,937,master,0x06000464,read,0x20004020,1,0x0
4604,937,master,0x06000464,read,0x20004020,1,0x0
4605,937,master,0x06000464,read,0x20004020,1,0x0
4606,937,master,0x06000464,read,0x20004020,1,0x0
4607,937,master,0x06000464,read,0x20004020,1,0x1
4608,937,master,0x0600046A,read,0x20004021,1,0x22
4609,937,master,0x06000464,read,0x20004020,1,0x0
4610,937,master,0x06000464,read,0x20004020,1,0x0
4611,937,master,0x06000464,read,0x20004020,1,0x0
4612,937,master,0x06000464,read,0x20004020,1,0x0
4613,937,master,0x06000464,read,0x20004020,1,0x0
4614,937,master,0x06000464,read,0x20004020,1,0x0
4615,937,master,0x06000464,read,0x20004020,1,0x0
4616,937,master,0x06000464,read,0x20004020,1,0x0
4617,937,master,0x06000464,read,0x20004020,1,0x0
4618,937,master,0x06000464,read,0x20004020,1,0x1
4619,937,master,0x0600046A,read,0x20004021,1,0x2A
4620,944,master,0x06000464,read,0x20004020,1,0x0
4621,944,master,0x06000464,read,0x20004020,1,0x0
4622,944,master,0x06000464,read,0x20004020,1,0x0
4623,944,master,0x06000464,read,0x20004020,1,0x0
4624,944,master,0x06000464,read,0x20004020,1,0x0
4625,944,master,0x06000464,read,0x20004020,1,0x0
4626,944,master,0x06000464,read,0x20004020,1,0x0
4627,944,master,0x06000464,read,0x20004020,1,0x0
4628,944,master,0x06000464,read,0x20004020,1,0x0
4629,944,master,0x06000464,read,0x20004020,1,0x0
4630,944,master,0x06000464,read,0x20004020,1,0x1
4631,944,master,0x0600046A,read,0x20004021,1,0x22
4632,944,master,0x06000464,read,0x20004020,1,0x0
4633,944,master,0x06000464,read,0x20004020,1,0x0
4634,944,master,0x06000464,read,0x20004020,1,0x0
4635,944,master,0x06000464,read,0x20004020,1,0x0
4636,944,master,0x06000464,read,0x20004020,1,0x0
4637,944,master,0x06000464,read,0x20004020,1,0x0
4638,944,master,0x06000464,read,0x20004020,1,0x0
4639,944,master,0x06000464,read,0x20004020,1,0x0
4640,944,master,0x06000464,read,0x20004020,1,0x0
4641,944,master,0x06000464,read,0x20004020,1,0x1
4642,944,master,0x0600046A,read,0x20004021,1,0x22
4643,944,master,0x06000464,read,0x20004020,1,0x0
4644,944,master,0x06000464,read,0x20004020,1,0x0
4645,944,master,0x06000464,read,0x20004020,1,0x0
4646,944,master,0x06000464,read,0x20004020,1,0x0
4647,944,master,0x06000464,read,0x20004020,1,0x0
4648,944,master,0x06000464,read,0x20004020,1,0x0
4649,944,master,0x06000464,read,0x20004020,1,0x0
4650,944,master,0x06000464,read,0x20004020,1,0x0
4651,944,master,0x06000464,read,0x20004020,1,0x0
4652,944,master,0x06000464,read,0x20004020,1,0x1
4653,944,master,0x0600046A,read,0x20004021,1,0x22
4654,945,master,0x06000464,read,0x20004020,1,0x0
4655,945,master,0x06000464,read,0x20004020,1,0x0
4656,945,master,0x06000464,read,0x20004020,1,0x0
4657,945,master,0x06000464,read,0x20004020,1,0x0
4658,945,master,0x06000464,read,0x20004020,1,0x0
4659,945,master,0x06000464,read,0x20004020,1,0x0
4660,945,master,0x06000464,read,0x20004020,1,0x0
4661,945,master,0x06000464,read,0x20004020,1,0x0
4662,945,master,0x06000464,read,0x20004020,1,0x0
4663,945,master,0x06000464,read,0x20004020,1,0x1
4664,945,master,0x0600046A,read,0x20004021,1,0x22
4665,945,master,0x06000464,read,0x20004020,1,0x0
4666,945,master,0x06000464,read,0x20004020,1,0x0
4667,945,master,0x06000464,read,0x20004020,1,0x0
4668,945,master,0x06000464,read,0x20004020,1,0x0
4669,945,master,0x06000464,read,0x20004020,1,0x0
4670,945,master,0x06000464,read,0x20004020,1,0x0
4671,945,master,0x06000464,read,0x20004020,1,0x0
4672,945,master,0x06000464,read,0x20004020,1,0x0
4673,945,master,0x06000464,read,0x20004020,1,0x0
4674,945,master,0x06000464,read,0x20004020,1,0x1
4675,945,master,0x0600046A,read,0x20004021,1,0x2A
4676,951,master,0x06000464,read,0x20004020,1,0x0
4677,951,master,0x06000464,read,0x20004020,1,0x0
4678,951,master,0x06000464,read,0x20004020,1,0x0
4679,951,master,0x06000464,read,0x20004020,1,0x0
4680,951,master,0x06000464,read,0x20004020,1,0x0
4681,951,master,0x06000464,read,0x20004020,1,0x0
4682,951,master,0x06000464,read,0x20004020,1,0x0
4683,951,master,0x06000464,read,0x20004020,1,0x0
4684,951,master,0x06000464,read,0x20004020,1,0x0
4685,951,master,0x06000464,read,0x20004020,1,0x0
4686,951,master,0x06000464,read,0x20004020,1,0x1
4687,951,master,0x0600046A,read,0x20004021,1,0x22
4688,951,master,0x06000464,read,0x20004020,1,0x0
4689,951,master,0x06000464,read,0x20004020,1,0x0
4690,951,master,0x06000464,read,0x20004020,1,0x0
4691,951,master,0x06000464,read,0x20004020,1,0x0
4692,951,master,0x06000464,read,0x20004020,1,0x0
4693,951,master,0x06000464,read,0x20004020,1,0x0
4694,951,master,0x06000464,read,0x20004020,1,0x0
4695,951,master,0x06000464,read,0x20004020,1,0x0
4696,951,master,0x06000464,read,0x20004020,1,0x0
4697,951,master,0x06000464,read,0x20004020,1,0x1
4698,951,master,0x0600046A,read,0x20004021,1,0x22
4699,951,master,0x06000464,read,0x20004020,1,0x0
4700,951,master,0x06000464,read,0x20004020,1,0x0
4701,951,master,0x06000464,read,0x20004020,1,0x0
4702,951,master,0x06000464,read,0x20004020,1,0x0
4703,951,master,0x06000464,read,0x20004020,1,0x0
4704,951,master,0x06000464,read,0x20004020,1,0x0
4705,951,master,0x06000464,read,0x20004020,1,0x0
4706,951,master,0x06000464,read,0x20004020,1,0x0
4707,951,master,0x06000464,read,0x20004020,1,0x0
4708,951,master,0x06000464,read,0x20004020,1,0x1
4709,951,master,0x0600046A,read,0x20004021,1,0x22
4710,952,master,0x06000464,read,0x20004020,1,0x0
4711,952,master,0x06000464,read,0x20004020,1,0x0
4712,952,master,0x06000464,read,0x20004020,1,0x0
4713,952,master,0x06000464,read,0x20004020,1,0x0
4714,952,master,0x06000464,read,0x20004020,1,0x0
4715,952,master,0x06000464,read,0x20004020,1,0x0
4716,952,master,0x06000464,read,0x20004020,1,0x0
4717,952,master,0x06000464,read,0x20004020,1,0x0
4718,952,master,0x06000464,read,0x20004020,1,0x0
4719,952,master,0x06000464,read,0x20004020,1,0x1
4720,952,master,0x0600046A,read,0x20004021,1,0x22
4721,952,master,0x06000464,read,0x20004020,1,0x0
4722,952,master,0x06000464,read,0x20004020,1,0x0
4723,952,master,0x06000464,read,0x20004020,1,0x0
4724,952,master,0x06000464,read,0x20004020,1,0x0
4725,952,master,0x06000464,read,0x20004020,1,0x0
4726,952,master,0x06000464,read,0x20004020,1,0x0
4727,952,master,0x06000464,read,0x20004020,1,0x0
4728,952,master,0x06000464,read,0x20004020,1,0x0
4729,952,master,0x06000464,read,0x20004020,1,0x0
4730,952,master,0x06000464,read,0x20004020,1,0x1
4731,952,master,0x0600046A,read,0x20004021,1,0x2A
4732,959,master,0x06000464,read,0x20004020,1,0x0
4733,959,master,0x06000464,read,0x20004020,1,0x0
4734,959,master,0x06000464,read,0x20004020,1,0x0
4735,959,master,0x06000464,read,0x20004020,1,0x0
4736,959,master,0x06000464,read,0x20004020,1,0x0
4737,959,master,0x06000464,read,0x20004020,1,0x0
4738,959,master,0x06000464,read,0x20004020,1,0x0
4739,959,master,0x06000464,read,0x20004020,1,0x0
4740,959,master,0x06000464,read,0x20004020,1,0x0
4741,959,master,0x06000464,read,0x20004020,1,0x0
4742,959,master,0x06000464,read,0x20004020,1,0x1
4743,959,master,0x0600046A,read,0x20004021,1,0x22
4744,959,master,0x06000464,read,0x20004020,1,0x0
4745,959,master,0x06000464,read,0x20004020,1,0x0
4746,959,master,0x06000464,read,0x20004020,1,0x0
4747,959,master,0x06000464,read,0x20004020,1,0x0
4748,959,master,0x06000464,read,0x20004020,1,0x0
4749,959,master,0x06000464,read,0x20004020,1,0x0
4750,959,master,0x06000464,read,0x20004020,1,0x0
4751,959,master,0x06000464,read,0x20004020,1,0x0
4752,959,master,0x06000464,read,0x20004020,1,0x0
4753,959,master,0x06000464,read,0x20004020,1,0x1
4754,959,master,0x0600046A,read,0x20004021,1,0x22
4755,959,master,0x06000464,read,0x20004020,1,0x0
4756,959,master,0x06000464,read,0x20004020,1,0x0
4757,959,master,0x06000464,read,0x20004020,1,0x0
4758,959,master,0x06000464,read,0x20004020,1,0x0
4759,959,master,0x06000464,read,0x20004020,1,0x0
4760,959,master,0x06000464,read,0x20004020,1,0x0
4761,959,master,0x06000464,read,0x20004020,1,0x0
4762,959,master,0x06000464,read,0x20004020,1,0x0
4763,959,master,0x06000464,read,0x20004020,1,0x0
4764,959,master,0x06000464,read,0x20004020,1,0x1
4765,959,master,0x0600046A,read,0x20004021,1,0x22
4766,960,master,0x06000464,read,0x20004020,1,0x0
4767,960,master,0x06000464,read,0x20004020,1,0x0
4768,960,master,0x06000464,read,0x20004020,1,0x0
4769,960,master,0x06000464,read,0x20004020,1,0x0
4770,960,master,0x06000464,read,0x20004020,1,0x0
4771,960,master,0x06000464,read,0x20004020,1,0x0
4772,960,master,0x06000464,read,0x20004020,1,0x0
4773,960,master,0x06000464,read,0x20004020,1,0x0
4774,960,master,0x06000464,read,0x20004020,1,0x0
4775,960,master,0x06000464,read,0x20004020,1,0x1
4776,960,master,0x0600046A,read,0x20004021,1,0x22
4777,960,master,0x06000464,read,0x20004020,1,0x0
4778,960,master,0x06000464,read,0x20004020,1,0x0
4779,960,master,0x06000464,read,0x20004020,1,0x0
4780,960,master,0x06000464,read,0x20004020,1,0x0
4781,960,master,0x06000464,read,0x20004020,1,0x0
4782,960,master,0x06000464,read,0x20004020,1,0x0
4783,960,master,0x06000464,read,0x20004020,1,0x0
4784,960,master,0x06000464,read,0x20004020,1,0x0
4785,960,master,0x06000464,read,0x20004020,1,0x0
4786,960,master,0x06000464,read,0x20004020,1,0x1
4787,960,master,0x0600046A,read,0x20004021,1,0x2A
4788,967,master,0x06000464,read,0x20004020,1,0x0
4789,967,master,0x06000464,read,0x20004020,1,0x0
4790,967,master,0x06000464,read,0x20004020,1,0x0
4791,967,master,0x06000464,read,0x20004020,1,0x0
4792,967,master,0x06000464,read,0x20004020,1,0x0
4793,967,master,0x06000464,read,0x20004020,1,0x0
4794,967,master,0x06000464,read,0x20004020,1,0x0
4795,967,master,0x06000464,read,0x20004020,1,0x0
4796,967,master,0x06000464,read,0x20004020,1,0x0
4797,967,master,0x06000464,read,0x20004020,1,0x0
4798,967,master,0x06000464,read,0x20004020,1,0x1
4799,967,master,0x0600046A,read,0x20004021,1,0x22
4800,967,master,0x06000464,read,0x20004020,1,0x0
4801,967,master,0x06000464,read,0x20004020,1,0x0
4802,967,master,0x06000464,read,0x20004020,1,0x0
4803,967,master,0x06000464,read,0x20004020,1,0x0
4804,967,master,0x06000464,read,0x20004020,1,0x0
4805,967,master,0x06000464,read,0x20004020,1,0x0
4806,967,master,0x06000464,read,0x20004020,1,0x0
4807,967,master,0x06000464,read,0x20004020,1,0x0
4808,967,master,0x06000464,read,0x20004020,1,0x0
4809,967,master,0x06000464,read,0x20004020,1,0x1
4810,967,master,0x0600046A,read,0x20004021,1,0x22
4811,967,master,0x06000464,read,0x20004020,1,0x0
4812,967,master,0x06000464,read,0x20004020,1,0x0
4813,967,master,0x06000464,read,0x20004020,1,0x0
4814,967,master,0x06000464,read,0x20004020,1,0x0
4815,967,master,0x06000464,read,0x20004020,1,0x0
4816,967,master,0x06000464,read,0x20004020,1,0x0
4817,967,master,0x06000464,read,0x20004020,1,0x0
4818,967,master,0x06000464,read,0x20004020,1,0x0
4819,967,master,0x06000464,read,0x20004020,1,0x0
4820,967,master,0x06000464,read,0x20004020,1,0x1
4821,967,master,0x0600046A,read,0x20004021,1,0x22
4822,968,master,0x06000464,read,0x20004020,1,0x0
4823,968,master,0x06000464,read,0x20004020,1,0x0
4824,968,master,0x06000464,read,0x20004020,1,0x0
4825,968,master,0x06000464,read,0x20004020,1,0x0
4826,968,master,0x06000464,read,0x20004020,1,0x0
4827,968,master,0x06000464,read,0x20004020,1,0x0
4828,968,master,0x06000464,read,0x20004020,1,0x0
4829,968,master,0x06000464,read,0x20004020,1,0x0
4830,968,master,0x06000464,read,0x20004020,1,0x0
4831,968,master,0x06000464,read,0x20004020,1,0x1
4832,968,master,0x0600046A,read,0x20004021,1,0x22
4833,968,master,0x06000464,read,0x20004020,1,0x0
4834,968,master,0x06000464,read,0x20004020,1,0x0
4835,968,master,0x06000464,read,0x20004020,1,0x0
4836,968,master,0x06000464,read,0x20004020,1,0x0
4837,968,master,0x06000464,read,0x20004020,1,0x0
4838,968,master,0x06000464,read,0x20004020,1,0x0
4839,968,master,0x06000464,read,0x20004020,1,0x0
4840,968,master,0x06000464,read,0x20004020,1,0x0
4841,968,master,0x06000464,read,0x20004020,1,0x0
4842,968,master,0x06000464,read,0x20004020,1,0x1
4843,968,master,0x0600046A,read,0x20004021,1,0x2A
4844,974,master,0x06000464,read,0x20004020,1,0x0
4845,974,master,0x06000464,read,0x20004020,1,0x0
4846,974,master,0x06000464,read,0x20004020,1,0x0
4847,974,master,0x06000464,read,0x20004020,1,0x0
4848,974,master,0x06000464,read,0x20004020,1,0x0
4849,974,master,0x06000464,read,0x20004020,1,0x0
4850,974,master,0x06000464,read,0x20004020,1,0x0
4851,974,master,0x06000464,read,0x20004020,1,0x0
4852,974,master,0x06000464,read,0x20004020,1,0x0
4853,974,master,0x06000464,read,0x20004020,1,0x0
4854,974,master,0x06000464,read,0x20004020,1,0x1
4855,974,master,0x0600046A,read,0x20004021,1,0x22
4856,974,master,0x06000464,read,0x20004020,1,0x0
4857,974,master,0x06000464,read,0x20004020,1,0x0
4858,974,master,0x06000464,read,0x20004020,1,0x0
4859,974,master,0x06000464,read,0x20004020,1,0x0
4860,974,master,0x06000464,read,0x20004020,1,0x0
4861,974,master,0x06000464,read,0x20004020,1,0x0
4862,974,master,0x06000464,read,0x20004020,1,0x0
4863,974,master,0x06000464,read,0x20004020,1,0x0
4864,974,master,0x06000464,read,0x20004020,1,0x0
4865,974,master,0x06000464,read,0x20004020,1,0x1
4866,974,master,0x0600046A,read,0x20004021,1,0x22
4867,974,master,0x06000464,read,0x20004020,1,0x0
4868,974,master,0x06000464,read,0x20004020,1,0x0
4869,974,master,0x06000464,read,0x20004020,1,0x0
4870,974,master,0x06000464,read,0x20004020,1,0x0
4871,974,master,0x06000464,read,0x20004020,1,0x0
4872,974,master,0x06000464,read,0x20004020,1,0x0
4873,974,master,0x06000464,read,0x20004020,1,0x0
4874,974,master,0x06000464,read,0x20004020,1,0x0
4875,974,master,0x06000464,read,0x20004020,1,0x0
4876,974,master,0x06000464,read,0x20004020,1,0x1
4877,974,master,0x0600046A,read,0x20004021,1,0x22
4878,975,master,0x06000464,read,0x20004020,1,0x0
4879,975,master,0x06000464,read,0x20004020,1,0x0
4880,975,master,0x06000464,read,0x20004020,1,0x0
4881,975,master,0x06000464,read,0x20004020,1,0x0
4882,975,master,0x06000464,read,0x20004020,1,0x0
4883,975,master,0x06000464,read,0x20004020,1,0x0
4884,975,master,0x06000464,read,0x20004020,1,0x0
4885,975,master,0x06000464,read,0x20004020,1,0x0
4886,975,master,0x06000464,read,0x20004020,1,0x0
4887,975,master,0x06000464,read,0x20004020,1,0x1
4888,975,master,0x0600046A,read,0x20004021,1,0x22
4889,975,master,0x06000464,read,0x20004020,1,0x0
4890,975,master,0x06000464,read,0x20004020,1,0x0
4891,975,master,0x06000464,read,0x20004020,1,0x0
4892,975,master,0x06000464,read,0x20004020,1,0x0
4893,975,master,0x06000464,read,0x20004020,1,0x0
4894,975,master,0x06000464,read,0x20004020,1,0x0
4895,975,master,0x06000464,read,0x20004020,1,0x0
4896,975,master,0x06000464,read,0x20004020,1,0x0
4897,975,master,0x06000464,read,0x20004020,1,0x0
4898,975,master,0x06000464,read,0x20004020,1,0x1
4899,975,master,0x0600046A,read,0x20004021,1,0x2A
4900,982,master,0x06000464,read,0x20004020,1,0x0
4901,982,master,0x06000464,read,0x20004020,1,0x0
4902,982,master,0x06000464,read,0x20004020,1,0x0
4903,982,master,0x06000464,read,0x20004020,1,0x0
4904,982,master,0x06000464,read,0x20004020,1,0x0
4905,982,master,0x06000464,read,0x20004020,1,0x0
4906,982,master,0x06000464,read,0x20004020,1,0x0
4907,982,master,0x06000464,read,0x20004020,1,0x0
4908,982,master,0x06000464,read,0x20004020,1,0x0
4909,982,master,0x06000464,read,0x20004020,1,0x0
4910,982,master,0x06000464,read,0x20004020,1,0x1
4911,982,master,0x0600046A,read,0x20004021,1,0x22
4912,982,master,0x06000464,read,0x20004020,1,0x0
4913,982,master,0x06000464,read,0x20004020,1,0x0
4914,982,master,0x06000464,read,0x20004020,1,0x0
4915,982,master,0x06000464,read,0x20004020,1,0x0
4916,982,master,0x06000464,read,0x20004020,1,0x0
4917,982,master,0x06000464,read,0x20004020,1,0x0
4918,982,master,0x06000464,read,0x20004020,1,0x0
4919,982,master,0x06000464,read,0x20004020,1,0x0
4920,982,master,0x06000464,read,0x20004020,1,0x0
4921,982,master,0x06000464,read,0x20004020,1,0x1
4922,982,master,0x0600046A,read,0x20004021,1,0x22
4923,982,master,0x06000464,read,0x20004020,1,0x0
4924,982,master,0x06000464,read,0x20004020,1,0x0
4925,982,master,0x06000464,read,0x20004020,1,0x0
4926,982,master,0x06000464,read,0x20004020,1,0x0
4927,982,master,0x06000464,read,0x20004020,1,0x0
4928,982,master,0x06000464,read,0x20004020,1,0x0
4929,982,master,0x06000464,read,0x20004020,1,0x0
4930,982,master,0x06000464,read,0x20004020,1,0x0
4931,982,master,0x06000464,read,0x20004020,1,0x0
4932,982,master,0x06000464,read,0x20004020,1,0x1
4933,982,master,0x0600046A,read,0x20004021,1,0x22
4934,983,master,0x06000464,read,0x20004020,1,0x0
4935,983,master,0x06000464,read,0x20004020,1,0x0
4936,983,master,0x06000464,read,0x20004020,1,0x0
4937,983,master,0x06000464,read,0x20004020,1,0x0
4938,983,master,0x06000464,read,0x20004020,1,0x0
4939,983,master,0x06000464,read,0x20004020,1,0x0
4940,983,master,0x06000464,read,0x20004020,1,0x0
4941,983,master,0x06000464,read,0x20004020,1,0x0
4942,983,master,0x06000464,read,0x20004020,1,0x0
4943,983,master,0x06000464,read,0x20004020,1,0x0
4944,983,master,0x06000464,read,0x20004020,1,0x0
4945,983,master,0x06000464,read,0x20004020,1,0x0
4946,983,master,0x06000464,read,0x20004020,1,0x0
4947,983,master,0x06000464,read,0x20004020,1,0x0
4948,983,master,0x06000464,read,0x20004020,1,0x1
4949,983,master,0x0600046A,read,0x20004021,1,0x22
4950,983,master,0x06000464,read,0x20004020,1,0x0
4951,983,master,0x06000464,read,0x20004020,1,0x0
4952,983,master,0x06000464,read,0x20004020,1,0x0
4953,983,master,0x06000464,read,0x20004020,1,0x0
4954,983,master,0x06000464,read,0x20004020,1,0x0
4955,983,master,0x06000464,read,0x20004020,1,0x0
4956,983,master,0x06000464,read,0x20004020,1,0x0
4957,983,master,0x06000464,read,0x20004020,1,0x0
4958,983,master,0x06000464,read,0x20004020,1,0x0
4959,983,master,0x06000464,read,0x20004020,1,0x1
4960,983,master,0x0600046A,read,0x20004021,1,0x2A
4961,989,master,0x06000464,read,0x20004020,1,0x0
4962,989,master,0x06000464,read,0x20004020,1,0x0
4963,989,master,0x06000464,read,0x20004020,1,0x0
4964,989,master,0x06000464,read,0x20004020,1,0x0
4965,989,master,0x06000464,read,0x20004020,1,0x0
4966,989,master,0x06000464,read,0x20004020,1,0x0
4967,989,master,0x06000464,read,0x20004020,1,0x0
4968,989,master,0x06000464,read,0x20004020,1,0x0
4969,989,master,0x06000464,read,0x20004020,1,0x0
4970,989,master,0x06000464,read,0x20004020,1,0x0
4971,989,master,0x06000464,read,0x20004020,1,0x1
4972,989,master,0x0600046A,read,0x20004021,1,0x22
4973,990,master,0x06000464,read,0x20004020,1,0x0
4974,990,master,0x06000464,read,0x20004020,1,0x0
4975,990,master,0x06000464,read,0x20004020,1,0x0
4976,990,master,0x06000464,read,0x20004020,1,0x0
4977,990,master,0x06000464,read,0x20004020,1,0x0
4978,990,master,0x06000464,read,0x20004020,1,0x0
4979,990,master,0x06000464,read,0x20004020,1,0x0
4980,990,master,0x06000464,read,0x20004020,1,0x0
4981,990,master,0x06000464,read,0x20004020,1,0x0
4982,990,master,0x06000464,read,0x20004020,1,0x1
4983,990,master,0x0600046A,read,0x20004021,1,0x22
4984,990,master,0x06000464,read,0x20004020,1,0x0
4985,990,master,0x06000464,read,0x20004020,1,0x0
4986,990,master,0x06000464,read,0x20004020,1,0x0
4987,990,master,0x06000464,read,0x20004020,1,0x0
4988,990,master,0x06000464,read,0x20004020,1,0x0
4989,990,master,0x06000464,read,0x20004020,1,0x0
4990,990,master,0x06000464,read,0x20004020,1,0x0
4991,990,master,0x06000464,read,0x20004020,1,0x0
4992,990,master,0x06000464,read,0x20004020,1,0x0
4993,990,master,0x06000464,read,0x20004020,1,0x1
4994,990,master,0x0600046A,read,0x20004021,1,0x22
4995,991,master,0x06000464,read,0x20004020,1,0x0
4996,991,master,0x06000464,read,0x20004020,1,0x0
4997,991,master,0x06000464,read,0x20004020,1,0x0
4998,991,master,0x06000464,read,0x20004020,1,0x0
4999,991,master,0x06000464,read,0x20004020,1,0x0
5000,991,master,0x06000464,read,0x20004020,1,0x0
5001,991,master,0x06000464,read,0x20004020,1,0x0
5002,991,master,0x06000464,read,0x20004020,1,0x0
5003,991,master,0x06000464,read,0x20004020,1,0x0
5004,991,master,0x06000464,read,0x20004020,1,0x1
5005,991,master,0x0600046A,read,0x20004021,1,0x22
5006,991,master,0x06000464,read,0x20004020,1,0x0
5007,991,master,0x06000464,read,0x20004020,1,0x0
5008,991,master,0x06000464,read,0x20004020,1,0x0
5009,991,master,0x06000464,read,0x20004020,1,0x0
5010,991,master,0x06000464,read,0x20004020,1,0x0
5011,991,master,0x06000464,read,0x20004020,1,0x0
5012,991,master,0x06000464,read,0x20004020,1,0x0
5013,991,master,0x06000464,read,0x20004020,1,0x0
5014,991,master,0x06000464,read,0x20004020,1,0x0
5015,991,master,0x06000464,read,0x20004020,1,0x1
5016,991,master,0x0600046A,read,0x20004021,1,0x2A
5017,997,master,0x06000464,read,0x20004020,1,0x0
5018,997,master,0x06000464,read,0x20004020,1,0x0
5019,997,master,0x06000464,read,0x20004020,1,0x0
5020,997,master,0x06000464,read,0x20004020,1,0x0
5021,997,master,0x06000464,read,0x20004020,1,0x0
5022,997,master,0x06000464,read,0x20004020,1,0x0
5023,997,master,0x06000464,read,0x20004020,1,0x0
5024,997,master,0x06000464,read,0x20004020,1,0x0
5025,997,master,0x06000464,read,0x20004020,1,0x0
5026,997,master,0x06000464,read,0x20004020,1,0x0
5027,997,master,0x06000464,read,0x20004020,1,0x1
5028,997,master,0x0600046A,read,0x20004021,1,0x22
5029,997,master,0x06000464,read,0x20004020,1,0x0
5030,997,master,0x06000464,read,0x20004020,1,0x0
5031,997,master,0x06000464,read,0x20004020,1,0x0
5032,997,master,0x06000464,read,0x20004020,1,0x0
5033,997,master,0x06000464,read,0x20004020,1,0x0
5034,997,master,0x06000464,read,0x20004020,1,0x0
5035,997,master,0x06000464,read,0x20004020,1,0x0
5036,997,master,0x06000464,read,0x20004020,1,0x0
5037,997,master,0x06000464,read,0x20004020,1,0x0
5038,997,master,0x06000464,read,0x20004020,1,0x1
5039,997,master,0x0600046A,read,0x20004021,1,0x22
5040,997,master,0x06000464,read,0x20004020,1,0x0
5041,997,master,0x06000464,read,0x20004020,1,0x0
5042,997,master,0x06000464,read,0x20004020,1,0x0
5043,997,master,0x06000464,read,0x20004020,1,0x0
5044,997,master,0x06000464,read,0x20004020,1,0x0
5045,997,master,0x06000464,read,0x20004020,1,0x0
5046,997,master,0x06000464,read,0x20004020,1,0x0
5047,997,master,0x06000464,read,0x20004020,1,0x0
5048,997,master,0x06000464,read,0x20004020,1,0x0
5049,997,master,0x06000464,read,0x20004020,1,0x1
5050,997,master,0x0600046A,read,0x20004021,1,0x22
5051,998,master,0x06000464,read,0x20004020,1,0x0
5052,998,master,0x06000464,read,0x20004020,1,0x0
5053,998,master,0x06000464,read,0x20004020,1,0x0
5054,998,master,0x06000464,read,0x20004020,1,0x0
5055,998,master,0x06000464,read,0x20004020,1,0x0
5056,998,master,0x06000464,read,0x20004020,1,0x0
5057,998,master,0x06000464,read,0x20004020,1,0x0
5058,998,master,0x06000464,read,0x20004020,1,0x0
5059,998,master,0x06000464,read,0x20004020,1,0x0
5060,998,master,0x06000464,read,0x20004020,1,0x1
5061,998,master,0x0600046A,read,0x20004021,1,0x22
5062,998,master,0x06000464,read,0x20004020,1,0x0
5063,998,master,0x06000464,read,0x20004020,1,0x0
5064,998,master,0x06000464,read,0x20004020,1,0x0
5065,998,master,0x06000464,read,0x20004020,1,0x0
5066,998,master,0x06000464,read,0x20004020,1,0x0
5067,998,master,0x06000464,read,0x20004020,1,0x0
5068,998,master,0x06000464,read,0x20004020,1,0x0
5069,998,master,0x06000464,read,0x20004020,1,0x0
5070,998,master,0x06000464,read,0x20004020,1,0x0
5071,998,master,0x06000464,read,0x20004020,1,0x1
5072,998,master,0x0600046A,read,0x20004021,1,0x2A
5073,1005,master,0x06000464,read,0x20004020,1,0x0
5074,1005,master,0x06000464,read,0x20004020,1,0x0
5075,1005,master,0x06000464,read,0x20004020,1,0x0
5076,1005,master,0x06000464,read,0x20004020,1,0x0
5077,1005,master,0x06000464,read,0x20004020,1,0x0
5078,1005,master,0x06000464,read,0x20004020,1,0x0
5079,1005,master,0x06000464,read,0x20004020,1,0x0
5080,1005,master,0x06000464,read,0x20004020,1,0x0
5081,1005,master,0x06000464,read,0x20004020,1,0x0
5082,1005,master,0x06000464,read,0x20004020,1,0x0
5083,1005,master,0x06000464,read,0x20004020,1,0x1
5084,1005,master,0x0600046A,read,0x20004021,1,0x22
5085,1005,master,0x06000464,read,0x20004020,1,0x0
5086,1005,master,0x06000464,read,0x20004020,1,0x0
5087,1005,master,0x06000464,read,0x20004020,1,0x0
5088,1005,master,0x06000464,read,0x20004020,1,0x0
5089,1005,master,0x06000464,read,0x20004020,1,0x0
5090,1005,master,0x06000464,read,0x20004020,1,0x0
5091,1005,master,0x06000464,read,0x20004020,1,0x0
5092,1005,master,0x06000464,read,0x20004020,1,0x0
5093,1005,master,0x06000464,read,0x20004020,1,0x0
5094,1005,master,0x06000464,read,0x20004020,1,0x1
5095,1005,master,0x0600046A,read,0x20004021,1,0x22
5096,1005,master,0x06000464,read,0x20004020,1,0x0
5097,1005,master,0x06000464,read,0x20004020,1,0x0
5098,1005,master,0x06000464,read,0x20004020,1,0x0
5099,1005,master,0x06000464,read,0x20004020,1,0x0
5100,1005,master,0x06000464,read,0x20004020,1,0x0
5101,1005,master,0x06000464,read,0x20004020,1,0x0
5102,1005,master,0x06000464,read,0x20004020,1,0x0
5103,1005,master,0x06000464,read,0x20004020,1,0x0
5104,1005,master,0x06000464,read,0x20004020,1,0x0
5105,1005,master,0x06000464,read,0x20004020,1,0x1
5106,1005,master,0x0600046A,read,0x20004021,1,0x22
5107,1006,master,0x06000464,read,0x20004020,1,0x0
5108,1006,master,0x06000464,read,0x20004020,1,0x0
5109,1006,master,0x06000464,read,0x20004020,1,0x0
5110,1006,master,0x06000464,read,0x20004020,1,0x0
5111,1006,master,0x06000464,read,0x20004020,1,0x0
5112,1006,master,0x06000464,read,0x20004020,1,0x0
5113,1006,master,0x06000464,read,0x20004020,1,0x0
5114,1006,master,0x06000464,read,0x20004020,1,0x0
5115,1006,master,0x06000464,read,0x20004020,1,0x0
5116,1006,master,0x06000464,read,0x20004020,1,0x1
5117,1006,master,0x0600046A,read,0x20004021,1,0x22
5118,1006,master,0x06000464,read,0x20004020,1,0x0
5119,1006,master,0x06000464,read,0x20004020,1,0x0
5120,1006,master,0x06000464,read,0x20004020,1,0x0
5121,1006,master,0x06000464,read,0x20004020,1,0x0
5122,1006,master,0x06000464,read,0x20004020,1,0x0
5123,1006,master,0x06000464,read,0x20004020,1,0x0
5124,1006,master,0x06000464,read,0x20004020,1,0x0
5125,1006,master,0x06000464,read,0x20004020,1,0x0
5126,1006,master,0x06000464,read,0x20004020,1,0x0
5127,1006,master,0x06000464,read,0x20004020,1,0x1
5128,1006,master,0x0600046A,read,0x20004021,1,0x2A
5129,1012,master,0x06000464,read,0x20004020,1,0x0
5130,1012,master,0x06000464,read,0x20004020,1,0x0
5131,1012,master,0x06000464,read,0x20004020,1,0x0
5132,1012,master,0x06000464,read,0x20004020,1,0x0
5133,1012,master,0x06000464,read,0x20004020,1,0x0
5134,1012,master,0x06000464,read,0x20004020,1,0x0
5135,1012,master,0x06000464,read,0x20004020,1,0x0
5136,1012,master,0x06000464,read,0x20004020,1,0x0
5137,1012,master,0x06000464,read,0x20004020,1,0x0
5138,1012,master,0x06000464,read,0x20004020,1,0x0
5139,1012,master,0x06000464,read,0x20004020,1,0x1
5140,1012,master,0x0600046A,read,0x20004021,1,0x22
5141,1012,master,0x06000464,read,0x20004020,1,0x0
5142,1012,master,0x06000464,read,0x20004020,1,0x0
5143,1012,master,0x06000464,read,0x20004020,1,0x0
5144,1012,master,0x06000464,read,0x20004020,1,0x0
5145,1012,master,0x06000464,read,0x20004020,1,0x0
5146,1012,master,0x06000464,read,0x20004020,1,0x0
5147,1012,master,0x06000464,read,0x20004020,1,0x0
5148,1012,master,0x06000464,read,0x20004020,1,0x0
5149,1012,master,0x06000464,read,0x20004020,1,0x0
5150,1012,master,0x06000464,read,0x20004020,1,0x1
5151,1012,master,0x0600046A,read,0x20004021,1,0x22
5152,1012,master,0x06000464,read,0x20004020,1,0x0
5153,1012,master,0x06000464,read,0x20004020,1,0x0
5154,1012,master,0x06000464,read,0x20004020,1,0x0
5155,1012,master,0x06000464,read,0x20004020,1,0x0
5156,1012,master,0x06000464,read,0x20004020,1,0x0
5157,1012,master,0x06000464,read,0x20004020,1,0x0
5158,1012,master,0x06000464,read,0x20004020,1,0x0
5159,1012,master,0x06000464,read,0x20004020,1,0x0
5160,1012,master,0x06000464,read,0x20004020,1,0x0
5161,1013,master,0x06000464,read,0x20004020,1,0x1
5162,1013,master,0x0600046A,read,0x20004021,1,0x22
5163,1014,master,0x06000464,read,0x20004020,1,0x0
5164,1014,master,0x06000464,read,0x20004020,1,0x0
5165,1014,master,0x06000464,read,0x20004020,1,0x0
5166,1014,master,0x06000464,read,0x20004020,1,0x0
5167,1014,master,0x06000464,read,0x20004020,1,0x0
5168,1014,master,0x06000464,read,0x20004020,1,0x0
5169,1014,master,0x06000464,read,0x20004020,1,0x0
5170,1014,master,0x06000464,read,0x20004020,1,0x0
5171,1014,master,0x06000464,read,0x20004020,1,0x0
5172,1014,master,0x06000464,read,0x20004020,1,0x1
5173,1014,master,0x0600046A,read,0x20004021,1,0x22
5174,1014,master,0x06000464,read,0x20004020,1,0x0
5175,1014,master,0x06000464,read,0x20004020,1,0x0
5176,1014,master,0x06000464,read,0x20004020,1,0x0
5177,1014,master,0x06000464,read,0x20004020,1,0x0
5178,1014,master,0x06000464,read,0x20004020,1,0x0
5179,1014,master,0x06000464,read,0x20004020,1,0x0
5180,1014,master,0x06000464,read,0x20004020,1,0x0
5181,1014,master,0x06000464,read,0x20004020,1,0x0
5182,1014,master,0x06000464,read,0x20004020,1,0x0
5183,1014,master,0x06000464,read,0x20004020,1,0x1
5184,1014,master,0x0600046A,read,0x20004021,1,0x2A
5185,1020,master,0x06000464,read,0x20004020,1,0x0
5186,1020,master,0x06000464,read,0x20004020,1,0x0
5187,1020,master,0x06000464,read,0x20004020,1,0x0
5188,1020,master,0x06000464,read,0x20004020,1,0x0
5189,1020,master,0x06000464,read,0x20004020,1,0x0
5190,1020,master,0x06000464,read,0x20004020,1,0x0
5191,1020,master,0x06000464,read,0x20004020,1,0x0
5192,1020,master,0x06000464,read,0x20004020,1,0x0
5193,1020,master,0x06000464,read,0x20004020,1,0x0
5194,1020,master,0x06000464,read,0x20004020,1,0x0
5195,1020,master,0x06000464,read,0x20004020,1,0x1
5196,1020,master,0x0600046A,read,0x20004021,1,0x22
5197,1020,master,0x06000464,read,0x20004020,1,0x0
5198,1020,master,0x06000464,read,0x20004020,1,0x0
5199,1020,master,0x06000464,read,0x20004020,1,0x0
5200,1020,master,0x06000464,read,0x20004020,1,0x0
5201,1020,master,0x06000464,read,0x20004020,1,0x0
5202,1020,master,0x06000464,read,0x20004020,1,0x0
5203,1020,master,0x06000464,read,0x20004020,1,0x0
5204,1020,master,0x06000464,read,0x20004020,1,0x0
5205,1020,master,0x06000464,read,0x20004020,1,0x0
5206,1020,master,0x06000464,read,0x20004020,1,0x1
5207,1020,master,0x0600046A,read,0x20004021,1,0x22
5208,1020,master,0x06000464,read,0x20004020,1,0x0
5209,1020,master,0x06000464,read,0x20004020,1,0x0
5210,1020,master,0x06000464,read,0x20004020,1,0x0
5211,1020,master,0x06000464,read,0x20004020,1,0x0
5212,1020,master,0x06000464,read,0x20004020,1,0x0
5213,1020,master,0x06000464,read,0x20004020,1,0x0
5214,1020,master,0x06000464,read,0x20004020,1,0x0
5215,1020,master,0x06000464,read,0x20004020,1,0x0
5216,1020,master,0x06000464,read,0x20004020,1,0x0
5217,1020,master,0x06000464,read,0x20004020,1,0x1
5218,1020,master,0x0600046A,read,0x20004021,1,0x22
5219,1021,master,0x06000464,read,0x20004020,1,0x0
5220,1021,master,0x06000464,read,0x20004020,1,0x0
5221,1021,master,0x06000464,read,0x20004020,1,0x0
5222,1021,master,0x06000464,read,0x20004020,1,0x0
5223,1021,master,0x06000464,read,0x20004020,1,0x0
5224,1021,master,0x06000464,read,0x20004020,1,0x0
5225,1021,master,0x06000464,read,0x20004020,1,0x0
5226,1021,master,0x06000464,read,0x20004020,1,0x0
5227,1021,master,0x06000464,read,0x20004020,1,0x0
5228,1021,master,0x06000464,read,0x20004020,1,0x1
5229,1021,master,0x0600046A,read,0x20004021,1,0x22
5230,1021,master,0x06000464,read,0x20004020,1,0x0
5231,1021,master,0x06000464,read,0x20004020,1,0x0
5232,1021,master,0x06000464,read,0x20004020,1,0x0
5233,1021,master,0x06000464,read,0x20004020,1,0x0
5234,1021,master,0x06000464,read,0x20004020,1,0x0
5235,1021,master,0x06000464,read,0x20004020,1,0x0
5236,1021,master,0x06000464,read,0x20004020,1,0x0
5237,1021,master,0x06000464,read,0x20004020,1,0x0
5238,1021,master,0x06000464,read,0x20004020,1,0x0
5239,1021,master,0x06000464,read,0x20004020,1,0x1
5240,1021,master,0x0600046A,read,0x20004021,1,0x2A
5241,1028,master,0x06000464,read,0x20004020,1,0x0
5242,1028,master,0x06000464,read,0x20004020,1,0x0
5243,1028,master,0x06000464,read,0x20004020,1,0x0
5244,1028,master,0x06000464,read,0x20004020,1,0x0
5245,1028,master,0x06000464,read,0x20004020,1,0x0
5246,1028,master,0x06000464,read,0x20004020,1,0x0
5247,1028,master,0x06000464,read,0x20004020,1,0x0
5248,1028,master,0x06000464,read,0x20004020,1,0x0
5249,1028,master,0x06000464,read,0x20004020,1,0x0
5250,1028,master,0x06000464,read,0x20004020,1,0x0
5251,1028,master,0x06000464,read,0x20004020,1,0x1
5252,1028,master,0x0600046A,read,0x20004021,1,0x22
5253,1028,master,0x06000464,read,0x20004020,1,0x0
5254,1028,master,0x06000464,read,0x20004020,1,0x0
5255,1028,master,0x06000464,read,0x20004020,1,0x0
5256,1028,master,0x06000464,read,0x20004020,1,0x0
5257,1028,master,0x06000464,read,0x20004020,1,0x0
5258,1028,master,0x06000464,read,0x20004020,1,0x0
5259,1028,master,0x06000464,read,0x20004020,1,0x0
5260,1028,master,0x06000464,read,0x20004020,1,0x0
5261,1028,master,0x06000464,read,0x20004020,1,0x0
5262,1028,master,0x06000464,read,0x20004020,1,0x1
5263,1028,master,0x0600046A,read,0x20004021,1,0x22
5264,1028,master,0x06000464,read,0x20004020,1,0x0
5265,1028,master,0x06000464,read,0x20004020,1,0x0
5266,1028,master,0x06000464,read,0x20004020,1,0x0
5267,1028,master,0x06000464,read,0x20004020,1,0x0
5268,1028,master,0x06000464,read,0x20004020,1,0x0
5269,1028,master,0x06000464,read,0x20004020,1,0x0
5270,1028,master,0x06000464,read,0x20004020,1,0x0
5271,1028,master,0x06000464,read,0x20004020,1,0x0
5272,1028,master,0x06000464,read,0x20004020,1,0x0
5273,1029,master,0x06000464,read,0x20004020,1,0x1
5274,1029,master,0x0600046A,read,0x20004021,1,0x22
5275,1029,master,0x06000464,read,0x20004020,1,0x0
5276,1029,master,0x06000464,read,0x20004020,1,0x0
5277,1029,master,0x06000464,read,0x20004020,1,0x0
5278,1029,master,0x06000464,read,0x20004020,1,0x0
5279,1029,master,0x06000464,read,0x20004020,1,0x0
5280,1029,master,0x06000464,read,0x20004020,1,0x0
5281,1029,master,0x06000464,read,0x20004020,1,0x0
5282,1029,master,0x06000464,read,0x20004020,1,0x0
5283,1029,master,0x06000464,read,0x20004020,1,0x0
5284,1029,master,0x06000464,read,0x20004020,1,0x1
5285,1029,master,0x0600046A,read,0x20004021,1,0x22
5286,1029,master,0x06000464,read,0x20004020,1,0x0
5287,1029,master,0x06000464,read,0x20004020,1,0x0
5288,1029,master,0x06000464,read,0x20004020,1,0x0
5289,1029,master,0x06000464,read,0x20004020,1,0x0
5290,1029,master,0x06000464,read,0x20004020,1,0x0
5291,1029,master,0x06000464,read,0x20004020,1,0x0
5292,1029,master,0x06000464,read,0x20004020,1,0x0
5293,1029,master,0x06000464,read,0x20004020,1,0x0
5294,1029,master,0x06000464,read,0x20004020,1,0x0
5295,1029,master,0x06000464,read,0x20004020,1,0x1
5296,1029,master,0x0600046A,read,0x20004021,1,0x2A
5297,1035,master,0x06000464,read,0x20004020,1,0x0
5298,1035,master,0x06000464,read,0x20004020,1,0x0
5299,1035,master,0x06000464,read,0x20004020,1,0x0
5300,1035,master,0x06000464,read,0x20004020,1,0x0
5301,1035,master,0x06000464,read,0x20004020,1,0x0
5302,1035,master,0x06000464,read,0x20004020,1,0x0
5303,1035,master,0x06000464,read,0x20004020,1,0x0
5304,1035,master,0x06000464,read,0x20004020,1,0x0
5305,1035,master,0x06000464,read,0x20004020,1,0x0
5306,1035,master,0x06000464,read,0x20004020,1,0x0
5307,1035,master,0x06000464,read,0x20004020,1,0x1
5308,1035,master,0x0600046A,read,0x20004021,1,0x22
5309,1035,master,0x06000464,read,0x20004020,1,0x0
5310,1035,master,0x06000464,read,0x20004020,1,0x0
5311,1035,master,0x06000464,read,0x20004020,1,0x0
5312,1035,master,0x06000464,read,0x20004020,1,0x0
5313,1035,master,0x06000464,read,0x20004020,1,0x0
5314,1035,master,0x06000464,read,0x20004020,1,0x0
5315,1035,master,0x06000464,read,0x20004020,1,0x0
5316,1035,master,0x06000464,read,0x20004020,1,0x0
5317,1035,master,0x06000464,read,0x20004020,1,0x0
5318,1035,master,0x06000464,read,0x20004020,1,0x1
5319,1035,master,0x0600046A,read,0x20004021,1,0x22
5320,1035,master,0x06000464,read,0x20004020,1,0x0
5321,1035,master,0x06000464,read,0x20004020,1,0x0
5322,1035,master,0x06000464,read,0x20004020,1,0x0
5323,1035,master,0x06000464,read,0x20004020,1,0x0
5324,1035,master,0x06000464,read,0x20004020,1,0x0
5325,1035,master,0x06000464,read,0x20004020,1,0x0
5326,1035,master,0x06000464,read,0x20004020,1,0x0
5327,1035,master,0x06000464,read,0x20004020,1,0x0
5328,1035,master,0x06000464,read,0x20004020,1,0x0
5329,1036,master,0x06000464,read,0x20004020,1,0x1
5330,1036,master,0x0600046A,read,0x20004021,1,0x22
5331,1037,master,0x06000464,read,0x20004020,1,0x0
5332,1037,master,0x06000464,read,0x20004020,1,0x0
5333,1037,master,0x06000464,read,0x20004020,1,0x0
5334,1037,master,0x06000464,read,0x20004020,1,0x0
5335,1037,master,0x06000464,read,0x20004020,1,0x0
5336,1037,master,0x06000464,read,0x20004020,1,0x0
5337,1037,master,0x06000464,read,0x20004020,1,0x0
5338,1037,master,0x06000464,read,0x20004020,1,0x0
5339,1037,master,0x06000464,read,0x20004020,1,0x0
5340,1037,master,0x06000464,read,0x20004020,1,0x1
5341,1037,master,0x0600046A,read,0x20004021,1,0x22
5342,1037,master,0x06000464,read,0x20004020,1,0x0
5343,1037,master,0x06000464,read,0x20004020,1,0x0
5344,1037,master,0x06000464,read,0x20004020,1,0x0
5345,1037,master,0x06000464,read,0x20004020,1,0x0
5346,1037,master,0x06000464,read,0x20004020,1,0x0
5347,1037,master,0x06000464,read,0x20004020,1,0x0
5348,1037,master,0x06000464,read,0x20004020,1,0x0
5349,1037,master,0x06000464,read,0x20004020,1,0x0
5350,1037,master,0x06000464,read,0x20004020,1,0x0
5351,1037,master,0x06000464,read,0x20004020,1,0x1
5352,1037,master,0x0600046A,read,0x20004021,1,0x2A
5353,1043,master,0x06000464,read,0x20004020,1,0x0
5354,1043,master,0x06000464,read,0x20004020,1,0x0
5355,1043,master,0x06000464,read,0x20004020,1,0x0
5356,1043,master,0x06000464,read,0x20004020,1,0x0
5357,1043,master,0x06000464,read,0x20004020,1,0x0
5358,1043,master,0x06000464,read,0x20004020,1,0x0
5359,1043,master,0x06000464,read,0x20004020,1,0x0
5360,1043,master,0x06000464,read,0x20004020,1,0x0
5361,1043,master,0x06000464,read,0x20004020,1,0x0
5362,1043,master,0x06000464,read,0x20004020,1,0x0
5363,1043,master,0x06000464,read,0x20004020,1,0x1
5364,1043,master,0x0600046A,read,0x20004021,1,0x22
5365,1043,master,0x06000464,read,0x20004020,1,0x0
5366,1043,master,0x06000464,read,0x20004020,1,0x0
5367,1043,master,0x06000464,read,0x20004020,1,0x0
5368,1043,master,0x06000464,read,0x20004020,1,0x0
5369,1043,master,0x06000464,read,0x20004020,1,0x0
5370,1043,master,0x06000464,read,0x20004020,1,0x0
5371,1043,master,0x06000464,read,0x20004020,1,0x0
5372,1043,master,0x06000464,read,0x20004020,1,0x0
5373,1043,master,0x06000464,read,0x20004020,1,0x0
5374,1043,master,0x06000464,read,0x20004020,1,0x1
5375,1043,master,0x0600046A,read,0x20004021,1,0x22
5376,1043,master,0x06000464,read,0x20004020,1,0x0
5377,1043,master,0x06000464,read,0x20004020,1,0x0
5378,1043,master,0x06000464,read,0x20004020,1,0x0
5379,1043,master,0x06000464,read,0x20004020,1,0x0
5380,1043,master,0x06000464,read,0x20004020,1,0x0
5381,1043,master,0x06000464,read,0x20004020,1,0x0
5382,1043,master,0x06000464,read,0x20004020,1,0x0
5383,1043,master,0x06000464,read,0x20004020,1,0x0
5384,1043,master,0x06000464,read,0x20004020,1,0x0
5385,1043,master,0x06000464,read,0x20004020,1,0x1
5386,1043,master,0x0600046A,read,0x20004021,1,0x22
5387,1044,master,0x06000464,read,0x20004020,1,0x0
5388,1044,master,0x06000464,read,0x20004020,1,0x0
5389,1044,master,0x06000464,read,0x20004020,1,0x0
5390,1044,master,0x06000464,read,0x20004020,1,0x0
5391,1044,master,0x06000464,read,0x20004020,1,0x0
5392,1044,master,0x06000464,read,0x20004020,1,0x0
5393,1044,master,0x06000464,read,0x20004020,1,0x0
5394,1044,master,0x06000464,read,0x20004020,1,0x0
5395,1044,master,0x06000464,read,0x20004020,1,0x0
5396,1044,master,0x06000464,read,0x20004020,1,0x1
5397,1044,master,0x0600046A,read,0x20004021,1,0x22
5398,1044,master,0x06000464,read,0x20004020,1,0x0
5399,1044,master,0x06000464,read,0x20004020,1,0x0
5400,1044,master,0x06000464,read,0x20004020,1,0x0
5401,1044,master,0x06000464,read,0x20004020,1,0x0
5402,1044,master,0x06000464,read,0x20004020,1,0x0
5403,1044,master,0x06000464,read,0x20004020,1,0x0
5404,1044,master,0x06000464,read,0x20004020,1,0x0
5405,1044,master,0x06000464,read,0x20004020,1,0x0
5406,1044,master,0x06000464,read,0x20004020,1,0x0
5407,1044,master,0x06000464,read,0x20004020,1,0x1
5408,1044,master,0x0600046A,read,0x20004021,1,0x2A
5409,1051,master,0x06000464,read,0x20004020,1,0x0
5410,1051,master,0x06000464,read,0x20004020,1,0x0
5411,1051,master,0x06000464,read,0x20004020,1,0x0
5412,1051,master,0x06000464,read,0x20004020,1,0x0
5413,1051,master,0x06000464,read,0x20004020,1,0x0
5414,1051,master,0x06000464,read,0x20004020,1,0x0
5415,1051,master,0x06000464,read,0x20004020,1,0x0
5416,1051,master,0x06000464,read,0x20004020,1,0x0
5417,1051,master,0x06000464,read,0x20004020,1,0x0
5418,1051,master,0x06000464,read,0x20004020,1,0x0
5419,1051,master,0x06000464,read,0x20004020,1,0x1
5420,1051,master,0x0600046A,read,0x20004021,1,0x22
5421,1051,master,0x06000464,read,0x20004020,1,0x0
5422,1051,master,0x06000464,read,0x20004020,1,0x0
5423,1051,master,0x06000464,read,0x20004020,1,0x0
5424,1051,master,0x06000464,read,0x20004020,1,0x0
5425,1051,master,0x06000464,read,0x20004020,1,0x0
5426,1051,master,0x06000464,read,0x20004020,1,0x0
5427,1051,master,0x06000464,read,0x20004020,1,0x0
5428,1051,master,0x06000464,read,0x20004020,1,0x0
5429,1051,master,0x06000464,read,0x20004020,1,0x0
5430,1051,master,0x06000464,read,0x20004020,1,0x1
5431,1051,master,0x0600046A,read,0x20004021,1,0x22
5432,1051,master,0x06000464,read,0x20004020,1,0x0
5433,1051,master,0x06000464,read,0x20004020,1,0x0
5434,1051,master,0x06000464,read,0x20004020,1,0x0
5435,1051,master,0x06000464,read,0x20004020,1,0x0
5436,1051,master,0x06000464,read,0x20004020,1,0x0
5437,1051,master,0x06000464,read,0x20004020,1,0x0
5438,1051,master,0x06000464,read,0x20004020,1,0x0
5439,1051,master,0x06000464,read,0x20004020,1,0x0
5440,1051,master,0x06000464,read,0x20004020,1,0x0
5441,1051,master,0x06000464,read,0x20004020,1,0x1
5442,1051,master,0x0600046A,read,0x20004021,1,0x22
5443,1052,master,0x06000464,read,0x20004020,1,0x0
5444,1052,master,0x06000464,read,0x20004020,1,0x0
5445,1052,master,0x06000464,read,0x20004020,1,0x0
5446,1052,master,0x06000464,read,0x20004020,1,0x0
5447,1052,master,0x06000464,read,0x20004020,1,0x0
5448,1052,master,0x06000464,read,0x20004020,1,0x0
5449,1052,master,0x06000464,read,0x20004020,1,0x0
5450,1052,master,0x06000464,read,0x20004020,1,0x0
5451,1052,master,0x06000464,read,0x20004020,1,0x0
5452,1052,master,0x06000464,read,0x20004020,1,0x1
5453,1052,master,0x0600046A,read,0x20004021,1,0x22
5454,1052,master,0x06000464,read,0x20004020,1,0x0
5455,1052,master,0x06000464,read,0x20004020,1,0x0
5456,1052,master,0x06000464,read,0x20004020,1,0x0
5457,1052,master,0x06000464,read,0x20004020,1,0x0
5458,1052,master,0x06000464,read,0x20004020,1,0x0
5459,1052,master,0x06000464,read,0x20004020,1,0x0
5460,1052,master,0x06000464,read,0x20004020,1,0x0
5461,1052,master,0x06000464,read,0x20004020,1,0x0
5462,1052,master,0x06000464,read,0x20004020,1,0x0
5463,1052,master,0x06000464,read,0x20004020,1,0x1
5464,1052,master,0x0600046A,read,0x20004021,1,0x2A
5465,1058,master,0x06000464,read,0x20004020,1,0x0
5466,1058,master,0x06000464,read,0x20004020,1,0x0
5467,1058,master,0x06000464,read,0x20004020,1,0x0
5468,1058,master,0x06000464,read,0x20004020,1,0x0
5469,1058,master,0x06000464,read,0x20004020,1,0x0
5470,1058,master,0x06000464,read,0x20004020,1,0x0
5471,1058,master,0x06000464,read,0x20004020,1,0x0
5472,1058,master,0x06000464,read,0x20004020,1,0x0
5473,1058,master,0x06000464,read,0x20004020,1,0x0
5474,1058,master,0x06000464,read,0x20004020,1,0x0
5475,1058,master,0x06000464,read,0x20004020,1,0x1
5476,1058,master,0x0600046A,read,0x20004021,1,0x22
5477,1058,master,0x06000464,read,0x20004020,1,0x0
5478,1058,master,0x06000464,read,0x20004020,1,0x0
5479,1058,master,0x06000464,read,0x20004020,1,0x0
5480,1058,master,0x06000464,read,0x20004020,1,0x0
5481,1058,master,0x06000464,read,0x20004020,1,0x0
5482,1058,master,0x06000464,read,0x20004020,1,0x0
5483,1058,master,0x06000464,read,0x20004020,1,0x0
5484,1058,master,0x06000464,read,0x20004020,1,0x0
5485,1058,master,0x06000464,read,0x20004020,1,0x0
5486,1058,master,0x06000464,read,0x20004020,1,0x1
5487,1058,master,0x0600046A,read,0x20004021,1,0x22
5488,1058,master,0x06000464,read,0x20004020,1,0x0
5489,1058,master,0x06000464,read,0x20004020,1,0x0
5490,1058,master,0x06000464,read,0x20004020,1,0x0
5491,1058,master,0x06000464,read,0x20004020,1,0x0
5492,1058,master,0x06000464,read,0x20004020,1,0x0
5493,1058,master,0x06000464,read,0x20004020,1,0x0
5494,1058,master,0x06000464,read,0x20004020,1,0x0
5495,1058,master,0x06000464,read,0x20004020,1,0x0
5496,1058,master,0x06000464,read,0x20004020,1,0x0
5497,1058,master,0x06000464,read,0x20004020,1,0x1
5498,1058,master,0x0600046A,read,0x20004021,1,0x22
5499,1059,master,0x06000464,read,0x20004020,1,0x0
5500,1059,master,0x06000464,read,0x20004020,1,0x0
5501,1059,master,0x06000464,read,0x20004020,1,0x0
5502,1059,master,0x06000464,read,0x20004020,1,0x0
5503,1059,master,0x06000464,read,0x20004020,1,0x0
5504,1059,master,0x06000464,read,0x20004020,1,0x0
5505,1059,master,0x06000464,read,0x20004020,1,0x0
5506,1059,master,0x06000464,read,0x20004020,1,0x0
5507,1059,master,0x06000464,read,0x20004020,1,0x0
5508,1059,master,0x06000464,read,0x20004020,1,0x1
5509,1059,master,0x0600046A,read,0x20004021,1,0x22
5510,1059,master,0x06000464,read,0x20004020,1,0x0
5511,1059,master,0x06000464,read,0x20004020,1,0x0
5512,1059,master,0x06000464,read,0x20004020,1,0x0
5513,1059,master,0x06000464,read,0x20004020,1,0x0
5514,1059,master,0x06000464,read,0x20004020,1,0x0
5515,1059,master,0x06000464,read,0x20004020,1,0x0
5516,1059,master,0x06000464,read,0x20004020,1,0x0
5517,1059,master,0x06000464,read,0x20004020,1,0x0
5518,1059,master,0x06000464,read,0x20004020,1,0x0
5519,1059,master,0x06000464,read,0x20004020,1,0x1
5520,1059,master,0x0600046A,read,0x20004021,1,0x2A
5521,1066,master,0x06000464,read,0x20004020,1,0x0
5522,1066,master,0x06000464,read,0x20004020,1,0x0
5523,1066,master,0x06000464,read,0x20004020,1,0x0
5524,1066,master,0x06000464,read,0x20004020,1,0x0
5525,1066,master,0x06000464,read,0x20004020,1,0x0
5526,1066,master,0x06000464,read,0x20004020,1,0x0
5527,1066,master,0x06000464,read,0x20004020,1,0x0
5528,1066,master,0x06000464,read,0x20004020,1,0x0
5529,1066,master,0x06000464,read,0x20004020,1,0x0
5530,1066,master,0x06000464,read,0x20004020,1,0x0
5531,1066,master,0x06000464,read,0x20004020,1,0x1
5532,1066,master,0x0600046A,read,0x20004021,1,0x22
5533,1066,master,0x06000464,read,0x20004020,1,0x0
5534,1066,master,0x06000464,read,0x20004020,1,0x0
5535,1066,master,0x06000464,read,0x20004020,1,0x0
5536,1066,master,0x06000464,read,0x20004020,1,0x0
5537,1066,master,0x06000464,read,0x20004020,1,0x0
5538,1066,master,0x06000464,read,0x20004020,1,0x0
5539,1066,master,0x06000464,read,0x20004020,1,0x0
5540,1066,master,0x06000464,read,0x20004020,1,0x0
5541,1066,master,0x06000464,read,0x20004020,1,0x0
5542,1066,master,0x06000464,read,0x20004020,1,0x1
5543,1066,master,0x0600046A,read,0x20004021,1,0x22
5544,1066,master,0x06000464,read,0x20004020,1,0x0
5545,1066,master,0x06000464,read,0x20004020,1,0x0
5546,1066,master,0x06000464,read,0x20004020,1,0x0
5547,1066,master,0x06000464,read,0x20004020,1,0x0
5548,1066,master,0x06000464,read,0x20004020,1,0x0
5549,1066,master,0x06000464,read,0x20004020,1,0x0
5550,1066,master,0x06000464,read,0x20004020,1,0x0
5551,1066,master,0x06000464,read,0x20004020,1,0x0
5552,1066,master,0x06000464,read,0x20004020,1,0x0
5553,1066,master,0x06000464,read,0x20004020,1,0x1
5554,1066,master,0x0600046A,read,0x20004021,1,0x22
5555,1067,master,0x06000464,read,0x20004020,1,0x0
5556,1067,master,0x06000464,read,0x20004020,1,0x0
5557,1067,master,0x06000464,read,0x20004020,1,0x0
5558,1067,master,0x06000464,read,0x20004020,1,0x0
5559,1067,master,0x06000464,read,0x20004020,1,0x0
5560,1067,master,0x06000464,read,0x20004020,1,0x0
5561,1067,master,0x06000464,read,0x20004020,1,0x0
5562,1067,master,0x06000464,read,0x20004020,1,0x0
5563,1067,master,0x06000464,read,0x20004020,1,0x0
5564,1067,master,0x06000464,read,0x20004020,1,0x1
5565,1067,master,0x0600046A,read,0x20004021,1,0x22
5566,1067,master,0x06000464,read,0x20004020,1,0x0
5567,1067,master,0x06000464,read,0x20004020,1,0x0
5568,1067,master,0x06000464,read,0x20004020,1,0x0
5569,1067,master,0x06000464,read,0x20004020,1,0x0
5570,1067,master,0x06000464,read,0x20004020,1,0x0
5571,1067,master,0x06000464,read,0x20004020,1,0x0
5572,1067,master,0x06000464,read,0x20004020,1,0x0
5573,1067,master,0x06000464,read,0x20004020,1,0x0
5574,1067,master,0x06000464,read,0x20004020,1,0x0
5575,1067,master,0x06000464,read,0x20004020,1,0x1
5576,1067,master,0x0600046A,read,0x20004021,1,0x2A
5577,1073,master,0x06000464,read,0x20004020,1,0x0
5578,1073,master,0x06000464,read,0x20004020,1,0x0
5579,1073,master,0x06000464,read,0x20004020,1,0x0
5580,1073,master,0x06000464,read,0x20004020,1,0x0
5581,1073,master,0x06000464,read,0x20004020,1,0x0
5582,1073,master,0x06000464,read,0x20004020,1,0x0
5583,1073,master,0x06000464,read,0x20004020,1,0x0
5584,1073,master,0x06000464,read,0x20004020,1,0x0
5585,1073,master,0x06000464,read,0x20004020,1,0x0
5586,1073,master,0x06000464,read,0x20004020,1,0x0
5587,1073,master,0x06000464,read,0x20004020,1,0x1
5588,1073,master,0x0600046A,read,0x20004021,1,0x22
5589,1073,master,0x06000464,read,0x20004020,1,0x0
5590,1073,master,0x06000464,read,0x20004020,1,0x0
5591,1073,master,0x06000464,read,0x20004020,1,0x0
5592,1073,master,0x06000464,read,0x20004020,1,0x0
5593,1073,master,0x06000464,read,0x20004020,1,0x0
5594,1073,master,0x06000464,read,0x20004020,1,0x0
5595,1073,master,0x06000464,read,0x20004020,1,0x0
5596,1073,master,0x06000464,read,0x20004020,1,0x0
5597,1073,master,0x06000464,read,0x20004020,1,0x0
5598,1073,master,0x06000464,read,0x20004020,1,0x1
5599,1073,master,0x0600046A,read,0x20004021,1,0x22
5600,1073,master,0x06000464,read,0x20004020,1,0x0
5601,1073,master,0x06000464,read,0x20004020,1,0x0
5602,1073,master,0x06000464,read,0x20004020,1,0x0
5603,1073,master,0x06000464,read,0x20004020,1,0x0
5604,1073,master,0x06000464,read,0x20004020,1,0x0
5605,1073,master,0x06000464,read,0x20004020,1,0x0
5606,1073,master,0x06000464,read,0x20004020,1,0x0
5607,1073,master,0x06000464,read,0x20004020,1,0x0
5608,1073,master,0x06000464,read,0x20004020,1,0x0
5609,1074,master,0x06000464,read,0x20004020,1,0x1
5610,1074,master,0x0600046A,read,0x20004021,1,0x22
5611,1075,master,0x06000464,read,0x20004020,1,0x0
5612,1075,master,0x06000464,read,0x20004020,1,0x0
5613,1075,master,0x06000464,read,0x20004020,1,0x0
5614,1075,master,0x06000464,read,0x20004020,1,0x0
5615,1075,master,0x06000464,read,0x20004020,1,0x0
5616,1075,master,0x06000464,read,0x20004020,1,0x0
5617,1075,master,0x06000464,read,0x20004020,1,0x0
5618,1075,master,0x06000464,read,0x20004020,1,0x0
5619,1075,master,0x06000464,read,0x20004020,1,0x0
5620,1075,master,0x06000464,read,0x20004020,1,0x1
5621,1075,master,0x0600046A,read,0x20004021,1,0x22
5622,1075,master,0x06000464,read,0x20004020,1,0x0
5623,1075,master,0x06000464,read,0x20004020,1,0x0
5624,1075,master,0x06000464,read,0x20004020,1,0x0
5625,1075,master,0x06000464,read,0x20004020,1,0x0
5626,1075,master,0x06000464,read,0x20004020,1,0x0
5627,1075,master,0x06000464,read,0x20004020,1,0x0
5628,1075,master,0x06000464,read,0x20004020,1,0x0
5629,1075,master,0x06000464,read,0x20004020,1,0x0
5630,1075,master,0x06000464,read,0x20004020,1,0x0
5631,1075,master,0x06000464,read,0x20004020,1,0x1
5632,1075,master,0x0600046A,read,0x20004021,1,0x2A
5633,1081,master,0x06000464,read,0x20004020,1,0x0
5634,1081,master,0x06000464,read,0x20004020,1,0x0
5635,1081,master,0x06000464,read,0x20004020,1,0x0
5636,1081,master,0x06000464,read,0x20004020,1,0x0
5637,1081,master,0x06000464,read,0x20004020,1,0x0
5638,1081,master,0x06000464,read,0x20004020,1,0x0
5639,1081,master,0x06000464,read,0x20004020,1,0x0
5640,1081,master,0x06000464,read,0x20004020,1,0x0
5641,1081,master,0x06000464,read,0x20004020,1,0x0
5642,1081,master,0x06000464,read,0x20004020,1,0x0
5643,1081,master,0x06000464,read,0x20004020,1,0x1
5644,1081,master,0x0600046A,read,0x20004021,1,0x22
5645,1081,master,0x06000464,read,0x20004020,1,0x0
5646,1081,master,0x06000464,read,0x20004020,1,0x0
5647,1081,master,0x06000464,read,0x20004020,1,0x0
5648,1081,master,0x06000464,read,0x20004020,1,0x0
5649,1081,master,0x06000464,read,0x20004020,1,0x0
5650,1081,master,0x06000464,read,0x20004020,1,0x0
5651,1081,master,0x06000464,read,0x20004020,1,0x0
5652,1081,master,0x06000464,read,0x20004020,1,0x0
5653,1081,master,0x06000464,read,0x20004020,1,0x0
5654,1081,master,0x06000464,read,0x20004020,1,0x1
5655,1081,master,0x0600046A,read,0x20004021,1,0x22
5656,1081,master,0x06000464,read,0x20004020,1,0x0
5657,1081,master,0x06000464,read,0x20004020,1,0x0
5658,1081,master,0x06000464,read,0x20004020,1,0x0
5659,1081,master,0x06000464,read,0x20004020,1,0x0
5660,1081,master,0x06000464,read,0x20004020,1,0x0
5661,1081,master,0x06000464,read,0x20004020,1,0x0
5662,1081,master,0x06000464,read,0x20004020,1,0x0
5663,1081,master,0x06000464,read,0x20004020,1,0x0
5664,1081,master,0x06000464,read,0x20004020,1,0x0
5665,1081,master,0x06000464,read,0x20004020,1,0x1
5666,1081,master,0x0600046A,read,0x20004021,1,0x22
5667,1082,master,0x06000464,read,0x20004020,1,0x0
5668,1082,master,0x06000464,read,0x20004020,1,0x0
5669,1082,master,0x06000464,read,0x20004020,1,0x0
5670,1082,master,0x06000464,read,0x20004020,1,0x0
5671,1082,master,0x06000464,read,0x20004020,1,0x0
5672,1082,master,0x06000464,read,0x20004020,1,0x0
5673,1082,master,0x06000464,read,0x20004020,1,0x0
5674,1082,master,0x06000464,read,0x20004020,1,0x0
5675,1082,master,0x06000464,read,0x20004020,1,0x0
5676,1082,master,0x06000464,read,0x20004020,1,0x1
5677,1082,master,0x0600046A,read,0x20004021,1,0x22
5678,1082,master,0x06000464,read,0x20004020,1,0x0
5679,1082,master,0x06000464,read,0x20004020,1,0x0
5680,1082,master,0x06000464,read,0x20004020,1,0x0
5681,1082,master,0x06000464,read,0x20004020,1,0x0
5682,1082,master,0x06000464,read,0x20004020,1,0x0
5683,1082,master,0x06000464,read,0x20004020,1,0x0
5684,1082,master,0x06000464,read,0x20004020,1,0x0
5685,1082,master,0x06000464,read,0x20004020,1,0x0
5686,1082,master,0x06000464,read,0x20004020,1,0x0
5687,1082,master,0x06000464,read,0x20004020,1,0x1
5688,1082,master,0x0600046A,read,0x20004021,1,0x2A
5689,1089,master,0x06000464,read,0x20004020,1,0x0
5690,1089,master,0x06000464,read,0x20004020,1,0x0
5691,1089,master,0x06000464,read,0x20004020,1,0x0
5692,1089,master,0x06000464,read,0x20004020,1,0x0
5693,1089,master,0x06000464,read,0x20004020,1,0x0
5694,1089,master,0x06000464,read,0x20004020,1,0x0
5695,1089,master,0x06000464,read,0x20004020,1,0x0
5696,1089,master,0x06000464,read,0x20004020,1,0x0
5697,1089,master,0x06000464,read,0x20004020,1,0x0
5698,1089,master,0x06000464,read,0x20004020,1,0x0
5699,1089,master,0x06000464,read,0x20004020,1,0x1
5700,1089,master,0x0600046A,read,0x20004021,1,0x22
5701,1089,master,0x06000464,read,0x20004020,1,0x0
5702,1089,master,0x06000464,read,0x20004020,1,0x0
5703,1089,master,0x06000464,read,0x20004020,1,0x0
5704,1089,master,0x06000464,read,0x20004020,1,0x0
5705,1089,master,0x06000464,read,0x20004020,1,0x0
5706,1089,master,0x06000464,read,0x20004020,1,0x0
5707,1089,master,0x06000464,read,0x20004020,1,0x0
5708,1089,master,0x06000464,read,0x20004020,1,0x0
5709,1089,master,0x06000464,read,0x20004020,1,0x0
5710,1089,master,0x06000464,read,0x20004020,1,0x1
5711,1089,master,0x0600046A,read,0x20004021,1,0x22
5712,1089,master,0x06000464,read,0x20004020,1,0x0
5713,1089,master,0x06000464,read,0x20004020,1,0x0
5714,1089,master,0x06000464,read,0x20004020,1,0x0
5715,1089,master,0x06000464,read,0x20004020,1,0x0
5716,1089,master,0x06000464,read,0x20004020,1,0x0
5717,1089,master,0x06000464,read,0x20004020,1,0x0
5718,1089,master,0x06000464,read,0x20004020,1,0x0
5719,1089,master,0x06000464,read,0x20004020,1,0x0
5720,1089,master,0x06000464,read,0x20004020,1,0x0
5721,1089,master,0x06000464,read,0x20004020,1,0x1
5722,1089,master,0x0600046A,read,0x20004021,1,0x22
5723,1090,master,0x06000464,read,0x20004020,1,0x0
5724,1090,master,0x06000464,read,0x20004020,1,0x0
5725,1090,master,0x06000464,read,0x20004020,1,0x0
5726,1090,master,0x06000464,read,0x20004020,1,0x0
5727,1090,master,0x06000464,read,0x20004020,1,0x0
5728,1090,master,0x06000464,read,0x20004020,1,0x0
5729,1090,master,0x06000464,read,0x20004020,1,0x0
5730,1090,master,0x06000464,read,0x20004020,1,0x0
5731,1090,master,0x06000464,read,0x20004020,1,0x0
5732,1090,master,0x06000464,read,0x20004020,1,0x1
5733,1090,master,0x0600046A,read,0x20004021,1,0x22
5734,1090,master,0x06000464,read,0x20004020,1,0x0
5735,1090,master,0x06000464,read,0x20004020,1,0x0
5736,1090,master,0x06000464,read,0x20004020,1,0x0
5737,1090,master,0x06000464,read,0x20004020,1,0x0
5738,1090,master,0x06000464,read,0x20004020,1,0x0
5739,1090,master,0x06000464,read,0x20004020,1,0x0
5740,1090,master,0x06000464,read,0x20004020,1,0x0
5741,1090,master,0x06000464,read,0x20004020,1,0x0
5742,1090,master,0x06000464,read,0x20004020,1,0x0
5743,1090,master,0x06000464,read,0x20004020,1,0x1
5744,1090,master,0x0600046A,read,0x20004021,1,0x2A
5745,1096,master,0x06000464,read,0x20004020,1,0x0
5746,1096,master,0x06000464,read,0x20004020,1,0x0
5747,1096,master,0x06000464,read,0x20004020,1,0x0
5748,1096,master,0x06000464,read,0x20004020,1,0x0
5749,1096,master,0x06000464,read,0x20004020,1,0x0
5750,1096,master,0x06000464,read,0x20004020,1,0x0
5751,1096,master,0x06000464,read,0x20004020,1,0x0
5752,1096,master,0x06000464,read,0x20004020,1,0x0
5753,1096,master,0x06000464,read,0x20004020,1,0x0
5754,1096,master,0x06000464,read,0x20004020,1,0x0
5755,1096,master,0x06000464,read,0x20004020,1,0x1
5756,1096,master,0x0600046A,read,0x20004021,1,0x22
5757,1096,master,0x06000464,read,0x20004020,1,0x0
5758,1096,master,0x06000464,read,0x20004020,1,0x0
5759,1096,master,0x06000464,read,0x20004020,1,0x0
5760,1096,master,0x06000464,read,0x20004020,1,0x0
5761,1096,master,0x06000464,read,0x20004020,1,0x0
5762,1096,master,0x06000464,read,0x20004020,1,0x0
5763,1096,master,0x06000464,read,0x20004020,1,0x0
5764,1096,master,0x06000464,read,0x20004020,1,0x0
5765,1096,master,0x06000464,read,0x20004020,1,0x0
5766,1096,master,0x06000464,read,0x20004020,1,0x1
5767,1096,master,0x0600046A,read,0x20004021,1,0x22
5768,1096,master,0x06000464,read,0x20004020,1,0x0
5769,1096,master,0x06000464,read,0x20004020,1,0x0
5770,1096,master,0x06000464,read,0x20004020,1,0x0
5771,1096,master,0x06000464,read,0x20004020,1,0x0
5772,1096,master,0x06000464,read,0x20004020,1,0x0
5773,1096,master,0x06000464,read,0x20004020,1,0x0
5774,1096,master,0x06000464,read,0x20004020,1,0x0
5775,1096,master,0x06000464,read,0x20004020,1,0x0
5776,1096,master,0x06000464,read,0x20004020,1,0x0
5777,1096,master,0x06000464,read,0x20004020,1,0x1
5778,1096,master,0x0600046A,read,0x20004021,1,0x22
5779,1097,master,0x06000464,read,0x20004020,1,0x0
5780,1097,master,0x06000464,read,0x20004020,1,0x0
5781,1097,master,0x06000464,read,0x20004020,1,0x0
5782,1097,master,0x06000464,read,0x20004020,1,0x0
5783,1097,master,0x06000464,read,0x20004020,1,0x0
5784,1097,master,0x06000464,read,0x20004020,1,0x0
5785,1097,master,0x06000464,read,0x20004020,1,0x0
5786,1097,master,0x06000464,read,0x20004020,1,0x0
5787,1097,master,0x06000464,read,0x20004020,1,0x0
5788,1097,master,0x06000464,read,0x20004020,1,0x1
5789,1097,master,0x0600046A,read,0x20004021,1,0x22
5790,1097,master,0x06000464,read,0x20004020,1,0x0
5791,1097,master,0x06000464,read,0x20004020,1,0x0
5792,1097,master,0x06000464,read,0x20004020,1,0x0
5793,1097,master,0x06000464,read,0x20004020,1,0x0
5794,1097,master,0x06000464,read,0x20004020,1,0x0
5795,1097,master,0x06000464,read,0x20004020,1,0x0
5796,1097,master,0x06000464,read,0x20004020,1,0x0
5797,1097,master,0x06000464,read,0x20004020,1,0x0
5798,1097,master,0x06000464,read,0x20004020,1,0x0
5799,1097,master,0x06000464,read,0x20004020,1,0x1
5800,1097,master,0x0600046A,read,0x20004021,1,0x2A
5801,1104,master,0x06000464,read,0x20004020,1,0x0
5802,1104,master,0x06000464,read,0x20004020,1,0x0
5803,1104,master,0x06000464,read,0x20004020,1,0x0
5804,1104,master,0x06000464,read,0x20004020,1,0x0
5805,1104,master,0x06000464,read,0x20004020,1,0x0
5806,1104,master,0x06000464,read,0x20004020,1,0x0
5807,1104,master,0x06000464,read,0x20004020,1,0x0
5808,1104,master,0x06000464,read,0x20004020,1,0x0
5809,1104,master,0x06000464,read,0x20004020,1,0x0
5810,1104,master,0x06000464,read,0x20004020,1,0x0
5811,1104,master,0x06000464,read,0x20004020,1,0x1
5812,1104,master,0x0600046A,read,0x20004021,1,0x22
5813,1104,master,0x06000464,read,0x20004020,1,0x0
5814,1104,master,0x06000464,read,0x20004020,1,0x0
5815,1104,master,0x06000464,read,0x20004020,1,0x0
5816,1104,master,0x06000464,read,0x20004020,1,0x0
5817,1104,master,0x06000464,read,0x20004020,1,0x0
5818,1104,master,0x06000464,read,0x20004020,1,0x0
5819,1104,master,0x06000464,read,0x20004020,1,0x0
5820,1104,master,0x06000464,read,0x20004020,1,0x0
5821,1104,master,0x06000464,read,0x20004020,1,0x0
5822,1104,master,0x06000464,read,0x20004020,1,0x1
5823,1104,master,0x0600046A,read,0x20004021,1,0x22
5824,1104,master,0x06000464,read,0x20004020,1,0x0
5825,1104,master,0x06000464,read,0x20004020,1,0x0
5826,1104,master,0x06000464,read,0x20004020,1,0x0
5827,1104,master,0x06000464,read,0x20004020,1,0x0
5828,1104,master,0x06000464,read,0x20004020,1,0x0
5829,1104,master,0x06000464,read,0x20004020,1,0x0
5830,1104,master,0x06000464,read,0x20004020,1,0x0
5831,1104,master,0x06000464,read,0x20004020,1,0x0
5832,1104,master,0x06000464,read,0x20004020,1,0x0
5833,1104,master,0x06000464,read,0x20004020,1,0x0
5834,1104,master,0x06000464,read,0x20004020,1,0x0
5835,1104,master,0x06000464,read,0x20004020,1,0x0
5836,1104,master,0x06000464,read,0x20004020,1,0x0
5837,1104,master,0x06000464,read,0x20004020,1,0x0
5838,1104,master,0x06000464,read,0x20004020,1,0x0
5839,1104,master,0x06000464,read,0x20004020,1,0x0
5840,1104,master,0x06000464,read,0x20004020,1,0x0
5841,1104,master,0x06000464,read,0x20004020,1,0x0
5842,1104,master,0x06000464,read,0x20004020,1,0x0
5843,1111,master,0x06000464,read,0x20004020,1,0x1
5844,1111,master,0x0600046A,read,0x20004021,1,0x25
5845,1112,master,0x06000464,read,0x20004020,1,0x0
5846,1112,master,0x06000464,read,0x20004020,1,0x0
5847,1112,master,0x06000464,read,0x20004020,1,0x0
5848,1112,master,0x06000464,read,0x20004020,1,0x0
5849,1112,master,0x06000464,read,0x20004020,1,0x0
5850,1112,master,0x06000464,read,0x20004020,1,0x0
5851,1112,master,0x06000464,read,0x20004020,1,0x0
5852,1112,master,0x06000464,read,0x20004020,1,0x0
5853,1112,master,0x06000464,read,0x20004020,1,0x0
5854,1112,master,0x06000464,read,0x20004020,1,0x0
5855,1112,master,0x06000464,read,0x20004020,1,0x1
5856,1112,master,0x0600046A,read,0x20004021,1,0x25
5857,1112,master,0x06000464,read,0x20004020,1,0x0
5858,1112,master,0x06000464,read,0x20004020,1,0x0
5859,1112,master,0x06000464,read,0x20004020,1,0x0
5860,1112,master,0x06000464,read,0x20004020,1,0x0
5861,1112,master,0x06000464,read,0x20004020,1,0x0
5862,1112,master,0x06000464,read,0x20004020,1,0x0
5863,1112,master,0x06000464,read,0x20004020,1,0x0
5864,1112,master,0x06000464,read,0x20004020,1,0x0
5865,1112,master,0x06000464,read,0x20004020,1,0x0
5866,1112,master,0x06000464,read,0x20004020,1,0x0
5867,1112,master,0x06000464,read,0x20004020,1,0x1
5868,1112,master,0x0600046A,read,0x20004021,1,0x25
5869,1112,master,0x06000464,read,0x20004020,1,0x0
5870,1112,master,0x06000464,read,0x20004020,1,0x0
5871,1112,master,0x06000464,read,0x20004020,1,0x0
5872,1112,master,0x06000464,read,0x20004020,1,0x0
5873,1112,master,0x06000464,read,0x20004020,1,0x0
5874,1112,master,0x06000464,read,0x20004020,1,0x0
5875,1112,master,0x06000464,read,0x20004020,1,0x0
5876,1112,master,0x06000464,read,0x20004020,1,0x0
5877,1112,master,0x06000464,read,0x20004020,1,0x0
5878,1112,master,0x06000464,read,0x20004020,1,0x0
5879,1112,master,0x06000464,read,0x20004020,1,0x1
5880,1112,master,0x0600046A,read,0x20004021,1,0x25
5881,1112,master,0x06000464,read,0x20004020,1,0x0
5882,1112,master,0x06000464,read,0x20004020,1,0x0
5883,1112,master,0x06000464,read,0x20004020,1,0x0
5884,1112,master,0x06000464,read,0x20004020,1,0x0
5885,1112,master,0x06000464,read,0x20004020,1,0x0
5886,1112,master,0x06000464,read,0x20004020,1,0x0
5887,1112,master,0x06000464,read,0x20004020,1,0x0
5888,1112,master,0x06000464,read,0x20004020,1,0x0
5889,1112,master,0x06000464,read,0x20004020,1,0x0
5890,1112,master,0x06000464,read,0x20004020,1,0x0
5891,1113,master,0x06000464,read,0x20004020,1,0x1
5892,1113,master,0x0600046A,read,0x20004021,1,0x3
5893,1114,master,0x06000464,read,0x20004020,1,0x0
5894,1114,master,0x06000464,read,0x20004020,1,0x0
5895,1114,master,0x06000464,read,0x20004020,1,0x0
5896,1114,master,0x06000464,read,0x20004020,1,0x0
5897,1114,master,0x06000464,read,0x20004020,1,0x0
5898,1114,master,0x06000464,read,0x20004020,1,0x0
5899,1114,master,0x06000464,read,0x20004020,1,0x0
5900,1114,master,0x06000464,read,0x20004020,1,0x0
5901,1114,master,0x06000464,read,0x20004020,1,0x0
5902,1114,master,0x06000464,read,0x20004020,1,0x0
5903,1114,master,0x06000464,read,0x20004020,1,0x1
5904,1114,master,0x0600046A,read,0x20004021,1,0x2B
5905,1115,master,0x06000464,read,0x20004020,1,0x0
5906,1115,master,0x06000464,read,0x20004020,1,0x0
5907,1115,master,0x06000464,read,0x20004020,1,0x0
5908,1115,master,0x06000464,read,0x20004020,1,0x0
5909,1115,master,0x06000464,read,0x20004020,1,0x0
5910,1115,master,0x06000464,read,0x20004020,1,0x0
5911,1115,master,0x06000464,read,0x20004020,1,0x0
5912,1115,master,0x06000464,read,0x20004020,1,0x0
5913,1115,master,0x06000464,read,0x20004020,1,0x0
5914,1115,master,0x06000464,read,0x20004020,1,0x0
5915,1115,master,0x06000464,read,0x20004020,1,0x1
5916,1115,master,0x0600046A,read,0x20004021,1,0x22
5917,1115,master,0x06000464,read,0x20004020,1,0x0
5918,1115,master,0x06000464,read,0x20004020,1,0x0
5919,1115,master,0x06000464,read,0x20004020,1,0x0
5920,1115,master,0x06000464,read,0x20004020,1,0x0
5921,1115,master,0x06000464,read,0x20004020,1,0x0
5922,1115,master,0x06000464,read,0x20004020,1,0x0
5923,1115,master,0x06000464,read,0x20004020,1,0x0
5924,1115,master,0x06000464,read,0x20004020,1,0x0
5925,1115,master,0x06000464,read,0x20004020,1,0x0
5926,1117,master,0x06000464,read,0x20004020,1,0x1
5927,1117,master,0x0600046A,read,0x20004021,1,0x22
5928,1117,master,0x06000464,read,0x20004020,1,0x0
5929,1117,master,0x06000464,read,0x20004020,1,0x0
5930,1117,master,0x06000464,read,0x20004020,1,0x0
5931,1117,master,0x06000464,read,0x20004020,1,0x0
5932,1117,master,0x06000464,read,0x20004020,1,0x0
5933,1117,master,0x06000464,read,0x20004020,1,0x0
5934,1117,master,0x06000464,read,0x20004020,1,0x0
5935,1117,master,0x06000464,read,0x20004020,1,0x0
5936,1117,master,0x06000464,read,0x20004020,1,0x0
5937,1117,master,0x06000464,read,0x20004020,1,0x1
5938,1117,master,0x0600046A,read,0x20004021,1,0x22
5939,1117,master,0x06000464,read,0x20004020,1,0x0
5940,1117,master,0x06000464,read,0x20004020,1,0x0
5941,1117,master,0x06000464,read,0x20004020,1,0x0
5942,1117,master,0x06000464,read,0x20004020,1,0x0
5943,1117,master,0x06000464,read,0x20004020,1,0x0
5944,1117,master,0x06000464,read,0x20004020,1,0x0
5945,1117,master,0x06000464,read,0x20004020,1,0x0
5946,1117,master,0x06000464,read,0x20004020,1,0x0
5947,1117,master,0x06000464,read,0x20004020,1,0x0
5948,1117,master,0x06000464,read,0x20004020,1,0x1
5949,1117,master,0x0600046A,read,0x20004021,1,0x22
5950,1117,master,0x06000464,read,0x20004020,1,0x0
5951,1117,master,0x06000464,read,0x20004020,1,0x0
5952,1117,master,0x06000464,read,0x20004020,1,0x0
5953,1117,master,0x06000464,read,0x20004020,1,0x0
5954,1117,master,0x06000464,read,0x20004020,1,0x0
5955,1117,master,0x06000464,read,0x20004020,1,0x0
5956,1117,master,0x06000464,read,0x20004020,1,0x0
5957,1117,master,0x06000464,read,0x20004020,1,0x0
5958,1117,master,0x06000464,read,0x20004020,1,0x0
5959,1117,master,0x06000464,read,0x20004020,1,0x1
5960,1117,master,0x0600046A,read,0x20004021,1,0x22
5961,1117,master,0x06000464,read,0x20004020,1,0x0
5962,1117,master,0x06000464,read,0x20004020,1,0x0
5963,1117,master,0x06000464,read,0x20004020,1,0x0
5964,1117,master,0x06000464,read,0x20004020,1,0x0
5965,1117,master,0x06000464,read,0x20004020,1,0x0
5966,1117,master,0x06000464,read,0x20004020,1,0x0
5967,1117,master,0x06000464,read,0x20004020,1,0x0
5968,1117,master,0x06000464,read,0x20004020,1,0x0
5969,1117,master,0x06000464,read,0x20004020,1,0x0
5970,1117,master,0x06000464,read,0x20004020,1,0x1
5971,1117,master,0x0600046A,read,0x20004021,1,0x22
5972,1117,master,0x06000464,read,0x20004020,1,0x0
5973,1117,master,0x06000464,read,0x20004020,1,0x0
5974,1117,master,0x06000464,read,0x20004020,1,0x0
5975,1117,master,0x06000464,read,0x20004020,1,0x0
5976,1117,master,0x06000464,read,0x20004020,1,0x0
5977,1117,master,0x06000464,read,0x20004020,1,0x0
5978,1117,master,0x06000464,read,0x20004020,1,0x0
5979,1117,master,0x06000464,read,0x20004020,1,0x0
5980,1117,master,0x06000464,read,0x20004020,1,0x0
5981,1117,master,0x06000464,read,0x20004020,1,0x1
5982,1117,master,0x0600046A,read,0x20004021,1,0x22
5983,1117,master,0x06000464,read,0x20004020,1,0x0
5984,1117,master,0x06000464,read,0x20004020,1,0x0
5985,1117,master,0x06000464,read,0x20004020,1,0x0
5986,1117,master,0x06000464,read,0x20004020,1,0x0
5987,1117,master,0x06000464,read,0x20004020,1,0x0
5988,1117,master,0x06000464,read,0x20004020,1,0x0
5989,1117,master,0x06000464,read,0x20004020,1,0x0
5990,1117,master,0x06000464,read,0x20004020,1,0x0
5991,1117,master,0x06000464,read,0x20004020,1,0x0
5992,1117,master,0x06000464,read,0x20004020,1,0x1
5993,1117,master,0x0600046A,read,0x20004021,1,0x22
5994,1117,master,0x06000464,read,0x20004020,1,0x0
5995,1117,master,0x06000464,read,0x20004020,1,0x0
5996,1117,master,0x06000464,read,0x20004020,1,0x0
5997,1117,master,0x06000464,read,0x20004020,1,0x0
5998,1117,master,0x06000464,read,0x20004020,1,0x0
5999,1117,master,0x06000464,read,0x20004020,1,0x0
6000,1117,master,0x06000464,read,0x20004020,1,0x0
6001,1117,master,0x06000464,read,0x20004020,1,0x0
6002,1117,master,0x06000464,read,0x20004020,1,0x0
6003,1117,master,0x06000464,read,0x20004020,1,0x1
6004,1117,master,0x0600046A,read,0x20004021,1,0x22
6005,1117,master,0x06000464,read,0x20004020,1,0x0
6006,1117,master,0x06000464,read,0x20004020,1,0x0
6007,1117,master,0x06000464,read,0x20004020,1,0x0
6008,1117,master,0x06000464,read,0x20004020,1,0x0
6009,1117,master,0x06000464,read,0x20004020,1,0x0
6010,1117,master,0x06000464,read,0x20004020,1,0x0
6011,1117,master,0x06000464,read,0x20004020,1,0x0
6012,1117,master,0x06000464,read,0x20004020,1,0x0
6013,1117,master,0x06000464,read,0x20004020,1,0x0
6014,1117,master,0x06000464,read,0x20004020,1,0x1
6015,1117,master,0x0600046A,read,0x20004021,1,0x22
6016,1117,master,0x06000464,read,0x20004020,1,0x0
6017,1117,master,0x06000464,read,0x20004020,1,0x0
6018,1117,master,0x06000464,read,0x20004020,1,0x0
6019,1117,master,0x06000464,read,0x20004020,1,0x0
6020,1117,master,0x06000464,read,0x20004020,1,0x0
6021,1117,master,0x06000464,read,0x20004020,1,0x0
6022,1117,master,0x06000464,read,0x20004020,1,0x0
6023,1117,master,0x06000464,read,0x20004020,1,0x0
6024,1117,master,0x06000464,read,0x20004020,1,0x0
6025,1117,master,0x06000464,read,0x20004020,1,0x1
6026,1117,master,0x0600046A,read,0x20004021,1,0x22
6027,1117,master,0x06000464,read,0x20004020,1,0x0
6028,1117,master,0x06000464,read,0x20004020,1,0x0
6029,1117,master,0x06000464,read,0x20004020,1,0x0
6030,1117,master,0x06000464,read,0x20004020,1,0x0
6031,1117,master,0x06000464,read,0x20004020,1,0x0
6032,1117,master,0x06000464,read,0x20004020,1,0x0
6033,1117,master,0x06000464,read,0x20004020,1,0x0
6034,1117,master,0x06000464,read,0x20004020,1,0x0
6035,1117,master,0x06000464,read,0x20004020,1,0x0
6036,1117,master,0x06000464,read,0x20004020,1,0x1
6037,1117,master,0x0600046A,read,0x20004021,1,0x22
6038,1117,master,0x06000464,read,0x20004020,1,0x0
6039,1117,master,0x06000464,read,0x20004020,1,0x0
6040,1117,master,0x06000464,read,0x20004020,1,0x0
6041,1117,master,0x06000464,read,0x20004020,1,0x0
6042,1117,master,0x06000464,read,0x20004020,1,0x0
6043,1117,master,0x06000464,read,0x20004020,1,0x0
6044,1117,master,0x06000464,read,0x20004020,1,0x0
6045,1117,master,0x06000464,read,0x20004020,1,0x0
6046,1117,master,0x06000464,read,0x20004020,1,0x0
6047,1117,master,0x06000464,read,0x20004020,1,0x1
6048,1117,master,0x0600046A,read,0x20004021,1,0x22
6049,1117,master,0x06000464,read,0x20004020,1,0x0
6050,1117,master,0x06000464,read,0x20004020,1,0x0
6051,1117,master,0x06000464,read,0x20004020,1,0x0
6052,1117,master,0x06000464,read,0x20004020,1,0x0
6053,1117,master,0x06000464,read,0x20004020,1,0x0
6054,1117,master,0x06000464,read,0x20004020,1,0x0
6055,1117,master,0x06000464,read,0x20004020,1,0x0
6056,1117,master,0x06000464,read,0x20004020,1,0x0
6057,1117,master,0x06000464,read,0x20004020,1,0x0
6058,1117,master,0x06000464,read,0x20004020,1,0x1
6059,1117,master,0x0600046A,read,0x20004021,1,0x22
6060,1117,master,0x06000464,read,0x20004020,1,0x0
6061,1117,master,0x06000464,read,0x20004020,1,0x0
6062,1117,master,0x06000464,read,0x20004020,1,0x0
6063,1117,master,0x06000464,read,0x20004020,1,0x0
6064,1117,master,0x06000464,read,0x20004020,1,0x0
6065,1117,master,0x06000464,read,0x20004020,1,0x0
6066,1117,master,0x06000464,read,0x20004020,1,0x0
6067,1117,master,0x06000464,read,0x20004020,1,0x0
6068,1117,master,0x06000464,read,0x20004020,1,0x0
6069,1117,master,0x06000464,read,0x20004020,1,0x1
6070,1117,master,0x0600046A,read,0x20004021,1,0x22
6071,1117,master,0x06000464,read,0x20004020,1,0x0
6072,1117,master,0x06000464,read,0x20004020,1,0x0
6073,1117,master,0x06000464,read,0x20004020,1,0x0
6074,1117,master,0x06000464,read,0x20004020,1,0x0
6075,1117,master,0x06000464,read,0x20004020,1,0x0
6076,1117,master,0x06000464,read,0x20004020,1,0x0
6077,1117,master,0x06000464,read,0x20004020,1,0x0
6078,1117,master,0x06000464,read,0x20004020,1,0x0
6079,1117,master,0x06000464,read,0x20004020,1,0x0
6080,1117,master,0x06000464,read,0x20004020,1,0x1
6081,1117,master,0x0600046A,read,0x20004021,1,0x22
6082,1117,master,0x06000464,read,0x20004020,1,0x0
6083,1117,master,0x06000464,read,0x20004020,1,0x0
6084,1117,master,0x06000464,read,0x20004020,1,0x0
6085,1117,master,0x06000464,read,0x20004020,1,0x0
6086,1117,master,0x06000464,read,0x20004020,1,0x0
6087,1117,master,0x06000464,read,0x20004020,1,0x0
6088,1117,master,0x06000464,read,0x20004020,1,0x0
6089,1117,master,0x06000464,read,0x20004020,1,0x0
6090,1117,master,0x06000464,read,0x20004020,1,0x0
6091,1117,master,0x06000464,read,0x20004020,1,0x1
6092,1117,master,0x0600046A,read,0x20004021,1,0x22
6093,1117,master,0x06000464,read,0x20004020,1,0x0
6094,1117,master,0x06000464,read,0x20004020,1,0x0
6095,1117,master,0x06000464,read,0x20004020,1,0x0
6096,1117,master,0x06000464,read,0x20004020,1,0x0
6097,1117,master,0x06000464,read,0x20004020,1,0x0
6098,1117,master,0x06000464,read,0x20004020,1,0x0
6099,1117,master,0x06000464,read,0x20004020,1,0x0
6100,1117,master,0x06000464,read,0x20004020,1,0x0
6101,1117,master,0x06000464,read,0x20004020,1,0x0
6102,1117,master,0x06000464,read,0x20004020,1,0x1
6103,1117,master,0x0600046A,read,0x20004021,1,0x22
6104,1117,master,0x06000464,read,0x20004020,1,0x0
6105,1117,master,0x06000464,read,0x20004020,1,0x0
6106,1117,master,0x06000464,read,0x20004020,1,0x0
6107,1117,master,0x06000464,read,0x20004020,1,0x0
6108,1117,master,0x06000464,read,0x20004020,1,0x0
6109,1117,master,0x06000464,read,0x20004020,1,0x0
6110,1117,master,0x06000464,read,0x20004020,1,0x0
6111,1117,master,0x06000464,read,0x20004020,1,0x0
6112,1117,master,0x06000464,read,0x20004020,1,0x0
6113,1117,master,0x06000464,read,0x20004020,1,0x1
6114,1117,master,0x0600046A,read,0x20004021,1,0x22
6115,1117,master,0x06000464,read,0x20004020,1,0x0
6116,1117,master,0x06000464,read,0x20004020,1,0x0
6117,1117,master,0x06000464,read,0x20004020,1,0x0
6118,1117,master,0x06000464,read,0x20004020,1,0x0
6119,1117,master,0x06000464,read,0x20004020,1,0x0
6120,1117,master,0x06000464,read,0x20004020,1,0x0
6121,1117,master,0x06000464,read,0x20004020,1,0x0
6122,1117,master,0x06000464,read,0x20004020,1,0x0
6123,1117,master,0x06000464,read,0x20004020,1,0x0
6124,1117,master,0x06000464,read,0x20004020,1,0x1
6125,1117,master,0x0600046A,read,0x20004021,1,0x2B
6126,1119,master,0x06000464,read,0x20004020,1,0x0
6127,1119,master,0x06000464,read,0x20004020,1,0x0
6128,1119,master,0x06000464,read,0x20004020,1,0x0
6129,1119,master,0x06000464,read,0x20004020,1,0x0
6130,1119,master,0x06000464,read,0x20004020,1,0x0
6131,1119,master,0x06000464,read,0x20004020,1,0x0
6132,1119,master,0x06000464,read,0x20004020,1,0x0
6133,1119,master,0x06000464,read,0x20004020,1,0x0
6134,1119,master,0x06000464,read,0x20004020,1,0x0
6135,1119,master,0x06000464,read,0x20004020,1,0x0
6136,1119,master,0x06000464,read,0x20004020,1,0x1
6137,1119,master,0x0600046A,read,0x20004021,1,0x22
6138,1119,master,0x06000464,read,0x20004020,1,0x0
6139,1119,master,0x06000464,read,0x20004020,1,0x0
6140,1119,master,0x06000464,read,0x20004020,1,0x0
6141,1119,master,0x06000464,read,0x20004020,1,0x0
6142,1119,master,0x06000464,read,0x20004020,1,0x0
6143,1119,master,0x06000464,read,0x20004020,1,0x0
6144,1119,master,0x06000464,read,0x20004020,1,0x0
6145,1119,master,0x06000464,read,0x20004020,1,0x0
6146,1119,master,0x06000464,read,0x20004020,1,0x0
6147,1119,master,0x06000464,read,0x20004020,1,0x1
6148,1119,master,0x0600046A,read,0x20004021,1,0x22
6149,1119,master,0x06000464,read,0x20004020,1,0x0
6150,1119,master,0x06000464,read,0x20004020,1,0x0
6151,1119,master,0x06000464,read,0x20004020,1,0x0
6152,1119,master,0x06000464,read,0x20004020,1,0x0
6153,1119,master,0x06000464,read,0x20004020,1,0x0
6154,1119,master,0x06000464,read,0x20004020,1,0x0
6155,1119,master,0x06000464,read,0x20004020,1,0x0
6156,1119,master,0x06000464,read,0x20004020,1,0x0
6157,1119,master,0x06000464,read,0x20004020,1,0x0
6158,1119,master,0x06000464,read,0x20004020,1,0x1
6159,1119,master,0x0600046A,read,0x20004021,1,0x22
6160,1120,master,0x06000464,read,0x20004020,1,0x0
6161,1120,master,0x06000464,read,0x20004020,1,0x0
6162,1120,master,0x06000464,read,0x20004020,1,0x0
6163,1120,master,0x06000464,read,0x20004020,1,0x0
6164,1120,master,0x06000464,read,0x20004020,1,0x0
6165,1120,master,0x06000464,read,0x20004020,1,0x0
6166,1120,master,0x06000464,read,0x20004020,1,0x0
6167,1120,master,0x06000464,read,0x20004020,1,0x0
6168,1120,master,0x06000464,read,0x20004020,1,0x0
6169,1120,master,0x06000464,read,0x20004020,1,0x1
6170,1120,master,0x0600046A,read,0x20004021,1,0x22
6171,1120,master,0x06000464,read,0x20004020,1,0x0
6172,1120,master,0x06000464,read,0x20004020,1,0x0
6173,1120,master,0x06000464,read,0x20004020,1,0x0
6174,1120,master,0x06000464,read,0x20004020,1,0x0
6175,1120,master,0x06000464,read,0x20004020,1,0x0
6176,1120,master,0x06000464,read,0x20004020,1,0x0
6177,1120,master,0x06000464,read,0x20004020,1,0x0
6178,1120,master,0x06000464,read,0x20004020,1,0x0
6179,1120,master,0x06000464,read,0x20004020,1,0x0
6180,1120,master,0x06000464,read,0x20004020,1,0x1
6181,1120,master,0x0600046A,read,0x20004021,1,0x22
6182,1120,master,0x06000464,read,0x20004020,1,0x0
6183,1120,master,0x06000464,read,0x20004020,1,0x0
6184,1120,master,0x06000464,read,0x20004020,1,0x0
6185,1120,master,0x06000464,read,0x20004020,1,0x0
6186,1120,master,0x06000464,read,0x20004020,1,0x0
6187,1120,master,0x06000464,read,0x20004020,1,0x0
6188,1120,master,0x06000464,read,0x20004020,1,0x0
6189,1120,master,0x06000464,read,0x20004020,1,0x0
6190,1120,master,0x06000464,read,0x20004020,1,0x0
6191,1120,master,0x06000464,read,0x20004020,1,0x1
6192,1120,master,0x0600046A,read,0x20004021,1,0x22
6193,1120,master,0x06000464,read,0x20004020,1,0x0
6194,1120,master,0x06000464,read,0x20004020,1,0x0
6195,1120,master,0x06000464,read,0x20004020,1,0x0
6196,1120,master,0x06000464,read,0x20004020,1,0x0
6197,1120,master,0x06000464,read,0x20004020,1,0x0
6198,1120,master,0x06000464,read,0x20004020,1,0x0
6199,1120,master,0x06000464,read,0x20004020,1,0x0
6200,1120,master,0x06000464,read,0x20004020,1,0x0
6201,1120,master,0x06000464,read,0x20004020,1,0x0
6202,1120,master,0x06000464,read,0x20004020,1,0x1
6203,1120,master,0x0600046A,read,0x20004021,1,0x22
6204,1120,master,0x06000464,read,0x20004020,1,0x0
6205,1120,master,0x06000464,read,0x20004020,1,0x0
6206,1120,master,0x06000464,read,0x20004020,1,0x0
6207,1120,master,0x06000464,read,0x20004020,1,0x0
6208,1120,master,0x06000464,read,0x20004020,1,0x0
6209,1120,master,0x06000464,read,0x20004020,1,0x0
6210,1120,master,0x06000464,read,0x20004020,1,0x0
6211,1120,master,0x06000464,read,0x20004020,1,0x0
6212,1120,master,0x06000464,read,0x20004020,1,0x0
6213,1120,master,0x06000464,read,0x20004020,1,0x1
6214,1120,master,0x0600046A,read,0x20004021,1,0x22
6215,1120,master,0x06000464,read,0x20004020,1,0x0
6216,1120,master,0x06000464,read,0x20004020,1,0x0
6217,1120,master,0x06000464,read,0x20004020,1,0x0
6218,1120,master,0x06000464,read,0x20004020,1,0x0
6219,1120,master,0x06000464,read,0x20004020,1,0x0
6220,1120,master,0x06000464,read,0x20004020,1,0x0
6221,1120,master,0x06000464,read,0x20004020,1,0x0
6222,1120,master,0x06000464,read,0x20004020,1,0x0
6223,1120,master,0x06000464,read,0x20004020,1,0x0
6224,1120,master,0x06000464,read,0x20004020,1,0x1
6225,1120,master,0x0600046A,read,0x20004021,1,0x22
6226,1120,master,0x06000464,read,0x20004020,1,0x0
6227,1120,master,0x06000464,read,0x20004020,1,0x0
6228,1120,master,0x06000464,read,0x20004020,1,0x0
6229,1120,master,0x06000464,read,0x20004020,1,0x0
6230,1120,master,0x06000464,read,0x20004020,1,0x0
6231,1120,master,0x06000464,read,0x20004020,1,0x0
6232,1120,master,0x06000464,read,0x20004020,1,0x0
6233,1120,master,0x06000464,read,0x20004020,1,0x0
6234,1120,master,0x06000464,read,0x20004020,1,0x0
6235,1120,master,0x06000464,read,0x20004020,1,0x1
6236,1120,master,0x0600046A,read,0x20004021,1,0x22
6237,1120,master,0x06000464,read,0x20004020,1,0x0
6238,1120,master,0x06000464,read,0x20004020,1,0x0
6239,1120,master,0x06000464,read,0x20004020,1,0x0
6240,1120,master,0x06000464,read,0x20004020,1,0x0
6241,1120,master,0x06000464,read,0x20004020,1,0x0
6242,1120,master,0x06000464,read,0x20004020,1,0x0
6243,1120,master,0x06000464,read,0x20004020,1,0x0
6244,1120,master,0x06000464,read,0x20004020,1,0x0
6245,1120,master,0x06000464,read,0x20004020,1,0x0
6246,1120,master,0x06000464,read,0x20004020,1,0x1
6247,1120,master,0x0600046A,read,0x20004021,1,0x22
6248,1120,master,0x06000464,read,0x20004020,1,0x0
6249,1120,master,0x06000464,read,0x20004020,1,0x0
6250,1120,master,0x06000464,read,0x20004020,1,0x0
6251,1120,master,0x06000464,read,0x20004020,1,0x0
6252,1120,master,0x06000464,read,0x20004020,1,0x0
6253,1120,master,0x06000464,read,0x20004020,1,0x0
6254,1120,master,0x06000464,read,0x20004020,1,0x0
6255,1120,master,0x06000464,read,0x20004020,1,0x0
6256,1120,master,0x06000464,read,0x20004020,1,0x0
6257,1120,master,0x06000464,read,0x20004020,1,0x1
6258,1120,master,0x0600046A,read,0x20004021,1,0x22
6259,1120,master,0x06000464,read,0x20004020,1,0x0
6260,1120,master,0x06000464,read,0x20004020,1,0x0
6261,1120,master,0x06000464,read,0x20004020,1,0x0
6262,1120,master,0x06000464,read,0x20004020,1,0x0
6263,1120,master,0x06000464,read,0x20004020,1,0x0
6264,1120,master,0x06000464,read,0x20004020,1,0x0
6265,1120,master,0x06000464,read,0x20004020,1,0x0
6266,1120,master,0x06000464,read,0x20004020,1,0x0
6267,1120,master,0x06000464,read,0x20004020,1,0x0
6268,1120,master,0x06000464,read,0x20004020,1,0x1
6269,1120,master,0x0600046A,read,0x20004021,1,0x22
6270,1120,master,0x06000464,read,0x20004020,1,0x0
6271,1120,master,0x06000464,read,0x20004020,1,0x0
6272,1120,master,0x06000464,read,0x20004020,1,0x0
6273,1120,master,0x06000464,read,0x20004020,1,0x0
6274,1120,master,0x06000464,read,0x20004020,1,0x0
6275,1120,master,0x06000464,read,0x20004020,1,0x0
6276,1120,master,0x06000464,read,0x20004020,1,0x0
6277,1120,master,0x06000464,read,0x20004020,1,0x0
6278,1120,master,0x06000464,read,0x20004020,1,0x0
6279,1120,master,0x06000464,read,0x20004020,1,0x1
6280,1120,master,0x0600046A,read,0x20004021,1,0x22
6281,1120,master,0x06000464,read,0x20004020,1,0x0
6282,1120,master,0x06000464,read,0x20004020,1,0x0
6283,1120,master,0x06000464,read,0x20004020,1,0x0
6284,1120,master,0x06000464,read,0x20004020,1,0x0
6285,1120,master,0x06000464,read,0x20004020,1,0x0
6286,1120,master,0x06000464,read,0x20004020,1,0x0
6287,1120,master,0x06000464,read,0x20004020,1,0x0
6288,1120,master,0x06000464,read,0x20004020,1,0x0
6289,1120,master,0x06000464,read,0x20004020,1,0x0
6290,1120,master,0x06000464,read,0x20004020,1,0x1
6291,1120,master,0x0600046A,read,0x20004021,1,0x22
6292,1120,master,0x06000464,read,0x20004020,1,0x0
6293,1120,master,0x06000464,read,0x20004020,1,0x0
6294,1120,master,0x06000464,read,0x20004020,1,0x0
6295,1120,master,0x06000464,read,0x20004020,1,0x0
6296,1120,master,0x06000464,read,0x20004020,1,0x0
6297,1120,master,0x06000464,read,0x20004020,1,0x0
6298,1120,master,0x06000464,read,0x20004020,1,0x0
6299,1120,master,0x06000464,read,0x20004020,1,0x0
6300,1120,master,0x06000464,read,0x20004020,1,0x0
6301,1120,master,0x06000464,read,0x20004020,1,0x1
6302,1120,master,0x0600046A,read,0x20004021,1,0x22
6303,1120,master,0x06000464,read,0x20004020,1,0x0
6304,1120,master,0x06000464,read,0x20004020,1,0x0
6305,1120,master,0x06000464,read,0x20004020,1,0x0
6306,1120,master,0x06000464,read,0x20004020,1,0x0
6307,1120,master,0x06000464,read,0x20004020,1,0x0
6308,1120,master,0x06000464,read,0x20004020,1,0x0
6309,1120,master,0x06000464,read,0x20004020,1,0x0
6310,1120,master,0x06000464,read,0x20004020,1,0x0
6311,1120,master,0x06000464,read,0x20004020,1,0x0
6312,1120,master,0x06000464,read,0x20004020,1,0x1
6313,1120,master,0x0600046A,read,0x20004021,1,0x22
6314,1120,master,0x06000464,read,0x20004020,1,0x0
6315,1120,master,0x06000464,read,0x20004020,1,0x0
6316,1120,master,0x06000464,read,0x20004020,1,0x0
6317,1120,master,0x06000464,read,0x20004020,1,0x0
6318,1120,master,0x06000464,read,0x20004020,1,0x0
6319,1120,master,0x06000464,read,0x20004020,1,0x0
6320,1120,master,0x06000464,read,0x20004020,1,0x0
6321,1120,master,0x06000464,read,0x20004020,1,0x0
6322,1120,master,0x06000464,read,0x20004020,1,0x0
6323,1120,master,0x06000464,read,0x20004020,1,0x1
6324,1120,master,0x0600046A,read,0x20004021,1,0x22
6325,1120,master,0x06000464,read,0x20004020,1,0x0
6326,1120,master,0x06000464,read,0x20004020,1,0x0
6327,1120,master,0x06000464,read,0x20004020,1,0x0
6328,1120,master,0x06000464,read,0x20004020,1,0x0
6329,1120,master,0x06000464,read,0x20004020,1,0x0
6330,1120,master,0x06000464,read,0x20004020,1,0x0
6331,1120,master,0x06000464,read,0x20004020,1,0x0
6332,1120,master,0x06000464,read,0x20004020,1,0x0
6333,1120,master,0x06000464,read,0x20004020,1,0x0
6334,1120,master,0x06000464,read,0x20004020,1,0x1
6335,1120,master,0x0600046A,read,0x20004021,1,0x22
6336,1120,master,0x06000464,read,0x20004020,1,0x0
6337,1120,master,0x06000464,read,0x20004020,1,0x0
6338,1120,master,0x06000464,read,0x20004020,1,0x0
6339,1120,master,0x06000464,read,0x20004020,1,0x0
6340,1120,master,0x06000464,read,0x20004020,1,0x0
6341,1120,master,0x06000464,read,0x20004020,1,0x0
6342,1120,master,0x06000464,read,0x20004020,1,0x0
6343,1120,master,0x06000464,read,0x20004020,1,0x0
6344,1120,master,0x06000464,read,0x20004020,1,0x0
6345,1120,master,0x06000464,read,0x20004020,1,0x1
6346,1120,master,0x0600046A,read,0x20004021,1,0x2B
6347,1122,master,0x06000464,read,0x20004020,1,0x0
6348,1122,master,0x06000464,read,0x20004020,1,0x0
6349,1122,master,0x06000464,read,0x20004020,1,0x0
6350,1122,master,0x06000464,read,0x20004020,1,0x0
6351,1122,master,0x06000464,read,0x20004020,1,0x0
6352,1122,master,0x06000464,read,0x20004020,1,0x0
6353,1122,master,0x06000464,read,0x20004020,1,0x0
6354,1122,master,0x06000464,read,0x20004020,1,0x0
6355,1122,master,0x06000464,read,0x20004020,1,0x0
6356,1122,master,0x06000464,read,0x20004020,1,0x0
6357,1122,master,0x06000464,read,0x20004020,1,0x1
6358,1122,master,0x0600046A,read,0x20004021,1,0x22
6359,1122,master,0x06000464,read,0x20004020,1,0x0
6360,1122,master,0x06000464,read,0x20004020,1,0x0
6361,1122,master,0x06000464,read,0x20004020,1,0x0
6362,1122,master,0x06000464,read,0x20004020,1,0x0
6363,1122,master,0x06000464,read,0x20004020,1,0x0
6364,1122,master,0x06000464,read,0x20004020,1,0x0
6365,1122,master,0x06000464,read,0x20004020,1,0x0
6366,1122,master,0x06000464,read,0x20004020,1,0x0
6367,1122,master,0x06000464,read,0x20004020,1,0x0
6368,1122,master,0x06000464,read,0x20004020,1,0x1
6369,1122,master,0x0600046A,read,0x20004021,1,0x22
6370,1123,master,0x06000464,read,0x20004020,1,0x0
6371,1123,master,0x06000464,read,0x20004020,1,0x0
6372,1123,master,0x06000464,read,0x20004020,1,0x0
6373,1123,master,0x06000464,read,0x20004020,1,0x0
6374,1123,master,0x06000464,read,0x20004020,1,0x0
6375,1123,master,0x06000464,read,0x20004020,1,0x0
6376,1123,master,0x06000464,read,0x20004020,1,0x0
6377,1123,master,0x06000464,read,0x20004020,1,0x0
6378,1123,master,0x06000464,read,0x20004020,1,0x0
6379,1123,master,0x06000464,read,0x20004020,1,0x1
6380,1123,master,0x0600046A,read,0x20004021,1,0x22
6381,1123,master,0x06000464,read,0x20004020,1,0x0
6382,1123,master,0x06000464,read,0x20004020,1,0x0
6383,1123,master,0x06000464,read,0x20004020,1,0x0
6384,1123,master,0x06000464,read,0x20004020,1,0x0
6385,1123,master,0x06000464,read,0x20004020,1,0x0
6386,1123,master,0x06000464,read,0x20004020,1,0x0
6387,1123,master,0x06000464,read,0x20004020,1,0x0
6388,1123,master,0x06000464,read,0x20004020,1,0x0
6389,1123,master,0x06000464,read,0x20004020,1,0x0
6390,1123,master,0x06000464,read,0x20004020,1,0x1
6391,1123,master,0x0600046A,read,0x20004021,1,0x22
6392,1123,master,0x06000464,read,0x20004020,1,0x0
6393,1123,master,0x06000464,read,0x20004020,1,0x0
6394,1123,master,0x06000464,read,0x20004020,1,0x0
6395,1123,master,0x06000464,read,0x20004020,1,0x0
6396,1123,master,0x06000464,read,0x20004020,1,0x0
6397,1123,master,0x06000464,read,0x20004020,1,0x0
6398,1123,master,0x06000464,read,0x20004020,1,0x0
6399,1123,master,0x06000464,read,0x20004020,1,0x0
6400,1123,master,0x06000464,read,0x20004020,1,0x0
6401,1123,master,0x06000464,read,0x20004020,1,0x1
6402,1123,master,0x0600046A,read,0x20004021,1,0x22
6403,1123,master,0x06000464,read,0x20004020,1,0x0
6404,1123,master,0x06000464,read,0x20004020,1,0x0
6405,1123,master,0x06000464,read,0x20004020,1,0x0
6406,1123,master,0x06000464,read,0x20004020,1,0x0
6407,1123,master,0x06000464,read,0x20004020,1,0x0
6408,1123,master,0x06000464,read,0x20004020,1,0x0
6409,1123,master,0x06000464,read,0x20004020,1,0x0
6410,1123,master,0x06000464,read,0x20004020,1,0x0
6411,1123,master,0x06000464,read,0x20004020,1,0x0
6412,1123,master,0x06000464,read,0x20004020,1,0x1
6413,1123,master,0x0600046A,read,0x20004021,1,0x22
6414,1123,master,0x06000464,read,0x20004020,1,0x0
6415,1123,master,0x06000464,read,0x20004020,1,0x0
6416,1123,master,0x06000464,read,0x20004020,1,0x0
6417,1123,master,0x06000464,read,0x20004020,1,0x0
6418,1123,master,0x06000464,read,0x20004020,1,0x0
6419,1123,master,0x06000464,read,0x20004020,1,0x0
6420,1123,master,0x06000464,read,0x20004020,1,0x0
6421,1123,master,0x06000464,read,0x20004020,1,0x0
6422,1123,master,0x06000464,read,0x20004020,1,0x0
6423,1123,master,0x06000464,read,0x20004020,1,0x1
6424,1123,master,0x0600046A,read,0x20004021,1,0x22
6425,1123,master,0x06000464,read,0x20004020,1,0x0
6426,1123,master,0x06000464,read,0x20004020,1,0x0
6427,1123,master,0x06000464,read,0x20004020,1,0x0
6428,1123,master,0x06000464,read,0x20004020,1,0x0
6429,1123,master,0x06000464,read,0x20004020,1,0x0
6430,1123,master,0x06000464,read,0x20004020,1,0x0
6431,1123,master,0x06000464,read,0x20004020,1,0x0
6432,1123,master,0x06000464,read,0x20004020,1,0x0
6433,1123,master,0x06000464,read,0x20004020,1,0x0
6434,1123,master,0x06000464,read,0x20004020,1,0x1
6435,1123,master,0x0600046A,read,0x20004021,1,0x22
6436,1123,master,0x06000464,read,0x20004020,1,0x0
6437,1123,master,0x06000464,read,0x20004020,1,0x0
6438,1123,master,0x06000464,read,0x20004020,1,0x0
6439,1123,master,0x06000464,read,0x20004020,1,0x0
6440,1123,master,0x06000464,read,0x20004020,1,0x0
6441,1123,master,0x06000464,read,0x20004020,1,0x0
6442,1123,master,0x06000464,read,0x20004020,1,0x0
6443,1123,master,0x06000464,read,0x20004020,1,0x0
6444,1123,master,0x06000464,read,0x20004020,1,0x0
6445,1123,master,0x06000464,read,0x20004020,1,0x1
6446,1123,master,0x0600046A,read,0x20004021,1,0x22
6447,1123,master,0x06000464,read,0x20004020,1,0x0
6448,1123,master,0x06000464,read,0x20004020,1,0x0
6449,1123,master,0x06000464,read,0x20004020,1,0x0
6450,1123,master,0x06000464,read,0x20004020,1,0x0
6451,1123,master,0x06000464,read,0x20004020,1,0x0
6452,1123,master,0x06000464,read,0x20004020,1,0x0
6453,1123,master,0x06000464,read,0x20004020,1,0x0
6454,1123,master,0x06000464,read,0x20004020,1,0x0
6455,1123,master,0x06000464,read,0x20004020,1,0x0
6456,1123,master,0x06000464,read,0x20004020,1,0x1
6457,1123,master,0x0600046A,read,0x20004021,1,0x22
6458,1123,master,0x06000464,read,0x20004020,1,0x0
6459,1123,master,0x06000464,read,0x20004020,1,0x0
6460,1123,master,0x06000464,read,0x20004020,1,0x0
6461,1123,master,0x06000464,read,0x20004020,1,0x0
6462,1123,master,0x06000464,read,0x20004020,1,0x0
6463,1123,master,0x06000464,read,0x20004020,1,0x0
6464,1123,master,0x06000464,read,0x20004020,1,0x0
6465,1123,master,0x06000464,read,0x20004020,1,0x0
6466,1123,master,0x06000464,read,0x20004020,1,0x0
6467,1123,master,0x06000464,read,0x20004020,1,0x1
6468,1123,master,0x0600046A,read,0x20004021,1,0x22
6469,1123,master,0x06000464,read,0x20004020,1,0x0
6470,1123,master,0x06000464,read,0x20004020,1,0x0
6471,1123,master,0x06000464,read,0x20004020,1,0x0
6472,1123,master,0x06000464,read,0x20004020,1,0x0
6473,1123,master,0x06000464,read,0x20004020,1,0x0
6474,1123,master,0x06000464,read,0x20004020,1,0x0
6475,1123,master,0x06000464,read,0x20004020,1,0x0
6476,1123,master,0x06000464,read,0x20004020,1,0x0
6477,1123,master,0x06000464,read,0x20004020,1,0x0
6478,1123,master,0x06000464,read,0x20004020,1,0x1
6479,1123,master,0x0600046A,read,0x20004021,1,0x22
6480,1123,master,0x06000464,read,0x20004020,1,0x0
6481,1123,master,0x06000464,read,0x20004020,1,0x0
6482,1123,master,0x06000464,read,0x20004020,1,0x0
6483,1123,master,0x06000464,read,0x20004020,1,0x0
6484,1123,master,0x06000464,read,0x20004020,1,0x0
6485,1123,master,0x06000464,read,0x20004020,1,0x0
6486,1123,master,0x06000464,read,0x20004020,1,0x0
6487,1123,master,0x06000464,read,0x20004020,1,0x0
6488,1123,master,0x06000464,read,0x20004020,1,0x0
6489,1123,master,0x06000464,read,0x20004020,1,0x1
6490,1123,master,0x0600046A,read,0x20004021,1,0x22
6491,1123,master,0x06000464,read,0x20004020,1,0x0
6492,1123,master,0x06000464,read,0x20004020,1,0x0
6493,1123,master,0x06000464,read,0x20004020,1,0x0
6494,1123,master,0x06000464,read,0x20004020,1,0x0
6495,1123,master,0x06000464,read,0x20004020,1,0x0
6496,1123,master,0x06000464,read,0x20004020,1,0x0
6497,1123,master,0x06000464,read,0x20004020,1,0x0
6498,1123,master,0x06000464,read,0x20004020,1,0x0
6499,1123,master,0x06000464,read,0x20004020,1,0x0
6500,1123,master,0x06000464,read,0x20004020,1,0x1
6501,1123,master,0x0600046A,read,0x20004021,1,0x22
6502,1123,master,0x06000464,read,0x20004020,1,0x0
6503,1123,master,0x06000464,read,0x20004020,1,0x0
6504,1123,master,0x06000464,read,0x20004020,1,0x0
6505,1123,master,0x06000464,read,0x20004020,1,0x0
6506,1123,master,0x06000464,read,0x20004020,1,0x0
6507,1123,master,0x06000464,read,0x20004020,1,0x0
6508,1123,master,0x06000464,read,0x20004020,1,0x0
6509,1123,master,0x06000464,read,0x20004020,1,0x0
6510,1123,master,0x06000464,read,0x20004020,1,0x0
6511,1123,master,0x06000464,read,0x20004020,1,0x1
6512,1123,master,0x0600046A,read,0x20004021,1,0x22
6513,1123,master,0x06000464,read,0x20004020,1,0x0
6514,1123,master,0x06000464,read,0x20004020,1,0x0
6515,1123,master,0x06000464,read,0x20004020,1,0x0
6516,1123,master,0x06000464,read,0x20004020,1,0x0
6517,1123,master,0x06000464,read,0x20004020,1,0x0
6518,1123,master,0x06000464,read,0x20004020,1,0x0
6519,1123,master,0x06000464,read,0x20004020,1,0x0
6520,1123,master,0x06000464,read,0x20004020,1,0x0
6521,1123,master,0x06000464,read,0x20004020,1,0x0
6522,1123,master,0x06000464,read,0x20004020,1,0x1
6523,1123,master,0x0600046A,read,0x20004021,1,0x22
6524,1123,master,0x06000464,read,0x20004020,1,0x0
6525,1123,master,0x06000464,read,0x20004020,1,0x0
6526,1123,master,0x06000464,read,0x20004020,1,0x0
6527,1123,master,0x06000464,read,0x20004020,1,0x0
6528,1123,master,0x06000464,read,0x20004020,1,0x0
6529,1123,master,0x06000464,read,0x20004020,1,0x0
6530,1123,master,0x06000464,read,0x20004020,1,0x0
6531,1123,master,0x06000464,read,0x20004020,1,0x0
6532,1123,master,0x06000464,read,0x20004020,1,0x0
6533,1123,master,0x06000464,read,0x20004020,1,0x1
6534,1123,master,0x0600046A,read,0x20004021,1,0x22
6535,1123,master,0x06000464,read,0x20004020,1,0x0
6536,1123,master,0x06000464,read,0x20004020,1,0x0
6537,1123,master,0x06000464,read,0x20004020,1,0x0
6538,1123,master,0x06000464,read,0x20004020,1,0x0
6539,1123,master,0x06000464,read,0x20004020,1,0x0
6540,1123,master,0x06000464,read,0x20004020,1,0x0
6541,1123,master,0x06000464,read,0x20004020,1,0x0
6542,1123,master,0x06000464,read,0x20004020,1,0x0
6543,1123,master,0x06000464,read,0x20004020,1,0x0
6544,1123,master,0x06000464,read,0x20004020,1,0x1
6545,1123,master,0x0600046A,read,0x20004021,1,0x22
6546,1123,master,0x06000464,read,0x20004020,1,0x0
6547,1123,master,0x06000464,read,0x20004020,1,0x0
6548,1123,master,0x06000464,read,0x20004020,1,0x0
6549,1123,master,0x06000464,read,0x20004020,1,0x0
6550,1123,master,0x06000464,read,0x20004020,1,0x0
6551,1123,master,0x06000464,read,0x20004020,1,0x0
6552,1123,master,0x06000464,read,0x20004020,1,0x0
6553,1123,master,0x06000464,read,0x20004020,1,0x0
6554,1123,master,0x06000464,read,0x20004020,1,0x0
6555,1123,master,0x06000464,read,0x20004020,1,0x1
6556,1123,master,0x0600046A,read,0x20004021,1,0x22
6557,1123,master,0x06000464,read,0x20004020,1,0x0
6558,1123,master,0x06000464,read,0x20004020,1,0x0
6559,1123,master,0x06000464,read,0x20004020,1,0x0
6560,1123,master,0x06000464,read,0x20004020,1,0x0
6561,1123,master,0x06000464,read,0x20004020,1,0x0
6562,1123,master,0x06000464,read,0x20004020,1,0x0
6563,1123,master,0x06000464,read,0x20004020,1,0x0
6564,1123,master,0x06000464,read,0x20004020,1,0x0
6565,1123,master,0x06000464,read,0x20004020,1,0x0
6566,1123,master,0x06000464,read,0x20004020,1,0x1
6567,1123,master,0x0600046A,read,0x20004021,1,0x2B
6568,1125,master,0x06000464,read,0x20004020,1,0x0
6569,1125,master,0x06000464,read,0x20004020,1,0x0
6570,1125,master,0x06000464,read,0x20004020,1,0x0
6571,1125,master,0x06000464,read,0x20004020,1,0x0
6572,1125,master,0x06000464,read,0x20004020,1,0x0
6573,1125,master,0x06000464,read,0x20004020,1,0x0
6574,1125,master,0x06000464,read,0x20004020,1,0x0
6575,1125,master,0x06000464,read,0x20004020,1,0x0
6576,1125,master,0x06000464,read,0x20004020,1,0x0
6577,1125,master,0x06000464,read,0x20004020,1,0x0
6578,1125,master,0x06000464,read,0x20004020,1,0x1
6579,1125,master,0x0600046A,read,0x20004021,1,0x22
6580,1125,master,0x06000464,read,0x20004020,1,0x0
6581,1125,master,0x06000464,read,0x20004020,1,0x0
6582,1125,master,0x06000464,read,0x20004020,1,0x0
6583,1125,master,0x06000464,read,0x20004020,1,0x0
6584,1125,master,0x06000464,read,0x20004020,1,0x0
6585,1125,master,0x06000464,read,0x20004020,1,0x0
6586,1125,master,0x06000464,read,0x20004020,1,0x0
6587,1125,master,0x06000464,read,0x20004020,1,0x0
6588,1125,master,0x06000464,read,0x20004020,1,0x0
6589,1125,master,0x06000464,read,0x20004020,1,0x1
6590,1125,master,0x0600046A,read,0x20004021,1,0x22
6591,1125,master,0x06000464,read,0x20004020,1,0x0
6592,1125,master,0x06000464,read,0x20004020,1,0x0
6593,1125,master,0x06000464,read,0x20004020,1,0x0
6594,1125,master,0x06000464,read,0x20004020,1,0x0
6595,1125,master,0x06000464,read,0x20004020,1,0x0
6596,1125,master,0x06000464,read,0x20004020,1,0x0
6597,1125,master,0x06000464,read,0x20004020,1,0x0
6598,1125,master,0x06000464,read,0x20004020,1,0x0
6599,1125,master,0x06000464,read,0x20004020,1,0x0
6600,1125,master,0x06000464,read,0x20004020,1,0x1
6601,1125,master,0x0600046A,read,0x20004021,1,0x22
6602,1126,master,0x06000464,read,0x20004020,1,0x0
6603,1126,master,0x06000464,read,0x20004020,1,0x0
6604,1126,master,0x06000464,read,0x20004020,1,0x0
6605,1126,master,0x06000464,read,0x20004020,1,0x0
6606,1126,master,0x06000464,read,0x20004020,1,0x0
6607,1126,master,0x06000464,read,0x20004020,1,0x0
6608,1126,master,0x06000464,read,0x20004020,1,0x0
6609,1126,master,0x06000464,read,0x20004020,1,0x0
6610,1126,master,0x06000464,read,0x20004020,1,0x0
6611,1126,master,0x06000464,read,0x20004020,1,0x1
6612,1126,master,0x0600046A,read,0x20004021,1,0x22
6613,1126,master,0x06000464,read,0x20004020,1,0x0
6614,1126,master,0x06000464,read,0x20004020,1,0x0
6615,1126,master,0x06000464,read,0x20004020,1,0x0
6616,1126,master,0x06000464,read,0x20004020,1,0x0
6617,1126,master,0x06000464,read,0x20004020,1,0x0
6618,1126,master,0x06000464,read,0x20004020,1,0x0
6619,1126,master,0x06000464,read,0x20004020,1,0x0
6620,1126,master,0x06000464,read,0x20004020,1,0x0
6621,1126,master,0x06000464,read,0x20004020,1,0x0
6622,1126,master,0x06000464,read,0x20004020,1,0x1
6623,1126,master,0x0600046A,read,0x20004021,1,0x22
6624,1126,master,0x06000464,read,0x20004020,1,0x0
6625,1126,master,0x06000464,read,0x20004020,1,0x0
6626,1126,master,0x06000464,read,0x20004020,1,0x0
6627,1126,master,0x06000464,read,0x20004020,1,0x0
6628,1126,master,0x06000464,read,0x20004020,1,0x0
6629,1126,master,0x06000464,read,0x20004020,1,0x0
6630,1126,master,0x06000464,read,0x20004020,1,0x0
6631,1126,master,0x06000464,read,0x20004020,1,0x0
6632,1126,master,0x06000464,read,0x20004020,1,0x0
6633,1126,master,0x06000464,read,0x20004020,1,0x1
6634,1126,master,0x0600046A,read,0x20004021,1,0x22
6635,1126,master,0x06000464,read,0x20004020,1,0x0
6636,1126,master,0x06000464,read,0x20004020,1,0x0
6637,1126,master,0x06000464,read,0x20004020,1,0x0
6638,1126,master,0x06000464,read,0x20004020,1,0x0
6639,1126,master,0x06000464,read,0x20004020,1,0x0
6640,1126,master,0x06000464,read,0x20004020,1,0x0
6641,1126,master,0x06000464,read,0x20004020,1,0x0
6642,1126,master,0x06000464,read,0x20004020,1,0x0
6643,1126,master,0x06000464,read,0x20004020,1,0x0
6644,1126,master,0x06000464,read,0x20004020,1,0x1
6645,1126,master,0x0600046A,read,0x20004021,1,0x22
6646,1126,master,0x06000464,read,0x20004020,1,0x0
6647,1126,master,0x06000464,read,0x20004020,1,0x0
6648,1126,master,0x06000464,read,0x20004020,1,0x0
6649,1126,master,0x06000464,read,0x20004020,1,0x0
6650,1126,master,0x06000464,read,0x20004020,1,0x0
6651,1126,master,0x06000464,read,0x20004020,1,0x0
6652,1126,master,0x06000464,read,0x20004020,1,0x0
6653,1126,master,0x06000464,read,0x20004020,1,0x0
6654,1126,master,0x06000464,read,0x20004020,1,0x0
6655,1126,master,0x06000464,read,0x20004020,1,0x0
6656,1126,master,0x06000464,read,0x20004020,1,0x1
6657,1126,master,0x0600046A,read,0x20004021,1,0x22
6658,1126,master,0x06000464,read,0x20004020,1,0x0
6659,1126,master,0x06000464,read,0x20004020,1,0x0
6660,1126,master,0x06000464,read,0x20004020,1,0x0
6661,1126,master,0x06000464,read,0x20004020,1,0x0
6662,1126,master,0x06000464,read,0x20004020,1,0x0
6663,1126,master,0x06000464,read,0x20004020,1,0x0
6664,1126,master,0x06000464,read,0x20004020,1,0x0
6665,1126,master,0x06000464,read,0x20004020,1,0x0
6666,1126,master,0x06000464,read,0x20004020,1,0x0
6667,1126,master,0x06000464,read,0x20004020,1,0x1
6668,1126,master,0x0600046A,read,0x20004021,1,0x22
6669,1126,master,0x06000464,read,0x20004020,1,0x0
6670,1126,master,0x06000464,read,0x20004020,1,0x0
6671,1126,master,0x06000464,read,0x20004020,1,0x0
6672,1126,master,0x06000464,read,0x20004020,1,0x0
6673,1126,master,0x06000464,read,0x20004020,1,0x0
6674,1126,master,0x06000464,read,0x20004020,1,0x0
6675,1126,master,0x06000464,read,0x20004020,1,0x0
6676,1126,master,0x06000464,read,0x20004020,1,0x0
6677,1126,master,0x06000464,read,0x20004020,1,0x0
6678,1126,master,0x06000464,read,0x20004020,1,0x1
6679,1126,master,0x0600046A,read,0x20004021,1,0x22
6680,1126,master,0x06000464,read,0x20004020,1,0x0
6681,1126,master,0x06000464,read,0x20004020,1,0x0
6682,1126,master,0x06000464,read,0x20004020,1,0x0
6683,1126,master,0x06000464,read,0x20004020,1,0x0
6684,1126,master,0x06000464,read,0x20004020,1,0x0
6685,1126,master,0x06000464,read,0x20004020,1,0x0
6686,1126,master,0x06000464,read,0x20004020,1,0x0
6687,1126,master,0x06000464,read,0x20004020,1,0x0
6688,1126,master,0x06000464,read,0x20004020,1,0x0
6689,1126,master,0x06000464,read,0x20004020,1,0x1
6690,1126,master,0x0600046A,read,0x20004021,1,0x22
6691,1126,master,0x06000464,read,0x20004020,1,0x0
6692,1126,master,0x06000464,read,0x20004020,1,0x0
6693,1126,master,0x06000464,read,0x20004020,1,0x0
6694,1126,master,0x06000464,read,0x20004020,1,0x0
6695,1126,master,0x06000464,read,0x20004020,1,0x0
6696,1126,master,0x06000464,read,0x20004020,1,0x0
6697,1126,master,0x06000464,read,0x20004020,1,0x0
6698,1126,master,0x06000464,read,0x20004020,1,0x0
6699,1126,master,0x06000464,read,0x20004020,1,0x0
6700,1126,master,0x06000464,read,0x20004020,1,0x1
6701,1126,master,0x0600046A,read,0x20004021,1,0x22
6702,1126,master,0x06000464,read,0x20004020,1,0x0
6703,1126,master,0x06000464,read,0x20004020,1,0x0
6704,1126,master,0x06000464,read,0x20004020,1,0x0
6705,1126,master,0x06000464,read,0x20004020,1,0x0
6706,1126,master,0x06000464,read,0x20004020,1,0x0
6707,1126,master,0x06000464,read,0x20004020,1,0x0
6708,1126,master,0x06000464,read,0x20004020,1,0x0
6709,1126,master,0x06000464,read,0x20004020,1,0x0
6710,1126,master,0x06000464,read,0x20004020,1,0x0
6711,1126,master,0x06000464,read,0x20004020,1,0x1
6712,1126,master,0x0600046A,read,0x20004021,1,0x22
6713,1126,master,0x06000464,read,0x20004020,1,0x0
6714,1126,master,0x06000464,read,0x20004020,1,0x0
6715,1126,master,0x06000464,read,0x20004020,1,0x0
6716,1126,master,0x06000464,read,0x20004020,1,0x0
6717,1126,master,0x06000464,read,0x20004020,1,0x0
6718,1126,master,0x06000464,read,0x20004020,1,0x0
6719,1126,master,0x06000464,read,0x20004020,1,0x0
6720,1126,master,0x06000464,read,0x20004020,1,0x0
6721,1126,master,0x06000464,read,0x20004020,1,0x0
6722,1126,master,0x06000464,read,0x20004020,1,0x1
6723,1126,master,0x0600046A,read,0x20004021,1,0x22
6724,1126,master,0x06000464,read,0x20004020,1,0x0
6725,1126,master,0x06000464,read,0x20004020,1,0x0
6726,1126,master,0x06000464,read,0x20004020,1,0x0
6727,1126,master,0x06000464,read,0x20004020,1,0x0
6728,1126,master,0x06000464,read,0x20004020,1,0x0
6729,1126,master,0x06000464,read,0x20004020,1,0x0
6730,1126,master,0x06000464,read,0x20004020,1,0x0
6731,1126,master,0x06000464,read,0x20004020,1,0x0
6732,1126,master,0x06000464,read,0x20004020,1,0x0
6733,1126,master,0x06000464,read,0x20004020,1,0x1
6734,1126,master,0x0600046A,read,0x20004021,1,0x22
6735,1126,master,0x06000464,read,0x20004020,1,0x0
6736,1126,master,0x06000464,read,0x20004020,1,0x0
6737,1126,master,0x06000464,read,0x20004020,1,0x0
6738,1126,master,0x06000464,read,0x20004020,1,0x0
6739,1126,master,0x06000464,read,0x20004020,1,0x0
6740,1126,master,0x06000464,read,0x20004020,1,0x0
6741,1126,master,0x06000464,read,0x20004020,1,0x0
6742,1126,master,0x06000464,read,0x20004020,1,0x0
6743,1126,master,0x06000464,read,0x20004020,1,0x0
6744,1126,master,0x06000464,read,0x20004020,1,0x1
6745,1126,master,0x0600046A,read,0x20004021,1,0x22
6746,1126,master,0x06000464,read,0x20004020,1,0x0
6747,1126,master,0x06000464,read,0x20004020,1,0x0
6748,1126,master,0x06000464,read,0x20004020,1,0x0
6749,1126,master,0x06000464,read,0x20004020,1,0x0
6750,1126,master,0x06000464,read,0x20004020,1,0x0
6751,1126,master,0x06000464,read,0x20004020,1,0x0
6752,1126,master,0x06000464,read,0x20004020,1,0x0
6753,1126,master,0x06000464,read,0x20004020,1,0x0
6754,1126,master,0x06000464,read,0x20004020,1,0x0
6755,1126,master,0x06000464,read,0x20004020,1,0x1
6756,1126,master,0x0600046A,read,0x20004021,1,0x22
6757,1126,master,0x06000464,read,0x20004020,1,0x0
6758,1126,master,0x06000464,read,0x20004020,1,0x0
6759,1126,master,0x06000464,read,0x20004020,1,0x0
6760,1126,master,0x06000464,read,0x20004020,1,0x0
6761,1126,master,0x06000464,read,0x20004020,1,0x0
6762,1126,master,0x06000464,read,0x20004020,1,0x0
6763,1126,master,0x06000464,read,0x20004020,1,0x0
6764,1126,master,0x06000464,read,0x20004020,1,0x0
6765,1126,master,0x06000464,read,0x20004020,1,0x0
6766,1126,master,0x06000464,read,0x20004020,1,0x1
6767,1126,master,0x0600046A,read,0x20004021,1,0x22
6768,1126,master,0x06000464,read,0x20004020,1,0x0
6769,1126,master,0x06000464,read,0x20004020,1,0x0
6770,1126,master,0x06000464,read,0x20004020,1,0x0
6771,1126,master,0x06000464,read,0x20004020,1,0x0
6772,1126,master,0x06000464,read,0x20004020,1,0x0
6773,1126,master,0x06000464,read,0x20004020,1,0x0
6774,1126,master,0x06000464,read,0x20004020,1,0x0
6775,1126,master,0x06000464,read,0x20004020,1,0x0
6776,1126,master,0x06000464,read,0x20004020,1,0x0
6777,1126,master,0x06000464,read,0x20004020,1,0x1
6778,1126,master,0x0600046A,read,0x20004021,1,0x22
6779,1126,master,0x06000464,read,0x20004020,1,0x0
6780,1126,master,0x06000464,read,0x20004020,1,0x0
6781,1126,master,0x06000464,read,0x20004020,1,0x0
6782,1126,master,0x06000464,read,0x20004020,1,0x0
6783,1126,master,0x06000464,read,0x20004020,1,0x0
6784,1126,master,0x06000464,read,0x20004020,1,0x0
6785,1126,master,0x06000464,read,0x20004020,1,0x0
6786,1126,master,0x06000464,read,0x20004020,1,0x0
6787,1126,master,0x06000464,read,0x20004020,1,0x0
6788,1126,master,0x06000464,read,0x20004020,1,0x1
6789,1126,master,0x0600046A,read,0x20004021,1,0x2B
6790,1128,master,0x06000464,read,0x20004020,1,0x0
6791,1128,master,0x06000464,read,0x20004020,1,0x0
6792,1128,master,0x06000464,read,0x20004020,1,0x0
6793,1128,master,0x06000464,read,0x20004020,1,0x0
6794,1128,master,0x06000464,read,0x20004020,1,0x0
6795,1128,master,0x06000464,read,0x20004020,1,0x0
6796,1128,master,0x06000464,read,0x20004020,1,0x0
6797,1128,master,0x06000464,read,0x20004020,1,0x0
6798,1128,master,0x06000464,read,0x20004020,1,0x0
6799,1128,master,0x06000464,read,0x20004020,1,0x0
6800,1128,master,0x06000464,read,0x20004020,1,0x1
6801,1128,master,0x0600046A,read,0x20004021,1,0x22
6802,1128,master,0x06000464,read,0x20004020,1,0x0
6803,1128,master,0x06000464,read,0x20004020,1,0x0
6804,1128,master,0x06000464,read,0x20004020,1,0x0
6805,1128,master,0x06000464,read,0x20004020,1,0x0
6806,1128,master,0x06000464,read,0x20004020,1,0x0
6807,1128,master,0x06000464,read,0x20004020,1,0x0
6808,1128,master,0x06000464,read,0x20004020,1,0x0
6809,1128,master,0x06000464,read,0x20004020,1,0x0
6810,1128,master,0x06000464,read,0x20004020,1,0x0
6811,1128,master,0x06000464,read,0x20004020,1,0x1
6812,1128,master,0x0600046A,read,0x20004021,1,0x22
6813,1128,master,0x06000464,read,0x20004020,1,0x0
6814,1128,master,0x06000464,read,0x20004020,1,0x0
6815,1128,master,0x06000464,read,0x20004020,1,0x0
6816,1128,master,0x06000464,read,0x20004020,1,0x0
6817,1128,master,0x06000464,read,0x20004020,1,0x0
6818,1128,master,0x06000464,read,0x20004020,1,0x0
6819,1128,master,0x06000464,read,0x20004020,1,0x0
6820,1128,master,0x06000464,read,0x20004020,1,0x0
6821,1128,master,0x06000464,read,0x20004020,1,0x0
6822,1128,master,0x06000464,read,0x20004020,1,0x1
6823,1128,master,0x0600046A,read,0x20004021,1,0x22
6824,1129,master,0x06000464,read,0x20004020,1,0x0
6825,1129,master,0x06000464,read,0x20004020,1,0x0
6826,1129,master,0x06000464,read,0x20004020,1,0x0
6827,1129,master,0x06000464,read,0x20004020,1,0x0
6828,1129,master,0x06000464,read,0x20004020,1,0x0
6829,1129,master,0x06000464,read,0x20004020,1,0x0
6830,1129,master,0x06000464,read,0x20004020,1,0x0
6831,1129,master,0x06000464,read,0x20004020,1,0x0
6832,1129,master,0x06000464,read,0x20004020,1,0x0
6833,1129,master,0x06000464,read,0x20004020,1,0x1
6834,1129,master,0x0600046A,read,0x20004021,1,0x22
6835,1129,master,0x06000464,read,0x20004020,1,0x0
6836,1129,master,0x06000464,read,0x20004020,1,0x0
6837,1129,master,0x06000464,read,0x20004020,1,0x0
6838,1129,master,0x06000464,read,0x20004020,1,0x0
6839,1129,master,0x06000464,read,0x20004020,1,0x0
6840,1129,master,0x06000464,read,0x20004020,1,0x0
6841,1129,master,0x06000464,read,0x20004020,1,0x0
6842,1129,master,0x06000464,read,0x20004020,1,0x0
6843,1129,master,0x06000464,read,0x20004020,1,0x0
6844,1129,master,0x06000464,read,0x20004020,1,0x1
6845,1129,master,0x0600046A,read,0x20004021,1,0x22
6846,1129,master,0x06000464,read,0x20004020,1,0x0
6847,1129,master,0x06000464,read,0x20004020,1,0x0
6848,1129,master,0x06000464,read,0x20004020,1,0x0
6849,1129,master,0x06000464,read,0x20004020,1,0x0
6850,1129,master,0x06000464,read,0x20004020,1,0x0
6851,1129,master,0x06000464,read,0x20004020,1,0x0
6852,1129,master,0x06000464,read,0x20004020,1,0x0
6853,1129,master,0x06000464,read,0x20004020,1,0x0
6854,1129,master,0x06000464,read,0x20004020,1,0x0
6855,1129,master,0x06000464,read,0x20004020,1,0x1
6856,1129,master,0x0600046A,read,0x20004021,1,0x22
6857,1129,master,0x06000464,read,0x20004020,1,0x0
6858,1129,master,0x06000464,read,0x20004020,1,0x0
6859,1129,master,0x06000464,read,0x20004020,1,0x0
6860,1129,master,0x06000464,read,0x20004020,1,0x0
6861,1129,master,0x06000464,read,0x20004020,1,0x0
6862,1129,master,0x06000464,read,0x20004020,1,0x0
6863,1129,master,0x06000464,read,0x20004020,1,0x0
6864,1129,master,0x06000464,read,0x20004020,1,0x0
6865,1129,master,0x06000464,read,0x20004020,1,0x0
6866,1129,master,0x06000464,read,0x20004020,1,0x1
6867,1129,master,0x0600046A,read,0x20004021,1,0x22
6868,1129,master,0x06000464,read,0x20004020,1,0x0
6869,1129,master,0x06000464,read,0x20004020,1,0x0
6870,1129,master,0x06000464,read,0x20004020,1,0x0
6871,1129,master,0x06000464,read,0x20004020,1,0x0
6872,1129,master,0x06000464,read,0x20004020,1,0x0
6873,1129,master,0x06000464,read,0x20004020,1,0x0
6874,1129,master,0x06000464,read,0x20004020,1,0x0
6875,1129,master,0x06000464,read,0x20004020,1,0x0
6876,1129,master,0x06000464,read,0x20004020,1,0x0
6877,1129,master,0x06000464,read,0x20004020,1,0x0
6878,1129,master,0x06000464,read,0x20004020,1,0x1
6879,1129,master,0x0600046A,read,0x20004021,1,0x22
6880,1129,master,0x06000464,read,0x20004020,1,0x0
6881,1129,master,0x06000464,read,0x20004020,1,0x0
6882,1129,master,0x06000464,read,0x20004020,1,0x0
6883,1129,master,0x06000464,read,0x20004020,1,0x0
6884,1129,master,0x06000464,read,0x20004020,1,0x0
6885,1129,master,0x06000464,read,0x20004020,1,0x0
6886,1129,master,0x06000464,read,0x20004020,1,0x0
6887,1129,master,0x06000464,read,0x20004020,1,0x0
6888,1129,master,0x06000464,read,0x20004020,1,0x0
6889,1129,master,0x06000464,read,0x20004020,1,0x1
6890,1129,master,0x0600046A,read,0x20004021,1,0x22
6891,1129,master,0x06000464,read,0x20004020,1,0x0
6892,1129,master,0x06000464,read,0x20004020,1,0x0
6893,1129,master,0x06000464,read,0x20004020,1,0x0
6894,1129,master,0x06000464,read,0x20004020,1,0x0
6895,1129,master,0x06000464,read,0x20004020,1,0x0
6896,1129,master,0x06000464,read,0x20004020,1,0x0
6897,1129,master,0x06000464,read,0x20004020,1,0x0
6898,1129,master,0x06000464,read,0x20004020,1,0x0
6899,1129,master,0x06000464,read,0x20004020,1,0x0
6900,1129,master,0x06000464,read,0x20004020,1,0x1
6901,1129,master,0x0600046A,read,0x20004021,1,0x22
6902,1129,master,0x06000464,read,0x20004020,1,0x0
6903,1129,master,0x06000464,read,0x20004020,1,0x0
6904,1129,master,0x06000464,read,0x20004020,1,0x0
6905,1129,master,0x06000464,read,0x20004020,1,0x0
6906,1129,master,0x06000464,read,0x20004020,1,0x0
6907,1129,master,0x06000464,read,0x20004020,1,0x0
6908,1129,master,0x06000464,read,0x20004020,1,0x0
6909,1129,master,0x06000464,read,0x20004020,1,0x0
6910,1129,master,0x06000464,read,0x20004020,1,0x0
6911,1129,master,0x06000464,read,0x20004020,1,0x1
6912,1129,master,0x0600046A,read,0x20004021,1,0x22
6913,1129,master,0x06000464,read,0x20004020,1,0x0
6914,1129,master,0x06000464,read,0x20004020,1,0x0
6915,1129,master,0x06000464,read,0x20004020,1,0x0
6916,1129,master,0x06000464,read,0x20004020,1,0x0
6917,1129,master,0x06000464,read,0x20004020,1,0x0
6918,1129,master,0x06000464,read,0x20004020,1,0x0
6919,1129,master,0x06000464,read,0x20004020,1,0x0
6920,1129,master,0x06000464,read,0x20004020,1,0x0
6921,1129,master,0x06000464,read,0x20004020,1,0x0
6922,1129,master,0x06000464,read,0x20004020,1,0x1
6923,1129,master,0x0600046A,read,0x20004021,1,0x22
6924,1129,master,0x06000464,read,0x20004020,1,0x0
6925,1129,master,0x06000464,read,0x20004020,1,0x0
6926,1129,master,0x06000464,read,0x20004020,1,0x0
6927,1129,master,0x06000464,read,0x20004020,1,0x0
6928,1129,master,0x06000464,read,0x20004020,1,0x0
6929,1129,master,0x06000464,read,0x20004020,1,0x0
6930,1129,master,0x06000464,read,0x20004020,1,0x0
6931,1129,master,0x06000464,read,0x20004020,1,0x0
6932,1129,master,0x06000464,read,0x20004020,1,0x0
6933,1129,master,0x06000464,read,0x20004020,1,0x1
6934,1129,master,0x0600046A,read,0x20004021,1,0x22
6935,1129,master,0x06000464,read,0x20004020,1,0x0
6936,1129,master,0x06000464,read,0x20004020,1,0x0
6937,1129,master,0x06000464,read,0x20004020,1,0x0
6938,1129,master,0x06000464,read,0x20004020,1,0x0
6939,1129,master,0x06000464,read,0x20004020,1,0x0
6940,1129,master,0x06000464,read,0x20004020,1,0x0
6941,1129,master,0x06000464,read,0x20004020,1,0x0
6942,1129,master,0x06000464,read,0x20004020,1,0x0
6943,1129,master,0x06000464,read,0x20004020,1,0x0
6944,1129,master,0x06000464,read,0x20004020,1,0x1
6945,1129,master,0x0600046A,read,0x20004021,1,0x22
6946,1129,master,0x06000464,read,0x20004020,1,0x0
6947,1129,master,0x06000464,read,0x20004020,1,0x0
6948,1129,master,0x06000464,read,0x20004020,1,0x0
6949,1129,master,0x06000464,read,0x20004020,1,0x0
6950,1129,master,0x06000464,read,0x20004020,1,0x0
6951,1129,master,0x06000464,read,0x20004020,1,0x0
6952,1129,master,0x06000464,read,0x20004020,1,0x0
6953,1129,master,0x06000464,read,0x20004020,1,0x0
6954,1129,master,0x06000464,read,0x20004020,1,0x0
6955,1129,master,0x06000464,read,0x20004020,1,0x1
6956,1129,master,0x0600046A,read,0x20004021,1,0x22
6957,1129,master,0x06000464,read,0x20004020,1,0x0
6958,1129,master,0x06000464,read,0x20004020,1,0x0
6959,1129,master,0x06000464,read,0x20004020,1,0x0
6960,1129,master,0x06000464,read,0x20004020,1,0x0
6961,1129,master,0x06000464,read,0x20004020,1,0x0
6962,1129,master,0x06000464,read,0x20004020,1,0x0
6963,1129,master,0x06000464,read,0x20004020,1,0x0
6964,1129,master,0x06000464,read,0x20004020,1,0x0
6965,1129,master,0x06000464,read,0x20004020,1,0x0
6966,1129,master,0x06000464,read,0x20004020,1,0x1
6967,1129,master,0x0600046A,read,0x20004021,1,0x22
6968,1129,master,0x06000464,read,0x20004020,1,0x0
6969,1129,master,0x06000464,read,0x20004020,1,0x0
6970,1129,master,0x06000464,read,0x20004020,1,0x0
6971,1129,master,0x06000464,read,0x20004020,1,0x0
6972,1129,master,0x06000464,read,0x20004020,1,0x0
6973,1129,master,0x06000464,read,0x20004020,1,0x0
6974,1129,master,0x06000464,read,0x20004020,1,0x0
6975,1129,master,0x06000464,read,0x20004020,1,0x0
6976,1129,master,0x06000464,read,0x20004020,1,0x0
6977,1129,master,0x06000464,read,0x20004020,1,0x1
6978,1129,master,0x0600046A,read,0x20004021,1,0x22
6979,1129,master,0x06000464,read,0x20004020,1,0x0
6980,1129,master,0x06000464,read,0x20004020,1,0x0
6981,1129,master,0x06000464,read,0x20004020,1,0x0
6982,1129,master,0x06000464,read,0x20004020,1,0x0
6983,1129,master,0x06000464,read,0x20004020,1,0x0
6984,1129,master,0x06000464,read,0x20004020,1,0x0
6985,1129,master,0x06000464,read,0x20004020,1,0x0
6986,1129,master,0x06000464,read,0x20004020,1,0x0
6987,1129,master,0x06000464,read,0x20004020,1,0x0
6988,1129,master,0x06000464,read,0x20004020,1,0x1
6989,1129,master,0x0600046A,read,0x20004021,1,0x22
6990,1129,master,0x06000464,read,0x20004020,1,0x0
6991,1129,master,0x06000464,read,0x20004020,1,0x0
6992,1129,master,0x06000464,read,0x20004020,1,0x0
6993,1129,master,0x06000464,read,0x20004020,1,0x0
6994,1129,master,0x06000464,read,0x20004020,1,0x0
6995,1129,master,0x06000464,read,0x20004020,1,0x0
6996,1129,master,0x06000464,read,0x20004020,1,0x0
6997,1129,master,0x06000464,read,0x20004020,1,0x0
6998,1129,master,0x06000464,read,0x20004020,1,0x0
6999,1129,master,0x06000464,read,0x20004020,1,0x1
7000,1129,master,0x0600046A,read,0x20004021,1,0x22
7001,1129,master,0x06000464,read,0x20004020,1,0x0
7002,1129,master,0x06000464,read,0x20004020,1,0x0
7003,1129,master,0x06000464,read,0x20004020,1,0x0
7004,1129,master,0x06000464,read,0x20004020,1,0x0
7005,1129,master,0x06000464,read,0x20004020,1,0x0
7006,1129,master,0x06000464,read,0x20004020,1,0x0
7007,1129,master,0x06000464,read,0x20004020,1,0x0
7008,1129,master,0x06000464,read,0x20004020,1,0x0
7009,1129,master,0x06000464,read,0x20004020,1,0x0
7010,1129,master,0x06000464,read,0x20004020,1,0x1
7011,1129,master,0x0600046A,read,0x20004021,1,0x2B
7012,1131,master,0x06000464,read,0x20004020,1,0x0
7013,1131,master,0x06000464,read,0x20004020,1,0x0
7014,1131,master,0x06000464,read,0x20004020,1,0x0
7015,1131,master,0x06000464,read,0x20004020,1,0x0
7016,1131,master,0x06000464,read,0x20004020,1,0x0
7017,1131,master,0x06000464,read,0x20004020,1,0x0
7018,1131,master,0x06000464,read,0x20004020,1,0x0
7019,1131,master,0x06000464,read,0x20004020,1,0x0
7020,1131,master,0x06000464,read,0x20004020,1,0x0
7021,1131,master,0x06000464,read,0x20004020,1,0x0
7022,1131,master,0x06000464,read,0x20004020,1,0x1
7023,1131,master,0x0600046A,read,0x20004021,1,0x22
7024,1131,master,0x06000464,read,0x20004020,1,0x0
7025,1131,master,0x06000464,read,0x20004020,1,0x0
7026,1131,master,0x06000464,read,0x20004020,1,0x0
7027,1131,master,0x06000464,read,0x20004020,1,0x0
7028,1131,master,0x06000464,read,0x20004020,1,0x0
7029,1131,master,0x06000464,read,0x20004020,1,0x0
7030,1131,master,0x06000464,read,0x20004020,1,0x0
7031,1131,master,0x06000464,read,0x20004020,1,0x0
7032,1131,master,0x06000464,read,0x20004020,1,0x0
7033,1131,master,0x06000464,read,0x20004020,1,0x1
7034,1131,master,0x0600046A,read,0x20004021,1,0x22
7035,1131,master,0x06000464,read,0x20004020,1,0x0
7036,1131,master,0x06000464,read,0x20004020,1,0x0
7037,1131,master,0x06000464,read,0x20004020,1,0x0
7038,1131,master,0x06000464,read,0x20004020,1,0x0
7039,1131,master,0x06000464,read,0x20004020,1,0x0
7040,1131,master,0x06000464,read,0x20004020,1,0x0
7041,1131,master,0x06000464,read,0x20004020,1,0x0
7042,1131,master,0x06000464,read,0x20004020,1,0x0
7043,1131,master,0x06000464,read,0x20004020,1,0x0
7044,1131,master,0x06000464,read,0x20004020,1,0x1
7045,1131,master,0x0600046A,read,0x20004021,1,0x22
7046,1132,master,0x06000464,read,0x20004020,1,0x0
7047,1132,master,0x06000464,read,0x20004020,1,0x0
7048,1132,master,0x06000464,read,0x20004020,1,0x0
7049,1132,master,0x06000464,read,0x20004020,1,0x0
7050,1132,master,0x06000464,read,0x20004020,1,0x0
7051,1132,master,0x06000464,read,0x20004020,1,0x0
7052,1132,master,0x06000464,read,0x20004020,1,0x0
7053,1132,master,0x06000464,read,0x20004020,1,0x0
7054,1132,master,0x06000464,read,0x20004020,1,0x0
7055,1132,master,0x06000464,read,0x20004020,1,0x1
7056,1132,master,0x0600046A,read,0x20004021,1,0x22
7057,1132,master,0x06000464,read,0x20004020,1,0x0
7058,1132,master,0x06000464,read,0x20004020,1,0x0
7059,1132,master,0x06000464,read,0x20004020,1,0x0
7060,1132,master,0x06000464,read,0x20004020,1,0x0
7061,1132,master,0x06000464,read,0x20004020,1,0x0
7062,1132,master,0x06000464,read,0x20004020,1,0x0
7063,1132,master,0x06000464,read,0x20004020,1,0x0
7064,1132,master,0x06000464,read,0x20004020,1,0x0
7065,1132,master,0x06000464,read,0x20004020,1,0x0
7066,1132,master,0x06000464,read,0x20004020,1,0x1
7067,1132,master,0x0600046A,read,0x20004021,1,0x22
7068,1132,master,0x06000464,read,0x20004020,1,0x0
7069,1132,master,0x06000464,read,0x20004020,1,0x0
7070,1132,master,0x06000464,read,0x20004020,1,0x0
7071,1132,master,0x06000464,read,0x20004020,1,0x0
7072,1132,master,0x06000464,read,0x20004020,1,0x0
7073,1132,master,0x06000464,read,0x20004020,1,0x0
7074,1132,master,0x06000464,read,0x20004020,1,0x0
7075,1132,master,0x06000464,read,0x20004020,1,0x0
7076,1132,master,0x06000464,read,0x20004020,1,0x0
7077,1132,master,0x06000464,read,0x20004020,1,0x1
7078,1132,master,0x0600046A,read,0x20004021,1,0x22
7079,1132,master,0x06000464,read,0x20004020,1,0x0
7080,1132,master,0x06000464,read,0x20004020,1,0x0
7081,1132,master,0x06000464,read,0x20004020,1,0x0
7082,1132,master,0x06000464,read,0x20004020,1,0x0
7083,1132,master,0x06000464,read,0x20004020,1,0x0
7084,1132,master,0x06000464,read,0x20004020,1,0x0
7085,1132,master,0x06000464,read,0x20004020,1,0x0
7086,1132,master,0x06000464,read,0x20004020,1,0x0
7087,1132,master,0x06000464,read,0x20004020,1,0x0
7088,1132,master,0x06000464,read,0x20004020,1,0x1
7089,1132,master,0x0600046A,read,0x20004021,1,0x22
7090,1132,master,0x06000464,read,0x20004020,1,0x0
7091,1132,master,0x06000464,read,0x20004020,1,0x0
7092,1132,master,0x06000464,read,0x20004020,1,0x0
7093,1132,master,0x06000464,read,0x20004020,1,0x0
7094,1132,master,0x06000464,read,0x20004020,1,0x0
7095,1132,master,0x06000464,read,0x20004020,1,0x0
7096,1132,master,0x06000464,read,0x20004020,1,0x0
7097,1132,master,0x06000464,read,0x20004020,1,0x0
7098,1132,master,0x06000464,read,0x20004020,1,0x0
7099,1132,master,0x06000464,read,0x20004020,1,0x1
7100,1132,master,0x0600046A,read,0x20004021,1,0x22
7101,1132,master,0x06000464,read,0x20004020,1,0x0
7102,1132,master,0x06000464,read,0x20004020,1,0x0
7103,1132,master,0x06000464,read,0x20004020,1,0x0
7104,1132,master,0x06000464,read,0x20004020,1,0x0
7105,1132,master,0x06000464,read,0x20004020,1,0x0
7106,1132,master,0x06000464,read,0x20004020,1,0x0
7107,1132,master,0x06000464,read,0x20004020,1,0x0
7108,1132,master,0x06000464,read,0x20004020,1,0x0
7109,1132,master,0x06000464,read,0x20004020,1,0x0
7110,1132,master,0x06000464,read,0x20004020,1,0x1
7111,1132,master,0x0600046A,read,0x20004021,1,0x22
7112,1132,master,0x06000464,read,0x20004020,1,0x0
7113,1132,master,0x06000464,read,0x20004020,1,0x0
7114,1132,master,0x06000464,read,0x20004020,1,0x0
7115,1132,master,0x06000464,read,0x20004020,1,0x0
7116,1132,master,0x06000464,read,0x20004020,1,0x0
7117,1132,master,0x06000464,read,0x20004020,1,0x0
7118,1132,master,0x06000464,read,0x20004020,1,0x0
7119,1132,master,0x06000464,read,0x20004020,1,0x0
7120,1132,master,0x06000464,read,0x20004020,1,0x0
7121,1132,master,0x06000464,read,0x20004020,1,0x1
7122,1132,master,0x0600046A,read,0x20004021,1,0x22
7123,1132,master,0x06000464,read,0x20004020,1,0x0
7124,1132,master,0x06000464,read,0x20004020,1,0x0
7125,1132,master,0x06000464,read,0x20004020,1,0x0
7126,1132,master,0x06000464,read,0x20004020,1,0x0
7127,1132,master,0x06000464,read,0x20004020,1,0x0
7128,1132,master,0x06000464,read,0x20004020,1,0x0
7129,1132,master,0x06000464,read,0x20004020,1,0x0
7130,1132,master,0x06000464,read,0x20004020,1,0x0
7131,1132,master,0x06000464,read,0x20004020,1,0x0
7132,1132,master,0x06000464,read,0x20004020,1,0x1
7133,1132,master,0x0600046A,read,0x20004021,1,0x22
7134,1132,master,0x06000464,read,0x20004020,1,0x0
7135,1132,master,0x06000464,read,0x20004020,1,0x0
7136,1132,master,0x06000464,read,0x20004020,1,0x0
7137,1132,master,0x06000464,read,0x20004020,1,0x0
7138,1132,master,0x06000464,read,0x20004020,1,0x0
7139,1132,master,0x06000464,read,0x20004020,1,0x0
7140,1132,master,0x06000464,read,0x20004020,1,0x0
7141,1132,master,0x06000464,read,0x20004020,1,0x0
7142,1132,master,0x06000464,read,0x20004020,1,0x0
7143,1132,master,0x06000464,read,0x20004020,1,0x1
7144,1132,master,0x0600046A,read,0x20004021,1,0x22
7145,1132,master,0x06000464,read,0x20004020,1,0x0
7146,1132,master,0x06000464,read,0x20004020,1,0x0
7147,1132,master,0x06000464,read,0x20004020,1,0x0
7148,1132,master,0x06000464,read,0x20004020,1,0x0
7149,1132,master,0x06000464,read,0x20004020,1,0x0
7150,1132,master,0x06000464,read,0x20004020,1,0x0
7151,1132,master,0x06000464,read,0x20004020,1,0x0
7152,1132,master,0x06000464,read,0x20004020,1,0x0
7153,1132,master,0x06000464,read,0x20004020,1,0x0
7154,1132,master,0x06000464,read,0x20004020,1,0x1
7155,1132,master,0x0600046A,read,0x20004021,1,0x22
7156,1132,master,0x06000464,read,0x20004020,1,0x0
7157,1132,master,0x06000464,read,0x20004020,1,0x0
7158,1132,master,0x06000464,read,0x20004020,1,0x0
7159,1132,master,0x06000464,read,0x20004020,1,0x0
7160,1132,master,0x06000464,read,0x20004020,1,0x0
7161,1132,master,0x06000464,read,0x20004020,1,0x0
7162,1132,master,0x06000464,read,0x20004020,1,0x0
7163,1132,master,0x06000464,read,0x20004020,1,0x0
7164,1132,master,0x06000464,read,0x20004020,1,0x0
7165,1132,master,0x06000464,read,0x20004020,1,0x1
7166,1132,master,0x0600046A,read,0x20004021,1,0x22
7167,1132,master,0x06000464,read,0x20004020,1,0x0
7168,1132,master,0x06000464,read,0x20004020,1,0x0
7169,1132,master,0x06000464,read,0x20004020,1,0x0
7170,1132,master,0x06000464,read,0x20004020,1,0x0
7171,1132,master,0x06000464,read,0x20004020,1,0x0
7172,1132,master,0x06000464,read,0x20004020,1,0x0
7173,1132,master,0x06000464,read,0x20004020,1,0x0
7174,1132,master,0x06000464,read,0x20004020,1,0x0
7175,1132,master,0x06000464,read,0x20004020,1,0x0
7176,1132,master,0x06000464,read,0x20004020,1,0x1
7177,1132,master,0x0600046A,read,0x20004021,1,0x22
7178,1132,master,0x06000464,read,0x20004020,1,0x0
7179,1132,master,0x06000464,read,0x20004020,1,0x0
7180,1132,master,0x06000464,read,0x20004020,1,0x0
7181,1132,master,0x06000464,read,0x20004020,1,0x0
7182,1132,master,0x06000464,read,0x20004020,1,0x0
7183,1132,master,0x06000464,read,0x20004020,1,0x0
7184,1132,master,0x06000464,read,0x20004020,1,0x0
7185,1132,master,0x06000464,read,0x20004020,1,0x0
7186,1132,master,0x06000464,read,0x20004020,1,0x0
7187,1132,master,0x06000464,read,0x20004020,1,0x1
7188,1132,master,0x0600046A,read,0x20004021,1,0x22
7189,1132,master,0x06000464,read,0x20004020,1,0x0
7190,1132,master,0x06000464,read,0x20004020,1,0x0
7191,1132,master,0x06000464,read,0x20004020,1,0x0
7192,1132,master,0x06000464,read,0x20004020,1,0x0
7193,1132,master,0x06000464,read,0x20004020,1,0x0
7194,1132,master,0x06000464,read,0x20004020,1,0x0
7195,1132,master,0x06000464,read,0x20004020,1,0x0
7196,1132,master,0x06000464,read,0x20004020,1,0x0
7197,1132,master,0x06000464,read,0x20004020,1,0x0
7198,1132,master,0x06000464,read,0x20004020,1,0x1
7199,1132,master,0x0600046A,read,0x20004021,1,0x22
7200,1132,master,0x06000464,read,0x20004020,1,0x0
7201,1132,master,0x06000464,read,0x20004020,1,0x0
7202,1132,master,0x06000464,read,0x20004020,1,0x0
7203,1132,master,0x06000464,read,0x20004020,1,0x0
7204,1132,master,0x06000464,read,0x20004020,1,0x0
7205,1132,master,0x06000464,read,0x20004020,1,0x0
7206,1132,master,0x06000464,read,0x20004020,1,0x0
7207,1132,master,0x06000464,read,0x20004020,1,0x0
7208,1132,master,0x06000464,read,0x20004020,1,0x0
7209,1132,master,0x06000464,read,0x20004020,1,0x1
7210,1132,master,0x0600046A,read,0x20004021,1,0x22
7211,1132,master,0x06000464,read,0x20004020,1,0x0
7212,1132,master,0x06000464,read,0x20004020,1,0x0
7213,1132,master,0x06000464,read,0x20004020,1,0x0
7214,1132,master,0x06000464,read,0x20004020,1,0x0
7215,1132,master,0x06000464,read,0x20004020,1,0x0
7216,1132,master,0x06000464,read,0x20004020,1,0x0
7217,1132,master,0x06000464,read,0x20004020,1,0x0
7218,1132,master,0x06000464,read,0x20004020,1,0x0
7219,1132,master,0x06000464,read,0x20004020,1,0x0
7220,1132,master,0x06000464,read,0x20004020,1,0x1
7221,1132,master,0x0600046A,read,0x20004021,1,0x22
7222,1132,master,0x06000464,read,0x20004020,1,0x0
7223,1132,master,0x06000464,read,0x20004020,1,0x0
7224,1132,master,0x06000464,read,0x20004020,1,0x0
7225,1132,master,0x06000464,read,0x20004020,1,0x0
7226,1132,master,0x06000464,read,0x20004020,1,0x0
7227,1132,master,0x06000464,read,0x20004020,1,0x0
7228,1132,master,0x06000464,read,0x20004020,1,0x0
7229,1132,master,0x06000464,read,0x20004020,1,0x0
7230,1132,master,0x06000464,read,0x20004020,1,0x0
7231,1132,master,0x06000464,read,0x20004020,1,0x1
7232,1132,master,0x0600046A,read,0x20004021,1,0x2B
7233,1134,master,0x06000464,read,0x20004020,1,0x0
7234,1134,master,0x06000464,read,0x20004020,1,0x0
7235,1134,master,0x06000464,read,0x20004020,1,0x0
7236,1134,master,0x06000464,read,0x20004020,1,0x0
7237,1134,master,0x06000464,read,0x20004020,1,0x0
7238,1134,master,0x06000464,read,0x20004020,1,0x0
7239,1134,master,0x06000464,read,0x20004020,1,0x0
7240,1134,master,0x06000464,read,0x20004020,1,0x0
7241,1134,master,0x06000464,read,0x20004020,1,0x0
7242,1134,master,0x06000464,read,0x20004020,1,0x0
7243,1134,master,0x06000464,read,0x20004020,1,0x1
7244,1134,master,0x0600046A,read,0x20004021,1,0x22
7245,1134,master,0x06000464,read,0x20004020,1,0x0
7246,1134,master,0x06000464,read,0x20004020,1,0x0
7247,1134,master,0x06000464,read,0x20004020,1,0x0
7248,1134,master,0x06000464,read,0x20004020,1,0x0
7249,1134,master,0x06000464,read,0x20004020,1,0x0
7250,1134,master,0x06000464,read,0x20004020,1,0x0
7251,1134,master,0x06000464,read,0x20004020,1,0x0
7252,1134,master,0x06000464,read,0x20004020,1,0x0
7253,1134,master,0x06000464,read,0x20004020,1,0x0
7254,1134,master,0x06000464,read,0x20004020,1,0x1
7255,1134,master,0x0600046A,read,0x20004021,1,0x22
7256,1134,master,0x06000464,read,0x20004020,1,0x0
7257,1134,master,0x06000464,read,0x20004020,1,0x0
7258,1134,master,0x06000464,read,0x20004020,1,0x0
7259,1134,master,0x06000464,read,0x20004020,1,0x0
7260,1134,master,0x06000464,read,0x20004020,1,0x0
7261,1134,master,0x06000464,read,0x20004020,1,0x0
7262,1134,master,0x06000464,read,0x20004020,1,0x0
7263,1134,master,0x06000464,read,0x20004020,1,0x0
7264,1134,master,0x06000464,read,0x20004020,1,0x0
7265,1134,master,0x06000464,read,0x20004020,1,0x1
7266,1134,master,0x0600046A,read,0x20004021,1,0x22
7267,1135,master,0x06000464,read,0x20004020,1,0x0
7268,1135,master,0x06000464,read,0x20004020,1,0x0
7269,1135,master,0x06000464,read,0x20004020,1,0x0
7270,1135,master,0x06000464,read,0x20004020,1,0x0
7271,1135,master,0x06000464,read,0x20004020,1,0x0
7272,1135,master,0x06000464,read,0x20004020,1,0x0
7273,1135,master,0x06000464,read,0x20004020,1,0x0
7274,1135,master,0x06000464,read,0x20004020,1,0x0
7275,1135,master,0x06000464,read,0x20004020,1,0x0
7276,1135,master,0x06000464,read,0x20004020,1,0x1
7277,1135,master,0x0600046A,read,0x20004021,1,0x22
7278,1135,master,0x06000464,read,0x20004020,1,0x0
7279,1135,master,0x06000464,read,0x20004020,1,0x0
7280,1135,master,0x06000464,read,0x20004020,1,0x0
7281,1135,master,0x06000464,read,0x20004020,1,0x0
7282,1135,master,0x06000464,read,0x20004020,1,0x0
7283,1135,master,0x06000464,read,0x20004020,1,0x0
7284,1135,master,0x06000464,read,0x20004020,1,0x0
7285,1135,master,0x06000464,read,0x20004020,1,0x0
7286,1135,master,0x06000464,read,0x20004020,1,0x0
7287,1135,master,0x06000464,read,0x20004020,1,0x1
7288,1135,master,0x0600046A,read,0x20004021,1,0x22
7289,1135,master,0x06000464,read,0x20004020,1,0x0
7290,1135,master,0x06000464,read,0x20004020,1,0x0
7291,1135,master,0x06000464,read,0x20004020,1,0x0
7292,1135,master,0x06000464,read,0x20004020,1,0x0
7293,1135,master,0x06000464,read,0x20004020,1,0x0
7294,1135,master,0x06000464,read,0x20004020,1,0x0
7295,1135,master,0x06000464,read,0x20004020,1,0x0
7296,1135,master,0x06000464,read,0x20004020,1,0x0
7297,1135,master,0x06000464,read,0x20004020,1,0x0
7298,1135,master,0x06000464,read,0x20004020,1,0x1
7299,1135,master,0x0600046A,read,0x20004021,1,0x22
7300,1135,master,0x06000464,read,0x20004020,1,0x0
7301,1135,master,0x06000464,read,0x20004020,1,0x0
7302,1135,master,0x06000464,read,0x20004020,1,0x0
7303,1135,master,0x06000464,read,0x20004020,1,0x0
7304,1135,master,0x06000464,read,0x20004020,1,0x0
7305,1135,master,0x06000464,read,0x20004020,1,0x0
7306,1135,master,0x06000464,read,0x20004020,1,0x0
7307,1135,master,0x06000464,read,0x20004020,1,0x0
7308,1135,master,0x06000464,read,0x20004020,1,0x0
7309,1135,master,0x06000464,read,0x20004020,1,0x1
7310,1135,master,0x0600046A,read,0x20004021,1,0x22
7311,1135,master,0x06000464,read,0x20004020,1,0x0
7312,1135,master,0x06000464,read,0x20004020,1,0x0
7313,1135,master,0x06000464,read,0x20004020,1,0x0
7314,1135,master,0x06000464,read,0x20004020,1,0x0
7315,1135,master,0x06000464,read,0x20004020,1,0x0
7316,1135,master,0x06000464,read,0x20004020,1,0x0
7317,1135,master,0x06000464,read,0x20004020,1,0x0
7318,1135,master,0x06000464,read,0x20004020,1,0x0
7319,1135,master,0x06000464,read,0x20004020,1,0x0
7320,1135,master,0x06000464,read,0x20004020,1,0x1
7321,1135,master,0x0600046A,read,0x20004021,1,0x22
7322,1135,master,0x06000464,read,0x20004020,1,0x0
7323,1135,master,0x06000464,read,0x20004020,1,0x0
7324,1135,master,0x06000464,read,0x20004020,1,0x0
7325,1135,master,0x06000464,read,0x20004020,1,0x0
7326,1135,master,0x06000464,read,0x20004020,1,0x0
7327,1135,master,0x06000464,read,0x20004020,1,0x0
7328,1135,master,0x06000464,read,0x20004020,1,0x0
7329,1135,master,0x06000464,read,0x20004020,1,0x0
7330,1135,master,0x06000464,read,0x20004020,1,0x0
7331,1135,master,0x06000464,read,0x20004020,1,0x1
7332,1135,master,0x0600046A,read,0x20004021,1,0x22
7333,1135,master,0x06000464,read,0x20004020,1,0x0
7334,1135,master,0x06000464,read,0x20004020,1,0x0
7335,1135,master,0x06000464,read,0x20004020,1,0x0
7336,1135,master,0x06000464,read,0x20004020,1,0x0
7337,1135,master,0x06000464,read,0x20004020,1,0x0
7338,1135,master,0x06000464,read,0x20004020,1,0x0
7339,1135,master,0x06000464,read,0x20004020,1,0x0
7340,1135,master,0x06000464,read,0x20004020,1,0x0
7341,1135,master,0x06000464,read,0x20004020,1,0x0
7342,1135,master,0x06000464,read,0x20004020,1,0x1
7343,1135,master,0x0600046A,read,0x20004021,1,0x22
7344,1135,master,0x06000464,read,0x20004020,1,0x0
7345,1135,master,0x06000464,read,0x20004020,1,0x0
7346,1135,master,0x06000464,read,0x20004020,1,0x0
7347,1135,master,0x06000464,read,0x20004020,1,0x0
7348,1135,master,0x06000464,read,0x20004020,1,0x0
7349,1135,master,0x06000464,read,0x20004020,1,0x0
7350,1135,master,0x06000464,read,0x20004020,1,0x0
7351,1135,master,0x06000464,read,0x20004020,1,0x0
7352,1135,master,0x06000464,read,0x20004020,1,0x0
7353,1135,master,0x06000464,read,0x20004020,1,0x1
7354,1135,master,0x0600046A,read,0x20004021,1,0x22
7355,1135,master,0x06000464,read,0x20004020,1,0x0
7356,1135,master,0x06000464,read,0x20004020,1,0x0
7357,1135,master,0x06000464,read,0x20004020,1,0x0
7358,1135,master,0x06000464,read,0x20004020,1,0x0
7359,1135,master,0x06000464,read,0x20004020,1,0x0
7360,1135,master,0x06000464,read,0x20004020,1,0x0
7361,1135,master,0x06000464,read,0x20004020,1,0x0
7362,1135,master,0x06000464,read,0x20004020,1,0x0
7363,1135,master,0x06000464,read,0x20004020,1,0x0
7364,1135,master,0x06000464,read,0x20004020,1,0x1
7365,1135,master,0x0600046A,read,0x20004021,1,0x22
7366,1135,master,0x06000464,read,0x20004020,1,0x0
7367,1135,master,0x06000464,read,0x20004020,1,0x0
7368,1135,master,0x06000464,read,0x20004020,1,0x0
7369,1135,master,0x06000464,read,0x20004020,1,0x0
7370,1135,master,0x06000464,read,0x20004020,1,0x0
7371,1135,master,0x06000464,read,0x20004020,1,0x0
7372,1135,master,0x06000464,read,0x20004020,1,0x0
7373,1135,master,0x06000464,read,0x20004020,1,0x0
7374,1135,master,0x06000464,read,0x20004020,1,0x0
7375,1135,master,0x06000464,read,0x20004020,1,0x1
7376,1135,master,0x0600046A,read,0x20004021,1,0x22
7377,1135,master,0x06000464,read,0x20004020,1,0x0
7378,1135,master,0x06000464,read,0x20004020,1,0x0
7379,1135,master,0x06000464,read,0x20004020,1,0x0
7380,1135,master,0x06000464,read,0x20004020,1,0x0
7381,1135,master,0x06000464,read,0x20004020,1,0x0
7382,1135,master,0x06000464,read,0x20004020,1,0x0
7383,1135,master,0x06000464,read,0x20004020,1,0x0
7384,1135,master,0x06000464,read,0x20004020,1,0x0
7385,1135,master,0x06000464,read,0x20004020,1,0x0
7386,1135,master,0x06000464,read,0x20004020,1,0x1
7387,1135,master,0x0600046A,read,0x20004021,1,0x22
7388,1135,master,0x06000464,read,0x20004020,1,0x0
7389,1135,master,0x06000464,read,0x20004020,1,0x0
7390,1135,master,0x06000464,read,0x20004020,1,0x0
7391,1135,master,0x06000464,read,0x20004020,1,0x0
7392,1135,master,0x06000464,read,0x20004020,1,0x0
7393,1135,master,0x06000464,read,0x20004020,1,0x0
7394,1135,master,0x06000464,read,0x20004020,1,0x0
7395,1135,master,0x06000464,read,0x20004020,1,0x0
7396,1135,master,0x06000464,read,0x20004020,1,0x0
7397,1135,master,0x06000464,read,0x20004020,1,0x1
7398,1135,master,0x0600046A,read,0x20004021,1,0x22
7399,1135,master,0x06000464,read,0x20004020,1,0x0
7400,1135,master,0x06000464,read,0x20004020,1,0x0
7401,1135,master,0x06000464,read,0x20004020,1,0x0
7402,1135,master,0x06000464,read,0x20004020,1,0x0
7403,1135,master,0x06000464,read,0x20004020,1,0x0
7404,1135,master,0x06000464,read,0x20004020,1,0x0
7405,1135,master,0x06000464,read,0x20004020,1,0x0
7406,1135,master,0x06000464,read,0x20004020,1,0x0
7407,1135,master,0x06000464,read,0x20004020,1,0x0
7408,1135,master,0x06000464,read,0x20004020,1,0x1
7409,1135,master,0x0600046A,read,0x20004021,1,0x22
7410,1135,master,0x06000464,read,0x20004020,1,0x0
7411,1135,master,0x06000464,read,0x20004020,1,0x0
7412,1135,master,0x06000464,read,0x20004020,1,0x0
7413,1135,master,0x06000464,read,0x20004020,1,0x0
7414,1135,master,0x06000464,read,0x20004020,1,0x0
7415,1135,master,0x06000464,read,0x20004020,1,0x0
7416,1135,master,0x06000464,read,0x20004020,1,0x0
7417,1135,master,0x06000464,read,0x20004020,1,0x0
7418,1135,master,0x06000464,read,0x20004020,1,0x0
7419,1135,master,0x06000464,read,0x20004020,1,0x1
7420,1135,master,0x0600046A,read,0x20004021,1,0x22
7421,1135,master,0x06000464,read,0x20004020,1,0x0
7422,1135,master,0x06000464,read,0x20004020,1,0x0
7423,1135,master,0x06000464,read,0x20004020,1,0x0
7424,1135,master,0x06000464,read,0x20004020,1,0x0
7425,1135,master,0x06000464,read,0x20004020,1,0x0
7426,1135,master,0x06000464,read,0x20004020,1,0x0
7427,1135,master,0x06000464,read,0x20004020,1,0x0
7428,1135,master,0x06000464,read,0x20004020,1,0x0
7429,1135,master,0x06000464,read,0x20004020,1,0x0
7430,1135,master,0x06000464,read,0x20004020,1,0x1
7431,1135,master,0x0600046A,read,0x20004021,1,0x22
7432,1135,master,0x06000464,read,0x20004020,1,0x0
7433,1135,master,0x06000464,read,0x20004020,1,0x0
7434,1135,master,0x06000464,read,0x20004020,1,0x0
7435,1135,master,0x06000464,read,0x20004020,1,0x0
7436,1135,master,0x06000464,read,0x20004020,1,0x0
7437,1135,master,0x06000464,read,0x20004020,1,0x0
7438,1135,master,0x06000464,read,0x20004020,1,0x0
7439,1135,master,0x06000464,read,0x20004020,1,0x0
7440,1135,master,0x06000464,read,0x20004020,1,0x0
7441,1135,master,0x06000464,read,0x20004020,1,0x1
7442,1135,master,0x0600046A,read,0x20004021,1,0x22
7443,1135,master,0x06000464,read,0x20004020,1,0x0
7444,1135,master,0x06000464,read,0x20004020,1,0x0
7445,1135,master,0x06000464,read,0x20004020,1,0x0
7446,1135,master,0x06000464,read,0x20004020,1,0x0
7447,1135,master,0x06000464,read,0x20004020,1,0x0
7448,1135,master,0x06000464,read,0x20004020,1,0x0
7449,1135,master,0x06000464,read,0x20004020,1,0x0
7450,1135,master,0x06000464,read,0x20004020,1,0x0
7451,1135,master,0x06000464,read,0x20004020,1,0x0
7452,1135,master,0x06000464,read,0x20004020,1,0x1
7453,1135,master,0x0600046A,read,0x20004021,1,0x2B
7454,1137,master,0x06000464,read,0x20004020,1,0x0
7455,1137,master,0x06000464,read,0x20004020,1,0x0
7456,1137,master,0x06000464,read,0x20004020,1,0x0
7457,1137,master,0x06000464,read,0x20004020,1,0x0
7458,1137,master,0x06000464,read,0x20004020,1,0x0
7459,1137,master,0x06000464,read,0x20004020,1,0x0
7460,1137,master,0x06000464,read,0x20004020,1,0x0
7461,1137,master,0x06000464,read,0x20004020,1,0x0
7462,1137,master,0x06000464,read,0x20004020,1,0x0
7463,1137,master,0x06000464,read,0x20004020,1,0x0
7464,1137,master,0x06000464,read,0x20004020,1,0x1
7465,1137,master,0x0600046A,read,0x20004021,1,0x22
7466,1137,master,0x06000464,read,0x20004020,1,0x0
7467,1137,master,0x06000464,read,0x20004020,1,0x0
7468,1137,master,0x06000464,read,0x20004020,1,0x0
7469,1137,master,0x06000464,read,0x20004020,1,0x0
7470,1137,master,0x06000464,read,0x20004020,1,0x0
7471,1137,master,0x06000464,read,0x20004020,1,0x0
7472,1137,master,0x06000464,read,0x20004020,1,0x0
7473,1137,master,0x06000464,read,0x20004020,1,0x0
7474,1137,master,0x06000464,read,0x20004020,1,0x0
7475,1137,master,0x06000464,read,0x20004020,1,0x1
7476,1137,master,0x0600046A,read,0x20004021,1,0x22
7477,1137,master,0x06000464,read,0x20004020,1,0x0
7478,1137,master,0x06000464,read,0x20004020,1,0x0
7479,1137,master,0x06000464,read,0x20004020,1,0x0
7480,1137,master,0x06000464,read,0x20004020,1,0x0
7481,1137,master,0x06000464,read,0x20004020,1,0x0
7482,1137,master,0x06000464,read,0x20004020,1,0x0
7483,1137,master,0x06000464,read,0x20004020,1,0x0
7484,1137,master,0x06000464,read,0x20004020,1,0x0
7485,1137,master,0x06000464,read,0x20004020,1,0x0
7486,1137,master,0x06000464,read,0x20004020,1,0x1
7487,1137,master,0x0600046A,read,0x20004021,1,0x22
7488,1138,master,0x06000464,read,0x20004020,1,0x0
7489,1138,master,0x06000464,read,0x20004020,1,0x0
7490,1138,master,0x06000464,read,0x20004020,1,0x0
7491,1138,master,0x06000464,read,0x20004020,1,0x0
7492,1138,master,0x06000464,read,0x20004020,1,0x0
7493,1138,master,0x06000464,read,0x20004020,1,0x0
7494,1138,master,0x06000464,read,0x20004020,1,0x0
7495,1138,master,0x06000464,read,0x20004020,1,0x0
7496,1138,master,0x06000464,read,0x20004020,1,0x0
7497,1138,master,0x06000464,read,0x20004020,1,0x1
7498,1138,master,0x0600046A,read,0x20004021,1,0x22
7499,1138,master,0x06000464,read,0x20004020,1,0x0
7500,1138,master,0x06000464,read,0x20004020,1,0x0
7501,1138,master,0x06000464,read,0x20004020,1,0x0
7502,1138,master,0x06000464,read,0x20004020,1,0x0
7503,1138,master,0x06000464,read,0x20004020,1,0x0
7504,1138,master,0x06000464,read,0x20004020,1,0x0
7505,1138,master,0x06000464,read,0x20004020,1,0x0
7506,1138,master,0x06000464,read,0x20004020,1,0x0
7507,1138,master,0x06000464,read,0x20004020,1,0x0
7508,1138,master,0x06000464,read,0x20004020,1,0x1
7509,1138,master,0x0600046A,read,0x20004021,1,0x22
7510,1138,master,0x06000464,read,0x20004020,1,0x0
7511,1138,master,0x06000464,read,0x20004020,1,0x0
7512,1138,master,0x06000464,read,0x20004020,1,0x0
7513,1138,master,0x06000464,read,0x20004020,1,0x0
7514,1138,master,0x06000464,read,0x20004020,1,0x0
7515,1138,master,0x06000464,read,0x20004020,1,0x0
7516,1138,master,0x06000464,read,0x20004020,1,0x0
7517,1138,master,0x06000464,read,0x20004020,1,0x0
7518,1138,master,0x06000464,read,0x20004020,1,0x0
7519,1138,master,0x06000464,read,0x20004020,1,0x1
7520,1138,master,0x0600046A,read,0x20004021,1,0x22
7521,1138,master,0x06000464,read,0x20004020,1,0x0
7522,1138,master,0x06000464,read,0x20004020,1,0x0
7523,1138,master,0x06000464,read,0x20004020,1,0x0
7524,1138,master,0x06000464,read,0x20004020,1,0x0
7525,1138,master,0x06000464,read,0x20004020,1,0x0
7526,1138,master,0x06000464,read,0x20004020,1,0x0
7527,1138,master,0x06000464,read,0x20004020,1,0x0
7528,1138,master,0x06000464,read,0x20004020,1,0x0
7529,1138,master,0x06000464,read,0x20004020,1,0x0
7530,1138,master,0x06000464,read,0x20004020,1,0x1
7531,1138,master,0x0600046A,read,0x20004021,1,0x22
7532,1138,master,0x06000464,read,0x20004020,1,0x0
7533,1138,master,0x06000464,read,0x20004020,1,0x0
7534,1138,master,0x06000464,read,0x20004020,1,0x0
7535,1138,master,0x06000464,read,0x20004020,1,0x0
7536,1138,master,0x06000464,read,0x20004020,1,0x0
7537,1138,master,0x06000464,read,0x20004020,1,0x0
7538,1138,master,0x06000464,read,0x20004020,1,0x0
7539,1138,master,0x06000464,read,0x20004020,1,0x0
7540,1138,master,0x06000464,read,0x20004020,1,0x0
7541,1138,master,0x06000464,read,0x20004020,1,0x1
7542,1138,master,0x0600046A,read,0x20004021,1,0x22
7543,1138,master,0x06000464,read,0x20004020,1,0x0
7544,1138,master,0x06000464,read,0x20004020,1,0x0
7545,1138,master,0x06000464,read,0x20004020,1,0x0
7546,1138,master,0x06000464,read,0x20004020,1,0x0
7547,1138,master,0x06000464,read,0x20004020,1,0x0
7548,1138,master,0x06000464,read,0x20004020,1,0x0
7549,1138,master,0x06000464,read,0x20004020,1,0x0
7550,1138,master,0x06000464,read,0x20004020,1,0x0
7551,1138,master,0x06000464,read,0x20004020,1,0x0
7552,1138,master,0x06000464,read,0x20004020,1,0x1
7553,1138,master,0x0600046A,read,0x20004021,1,0x22
7554,1138,master,0x06000464,read,0x20004020,1,0x0
7555,1138,master,0x06000464,read,0x20004020,1,0x0
7556,1138,master,0x06000464,read,0x20004020,1,0x0
7557,1138,master,0x06000464,read,0x20004020,1,0x0
7558,1138,master,0x06000464,read,0x20004020,1,0x0
7559,1138,master,0x06000464,read,0x20004020,1,0x0
7560,1138,master,0x06000464,read,0x20004020,1,0x0
7561,1138,master,0x06000464,read,0x20004020,1,0x0
7562,1138,master,0x06000464,read,0x20004020,1,0x0
7563,1138,master,0x06000464,read,0x20004020,1,0x1
7564,1138,master,0x0600046A,read,0x20004021,1,0x22
7565,1138,master,0x06000464,read,0x20004020,1,0x0
7566,1138,master,0x06000464,read,0x20004020,1,0x0
7567,1138,master,0x06000464,read,0x20004020,1,0x0
7568,1138,master,0x06000464,read,0x20004020,1,0x0
7569,1138,master,0x06000464,read,0x20004020,1,0x0
7570,1138,master,0x06000464,read,0x20004020,1,0x0
7571,1138,master,0x06000464,read,0x20004020,1,0x0
7572,1138,master,0x06000464,read,0x20004020,1,0x0
7573,1138,master,0x06000464,read,0x20004020,1,0x0
7574,1138,master,0x06000464,read,0x20004020,1,0x1
7575,1138,master,0x0600046A,read,0x20004021,1,0x22
7576,1138,master,0x06000464,read,0x20004020,1,0x0
7577,1138,master,0x06000464,read,0x20004020,1,0x0
7578,1138,master,0x06000464,read,0x20004020,1,0x0
7579,1138,master,0x06000464,read,0x20004020,1,0x0
7580,1138,master,0x06000464,read,0x20004020,1,0x0
7581,1138,master,0x06000464,read,0x20004020,1,0x0
7582,1138,master,0x06000464,read,0x20004020,1,0x0
7583,1138,master,0x06000464,read,0x20004020,1,0x0
7584,1138,master,0x06000464,read,0x20004020,1,0x0
7585,1138,master,0x06000464,read,0x20004020,1,0x1
7586,1138,master,0x0600046A,read,0x20004021,1,0x22
7587,1138,master,0x06000464,read,0x20004020,1,0x0
7588,1138,master,0x06000464,read,0x20004020,1,0x0
7589,1138,master,0x06000464,read,0x20004020,1,0x0
7590,1138,master,0x06000464,read,0x20004020,1,0x0
7591,1138,master,0x06000464,read,0x20004020,1,0x0
7592,1138,master,0x06000464,read,0x20004020,1,0x0
7593,1138,master,0x06000464,read,0x20004020,1,0x0
7594,1138,master,0x06000464,read,0x20004020,1,0x0
7595,1138,master,0x06000464,read,0x20004020,1,0x0
7596,1138,master,0x06000464,read,0x20004020,1,0x1
7597,1138,master,0x0600046A,read,0x20004021,1,0x22
7598,1138,master,0x06000464,read,0x20004020,1,0x0
7599,1138,master,0x06000464,read,0x20004020,1,0x0
7600,1138,master,0x06000464,read,0x20004020,1,0x0
7601,1138,master,0x06000464,read,0x20004020,1,0x0
7602,1138,master,0x06000464,read,0x20004020,1,0x0
7603,1138,master,0x06000464,read,0x20004020,1,0x0
7604,1138,master,0x06000464,read,0x20004020,1,0x0
7605,1138,master,0x06000464,read,0x20004020,1,0x0
7606,1138,master,0x06000464,read,0x20004020,1,0x0
7607,1138,master,0x06000464,read,0x20004020,1,0x1
7608,1138,master,0x0600046A,read,0x20004021,1,0x22
7609,1138,master,0x06000464,read,0x20004020,1,0x0
7610,1138,master,0x06000464,read,0x20004020,1,0x0
7611,1138,master,0x06000464,read,0x20004020,1,0x0
7612,1138,master,0x06000464,read,0x20004020,1,0x0
7613,1138,master,0x06000464,read,0x20004020,1,0x0
7614,1138,master,0x06000464,read,0x20004020,1,0x0
7615,1138,master,0x06000464,read,0x20004020,1,0x0
7616,1138,master,0x06000464,read,0x20004020,1,0x0
7617,1138,master,0x06000464,read,0x20004020,1,0x0
7618,1138,master,0x06000464,read,0x20004020,1,0x1
7619,1138,master,0x0600046A,read,0x20004021,1,0x22
7620,1138,master,0x06000464,read,0x20004020,1,0x0
7621,1138,master,0x06000464,read,0x20004020,1,0x0
7622,1138,master,0x06000464,read,0x20004020,1,0x0
7623,1138,master,0x06000464,read,0x20004020,1,0x0
7624,1138,master,0x06000464,read,0x20004020,1,0x0
7625,1138,master,0x06000464,read,0x20004020,1,0x0
7626,1138,master,0x06000464,read,0x20004020,1,0x0
7627,1138,master,0x06000464,read,0x20004020,1,0x0
7628,1138,master,0x06000464,read,0x20004020,1,0x0
7629,1138,master,0x06000464,read,0x20004020,1,0x1
7630,1138,master,0x0600046A,read,0x20004021,1,0x22
7631,1138,master,0x06000464,read,0x20004020,1,0x0
7632,1138,master,0x06000464,read,0x20004020,1,0x0
7633,1138,master,0x06000464,read,0x20004020,1,0x0
7634,1138,master,0x06000464,read,0x20004020,1,0x0
7635,1138,master,0x06000464,read,0x20004020,1,0x0
7636,1138,master,0x06000464,read,0x20004020,1,0x0
7637,1138,master,0x06000464,read,0x20004020,1,0x0
7638,1138,master,0x06000464,read,0x20004020,1,0x0
7639,1138,master,0x06000464,read,0x20004020,1,0x0
7640,1138,master,0x06000464,read,0x20004020,1,0x1
7641,1138,master,0x0600046A,read,0x20004021,1,0x22
7642,1138,master,0x06000464,read,0x20004020,1,0x0
7643,1138,master,0x06000464,read,0x20004020,1,0x0
7644,1138,master,0x06000464,read,0x20004020,1,0x0
7645,1138,master,0x06000464,read,0x20004020,1,0x0
7646,1138,master,0x06000464,read,0x20004020,1,0x0
7647,1138,master,0x06000464,read,0x20004020,1,0x0
7648,1138,master,0x06000464,read,0x20004020,1,0x0
7649,1138,master,0x06000464,read,0x20004020,1,0x0
7650,1138,master,0x06000464,read,0x20004020,1,0x0
7651,1138,master,0x06000464,read,0x20004020,1,0x1
7652,1138,master,0x0600046A,read,0x20004021,1,0x22
7653,1138,master,0x06000464,read,0x20004020,1,0x0
7654,1138,master,0x06000464,read,0x20004020,1,0x0
7655,1138,master,0x06000464,read,0x20004020,1,0x0
7656,1138,master,0x06000464,read,0x20004020,1,0x0
7657,1138,master,0x06000464,read,0x20004020,1,0x0
7658,1138,master,0x06000464,read,0x20004020,1,0x0
7659,1138,master,0x06000464,read,0x20004020,1,0x0
7660,1138,master,0x06000464,read,0x20004020,1,0x0
7661,1138,master,0x06000464,read,0x20004020,1,0x0
7662,1138,master,0x06000464,read,0x20004020,1,0x1
7663,1138,master,0x0600046A,read,0x20004021,1,0x22
7664,1138,master,0x06000464,read,0x20004020,1,0x0
7665,1138,master,0x06000464,read,0x20004020,1,0x0
7666,1138,master,0x06000464,read,0x20004020,1,0x0
7667,1138,master,0x06000464,read,0x20004020,1,0x0
7668,1138,master,0x06000464,read,0x20004020,1,0x0
7669,1138,master,0x06000464,read,0x20004020,1,0x0
7670,1138,master,0x06000464,read,0x20004020,1,0x0
7671,1138,master,0x06000464,read,0x20004020,1,0x0
7672,1138,master,0x06000464,read,0x20004020,1,0x0
7673,1138,master,0x06000464,read,0x20004020,1,0x1
7674,1138,master,0x0600046A,read,0x20004021,1,0x2B
7675,1140,master,0x06000464,read,0x20004020,1,0x0
7676,1140,master,0x06000464,read,0x20004020,1,0x0
7677,1140,master,0x06000464,read,0x20004020,1,0x0
7678,1140,master,0x06000464,read,0x20004020,1,0x0
7679,1140,master,0x06000464,read,0x20004020,1,0x0
7680,1140,master,0x06000464,read,0x20004020,1,0x0
7681,1140,master,0x06000464,read,0x20004020,1,0x0
7682,1140,master,0x06000464,read,0x20004020,1,0x0
7683,1140,master,0x06000464,read,0x20004020,1,0x0
7684,1140,master,0x06000464,read,0x20004020,1,0x0
7685,1140,master,0x06000464,read,0x20004020,1,0x1
7686,1140,master,0x0600046A,read,0x20004021,1,0x22
7687,1140,master,0x06000464,read,0x20004020,1,0x0
7688,1140,master,0x06000464,read,0x20004020,1,0x0
7689,1140,master,0x06000464,read,0x20004020,1,0x0
7690,1140,master,0x06000464,read,0x20004020,1,0x0
7691,1140,master,0x06000464,read,0x20004020,1,0x0
7692,1140,master,0x06000464,read,0x20004020,1,0x0
7693,1140,master,0x06000464,read,0x20004020,1,0x0
7694,1140,master,0x06000464,read,0x20004020,1,0x0
7695,1140,master,0x06000464,read,0x20004020,1,0x0
7696,1140,master,0x06000464,read,0x20004020,1,0x1
7697,1140,master,0x0600046A,read,0x20004021,1,0x22
7698,1140,master,0x06000464,read,0x20004020,1,0x0
7699,1140,master,0x06000464,read,0x20004020,1,0x0
7700,1140,master,0x06000464,read,0x20004020,1,0x0
7701,1140,master,0x06000464,read,0x20004020,1,0x0
7702,1140,master,0x06000464,read,0x20004020,1,0x0
7703,1140,master,0x06000464,read,0x20004020,1,0x0
7704,1140,master,0x06000464,read,0x20004020,1,0x0
7705,1140,master,0x06000464,read,0x20004020,1,0x0
7706,1140,master,0x06000464,read,0x20004020,1,0x0
7707,1140,master,0x06000464,read,0x20004020,1,0x1
7708,1140,master,0x0600046A,read,0x20004021,1,0x22
7709,1141,master,0x06000464,read,0x20004020,1,0x0
7710,1141,master,0x06000464,read,0x20004020,1,0x0
7711,1141,master,0x06000464,read,0x20004020,1,0x0
7712,1141,master,0x06000464,read,0x20004020,1,0x0
7713,1141,master,0x06000464,read,0x20004020,1,0x0
7714,1141,master,0x06000464,read,0x20004020,1,0x0
7715,1141,master,0x06000464,read,0x20004020,1,0x0
7716,1141,master,0x06000464,read,0x20004020,1,0x0
7717,1141,master,0x06000464,read,0x20004020,1,0x0
7718,1141,master,0x06000464,read,0x20004020,1,0x1
7719,1141,master,0x0600046A,read,0x20004021,1,0x22
7720,1141,master,0x06000464,read,0x20004020,1,0x0
7721,1141,master,0x06000464,read,0x20004020,1,0x0
7722,1141,master,0x06000464,read,0x20004020,1,0x0
7723,1141,master,0x06000464,read,0x20004020,1,0x0
7724,1141,master,0x06000464,read,0x20004020,1,0x0
7725,1141,master,0x06000464,read,0x20004020,1,0x0
7726,1141,master,0x06000464,read,0x20004020,1,0x0
7727,1141,master,0x06000464,read,0x20004020,1,0x0
7728,1141,master,0x06000464,read,0x20004020,1,0x0
7729,1141,master,0x06000464,read,0x20004020,1,0x1
7730,1141,master,0x0600046A,read,0x20004021,1,0x22
7731,1141,master,0x06000464,read,0x20004020,1,0x0
7732,1141,master,0x06000464,read,0x20004020,1,0x0
7733,1141,master,0x06000464,read,0x20004020,1,0x0
7734,1141,master,0x06000464,read,0x20004020,1,0x0
7735,1141,master,0x06000464,read,0x20004020,1,0x0
7736,1141,master,0x06000464,read,0x20004020,1,0x0
7737,1141,master,0x06000464,read,0x20004020,1,0x0
7738,1141,master,0x06000464,read,0x20004020,1,0x0
7739,1141,master,0x06000464,read,0x20004020,1,0x0
7740,1141,master,0x06000464,read,0x20004020,1,0x1
7741,1141,master,0x0600046A,read,0x20004021,1,0x22
7742,1141,master,0x06000464,read,0x20004020,1,0x0
7743,1141,master,0x06000464,read,0x20004020,1,0x0
7744,1141,master,0x06000464,read,0x20004020,1,0x0
7745,1141,master,0x06000464,read,0x20004020,1,0x0
7746,1141,master,0x06000464,read,0x20004020,1,0x0
7747,1141,master,0x06000464,read,0x20004020,1,0x0
7748,1141,master,0x06000464,read,0x20004020,1,0x0
7749,1141,master,0x06000464,read,0x20004020,1,0x0
7750,1141,master,0x06000464,read,0x20004020,1,0x0
7751,1141,master,0x06000464,read,0x20004020,1,0x1
7752,1141,master,0x0600046A,read,0x20004021,1,0x22
7753,1141,master,0x06000464,read,0x20004020,1,0x0
7754,1141,master,0x06000464,read,0x20004020,1,0x0
7755,1141,master,0x06000464,read,0x20004020,1,0x0
7756,1141,master,0x06000464,read,0x20004020,1,0x0
7757,1141,master,0x06000464,read,0x20004020,1,0x0
7758,1141,master,0x06000464,read,0x20004020,1,0x0
7759,1141,master,0x06000464,read,0x20004020,1,0x0
7760,1141,master,0x06000464,read,0x20004020,1,0x0
7761,1141,master,0x06000464,read,0x20004020,1,0x0
7762,1141,master,0x06000464,read,0x20004020,1,0x1
7763,1141,master,0x0600046A,read,0x20004021,1,0x22
7764,1141,master,0x06000464,read,0x20004020,1,0x0
7765,1141,master,0x06000464,read,0x20004020,1,0x0
7766,1141,master,0x06000464,read,0x20004020,1,0x0
7767,1141,master,0x06000464,read,0x20004020,1,0x0
7768,1141,master,0x06000464,read,0x20004020,1,0x0
7769,1141,master,0x06000464,read,0x20004020,1,0x0
7770,1141,master,0x06000464,read,0x20004020,1,0x0
7771,1141,master,0x06000464,read,0x20004020,1,0x0
7772,1141,master,0x06000464,read,0x20004020,1,0x0
7773,1141,master,0x06000464,read,0x20004020,1,0x1
7774,1141,master,0x0600046A,read,0x20004021,1,0x22
7775,1141,master,0x06000464,read,0x20004020,1,0x0
7776,1141,master,0x06000464,read,0x20004020,1,0x0
7777,1141,master,0x06000464,read,0x20004020,1,0x0
7778,1141,master,0x06000464,read,0x20004020,1,0x0
7779,1141,master,0x06000464,read,0x20004020,1,0x0
7780,1141,master,0x06000464,read,0x20004020,1,0x0
7781,1141,master,0x06000464,read,0x20004020,1,0x0
7782,1141,master,0x06000464,read,0x20004020,1,0x0
7783,1141,master,0x06000464,read,0x20004020,1,0x0
7784,1141,master,0x06000464,read,0x20004020,1,0x1
7785,1141,master,0x0600046A,read,0x20004021,1,0x22
7786,1141,master,0x06000464,read,0x20004020,1,0x0
7787,1141,master,0x06000464,read,0x20004020,1,0x0
7788,1141,master,0x06000464,read,0x20004020,1,0x0
7789,1141,master,0x06000464,read,0x20004020,1,0x0
7790,1141,master,0x06000464,read,0x20004020,1,0x0
7791,1141,master,0x06000464,read,0x20004020,1,0x0
7792,1141,master,0x06000464,read,0x20004020,1,0x0
7793,1141,master,0x06000464,read,0x20004020,1,0x0
7794,1141,master,0x06000464,read,0x20004020,1,0x0
7795,1141,master,0x06000464,read,0x20004020,1,0x1
7796,1141,master,0x0600046A,read,0x20004021,1,0x22
7797,1141,master,0x06000464,read,0x20004020,1,0x0
7798,1141,master,0x06000464,read,0x20004020,1,0x0
7799,1141,master,0x06000464,read,0x20004020,1,0x0
7800,1141,master,0x06000464,read,0x20004020,1,0x0
7801,1141,master,0x06000464,read,0x20004020,1,0x0
7802,1141,master,0x06000464,read,0x20004020,1,0x0
7803,1141,master,0x06000464,read,0x20004020,1,0x0
7804,1141,master,0x06000464,read,0x20004020,1,0x0
7805,1141,master,0x06000464,read,0x20004020,1,0x0
7806,1141,master,0x06000464,read,0x20004020,1,0x1
7807,1141,master,0x0600046A,read,0x20004021,1,0x22
7808,1141,master,0x06000464,read,0x20004020,1,0x0
7809,1141,master,0x06000464,read,0x20004020,1,0x0
7810,1141,master,0x06000464,read,0x20004020,1,0x0
7811,1141,master,0x06000464,read,0x20004020,1,0x0
7812,1141,master,0x06000464,read,0x20004020,1,0x0
7813,1141,master,0x06000464,read,0x20004020,1,0x0
7814,1141,master,0x06000464,read,0x20004020,1,0x0
7815,1141,master,0x06000464,read,0x20004020,1,0x0
7816,1141,master,0x06000464,read,0x20004020,1,0x0
7817,1141,master,0x06000464,read,0x20004020,1,0x1
7818,1141,master,0x0600046A,read,0x20004021,1,0x22
7819,1141,master,0x06000464,read,0x20004020,1,0x0
7820,1141,master,0x06000464,read,0x20004020,1,0x0
7821,1141,master,0x06000464,read,0x20004020,1,0x0
7822,1141,master,0x06000464,read,0x20004020,1,0x0
7823,1141,master,0x06000464,read,0x20004020,1,0x0
7824,1141,master,0x06000464,read,0x20004020,1,0x0
7825,1141,master,0x06000464,read,0x20004020,1,0x0
7826,1141,master,0x06000464,read,0x20004020,1,0x0
7827,1141,master,0x06000464,read,0x20004020,1,0x0
7828,1141,master,0x06000464,read,0x20004020,1,0x1
7829,1141,master,0x0600046A,read,0x20004021,1,0x22
7830,1141,master,0x06000464,read,0x20004020,1,0x0
7831,1141,master,0x06000464,read,0x20004020,1,0x0
7832,1141,master,0x06000464,read,0x20004020,1,0x0
7833,1141,master,0x06000464,read,0x20004020,1,0x0
7834,1141,master,0x06000464,read,0x20004020,1,0x0
7835,1141,master,0x06000464,read,0x20004020,1,0x0
7836,1141,master,0x06000464,read,0x20004020,1,0x0
7837,1141,master,0x06000464,read,0x20004020,1,0x0
7838,1141,master,0x06000464,read,0x20004020,1,0x0
7839,1141,master,0x06000464,read,0x20004020,1,0x1
7840,1141,master,0x0600046A,read,0x20004021,1,0x22
7841,1141,master,0x06000464,read,0x20004020,1,0x0
7842,1141,master,0x06000464,read,0x20004020,1,0x0
7843,1141,master,0x06000464,read,0x20004020,1,0x0
7844,1141,master,0x06000464,read,0x20004020,1,0x0
7845,1141,master,0x06000464,read,0x20004020,1,0x0
7846,1141,master,0x06000464,read,0x20004020,1,0x0
7847,1141,master,0x06000464,read,0x20004020,1,0x0
7848,1141,master,0x06000464,read,0x20004020,1,0x0
7849,1141,master,0x06000464,read,0x20004020,1,0x0
7850,1141,master,0x06000464,read,0x20004020,1,0x1
7851,1141,master,0x0600046A,read,0x20004021,1,0x22
7852,1141,master,0x06000464,read,0x20004020,1,0x0
7853,1141,master,0x06000464,read,0x20004020,1,0x0
7854,1141,master,0x06000464,read,0x20004020,1,0x0
7855,1141,master,0x06000464,read,0x20004020,1,0x0
7856,1141,master,0x06000464,read,0x20004020,1,0x0
7857,1141,master,0x06000464,read,0x20004020,1,0x0
7858,1141,master,0x06000464,read,0x20004020,1,0x0
7859,1141,master,0x06000464,read,0x20004020,1,0x0
7860,1141,master,0x06000464,read,0x20004020,1,0x0
7861,1141,master,0x06000464,read,0x20004020,1,0x1
7862,1141,master,0x0600046A,read,0x20004021,1,0x22
7863,1141,master,0x06000464,read,0x20004020,1,0x0
7864,1141,master,0x06000464,read,0x20004020,1,0x0
7865,1141,master,0x06000464,read,0x20004020,1,0x0
7866,1141,master,0x06000464,read,0x20004020,1,0x0
7867,1141,master,0x06000464,read,0x20004020,1,0x0
7868,1141,master,0x06000464,read,0x20004020,1,0x0
7869,1141,master,0x06000464,read,0x20004020,1,0x0
7870,1141,master,0x06000464,read,0x20004020,1,0x0
7871,1141,master,0x06000464,read,0x20004020,1,0x0
7872,1141,master,0x06000464,read,0x20004020,1,0x1
7873,1141,master,0x0600046A,read,0x20004021,1,0x22
7874,1141,master,0x06000464,read,0x20004020,1,0x0
7875,1141,master,0x06000464,read,0x20004020,1,0x0
7876,1141,master,0x06000464,read,0x20004020,1,0x0
7877,1141,master,0x06000464,read,0x20004020,1,0x0
7878,1141,master,0x06000464,read,0x20004020,1,0x0
7879,1141,master,0x06000464,read,0x20004020,1,0x0
7880,1141,master,0x06000464,read,0x20004020,1,0x0
7881,1141,master,0x06000464,read,0x20004020,1,0x0
7882,1141,master,0x06000464,read,0x20004020,1,0x0
7883,1141,master,0x06000464,read,0x20004020,1,0x1
7884,1141,master,0x0600046A,read,0x20004021,1,0x22
7885,1141,master,0x06000464,read,0x20004020,1,0x0
7886,1141,master,0x06000464,read,0x20004020,1,0x0
7887,1141,master,0x06000464,read,0x20004020,1,0x0
7888,1141,master,0x06000464,read,0x20004020,1,0x0
7889,1141,master,0x06000464,read,0x20004020,1,0x0
7890,1141,master,0x06000464,read,0x20004020,1,0x0
7891,1141,master,0x06000464,read,0x20004020,1,0x0
7892,1141,master,0x06000464,read,0x20004020,1,0x0
7893,1141,master,0x06000464,read,0x20004020,1,0x0
7894,1141,master,0x06000464,read,0x20004020,1,0x1
7895,1141,master,0x0600046A,read,0x20004021,1,0x2B
7896,1143,master,0x06000464,read,0x20004020,1,0x0
7897,1143,master,0x06000464,read,0x20004020,1,0x0
7898,1143,master,0x06000464,read,0x20004020,1,0x0
7899,1143,master,0x06000464,read,0x20004020,1,0x0
7900,1143,master,0x06000464,read,0x20004020,1,0x0
7901,1143,master,0x06000464,read,0x20004020,1,0x0
7902,1143,master,0x06000464,read,0x20004020,1,0x0
7903,1143,master,0x06000464,read,0x20004020,1,0x0
7904,1143,master,0x06000464,read,0x20004020,1,0x0
7905,1143,master,0x06000464,read,0x20004020,1,0x0
7906,1143,master,0x06000464,read,0x20004020,1,0x1
7907,1143,master,0x0600046A,read,0x20004021,1,0x22
7908,1143,master,0x06000464,read,0x20004020,1,0x0
7909,1143,master,0x06000464,read,0x20004020,1,0x0
7910,1143,master,0x06000464,read,0x20004020,1,0x0
7911,1143,master,0x06000464,read,0x20004020,1,0x0
7912,1143,master,0x06000464,read,0x20004020,1,0x0
7913,1143,master,0x06000464,read,0x20004020,1,0x0
7914,1143,master,0x06000464,read,0x20004020,1,0x0
7915,1143,master,0x06000464,read,0x20004020,1,0x0
7916,1143,master,0x06000464,read,0x20004020,1,0x0
7917,1143,master,0x06000464,read,0x20004020,1,0x1
7918,1143,master,0x0600046A,read,0x20004021,1,0x22
7919,1144,master,0x06000464,read,0x20004020,1,0x0
7920,1144,master,0x06000464,read,0x20004020,1,0x0
7921,1144,master,0x06000464,read,0x20004020,1,0x0
7922,1144,master,0x06000464,read,0x20004020,1,0x0
7923,1144,master,0x06000464,read,0x20004020,1,0x0
7924,1144,master,0x06000464,read,0x20004020,1,0x0
7925,1144,master,0x06000464,read,0x20004020,1,0x0
7926,1144,master,0x06000464,read,0x20004020,1,0x0
7927,1144,master,0x06000464,read,0x20004020,1,0x0
7928,1144,master,0x06000464,read,0x20004020,1,0x1
7929,1144,master,0x0600046A,read,0x20004021,1,0x22
7930,1144,master,0x06000464,read,0x20004020,1,0x0
7931,1144,master,0x06000464,read,0x20004020,1,0x0
7932,1144,master,0x06000464,read,0x20004020,1,0x0
7933,1144,master,0x06000464,read,0x20004020,1,0x0
7934,1144,master,0x06000464,read,0x20004020,1,0x0
7935,1144,master,0x06000464,read,0x20004020,1,0x0
7936,1144,master,0x06000464,read,0x20004020,1,0x0
7937,1144,master,0x06000464,read,0x20004020,1,0x0
7938,1144,master,0x06000464,read,0x20004020,1,0x0
7939,1144,master,0x06000464,read,0x20004020,1,0x1
7940,1144,master,0x0600046A,read,0x20004021,1,0x22
7941,1144,master,0x06000464,read,0x20004020,1,0x0
7942,1144,master,0x06000464,read,0x20004020,1,0x0
7943,1144,master,0x06000464,read,0x20004020,1,0x0
7944,1144,master,0x06000464,read,0x20004020,1,0x0
7945,1144,master,0x06000464,read,0x20004020,1,0x0
7946,1144,master,0x06000464,read,0x20004020,1,0x0
7947,1144,master,0x06000464,read,0x20004020,1,0x0
7948,1144,master,0x06000464,read,0x20004020,1,0x0
7949,1144,master,0x06000464,read,0x20004020,1,0x0
7950,1144,master,0x06000464,read,0x20004020,1,0x1
7951,1144,master,0x0600046A,read,0x20004021,1,0x22
7952,1144,master,0x06000464,read,0x20004020,1,0x0
7953,1144,master,0x06000464,read,0x20004020,1,0x0
7954,1144,master,0x06000464,read,0x20004020,1,0x0
7955,1144,master,0x06000464,read,0x20004020,1,0x0
7956,1144,master,0x06000464,read,0x20004020,1,0x0
7957,1144,master,0x06000464,read,0x20004020,1,0x0
7958,1144,master,0x06000464,read,0x20004020,1,0x0
7959,1144,master,0x06000464,read,0x20004020,1,0x0
7960,1144,master,0x06000464,read,0x20004020,1,0x0
7961,1144,master,0x06000464,read,0x20004020,1,0x1
7962,1144,master,0x0600046A,read,0x20004021,1,0x22
7963,1144,master,0x06000464,read,0x20004020,1,0x0
7964,1144,master,0x06000464,read,0x20004020,1,0x0
7965,1144,master,0x06000464,read,0x20004020,1,0x0
7966,1144,master,0x06000464,read,0x20004020,1,0x0
7967,1144,master,0x06000464,read,0x20004020,1,0x0
7968,1144,master,0x06000464,read,0x20004020,1,0x0
7969,1144,master,0x06000464,read,0x20004020,1,0x0
7970,1144,master,0x06000464,read,0x20004020,1,0x0
7971,1144,master,0x06000464,read,0x20004020,1,0x0
7972,1144,master,0x06000464,read,0x20004020,1,0x1
7973,1144,master,0x0600046A,read,0x20004021,1,0x22
7974,1144,master,0x06000464,read,0x20004020,1,0x0
7975,1144,master,0x06000464,read,0x20004020,1,0x0
7976,1144,master,0x06000464,read,0x20004020,1,0x0
7977,1144,master,0x06000464,read,0x20004020,1,0x0
7978,1144,master,0x06000464,read,0x20004020,1,0x0
7979,1144,master,0x06000464,read,0x20004020,1,0x0
7980,1144,master,0x06000464,read,0x20004020,1,0x0
7981,1144,master,0x06000464,read,0x20004020,1,0x0
7982,1144,master,0x06000464,read,0x20004020,1,0x0
7983,1144,master,0x06000464,read,0x20004020,1,0x1
7984,1144,master,0x0600046A,read,0x20004021,1,0x22
7985,1144,master,0x06000464,read,0x20004020,1,0x0
7986,1144,master,0x06000464,read,0x20004020,1,0x0
7987,1144,master,0x06000464,read,0x20004020,1,0x0
7988,1144,master,0x06000464,read,0x20004020,1,0x0
7989,1144,master,0x06000464,read,0x20004020,1,0x0
7990,1144,master,0x06000464,read,0x20004020,1,0x0
7991,1144,master,0x06000464,read,0x20004020,1,0x0
7992,1144,master,0x06000464,read,0x20004020,1,0x0
7993,1144,master,0x06000464,read,0x20004020,1,0x0
7994,1144,master,0x06000464,read,0x20004020,1,0x1
7995,1144,master,0x0600046A,read,0x20004021,1,0x22
7996,1144,master,0x06000464,read,0x20004020,1,0x0
7997,1144,master,0x06000464,read,0x20004020,1,0x0
7998,1144,master,0x06000464,read,0x20004020,1,0x0
7999,1144,master,0x06000464,read,0x20004020,1,0x0
8000,1144,master,0x06000464,read,0x20004020,1,0x0
8001,1144,master,0x06000464,read,0x20004020,1,0x0
8002,1144,master,0x06000464,read,0x20004020,1,0x0
8003,1144,master,0x06000464,read,0x20004020,1,0x0
8004,1144,master,0x06000464,read,0x20004020,1,0x0
8005,1144,master,0x06000464,read,0x20004020,1,0x1
8006,1144,master,0x0600046A,read,0x20004021,1,0x22
8007,1144,master,0x06000464,read,0x20004020,1,0x0
8008,1144,master,0x06000464,read,0x20004020,1,0x0
8009,1144,master,0x06000464,read,0x20004020,1,0x0
8010,1144,master,0x06000464,read,0x20004020,1,0x0
8011,1144,master,0x06000464,read,0x20004020,1,0x0
8012,1144,master,0x06000464,read,0x20004020,1,0x0
8013,1144,master,0x06000464,read,0x20004020,1,0x0
8014,1144,master,0x06000464,read,0x20004020,1,0x0
8015,1144,master,0x06000464,read,0x20004020,1,0x0
8016,1144,master,0x06000464,read,0x20004020,1,0x1
8017,1144,master,0x0600046A,read,0x20004021,1,0x22
8018,1144,master,0x06000464,read,0x20004020,1,0x0
8019,1144,master,0x06000464,read,0x20004020,1,0x0
8020,1144,master,0x06000464,read,0x20004020,1,0x0
8021,1144,master,0x06000464,read,0x20004020,1,0x0
8022,1144,master,0x06000464,read,0x20004020,1,0x0
8023,1144,master,0x06000464,read,0x20004020,1,0x0
8024,1144,master,0x06000464,read,0x20004020,1,0x0
8025,1144,master,0x06000464,read,0x20004020,1,0x0
8026,1144,master,0x06000464,read,0x20004020,1,0x0
8027,1144,master,0x06000464,read,0x20004020,1,0x1
8028,1144,master,0x0600046A,read,0x20004021,1,0x22
8029,1144,master,0x06000464,read,0x20004020,1,0x0
8030,1144,master,0x06000464,read,0x20004020,1,0x0
8031,1144,master,0x06000464,read,0x20004020,1,0x0
8032,1144,master,0x06000464,read,0x20004020,1,0x0
8033,1144,master,0x06000464,read,0x20004020,1,0x0
8034,1144,master,0x06000464,read,0x20004020,1,0x0
8035,1144,master,0x06000464,read,0x20004020,1,0x0
8036,1144,master,0x06000464,read,0x20004020,1,0x0
8037,1144,master,0x06000464,read,0x20004020,1,0x0
8038,1144,master,0x06000464,read,0x20004020,1,0x1
8039,1144,master,0x0600046A,read,0x20004021,1,0x22
8040,1144,master,0x06000464,read,0x20004020,1,0x0
8041,1144,master,0x06000464,read,0x20004020,1,0x0
8042,1144,master,0x06000464,read,0x20004020,1,0x0
8043,1144,master,0x06000464,read,0x20004020,1,0x0
8044,1144,master,0x06000464,read,0x20004020,1,0x0
8045,1144,master,0x06000464,read,0x20004020,1,0x0
8046,1144,master,0x06000464,read,0x20004020,1,0x0
8047,1144,master,0x06000464,read,0x20004020,1,0x0
8048,1144,master,0x06000464,read,0x20004020,1,0x0
8049,1144,master,0x06000464,read,0x20004020,1,0x1
8050,1144,master,0x0600046A,read,0x20004021,1,0x22
8051,1144,master,0x06000464,read,0x20004020,1,0x0
8052,1144,master,0x06000464,read,0x20004020,1,0x0
8053,1144,master,0x06000464,read,0x20004020,1,0x0
8054,1144,master,0x06000464,read,0x20004020,1,0x0
8055,1144,master,0x06000464,read,0x20004020,1,0x0
8056,1144,master,0x06000464,read,0x20004020,1,0x0
8057,1144,master,0x06000464,read,0x20004020,1,0x0
8058,1144,master,0x06000464,read,0x20004020,1,0x0
8059,1144,master,0x06000464,read,0x20004020,1,0x0
8060,1144,master,0x06000464,read,0x20004020,1,0x1
8061,1144,master,0x0600046A,read,0x20004021,1,0x22
8062,1144,master,0x06000464,read,0x20004020,1,0x0
8063,1144,master,0x06000464,read,0x20004020,1,0x0
8064,1144,master,0x06000464,read,0x20004020,1,0x0
8065,1144,master,0x06000464,read,0x20004020,1,0x0
8066,1144,master,0x06000464,read,0x20004020,1,0x0
8067,1144,master,0x06000464,read,0x20004020,1,0x0
8068,1144,master,0x06000464,read,0x20004020,1,0x0
8069,1144,master,0x06000464,read,0x20004020,1,0x0
8070,1144,master,0x06000464,read,0x20004020,1,0x0
8071,1144,master,0x06000464,read,0x20004020,1,0x1
8072,1144,master,0x0600046A,read,0x20004021,1,0x22
8073,1144,master,0x06000464,read,0x20004020,1,0x0
8074,1144,master,0x06000464,read,0x20004020,1,0x0
8075,1144,master,0x06000464,read,0x20004020,1,0x0
8076,1144,master,0x06000464,read,0x20004020,1,0x0
8077,1144,master,0x06000464,read,0x20004020,1,0x0
8078,1144,master,0x06000464,read,0x20004020,1,0x0
8079,1144,master,0x06000464,read,0x20004020,1,0x0
8080,1144,master,0x06000464,read,0x20004020,1,0x0
8081,1144,master,0x06000464,read,0x20004020,1,0x0
8082,1144,master,0x06000464,read,0x20004020,1,0x1
8083,1144,master,0x0600046A,read,0x20004021,1,0x22
8084,1144,master,0x06000464,read,0x20004020,1,0x0
8085,1144,master,0x06000464,read,0x20004020,1,0x0
8086,1144,master,0x06000464,read,0x20004020,1,0x0
8087,1144,master,0x06000464,read,0x20004020,1,0x0
8088,1144,master,0x06000464,read,0x20004020,1,0x0
8089,1144,master,0x06000464,read,0x20004020,1,0x0
8090,1144,master,0x06000464,read,0x20004020,1,0x0
8091,1144,master,0x06000464,read,0x20004020,1,0x0
8092,1144,master,0x06000464,read,0x20004020,1,0x0
8093,1144,master,0x06000464,read,0x20004020,1,0x1
8094,1144,master,0x0600046A,read,0x20004021,1,0x22
8095,1144,master,0x06000464,read,0x20004020,1,0x0
8096,1144,master,0x06000464,read,0x20004020,1,0x0
8097,1144,master,0x06000464,read,0x20004020,1,0x0
8098,1144,master,0x06000464,read,0x20004020,1,0x0
8099,1144,master,0x06000464,read,0x20004020,1,0x0
8100,1144,master,0x06000464,read,0x20004020,1,0x0
8101,1144,master,0x06000464,read,0x20004020,1,0x0
8102,1144,master,0x06000464,read,0x20004020,1,0x0
8103,1144,master,0x06000464,read,0x20004020,1,0x0
8104,1144,master,0x06000464,read,0x20004020,1,0x1
8105,1144,master,0x0600046A,read,0x20004021,1,0x22
8106,1144,master,0x06000464,read,0x20004020,1,0x0
8107,1144,master,0x06000464,read,0x20004020,1,0x0
8108,1144,master,0x06000464,read,0x20004020,1,0x0
8109,1144,master,0x06000464,read,0x20004020,1,0x0
8110,1144,master,0x06000464,read,0x20004020,1,0x0
8111,1144,master,0x06000464,read,0x20004020,1,0x0
8112,1144,master,0x06000464,read,0x20004020,1,0x0
8113,1144,master,0x06000464,read,0x20004020,1,0x0
8114,1144,master,0x06000464,read,0x20004020,1,0x0
8115,1144,master,0x06000464,read,0x20004020,1,0x1
8116,1144,master,0x0600046A,read,0x20004021,1,0x2B
8117,1146,master,0x06000464,read,0x20004020,1,0x0
8118,1146,master,0x06000464,read,0x20004020,1,0x0
8119,1146,master,0x06000464,read,0x20004020,1,0x0
8120,1146,master,0x06000464,read,0x20004020,1,0x0
8121,1146,master,0x06000464,read,0x20004020,1,0x0
8122,1146,master,0x06000464,read,0x20004020,1,0x0
8123,1146,master,0x06000464,read,0x20004020,1,0x0
8124,1146,master,0x06000464,read,0x20004020,1,0x0
8125,1146,master,0x06000464,read,0x20004020,1,0x0
8126,1146,master,0x06000464,read,0x20004020,1,0x0
8127,1146,master,0x06000464,read,0x20004020,1,0x1
8128,1146,master,0x0600046A,read,0x20004021,1,0x22
8129,1146,master,0x06000464,read,0x20004020,1,0x0
8130,1146,master,0x06000464,read,0x20004020,1,0x0
8131,1146,master,0x06000464,read,0x20004020,1,0x0
8132,1146,master,0x06000464,read,0x20004020,1,0x0
8133,1146,master,0x06000464,read,0x20004020,1,0x0
8134,1146,master,0x06000464,read,0x20004020,1,0x0
8135,1146,master,0x06000464,read,0x20004020,1,0x0
8136,1146,master,0x06000464,read,0x20004020,1,0x0
8137,1146,master,0x06000464,read,0x20004020,1,0x0
8138,1146,master,0x06000464,read,0x20004020,1,0x1
8139,1146,master,0x0600046A,read,0x20004021,1,0x22
8140,1146,master,0x06000464,read,0x20004020,1,0x0
8141,1146,master,0x06000464,read,0x20004020,1,0x0
8142,1146,master,0x06000464,read,0x20004020,1,0x0
8143,1146,master,0x06000464,read,0x20004020,1,0x0
8144,1146,master,0x06000464,read,0x20004020,1,0x0
8145,1146,master,0x06000464,read,0x20004020,1,0x0
8146,1146,master,0x06000464,read,0x20004020,1,0x0
8147,1146,master,0x06000464,read,0x20004020,1,0x0
8148,1146,master,0x06000464,read,0x20004020,1,0x0
8149,1146,master,0x06000464,read,0x20004020,1,0x1
8150,1146,master,0x0600046A,read,0x20004021,1,0x22
8151,1147,master,0x06000464,read,0x20004020,1,0x0
8152,1147,master,0x06000464,read,0x20004020,1,0x0
8153,1147,master,0x06000464,read,0x20004020,1,0x0
8154,1147,master,0x06000464,read,0x20004020,1,0x0
8155,1147,master,0x06000464,read,0x20004020,1,0x0
8156,1147,master,0x06000464,read,0x20004020,1,0x0
8157,1147,master,0x06000464,read,0x20004020,1,0x0
8158,1147,master,0x06000464,read,0x20004020,1,0x0
8159,1147,master,0x06000464,read,0x20004020,1,0x0
8160,1147,master,0x06000464,read,0x20004020,1,0x1
8161,1147,master,0x0600046A,read,0x20004021,1,0x22
8162,1147,master,0x06000464,read,0x20004020,1,0x0
8163,1147,master,0x06000464,read,0x20004020,1,0x0
8164,1147,master,0x06000464,read,0x20004020,1,0x0
8165,1147,master,0x06000464,read,0x20004020,1,0x0
8166,1147,master,0x06000464,read,0x20004020,1,0x0
8167,1147,master,0x06000464,read,0x20004020,1,0x0
8168,1147,master,0x06000464,read,0x20004020,1,0x0
8169,1147,master,0x06000464,read,0x20004020,1,0x0
8170,1147,master,0x06000464,read,0x20004020,1,0x0
8171,1147,master,0x06000464,read,0x20004020,1,0x1
8172,1147,master,0x0600046A,read,0x20004021,1,0x22
8173,1147,master,0x06000464,read,0x20004020,1,0x0
8174,1147,master,0x06000464,read,0x20004020,1,0x0
8175,1147,master,0x06000464,read,0x20004020,1,0x0
8176,1147,master,0x06000464,read,0x20004020,1,0x0
8177,1147,master,0x06000464,read,0x20004020,1,0x0
8178,1147,master,0x06000464,read,0x20004020,1,0x0
8179,1147,master,0x06000464,read,0x20004020,1,0x0
8180,1147,master,0x06000464,read,0x20004020,1,0x0
8181,1147,master,0x06000464,read,0x20004020,1,0x0
8182,1147,master,0x06000464,read,0x20004020,1,0x1
8183,1147,master,0x0600046A,read,0x20004021,1,0x22
8184,1147,master,0x06000464,read,0x20004020,1,0x0
8185,1147,master,0x06000464,read,0x20004020,1,0x0
8186,1147,master,0x06000464,read,0x20004020,1,0x0
8187,1147,master,0x06000464,read,0x20004020,1,0x0
8188,1147,master,0x06000464,read,0x20004020,1,0x0
8189,1147,master,0x06000464,read,0x20004020,1,0x0
8190,1147,master,0x06000464,read,0x20004020,1,0x0
8191,1147,master,0x06000464,read,0x20004020,1,0x0
8192,1147,master,0x06000464,read,0x20004020,1,0x0
8193,1147,master,0x06000464,read,0x20004020,1,0x1
8194,1147,master,0x0600046A,read,0x20004021,1,0x22
8195,1147,master,0x06000464,read,0x20004020,1,0x0
8196,1147,master,0x06000464,read,0x20004020,1,0x0
8197,1147,master,0x06000464,read,0x20004020,1,0x0
8198,1147,master,0x06000464,read,0x20004020,1,0x0
8199,1147,master,0x06000464,read,0x20004020,1,0x0
8200,1147,master,0x06000464,read,0x20004020,1,0x0
8201,1147,master,0x06000464,read,0x20004020,1,0x0
8202,1147,master,0x06000464,read,0x20004020,1,0x0
8203,1147,master,0x06000464,read,0x20004020,1,0x0
8204,1147,master,0x06000464,read,0x20004020,1,0x1
8205,1147,master,0x0600046A,read,0x20004021,1,0x22
8206,1147,master,0x06000464,read,0x20004020,1,0x0
8207,1147,master,0x06000464,read,0x20004020,1,0x0
8208,1147,master,0x06000464,read,0x20004020,1,0x0
8209,1147,master,0x06000464,read,0x20004020,1,0x0
8210,1147,master,0x06000464,read,0x20004020,1,0x0
8211,1147,master,0x06000464,read,0x20004020,1,0x0
8212,1147,master,0x06000464,read,0x20004020,1,0x0
8213,1147,master,0x06000464,read,0x20004020,1,0x0
8214,1147,master,0x06000464,read,0x20004020,1,0x0
8215,1147,master,0x06000464,read,0x20004020,1,0x1
8216,1147,master,0x0600046A,read,0x20004021,1,0x22
8217,1147,master,0x06000464,read,0x20004020,1,0x0
8218,1147,master,0x06000464,read,0x20004020,1,0x0
8219,1147,master,0x06000464,read,0x20004020,1,0x0
8220,1147,master,0x06000464,read,0x20004020,1,0x0
8221,1147,master,0x06000464,read,0x20004020,1,0x0
8222,1147,master,0x06000464,read,0x20004020,1,0x0
8223,1147,master,0x06000464,read,0x20004020,1,0x0
8224,1147,master,0x06000464,read,0x20004020,1,0x0
8225,1147,master,0x06000464,read,0x20004020,1,0x0
8226,1147,master,0x06000464,read,0x20004020,1,0x1
8227,1147,master,0x0600046A,read,0x20004021,1,0x22
8228,1147,master,0x06000464,read,0x20004020,1,0x0
8229,1147,master,0x06000464,read,0x20004020,1,0x0
8230,1147,master,0x06000464,read,0x20004020,1,0x0
8231,1147,master,0x06000464,read,0x20004020,1,0x0
8232,1147,master,0x06000464,read,0x20004020,1,0x0
8233,1147,master,0x06000464,read,0x20004020,1,0x0
8234,1147,master,0x06000464,read,0x20004020,1,0x0
8235,1147,master,0x06000464,read,0x20004020,1,0x0
8236,1147,master,0x06000464,read,0x20004020,1,0x0
8237,1147,master,0x06000464,read,0x20004020,1,0x1
8238,1147,master,0x0600046A,read,0x20004021,1,0x22
8239,1147,master,0x06000464,read,0x20004020,1,0x0
8240,1147,master,0x06000464,read,0x20004020,1,0x0
8241,1147,master,0x06000464,read,0x20004020,1,0x0
8242,1147,master,0x06000464,read,0x20004020,1,0x0
8243,1147,master,0x06000464,read,0x20004020,1,0x0
8244,1147,master,0x06000464,read,0x20004020,1,0x0
8245,1147,master,0x06000464,read,0x20004020,1,0x0
8246,1147,master,0x06000464,read,0x20004020,1,0x0
8247,1147,master,0x06000464,read,0x20004020,1,0x0
8248,1147,master,0x06000464,read,0x20004020,1,0x1
8249,1147,master,0x0600046A,read,0x20004021,1,0x22
8250,1147,master,0x06000464,read,0x20004020,1,0x0
8251,1147,master,0x06000464,read,0x20004020,1,0x0
8252,1147,master,0x06000464,read,0x20004020,1,0x0
8253,1147,master,0x06000464,read,0x20004020,1,0x0
8254,1147,master,0x06000464,read,0x20004020,1,0x0
8255,1147,master,0x06000464,read,0x20004020,1,0x0
8256,1147,master,0x06000464,read,0x20004020,1,0x0
8257,1147,master,0x06000464,read,0x20004020,1,0x0
8258,1147,master,0x06000464,read,0x20004020,1,0x0
8259,1147,master,0x06000464,read,0x20004020,1,0x1
8260,1147,master,0x0600046A,read,0x20004021,1,0x22
8261,1147,master,0x06000464,read,0x20004020,1,0x0
8262,1147,master,0x06000464,read,0x20004020,1,0x0
8263,1147,master,0x06000464,read,0x20004020,1,0x0
8264,1147,master,0x06000464,read,0x20004020,1,0x0
8265,1147,master,0x06000464,read,0x20004020,1,0x0
8266,1147,master,0x06000464,read,0x20004020,1,0x0
8267,1147,master,0x06000464,read,0x20004020,1,0x0
8268,1147,master,0x06000464,read,0x20004020,1,0x0
8269,1147,master,0x06000464,read,0x20004020,1,0x0
8270,1147,master,0x06000464,read,0x20004020,1,0x1
8271,1147,master,0x0600046A,read,0x20004021,1,0x22
8272,1147,master,0x06000464,read,0x20004020,1,0x0
8273,1147,master,0x06000464,read,0x20004020,1,0x0
8274,1147,master,0x06000464,read,0x20004020,1,0x0
8275,1147,master,0x06000464,read,0x20004020,1,0x0
8276,1147,master,0x06000464,read,0x20004020,1,0x0
8277,1147,master,0x06000464,read,0x20004020,1,0x0
8278,1147,master,0x06000464,read,0x20004020,1,0x0
8279,1147,master,0x06000464,read,0x20004020,1,0x0
8280,1147,master,0x06000464,read,0x20004020,1,0x0
8281,1147,master,0x06000464,read,0x20004020,1,0x1
8282,1147,master,0x0600046A,read,0x20004021,1,0x22
8283,1147,master,0x06000464,read,0x20004020,1,0x0
8284,1147,master,0x06000464,read,0x20004020,1,0x0
8285,1147,master,0x06000464,read,0x20004020,1,0x0
8286,1147,master,0x06000464,read,0x20004020,1,0x0
8287,1147,master,0x06000464,read,0x20004020,1,0x0
8288,1147,master,0x06000464,read,0x20004020,1,0x0
8289,1147,master,0x06000464,read,0x20004020,1,0x0
8290,1147,master,0x06000464,read,0x20004020,1,0x0
8291,1147,master,0x06000464,read,0x20004020,1,0x0
8292,1147,master,0x06000464,read,0x20004020,1,0x1
8293,1147,master,0x0600046A,read,0x20004021,1,0x22
8294,1147,master,0x06000464,read,0x20004020,1,0x0
8295,1147,master,0x06000464,read,0x20004020,1,0x0
8296,1147,master,0x06000464,read,0x20004020,1,0x0
8297,1147,master,0x06000464,read,0x20004020,1,0x0
8298,1147,master,0x06000464,read,0x20004020,1,0x0
8299,1147,master,0x06000464,read,0x20004020,1,0x0
8300,1147,master,0x06000464,read,0x20004020,1,0x0
8301,1147,master,0x06000464,read,0x20004020,1,0x0
8302,1147,master,0x06000464,read,0x20004020,1,0x0
8303,1147,master,0x06000464,read,0x20004020,1,0x1
8304,1147,master,0x0600046A,read,0x20004021,1,0x22
8305,1147,master,0x06000464,read,0x20004020,1,0x0
8306,1147,master,0x06000464,read,0x20004020,1,0x0
8307,1147,master,0x06000464,read,0x20004020,1,0x0
8308,1147,master,0x06000464,read,0x20004020,1,0x0
8309,1147,master,0x06000464,read,0x20004020,1,0x0
8310,1147,master,0x06000464,read,0x20004020,1,0x0
8311,1147,master,0x06000464,read,0x20004020,1,0x0
8312,1147,master,0x06000464,read,0x20004020,1,0x0
8313,1147,master,0x06000464,read,0x20004020,1,0x0
8314,1147,master,0x06000464,read,0x20004020,1,0x1
8315,1147,master,0x0600046A,read,0x20004021,1,0x22
8316,1147,master,0x06000464,read,0x20004020,1,0x0
8317,1147,master,0x06000464,read,0x20004020,1,0x0
8318,1147,master,0x06000464,read,0x20004020,1,0x0
8319,1147,master,0x06000464,read,0x20004020,1,0x0
8320,1147,master,0x06000464,read,0x20004020,1,0x0
8321,1147,master,0x06000464,read,0x20004020,1,0x0
8322,1147,master,0x06000464,read,0x20004020,1,0x0
8323,1147,master,0x06000464,read,0x20004020,1,0x0
8324,1147,master,0x06000464,read,0x20004020,1,0x0
8325,1147,master,0x06000464,read,0x20004020,1,0x1
8326,1147,master,0x0600046A,read,0x20004021,1,0x22
8327,1147,master,0x06000464,read,0x20004020,1,0x0
8328,1147,master,0x06000464,read,0x20004020,1,0x0
8329,1147,master,0x06000464,read,0x20004020,1,0x0
8330,1147,master,0x06000464,read,0x20004020,1,0x0
8331,1147,master,0x06000464,read,0x20004020,1,0x0
8332,1147,master,0x06000464,read,0x20004020,1,0x0
8333,1147,master,0x06000464,read,0x20004020,1,0x0
8334,1147,master,0x06000464,read,0x20004020,1,0x0
8335,1147,master,0x06000464,read,0x20004020,1,0x0
8336,1147,master,0x06000464,read,0x20004020,1,0x1
8337,1147,master,0x0600046A,read,0x20004021,1,0x2B
8338,1149,master,0x06000464,read,0x20004020,1,0x0
8339,1149,master,0x06000464,read,0x20004020,1,0x0
8340,1149,master,0x06000464,read,0x20004020,1,0x0
8341,1149,master,0x06000464,read,0x20004020,1,0x0
8342,1149,master,0x06000464,read,0x20004020,1,0x0
8343,1149,master,0x06000464,read,0x20004020,1,0x0
8344,1149,master,0x06000464,read,0x20004020,1,0x0
8345,1149,master,0x06000464,read,0x20004020,1,0x0
8346,1149,master,0x06000464,read,0x20004020,1,0x0
8347,1149,master,0x06000464,read,0x20004020,1,0x0
8348,1149,master,0x06000464,read,0x20004020,1,0x1
8349,1149,master,0x0600046A,read,0x20004021,1,0x22
8350,1149,master,0x06000464,read,0x20004020,1,0x0
8351,1149,master,0x06000464,read,0x20004020,1,0x0
8352,1149,master,0x06000464,read,0x20004020,1,0x0
8353,1149,master,0x06000464,read,0x20004020,1,0x0
8354,1149,master,0x06000464,read,0x20004020,1,0x0
8355,1149,master,0x06000464,read,0x20004020,1,0x0
8356,1149,master,0x06000464,read,0x20004020,1,0x0
8357,1149,master,0x06000464,read,0x20004020,1,0x0
8358,1149,master,0x06000464,read,0x20004020,1,0x0
8359,1149,master,0x06000464,read,0x20004020,1,0x1
8360,1149,master,0x0600046A,read,0x20004021,1,0x22
8361,1149,master,0x06000464,read,0x20004020,1,0x0
8362,1149,master,0x06000464,read,0x20004020,1,0x0
8363,1149,master,0x06000464,read,0x20004020,1,0x0
8364,1149,master,0x06000464,read,0x20004020,1,0x0
8365,1149,master,0x06000464,read,0x20004020,1,0x0
8366,1149,master,0x06000464,read,0x20004020,1,0x0
8367,1149,master,0x06000464,read,0x20004020,1,0x0
8368,1149,master,0x06000464,read,0x20004020,1,0x0
8369,1149,master,0x06000464,read,0x20004020,1,0x0
8370,1149,master,0x06000464,read,0x20004020,1,0x1
8371,1149,master,0x0600046A,read,0x20004021,1,0x22
8372,1150,master,0x06000464,read,0x20004020,1,0x0
8373,1150,master,0x06000464,read,0x20004020,1,0x0
8374,1150,master,0x06000464,read,0x20004020,1,0x0
8375,1150,master,0x06000464,read,0x20004020,1,0x0
8376,1150,master,0x06000464,read,0x20004020,1,0x0
8377,1150,master,0x06000464,read,0x20004020,1,0x0
8378,1150,master,0x06000464,read,0x20004020,1,0x0
8379,1150,master,0x06000464,read,0x20004020,1,0x0
8380,1150,master,0x06000464,read,0x20004020,1,0x0
8381,1150,master,0x06000464,read,0x20004020,1,0x1
8382,1150,master,0x0600046A,read,0x20004021,1,0x22
8383,1150,master,0x06000464,read,0x20004020,1,0x0
8384,1150,master,0x06000464,read,0x20004020,1,0x0
8385,1150,master,0x06000464,read,0x20004020,1,0x0
8386,1150,master,0x06000464,read,0x20004020,1,0x0
8387,1150,master,0x06000464,read,0x20004020,1,0x0
8388,1150,master,0x06000464,read,0x20004020,1,0x0
8389,1150,master,0x06000464,read,0x20004020,1,0x0
8390,1150,master,0x06000464,read,0x20004020,1,0x0
8391,1150,master,0x06000464,read,0x20004020,1,0x0
8392,1150,master,0x06000464,read,0x20004020,1,0x1
8393,1150,master,0x0600046A,read,0x20004021,1,0x22
8394,1150,master,0x06000464,read,0x20004020,1,0x0
8395,1150,master,0x06000464,read,0x20004020,1,0x0
8396,1150,master,0x06000464,read,0x20004020,1,0x0
8397,1150,master,0x06000464,read,0x20004020,1,0x0
8398,1150,master,0x06000464,read,0x20004020,1,0x0
8399,1150,master,0x06000464,read,0x20004020,1,0x0
8400,1150,master,0x06000464,read,0x20004020,1,0x0
8401,1150,master,0x06000464,read,0x20004020,1,0x0
8402,1150,master,0x06000464,read,0x20004020,1,0x0
8403,1150,master,0x06000464,read,0x20004020,1,0x1
8404,1150,master,0x0600046A,read,0x20004021,1,0x22
8405,1150,master,0x06000464,read,0x20004020,1,0x0
8406,1150,master,0x06000464,read,0x20004020,1,0x0
8407,1150,master,0x06000464,read,0x20004020,1,0x0
8408,1150,master,0x06000464,read,0x20004020,1,0x0
8409,1150,master,0x06000464,read,0x20004020,1,0x0
8410,1150,master,0x06000464,read,0x20004020,1,0x0
8411,1150,master,0x06000464,read,0x20004020,1,0x0
8412,1150,master,0x06000464,read,0x20004020,1,0x0
8413,1150,master,0x06000464,read,0x20004020,1,0x0
8414,1150,master,0x06000464,read,0x20004020,1,0x1
8415,1150,master,0x0600046A,read,0x20004021,1,0x22
8416,1150,master,0x06000464,read,0x20004020,1,0x0
8417,1150,master,0x06000464,read,0x20004020,1,0x0
8418,1150,master,0x06000464,read,0x20004020,1,0x0
8419,1150,master,0x06000464,read,0x20004020,1,0x0
8420,1150,master,0x06000464,read,0x20004020,1,0x0
8421,1150,master,0x06000464,read,0x20004020,1,0x0
8422,1150,master,0x06000464,read,0x20004020,1,0x0
8423,1150,master,0x06000464,read,0x20004020,1,0x0
8424,1150,master,0x06000464,read,0x20004020,1,0x0
8425,1150,master,0x06000464,read,0x20004020,1,0x1
8426,1150,master,0x0600046A,read,0x20004021,1,0x22
8427,1150,master,0x06000464,read,0x20004020,1,0x0
8428,1150,master,0x06000464,read,0x20004020,1,0x0
8429,1150,master,0x06000464,read,0x20004020,1,0x0
8430,1150,master,0x06000464,read,0x20004020,1,0x0
8431,1150,master,0x06000464,read,0x20004020,1,0x0
8432,1150,master,0x06000464,read,0x20004020,1,0x0
8433,1150,master,0x06000464,read,0x20004020,1,0x0
8434,1150,master,0x06000464,read,0x20004020,1,0x0
8435,1150,master,0x06000464,read,0x20004020,1,0x0
8436,1150,master,0x06000464,read,0x20004020,1,0x1
8437,1150,master,0x0600046A,read,0x20004021,1,0x22
8438,1150,master,0x06000464,read,0x20004020,1,0x0
8439,1150,master,0x06000464,read,0x20004020,1,0x0
8440,1150,master,0x06000464,read,0x20004020,1,0x0
8441,1150,master,0x06000464,read,0x20004020,1,0x0
8442,1150,master,0x06000464,read,0x20004020,1,0x0
8443,1150,master,0x06000464,read,0x20004020,1,0x0
8444,1150,master,0x06000464,read,0x20004020,1,0x0
8445,1150,master,0x06000464,read,0x20004020,1,0x0
8446,1150,master,0x06000464,read,0x20004020,1,0x0
8447,1150,master,0x06000464,read,0x20004020,1,0x1
8448,1150,master,0x0600046A,read,0x20004021,1,0x22
8449,1150,master,0x06000464,read,0x20004020,1,0x0
8450,1150,master,0x06000464,read,0x20004020,1,0x0
8451,1150,master,0x06000464,read,0x20004020,1,0x0
8452,1150,master,0x06000464,read,0x20004020,1,0x0
8453,1150,master,0x06000464,read,0x20004020,1,0x0
8454,1150,master,0x06000464,read,0x20004020,1,0x0
8455,1150,master,0x06000464,read,0x20004020,1,0x0
8456,1150,master,0x06000464,read,0x20004020,1,0x0
8457,1150,master,0x06000464,read,0x20004020,1,0x0
8458,1150,master,0x06000464,read,0x20004020,1,0x1
8459,1150,master,0x0600046A,read,0x20004021,1,0x22
8460,1150,master,0x06000464,read,0x20004020,1,0x0
8461,1150,master,0x06000464,read,0x20004020,1,0x0
8462,1150,master,0x06000464,read,0x20004020,1,0x0
8463,1150,master,0x06000464,read,0x20004020,1,0x0
8464,1150,master,0x06000464,read,0x20004020,1,0x0
8465,1150,master,0x06000464,read,0x20004020,1,0x0
8466,1150,master,0x06000464,read,0x20004020,1,0x0
8467,1150,master,0x06000464,read,0x20004020,1,0x0
8468,1150,master,0x06000464,read,0x20004020,1,0x0
8469,1150,master,0x06000464,read,0x20004020,1,0x1
8470,1150,master,0x0600046A,read,0x20004021,1,0x22
8471,1150,master,0x06000464,read,0x20004020,1,0x0
8472,1150,master,0x06000464,read,0x20004020,1,0x0
8473,1150,master,0x06000464,read,0x20004020,1,0x0
8474,1150,master,0x06000464,read,0x20004020,1,0x0
8475,1150,master,0x06000464,read,0x20004020,1,0x0
8476,1150,master,0x06000464,read,0x20004020,1,0x0
8477,1150,master,0x06000464,read,0x20004020,1,0x0
8478,1150,master,0x06000464,read,0x20004020,1,0x0
8479,1150,master,0x06000464,read,0x20004020,1,0x0
8480,1150,master,0x06000464,read,0x20004020,1,0x1
8481,1150,master,0x0600046A,read,0x20004021,1,0x22
8482,1150,master,0x06000464,read,0x20004020,1,0x0
8483,1150,master,0x06000464,read,0x20004020,1,0x0
8484,1150,master,0x06000464,read,0x20004020,1,0x0
8485,1150,master,0x06000464,read,0x20004020,1,0x0
8486,1150,master,0x06000464,read,0x20004020,1,0x0
8487,1150,master,0x06000464,read,0x20004020,1,0x0
8488,1150,master,0x06000464,read,0x20004020,1,0x0
8489,1150,master,0x06000464,read,0x20004020,1,0x0
8490,1150,master,0x06000464,read,0x20004020,1,0x0
8491,1150,master,0x06000464,read,0x20004020,1,0x1
8492,1150,master,0x0600046A,read,0x20004021,1,0x22
8493,1150,master,0x06000464,read,0x20004020,1,0x0
8494,1150,master,0x06000464,read,0x20004020,1,0x0
8495,1150,master,0x06000464,read,0x20004020,1,0x0
8496,1150,master,0x06000464,read,0x20004020,1,0x0
8497,1150,master,0x06000464,read,0x20004020,1,0x0
8498,1150,master,0x06000464,read,0x20004020,1,0x0
8499,1150,master,0x06000464,read,0x20004020,1,0x0
8500,1150,master,0x06000464,read,0x20004020,1,0x0
8501,1150,master,0x06000464,read,0x20004020,1,0x0
8502,1150,master,0x06000464,read,0x20004020,1,0x1
8503,1150,master,0x0600046A,read,0x20004021,1,0x22
8504,1150,master,0x06000464,read,0x20004020,1,0x0
8505,1150,master,0x06000464,read,0x20004020,1,0x0
8506,1150,master,0x06000464,read,0x20004020,1,0x0
8507,1150,master,0x06000464,read,0x20004020,1,0x0
8508,1150,master,0x06000464,read,0x20004020,1,0x0
8509,1150,master,0x06000464,read,0x20004020,1,0x0
8510,1150,master,0x06000464,read,0x20004020,1,0x0
8511,1150,master,0x06000464,read,0x20004020,1,0x0
8512,1150,master,0x06000464,read,0x20004020,1,0x0
8513,1150,master,0x06000464,read,0x20004020,1,0x1
8514,1150,master,0x0600046A,read,0x20004021,1,0x22
8515,1150,master,0x06000464,read,0x20004020,1,0x0
8516,1150,master,0x06000464,read,0x20004020,1,0x0
8517,1150,master,0x06000464,read,0x20004020,1,0x0
8518,1150,master,0x06000464,read,0x20004020,1,0x0
8519,1150,master,0x06000464,read,0x20004020,1,0x0
8520,1150,master,0x06000464,read,0x20004020,1,0x0
8521,1150,master,0x06000464,read,0x20004020,1,0x0
8522,1150,master,0x06000464,read,0x20004020,1,0x0
8523,1150,master,0x06000464,read,0x20004020,1,0x0
8524,1150,master,0x06000464,read,0x20004020,1,0x1
8525,1150,master,0x0600046A,read,0x20004021,1,0x22
8526,1150,master,0x06000464,read,0x20004020,1,0x0
8527,1150,master,0x06000464,read,0x20004020,1,0x0
8528,1150,master,0x06000464,read,0x20004020,1,0x0
8529,1150,master,0x06000464,read,0x20004020,1,0x0
8530,1150,master,0x06000464,read,0x20004020,1,0x0
8531,1150,master,0x06000464,read,0x20004020,1,0x0
8532,1150,master,0x06000464,read,0x20004020,1,0x0
8533,1150,master,0x06000464,read,0x20004020,1,0x0
8534,1150,master,0x06000464,read,0x20004020,1,0x0
8535,1150,master,0x06000464,read,0x20004020,1,0x1
8536,1150,master,0x0600046A,read,0x20004021,1,0x22
8537,1150,master,0x06000464,read,0x20004020,1,0x0
8538,1150,master,0x06000464,read,0x20004020,1,0x0
8539,1150,master,0x06000464,read,0x20004020,1,0x0
8540,1150,master,0x06000464,read,0x20004020,1,0x0
8541,1150,master,0x06000464,read,0x20004020,1,0x0
8542,1150,master,0x06000464,read,0x20004020,1,0x0
8543,1150,master,0x06000464,read,0x20004020,1,0x0
8544,1150,master,0x06000464,read,0x20004020,1,0x0
8545,1150,master,0x06000464,read,0x20004020,1,0x0
8546,1150,master,0x06000464,read,0x20004020,1,0x1
8547,1150,master,0x0600046A,read,0x20004021,1,0x22
8548,1150,master,0x06000464,read,0x20004020,1,0x0
8549,1150,master,0x06000464,read,0x20004020,1,0x0
8550,1150,master,0x06000464,read,0x20004020,1,0x0
8551,1150,master,0x06000464,read,0x20004020,1,0x0
8552,1150,master,0x06000464,read,0x20004020,1,0x0
8553,1150,master,0x06000464,read,0x20004020,1,0x0
8554,1150,master,0x06000464,read,0x20004020,1,0x0
8555,1150,master,0x06000464,read,0x20004020,1,0x0
8556,1150,master,0x06000464,read,0x20004020,1,0x0
8557,1150,master,0x06000464,read,0x20004020,1,0x1
8558,1150,master,0x0600046A,read,0x20004021,1,0x2B
8559,1152,master,0x06000464,read,0x20004020,1,0x0
8560,1152,master,0x06000464,read,0x20004020,1,0x0
8561,1152,master,0x06000464,read,0x20004020,1,0x0
8562,1152,master,0x06000464,read,0x20004020,1,0x0
8563,1152,master,0x06000464,read,0x20004020,1,0x0
8564,1152,master,0x06000464,read,0x20004020,1,0x0
8565,1152,master,0x06000464,read,0x20004020,1,0x0
8566,1152,master,0x06000464,read,0x20004020,1,0x0
8567,1152,master,0x06000464,read,0x20004020,1,0x0
8568,1152,master,0x06000464,read,0x20004020,1,0x0
8569,1152,master,0x06000464,read,0x20004020,1,0x1
8570,1152,master,0x0600046A,read,0x20004021,1,0x22
8571,1152,master,0x06000464,read,0x20004020,1,0x0
8572,1152,master,0x06000464,read,0x20004020,1,0x0
8573,1152,master,0x06000464,read,0x20004020,1,0x0
8574,1152,master,0x06000464,read,0x20004020,1,0x0
8575,1152,master,0x06000464,read,0x20004020,1,0x0
8576,1152,master,0x06000464,read,0x20004020,1,0x0
8577,1152,master,0x06000464,read,0x20004020,1,0x0
8578,1152,master,0x06000464,read,0x20004020,1,0x0
8579,1152,master,0x06000464,read,0x20004020,1,0x0
8580,1152,master,0x06000464,read,0x20004020,1,0x1
8581,1152,master,0x0600046A,read,0x20004021,1,0x22
8582,1152,master,0x06000464,read,0x20004020,1,0x0
8583,1152,master,0x06000464,read,0x20004020,1,0x0
8584,1152,master,0x06000464,read,0x20004020,1,0x0
8585,1152,master,0x06000464,read,0x20004020,1,0x0
8586,1152,master,0x06000464,read,0x20004020,1,0x0
8587,1152,master,0x06000464,read,0x20004020,1,0x0
8588,1152,master,0x06000464,read,0x20004020,1,0x0
8589,1152,master,0x06000464,read,0x20004020,1,0x0
8590,1152,master,0x06000464,read,0x20004020,1,0x0
8591,1152,master,0x06000464,read,0x20004020,1,0x1
8592,1152,master,0x0600046A,read,0x20004021,1,0x22
8593,1153,master,0x06000464,read,0x20004020,1,0x0
8594,1153,master,0x06000464,read,0x20004020,1,0x0
8595,1153,master,0x06000464,read,0x20004020,1,0x0
8596,1153,master,0x06000464,read,0x20004020,1,0x0
8597,1153,master,0x06000464,read,0x20004020,1,0x0
8598,1153,master,0x06000464,read,0x20004020,1,0x0
8599,1153,master,0x06000464,read,0x20004020,1,0x0
8600,1153,master,0x06000464,read,0x20004020,1,0x0
8601,1153,master,0x06000464,read,0x20004020,1,0x0
8602,1153,master,0x06000464,read,0x20004020,1,0x1
8603,1153,master,0x0600046A,read,0x20004021,1,0x22
8604,1153,master,0x06000464,read,0x20004020,1,0x0
8605,1153,master,0x06000464,read,0x20004020,1,0x0
8606,1153,master,0x06000464,read,0x20004020,1,0x0
8607,1153,master,0x06000464,read,0x20004020,1,0x0
8608,1153,master,0x06000464,read,0x20004020,1,0x0
8609,1153,master,0x06000464,read,0x20004020,1,0x0
8610,1153,master,0x06000464,read,0x20004020,1,0x0
8611,1153,master,0x06000464,read,0x20004020,1,0x0
8612,1153,master,0x06000464,read,0x20004020,1,0x0
8613,1153,master,0x06000464,read,0x20004020,1,0x1
8614,1153,master,0x0600046A,read,0x20004021,1,0x22
8615,1153,master,0x06000464,read,0x20004020,1,0x0
8616,1153,master,0x06000464,read,0x20004020,1,0x0
8617,1153,master,0x06000464,read,0x20004020,1,0x0
8618,1153,master,0x06000464,read,0x20004020,1,0x0
8619,1153,master,0x06000464,read,0x20004020,1,0x0
8620,1153,master,0x06000464,read,0x20004020,1,0x0
8621,1153,master,0x06000464,read,0x20004020,1,0x0
8622,1153,master,0x06000464,read,0x20004020,1,0x0
8623,1153,master,0x06000464,read,0x20004020,1,0x0
8624,1153,master,0x06000464,read,0x20004020,1,0x1
8625,1153,master,0x0600046A,read,0x20004021,1,0x22
8626,1153,master,0x06000464,read,0x20004020,1,0x0
8627,1153,master,0x06000464,read,0x20004020,1,0x0
8628,1153,master,0x06000464,read,0x20004020,1,0x0
8629,1153,master,0x06000464,read,0x20004020,1,0x0
8630,1153,master,0x06000464,read,0x20004020,1,0x0
8631,1153,master,0x06000464,read,0x20004020,1,0x0
8632,1153,master,0x06000464,read,0x20004020,1,0x0
8633,1153,master,0x06000464,read,0x20004020,1,0x0
8634,1153,master,0x06000464,read,0x20004020,1,0x0
8635,1153,master,0x06000464,read,0x20004020,1,0x1
8636,1153,master,0x0600046A,read,0x20004021,1,0x22
8637,1153,master,0x06000464,read,0x20004020,1,0x0
8638,1153,master,0x06000464,read,0x20004020,1,0x0
8639,1153,master,0x06000464,read,0x20004020,1,0x0
8640,1153,master,0x06000464,read,0x20004020,1,0x0
8641,1153,master,0x06000464,read,0x20004020,1,0x0
8642,1153,master,0x06000464,read,0x20004020,1,0x0
8643,1153,master,0x06000464,read,0x20004020,1,0x0
8644,1153,master,0x06000464,read,0x20004020,1,0x0
8645,1153,master,0x06000464,read,0x20004020,1,0x0
8646,1153,master,0x06000464,read,0x20004020,1,0x1
8647,1153,master,0x0600046A,read,0x20004021,1,0x22
8648,1153,master,0x06000464,read,0x20004020,1,0x0
8649,1153,master,0x06000464,read,0x20004020,1,0x0
8650,1153,master,0x06000464,read,0x20004020,1,0x0
8651,1153,master,0x06000464,read,0x20004020,1,0x0
8652,1153,master,0x06000464,read,0x20004020,1,0x0
8653,1153,master,0x06000464,read,0x20004020,1,0x0
8654,1153,master,0x06000464,read,0x20004020,1,0x0
8655,1153,master,0x06000464,read,0x20004020,1,0x0
8656,1153,master,0x06000464,read,0x20004020,1,0x0
8657,1153,master,0x06000464,read,0x20004020,1,0x1
8658,1153,master,0x0600046A,read,0x20004021,1,0x22
8659,1153,master,0x06000464,read,0x20004020,1,0x0
8660,1153,master,0x06000464,read,0x20004020,1,0x0
8661,1153,master,0x06000464,read,0x20004020,1,0x0
8662,1153,master,0x06000464,read,0x20004020,1,0x0
8663,1153,master,0x06000464,read,0x20004020,1,0x0
8664,1153,master,0x06000464,read,0x20004020,1,0x0
8665,1153,master,0x06000464,read,0x20004020,1,0x0
8666,1153,master,0x06000464,read,0x20004020,1,0x0
8667,1153,master,0x06000464,read,0x20004020,1,0x0
8668,1153,master,0x06000464,read,0x20004020,1,0x1
8669,1153,master,0x0600046A,read,0x20004021,1,0x22
8670,1153,master,0x06000464,read,0x20004020,1,0x0
8671,1153,master,0x06000464,read,0x20004020,1,0x0
8672,1153,master,0x06000464,read,0x20004020,1,0x0
8673,1153,master,0x06000464,read,0x20004020,1,0x0
8674,1153,master,0x06000464,read,0x20004020,1,0x0
8675,1153,master,0x06000464,read,0x20004020,1,0x0
8676,1153,master,0x06000464,read,0x20004020,1,0x0
8677,1153,master,0x06000464,read,0x20004020,1,0x0
8678,1153,master,0x06000464,read,0x20004020,1,0x0
8679,1153,master,0x06000464,read,0x20004020,1,0x1
8680,1153,master,0x0600046A,read,0x20004021,1,0x22
8681,1153,master,0x06000464,read,0x20004020,1,0x0
8682,1153,master,0x06000464,read,0x20004020,1,0x0
8683,1153,master,0x06000464,read,0x20004020,1,0x0
8684,1153,master,0x06000464,read,0x20004020,1,0x0
8685,1153,master,0x06000464,read,0x20004020,1,0x0
8686,1153,master,0x06000464,read,0x20004020,1,0x0
8687,1153,master,0x06000464,read,0x20004020,1,0x0
8688,1153,master,0x06000464,read,0x20004020,1,0x0
8689,1153,master,0x06000464,read,0x20004020,1,0x0
8690,1153,master,0x06000464,read,0x20004020,1,0x1
8691,1153,master,0x0600046A,read,0x20004021,1,0x22
8692,1153,master,0x06000464,read,0x20004020,1,0x0
8693,1153,master,0x06000464,read,0x20004020,1,0x0
8694,1153,master,0x06000464,read,0x20004020,1,0x0
8695,1153,master,0x06000464,read,0x20004020,1,0x0
8696,1153,master,0x06000464,read,0x20004020,1,0x0
8697,1153,master,0x06000464,read,0x20004020,1,0x0
8698,1153,master,0x06000464,read,0x20004020,1,0x0
8699,1153,master,0x06000464,read,0x20004020,1,0x0
8700,1153,master,0x06000464,read,0x20004020,1,0x0
8701,1153,master,0x06000464,read,0x20004020,1,0x1
8702,1153,master,0x0600046A,read,0x20004021,1,0x22
8703,1153,master,0x06000464,read,0x20004020,1,0x0
8704,1153,master,0x06000464,read,0x20004020,1,0x0
8705,1153,master,0x06000464,read,0x20004020,1,0x0
8706,1153,master,0x06000464,read,0x20004020,1,0x0
8707,1153,master,0x06000464,read,0x20004020,1,0x0
8708,1153,master,0x06000464,read,0x20004020,1,0x0
8709,1153,master,0x06000464,read,0x20004020,1,0x0
8710,1153,master,0x06000464,read,0x20004020,1,0x0
8711,1153,master,0x06000464,read,0x20004020,1,0x0
8712,1153,master,0x06000464,read,0x20004020,1,0x1
8713,1153,master,0x0600046A,read,0x20004021,1,0x22
8714,1153,master,0x06000464,read,0x20004020,1,0x0
8715,1153,master,0x06000464,read,0x20004020,1,0x0
8716,1153,master,0x06000464,read,0x20004020,1,0x0
8717,1153,master,0x06000464,read,0x20004020,1,0x0
8718,1153,master,0x06000464,read,0x20004020,1,0x0
8719,1153,master,0x06000464,read,0x20004020,1,0x0
8720,1153,master,0x06000464,read,0x20004020,1,0x0
8721,1153,master,0x06000464,read,0x20004020,1,0x0
8722,1153,master,0x06000464,read,0x20004020,1,0x0
8723,1153,master,0x06000464,read,0x20004020,1,0x1
8724,1153,master,0x0600046A,read,0x20004021,1,0x22
8725,1153,master,0x06000464,read,0x20004020,1,0x0
8726,1153,master,0x06000464,read,0x20004020,1,0x0
8727,1153,master,0x06000464,read,0x20004020,1,0x0
8728,1153,master,0x06000464,read,0x20004020,1,0x0
8729,1153,master,0x06000464,read,0x20004020,1,0x0
8730,1153,master,0x06000464,read,0x20004020,1,0x0
8731,1153,master,0x06000464,read,0x20004020,1,0x0
8732,1153,master,0x06000464,read,0x20004020,1,0x0
8733,1153,master,0x06000464,read,0x20004020,1,0x0
8734,1153,master,0x06000464,read,0x20004020,1,0x1
8735,1153,master,0x0600046A,read,0x20004021,1,0x22
8736,1153,master,0x06000464,read,0x20004020,1,0x0
8737,1153,master,0x06000464,read,0x20004020,1,0x0
8738,1153,master,0x06000464,read,0x20004020,1,0x0
8739,1153,master,0x06000464,read,0x20004020,1,0x0
8740,1153,master,0x06000464,read,0x20004020,1,0x0
8741,1153,master,0x06000464,read,0x20004020,1,0x0
8742,1153,master,0x06000464,read,0x20004020,1,0x0
8743,1153,master,0x06000464,read,0x20004020,1,0x0
8744,1153,master,0x06000464,read,0x20004020,1,0x0
8745,1153,master,0x06000464,read,0x20004020,1,0x1
8746,1153,master,0x0600046A,read,0x20004021,1,0x22
8747,1153,master,0x06000464,read,0x20004020,1,0x0
8748,1153,master,0x06000464,read,0x20004020,1,0x0
8749,1153,master,0x06000464,read,0x20004020,1,0x0
8750,1153,master,0x06000464,read,0x20004020,1,0x0
8751,1153,master,0x06000464,read,0x20004020,1,0x0
8752,1153,master,0x06000464,read,0x20004020,1,0x0
8753,1153,master,0x06000464,read,0x20004020,1,0x0
8754,1153,master,0x06000464,read,0x20004020,1,0x0
8755,1153,master,0x06000464,read,0x20004020,1,0x0
8756,1153,master,0x06000464,read,0x20004020,1,0x1
8757,1153,master,0x0600046A,read,0x20004021,1,0x22
8758,1153,master,0x06000464,read,0x20004020,1,0x0
8759,1153,master,0x06000464,read,0x20004020,1,0x0
8760,1153,master,0x06000464,read,0x20004020,1,0x0
8761,1153,master,0x06000464,read,0x20004020,1,0x0
8762,1153,master,0x06000464,read,0x20004020,1,0x0
8763,1153,master,0x06000464,read,0x20004020,1,0x0
8764,1153,master,0x06000464,read,0x20004020,1,0x0
8765,1153,master,0x06000464,read,0x20004020,1,0x0
8766,1153,master,0x06000464,read,0x20004020,1,0x0
8767,1153,master,0x06000464,read,0x20004020,1,0x1
8768,1153,master,0x0600046A,read,0x20004021,1,0x22
8769,1153,master,0x06000464,read,0x20004020,1,0x0
8770,1153,master,0x06000464,read,0x20004020,1,0x0
8771,1153,master,0x06000464,read,0x20004020,1,0x0
8772,1153,master,0x06000464,read,0x20004020,1,0x0
8773,1153,master,0x06000464,read,0x20004020,1,0x0
8774,1153,master,0x06000464,read,0x20004020,1,0x0
8775,1153,master,0x06000464,read,0x20004020,1,0x0
8776,1153,master,0x06000464,read,0x20004020,1,0x0
8777,1153,master,0x06000464,read,0x20004020,1,0x0
8778,1154,master,0x06000464,read,0x20004020,1,0x1
8779,1154,master,0x0600046A,read,0x20004021,1,0x2B
8780,1155,master,0x06000464,read,0x20004020,1,0x0
8781,1155,master,0x06000464,read,0x20004020,1,0x0
8782,1155,master,0x06000464,read,0x20004020,1,0x0
8783,1155,master,0x06000464,read,0x20004020,1,0x0
8784,1155,master,0x06000464,read,0x20004020,1,0x0
8785,1155,master,0x06000464,read,0x20004020,1,0x0
8786,1155,master,0x06000464,read,0x20004020,1,0x0
8787,1155,master,0x06000464,read,0x20004020,1,0x0
8788,1155,master,0x06000464,read,0x20004020,1,0x0
8789,1155,master,0x06000464,read,0x20004020,1,0x0
8790,1155,master,0x06000464,read,0x20004020,1,0x1
8791,1155,master,0x0600046A,read,0x20004021,1,0x22
8792,1155,master,0x06000464,read,0x20004020,1,0x0
8793,1155,master,0x06000464,read,0x20004020,1,0x0
8794,1155,master,0x06000464,read,0x20004020,1,0x0
8795,1155,master,0x06000464,read,0x20004020,1,0x0
8796,1155,master,0x06000464,read,0x20004020,1,0x0
8797,1155,master,0x06000464,read,0x20004020,1,0x0
8798,1155,master,0x06000464,read,0x20004020,1,0x0
8799,1155,master,0x06000464,read,0x20004020,1,0x0
8800,1155,master,0x06000464,read,0x20004020,1,0x0
8801,1155,master,0x06000464,read,0x20004020,1,0x1
8802,1155,master,0x0600046A,read,0x20004021,1,0x22
8803,1155,master,0x06000464,read,0x20004020,1,0x0
8804,1155,master,0x06000464,read,0x20004020,1,0x0
8805,1155,master,0x06000464,read,0x20004020,1,0x0
8806,1155,master,0x06000464,read,0x20004020,1,0x0
8807,1155,master,0x06000464,read,0x20004020,1,0x0
8808,1155,master,0x06000464,read,0x20004020,1,0x0
8809,1155,master,0x06000464,read,0x20004020,1,0x0
8810,1155,master,0x06000464,read,0x20004020,1,0x0
8811,1155,master,0x06000464,read,0x20004020,1,0x0
8812,1155,master,0x06000464,read,0x20004020,1,0x1
8813,1155,master,0x0600046A,read,0x20004021,1,0x22
8814,1156,master,0x06000464,read,0x20004020,1,0x0
8815,1156,master,0x06000464,read,0x20004020,1,0x0
8816,1156,master,0x06000464,read,0x20004020,1,0x0
8817,1156,master,0x06000464,read,0x20004020,1,0x0
8818,1156,master,0x06000464,read,0x20004020,1,0x0
8819,1156,master,0x06000464,read,0x20004020,1,0x0
8820,1156,master,0x06000464,read,0x20004020,1,0x0
8821,1156,master,0x06000464,read,0x20004020,1,0x0
8822,1156,master,0x06000464,read,0x20004020,1,0x0
8823,1156,master,0x06000464,read,0x20004020,1,0x1
8824,1156,master,0x0600046A,read,0x20004021,1,0x22
8825,1156,master,0x06000464,read,0x20004020,1,0x0
8826,1156,master,0x06000464,read,0x20004020,1,0x0
8827,1156,master,0x06000464,read,0x20004020,1,0x0
8828,1156,master,0x06000464,read,0x20004020,1,0x0
8829,1156,master,0x06000464,read,0x20004020,1,0x0
8830,1156,master,0x06000464,read,0x20004020,1,0x0
8831,1156,master,0x06000464,read,0x20004020,1,0x0
8832,1156,master,0x06000464,read,0x20004020,1,0x0
8833,1156,master,0x06000464,read,0x20004020,1,0x0
8834,1156,master,0x06000464,read,0x20004020,1,0x1
8835,1156,master,0x0600046A,read,0x20004021,1,0x22
8836,1156,master,0x06000464,read,0x20004020,1,0x0
8837,1156,master,0x06000464,read,0x20004020,1,0x0
8838,1156,master,0x06000464,read,0x20004020,1,0x0
8839,1156,master,0x06000464,read,0x20004020,1,0x0
8840,1156,master,0x06000464,read,0x20004020,1,0x0
8841,1156,master,0x06000464,read,0x20004020,1,0x0
8842,1156,master,0x06000464,read,0x20004020,1,0x0
8843,1156,master,0x06000464,read,0x20004020,1,0x0
8844,1156,master,0x06000464,read,0x20004020,1,0x0
8845,1156,master,0x06000464,read,0x20004020,1,0x1
8846,1156,master,0x0600046A,read,0x20004021,1,0x22
8847,1156,master,0x06000464,read,0x20004020,1,0x0
8848,1156,master,0x06000464,read,0x20004020,1,0x0
8849,1156,master,0x06000464,read,0x20004020,1,0x0
8850,1156,master,0x06000464,read,0x20004020,1,0x0
8851,1156,master,0x06000464,read,0x20004020,1,0x0
8852,1156,master,0x06000464,read,0x20004020,1,0x0
8853,1156,master,0x06000464,read,0x20004020,1,0x0
8854,1156,master,0x06000464,read,0x20004020,1,0x0
8855,1156,master,0x06000464,read,0x20004020,1,0x0
8856,1156,master,0x06000464,read,0x20004020,1,0x1
8857,1156,master,0x0600046A,read,0x20004021,1,0x22
8858,1156,master,0x06000464,read,0x20004020,1,0x0
8859,1156,master,0x06000464,read,0x20004020,1,0x0
8860,1156,master,0x06000464,read,0x20004020,1,0x0
8861,1156,master,0x06000464,read,0x20004020,1,0x0
8862,1156,master,0x06000464,read,0x20004020,1,0x0
8863,1156,master,0x06000464,read,0x20004020,1,0x0
8864,1156,master,0x06000464,read,0x20004020,1,0x0
8865,1156,master,0x06000464,read,0x20004020,1,0x0
8866,1156,master,0x06000464,read,0x20004020,1,0x0
8867,1156,master,0x06000464,read,0x20004020,1,0x1
8868,1156,master,0x0600046A,read,0x20004021,1,0x22
8869,1156,master,0x06000464,read,0x20004020,1,0x0
8870,1156,master,0x06000464,read,0x20004020,1,0x0
8871,1156,master,0x06000464,read,0x20004020,1,0x0
8872,1156,master,0x06000464,read,0x20004020,1,0x0
8873,1156,master,0x06000464,read,0x20004020,1,0x0
8874,1156,master,0x06000464,read,0x20004020,1,0x0
8875,1156,master,0x06000464,read,0x20004020,1,0x0
8876,1156,master,0x06000464,read,0x20004020,1,0x0
8877,1156,master,0x06000464,read,0x20004020,1,0x0
8878,1156,master,0x06000464,read,0x20004020,1,0x1
8879,1156,master,0x0600046A,read,0x20004021,1,0x22
8880,1156,master,0x06000464,read,0x20004020,1,0x0
8881,1156,master,0x06000464,read,0x20004020,1,0x0
8882,1156,master,0x06000464,read,0x20004020,1,0x0
8883,1156,master,0x06000464,read,0x20004020,1,0x0
8884,1156,master,0x06000464,read,0x20004020,1,0x0
8885,1156,master,0x06000464,read,0x20004020,1,0x0
8886,1156,master,0x06000464,read,0x20004020,1,0x0
8887,1156,master,0x06000464,read,0x20004020,1,0x0
8888,1156,master,0x06000464,read,0x20004020,1,0x0
8889,1156,master,0x06000464,read,0x20004020,1,0x1
8890,1156,master,0x0600046A,read,0x20004021,1,0x22
8891,1156,master,0x06000464,read,0x20004020,1,0x0
8892,1156,master,0x06000464,read,0x20004020,1,0x0
8893,1156,master,0x06000464,read,0x20004020,1,0x0
8894,1156,master,0x06000464,read,0x20004020,1,0x0
8895,1156,master,0x06000464,read,0x20004020,1,0x0
8896,1156,master,0x06000464,read,0x20004020,1,0x0
8897,1156,master,0x06000464,read,0x20004020,1,0x0
8898,1156,master,0x06000464,read,0x20004020,1,0x0
8899,1156,master,0x06000464,read,0x20004020,1,0x0
8900,1156,master,0x06000464,read,0x20004020,1,0x1
8901,1156,master,0x0600046A,read,0x20004021,1,0x22
8902,1156,master,0x06000464,read,0x20004020,1,0x0
8903,1156,master,0x06000464,read,0x20004020,1,0x0
8904,1156,master,0x06000464,read,0x20004020,1,0x0
8905,1156,master,0x06000464,read,0x20004020,1,0x0
8906,1156,master,0x06000464,read,0x20004020,1,0x0
8907,1156,master,0x06000464,read,0x20004020,1,0x0
8908,1156,master,0x06000464,read,0x20004020,1,0x0
8909,1156,master,0x06000464,read,0x20004020,1,0x0
8910,1156,master,0x06000464,read,0x20004020,1,0x0
8911,1156,master,0x06000464,read,0x20004020,1,0x1
8912,1156,master,0x0600046A,read,0x20004021,1,0x22
8913,1156,master,0x06000464,read,0x20004020,1,0x0
8914,1156,master,0x06000464,read,0x20004020,1,0x0
8915,1156,master,0x06000464,read,0x20004020,1,0x0
8916,1156,master,0x06000464,read,0x20004020,1,0x0
8917,1156,master,0x06000464,read,0x20004020,1,0x0
8918,1156,master,0x06000464,read,0x20004020,1,0x0
8919,1156,master,0x06000464,read,0x20004020,1,0x0
8920,1156,master,0x06000464,read,0x20004020,1,0x0
8921,1156,master,0x06000464,read,0x20004020,1,0x0
8922,1156,master,0x06000464,read,0x20004020,1,0x1
8923,1156,master,0x0600046A,read,0x20004021,1,0x22
8924,1156,master,0x06000464,read,0x20004020,1,0x0
8925,1156,master,0x06000464,read,0x20004020,1,0x0
8926,1156,master,0x06000464,read,0x20004020,1,0x0
8927,1156,master,0x06000464,read,0x20004020,1,0x0
8928,1156,master,0x06000464,read,0x20004020,1,0x0
8929,1156,master,0x06000464,read,0x20004020,1,0x0
8930,1156,master,0x06000464,read,0x20004020,1,0x0
8931,1156,master,0x06000464,read,0x20004020,1,0x0
8932,1156,master,0x06000464,read,0x20004020,1,0x0
8933,1156,master,0x06000464,read,0x20004020,1,0x1
8934,1156,master,0x0600046A,read,0x20004021,1,0x22
8935,1156,master,0x06000464,read,0x20004020,1,0x0
8936,1156,master,0x06000464,read,0x20004020,1,0x0
8937,1156,master,0x06000464,read,0x20004020,1,0x0
8938,1156,master,0x06000464,read,0x20004020,1,0x0
8939,1156,master,0x06000464,read,0x20004020,1,0x0
8940,1156,master,0x06000464,read,0x20004020,1,0x0
8941,1156,master,0x06000464,read,0x20004020,1,0x0
8942,1156,master,0x06000464,read,0x20004020,1,0x0
8943,1156,master,0x06000464,read,0x20004020,1,0x0
8944,1156,master,0x06000464,read,0x20004020,1,0x1
8945,1156,master,0x0600046A,read,0x20004021,1,0x22
8946,1156,master,0x06000464,read,0x20004020,1,0x0
8947,1156,master,0x06000464,read,0x20004020,1,0x0
8948,1156,master,0x06000464,read,0x20004020,1,0x0
8949,1156,master,0x06000464,read,0x20004020,1,0x0
8950,1156,master,0x06000464,read,0x20004020,1,0x0
8951,1156,master,0x06000464,read,0x20004020,1,0x0
8952,1156,master,0x06000464,read,0x20004020,1,0x0
8953,1156,master,0x06000464,read,0x20004020,1,0x0
8954,1156,master,0x06000464,read,0x20004020,1,0x0
8955,1156,master,0x06000464,read,0x20004020,1,0x1
8956,1156,master,0x0600046A,read,0x20004021,1,0x22
8957,1156,master,0x06000464,read,0x20004020,1,0x0
8958,1156,master,0x06000464,read,0x20004020,1,0x0
8959,1156,master,0x06000464,read,0x20004020,1,0x0
8960,1156,master,0x06000464,read,0x20004020,1,0x0
8961,1156,master,0x06000464,read,0x20004020,1,0x0
8962,1156,master,0x06000464,read,0x20004020,1,0x0
8963,1156,master,0x06000464,read,0x20004020,1,0x0
8964,1156,master,0x06000464,read,0x20004020,1,0x0
8965,1156,master,0x06000464,read,0x20004020,1,0x0
8966,1156,master,0x06000464,read,0x20004020,1,0x1
8967,1156,master,0x0600046A,read,0x20004021,1,0x22
8968,1156,master,0x06000464,read,0x20004020,1,0x0
8969,1156,master,0x06000464,read,0x20004020,1,0x0
8970,1156,master,0x06000464,read,0x20004020,1,0x0
8971,1156,master,0x06000464,read,0x20004020,1,0x0
8972,1156,master,0x06000464,read,0x20004020,1,0x0
8973,1156,master,0x06000464,read,0x20004020,1,0x0
8974,1156,master,0x06000464,read,0x20004020,1,0x0
8975,1156,master,0x06000464,read,0x20004020,1,0x0
8976,1156,master,0x06000464,read,0x20004020,1,0x0
8977,1156,master,0x06000464,read,0x20004020,1,0x1
8978,1156,master,0x0600046A,read,0x20004021,1,0x22
8979,1156,master,0x06000464,read,0x20004020,1,0x0
8980,1156,master,0x06000464,read,0x20004020,1,0x0
8981,1156,master,0x06000464,read,0x20004020,1,0x0
8982,1156,master,0x06000464,read,0x20004020,1,0x0
8983,1156,master,0x06000464,read,0x20004020,1,0x0
8984,1156,master,0x06000464,read,0x20004020,1,0x0
8985,1156,master,0x06000464,read,0x20004020,1,0x0
8986,1156,master,0x06000464,read,0x20004020,1,0x0
8987,1156,master,0x06000464,read,0x20004020,1,0x0
8988,1156,master,0x06000464,read,0x20004020,1,0x1
8989,1156,master,0x0600046A,read,0x20004021,1,0x22
8990,1156,master,0x06000464,read,0x20004020,1,0x0
8991,1156,master,0x06000464,read,0x20004020,1,0x0
8992,1156,master,0x06000464,read,0x20004020,1,0x0
8993,1156,master,0x06000464,read,0x20004020,1,0x0
8994,1156,master,0x06000464,read,0x20004020,1,0x0
8995,1156,master,0x06000464,read,0x20004020,1,0x0
8996,1156,master,0x06000464,read,0x20004020,1,0x0
8997,1156,master,0x06000464,read,0x20004020,1,0x0
8998,1156,master,0x06000464,read,0x20004020,1,0x0
8999,1156,master,0x06000464,read,0x20004020,1,0x1
9000,1156,master,0x0600046A,read,0x20004021,1,0x2B
9001,1158,master,0x06000464,read,0x20004020,1,0x0
9002,1158,master,0x06000464,read,0x20004020,1,0x0
9003,1158,master,0x06000464,read,0x20004020,1,0x0
9004,1158,master,0x06000464,read,0x20004020,1,0x0
9005,1158,master,0x06000464,read,0x20004020,1,0x0
9006,1158,master,0x06000464,read,0x20004020,1,0x0
9007,1158,master,0x06000464,read,0x20004020,1,0x0
9008,1158,master,0x06000464,read,0x20004020,1,0x0
9009,1158,master,0x06000464,read,0x20004020,1,0x0
9010,1158,master,0x06000464,read,0x20004020,1,0x0
9011,1158,master,0x06000464,read,0x20004020,1,0x1
9012,1158,master,0x0600046A,read,0x20004021,1,0x22
9013,1158,master,0x06000464,read,0x20004020,1,0x0
9014,1158,master,0x06000464,read,0x20004020,1,0x0
9015,1158,master,0x06000464,read,0x20004020,1,0x0
9016,1158,master,0x06000464,read,0x20004020,1,0x0
9017,1158,master,0x06000464,read,0x20004020,1,0x0
9018,1158,master,0x06000464,read,0x20004020,1,0x0
9019,1158,master,0x06000464,read,0x20004020,1,0x0
9020,1158,master,0x06000464,read,0x20004020,1,0x0
9021,1158,master,0x06000464,read,0x20004020,1,0x0
9022,1158,master,0x06000464,read,0x20004020,1,0x1
9023,1158,master,0x0600046A,read,0x20004021,1,0x22
9024,1158,master,0x06000464,read,0x20004020,1,0x0
9025,1158,master,0x06000464,read,0x20004020,1,0x0
9026,1158,master,0x06000464,read,0x20004020,1,0x0
9027,1158,master,0x06000464,read,0x20004020,1,0x0
9028,1158,master,0x06000464,read,0x20004020,1,0x0
9029,1158,master,0x06000464,read,0x20004020,1,0x0
9030,1158,master,0x06000464,read,0x20004020,1,0x0
9031,1158,master,0x06000464,read,0x20004020,1,0x0
9032,1158,master,0x06000464,read,0x20004020,1,0x0
9033,1158,master,0x06000464,read,0x20004020,1,0x1
9034,1158,master,0x0600046A,read,0x20004021,1,0x22
9035,1159,master,0x06000464,read,0x20004020,1,0x0
9036,1159,master,0x06000464,read,0x20004020,1,0x0
9037,1159,master,0x06000464,read,0x20004020,1,0x0
9038,1159,master,0x06000464,read,0x20004020,1,0x0
9039,1159,master,0x06000464,read,0x20004020,1,0x0
9040,1159,master,0x06000464,read,0x20004020,1,0x0
9041,1159,master,0x06000464,read,0x20004020,1,0x0
9042,1159,master,0x06000464,read,0x20004020,1,0x0
9043,1159,master,0x06000464,read,0x20004020,1,0x0
9044,1159,master,0x06000464,read,0x20004020,1,0x1
9045,1159,master,0x0600046A,read,0x20004021,1,0x22
9046,1159,master,0x06000464,read,0x20004020,1,0x0
9047,1159,master,0x06000464,read,0x20004020,1,0x0
9048,1159,master,0x06000464,read,0x20004020,1,0x0
9049,1159,master,0x06000464,read,0x20004020,1,0x0
9050,1159,master,0x06000464,read,0x20004020,1,0x0
9051,1159,master,0x06000464,read,0x20004020,1,0x0
9052,1159,master,0x06000464,read,0x20004020,1,0x0
9053,1159,master,0x06000464,read,0x20004020,1,0x0
9054,1159,master,0x06000464,read,0x20004020,1,0x0
9055,1159,master,0x06000464,read,0x20004020,1,0x1
9056,1159,master,0x0600046A,read,0x20004021,1,0x22
9057,1159,master,0x06000464,read,0x20004020,1,0x0
9058,1159,master,0x06000464,read,0x20004020,1,0x0
9059,1159,master,0x06000464,read,0x20004020,1,0x0
9060,1159,master,0x06000464,read,0x20004020,1,0x0
9061,1159,master,0x06000464,read,0x20004020,1,0x0
9062,1159,master,0x06000464,read,0x20004020,1,0x0
9063,1159,master,0x06000464,read,0x20004020,1,0x0
9064,1159,master,0x06000464,read,0x20004020,1,0x0
9065,1159,master,0x06000464,read,0x20004020,1,0x0
9066,1159,master,0x06000464,read,0x20004020,1,0x1
9067,1159,master,0x0600046A,read,0x20004021,1,0x22
9068,1159,master,0x06000464,read,0x20004020,1,0x0
9069,1159,master,0x06000464,read,0x20004020,1,0x0
9070,1159,master,0x06000464,read,0x20004020,1,0x0
9071,1159,master,0x06000464,read,0x20004020,1,0x0
9072,1159,master,0x06000464,read,0x20004020,1,0x0
9073,1159,master,0x06000464,read,0x20004020,1,0x0
9074,1159,master,0x06000464,read,0x20004020,1,0x0
9075,1159,master,0x06000464,read,0x20004020,1,0x0
9076,1159,master,0x06000464,read,0x20004020,1,0x0
9077,1159,master,0x06000464,read,0x20004020,1,0x1
9078,1159,master,0x0600046A,read,0x20004021,1,0x22
9079,1159,master,0x06000464,read,0x20004020,1,0x0
9080,1159,master,0x06000464,read,0x20004020,1,0x0
9081,1159,master,0x06000464,read,0x20004020,1,0x0
9082,1159,master,0x06000464,read,0x20004020,1,0x0
9083,1159,master,0x06000464,read,0x20004020,1,0x0
9084,1159,master,0x06000464,read,0x20004020,1,0x0
9085,1159,master,0x06000464,read,0x20004020,1,0x0
9086,1159,master,0x06000464,read,0x20004020,1,0x0
9087,1159,master,0x06000464,read,0x20004020,1,0x0
9088,1159,master,0x06000464,read,0x20004020,1,0x1
9089,1159,master,0x0600046A,read,0x20004021,1,0x22
9090,1159,master,0x06000464,read,0x20004020,1,0x0
9091,1159,master,0x06000464,read,0x20004020,1,0x0
9092,1159,master,0x06000464,read,0x20004020,1,0x0
9093,1159,master,0x06000464,read,0x20004020,1,0x0
9094,1159,master,0x06000464,read,0x20004020,1,0x0
9095,1159,master,0x06000464,read,0x20004020,1,0x0
9096,1159,master,0x06000464,read,0x20004020,1,0x0
9097,1159,master,0x06000464,read,0x20004020,1,0x0
9098,1159,master,0x06000464,read,0x20004020,1,0x0
9099,1159,master,0x06000464,read,0x20004020,1,0x1
9100,1159,master,0x0600046A,read,0x20004021,1,0x22
9101,1159,master,0x06000464,read,0x20004020,1,0x0
9102,1159,master,0x06000464,read,0x20004020,1,0x0
9103,1159,master,0x06000464,read,0x20004020,1,0x0
9104,1159,master,0x06000464,read,0x20004020,1,0x0
9105,1159,master,0x06000464,read,0x20004020,1,0x0
9106,1159,master,0x06000464,read,0x20004020,1,0x0
9107,1159,master,0x06000464,read,0x20004020,1,0x0
9108,1159,master,0x06000464,read,0x20004020,1,0x0
9109,1159,master,0x06000464,read,0x20004020,1,0x0
9110,1159,master,0x06000464,read,0x20004020,1,0x1
9111,1159,master,0x0600046A,read,0x20004021,1,0x22
9112,1159,master,0x06000464,read,0x20004020,1,0x0
9113,1159,master,0x06000464,read,0x20004020,1,0x0
9114,1159,master,0x06000464,read,0x20004020,1,0x0
9115,1159,master,0x06000464,read,0x20004020,1,0x0
9116,1159,master,0x06000464,read,0x20004020,1,0x0
9117,1159,master,0x06000464,read,0x20004020,1,0x0
9118,1159,master,0x06000464,read,0x20004020,1,0x0
9119,1159,master,0x06000464,read,0x20004020,1,0x0
9120,1159,master,0x06000464,read,0x20004020,1,0x0
9121,1159,master,0x06000464,read,0x20004020,1,0x1
9122,1159,master,0x0600046A,read,0x20004021,1,0x22
9123,1159,master,0x06000464,read,0x20004020,1,0x0
9124,1159,master,0x06000464,read,0x20004020,1,0x0
9125,1159,master,0x06000464,read,0x20004020,1,0x0
9126,1159,master,0x06000464,read,0x20004020,1,0x0
9127,1159,master,0x06000464,read,0x20004020,1,0x0
9128,1159,master,0x06000464,read,0x20004020,1,0x0
9129,1159,master,0x06000464,read,0x20004020,1,0x0
9130,1159,master,0x06000464,read,0x20004020,1,0x0
9131,1159,master,0x06000464,read,0x20004020,1,0x0
9132,1159,master,0x06000464,read,0x20004020,1,0x1
9133,1159,master,0x0600046A,read,0x20004021,1,0x22
9134,1159,master,0x06000464,read,0x20004020,1,0x0
9135,1159,master,0x06000464,read,0x20004020,1,0x0
9136,1159,master,0x06000464,read,0x20004020,1,0x0
9137,1159,master,0x06000464,read,0x20004020,1,0x0
9138,1159,master,0x06000464,read,0x20004020,1,0x0
9139,1159,master,0x06000464,read,0x20004020,1,0x0
9140,1159,master,0x06000464,read,0x20004020,1,0x0
9141,1159,master,0x06000464,read,0x20004020,1,0x0
9142,1159,master,0x06000464,read,0x20004020,1,0x0
9143,1159,master,0x06000464,read,0x20004020,1,0x1
9144,1159,master,0x0600046A,read,0x20004021,1,0x22
9145,1159,master,0x06000464,read,0x20004020,1,0x0
9146,1159,master,0x06000464,read,0x20004020,1,0x0
9147,1159,master,0x06000464,read,0x20004020,1,0x0
9148,1159,master,0x06000464,read,0x20004020,1,0x0
9149,1159,master,0x06000464,read,0x20004020,1,0x0
9150,1159,master,0x06000464,read,0x20004020,1,0x0
9151,1159,master,0x06000464,read,0x20004020,1,0x0
9152,1159,master,0x06000464,read,0x20004020,1,0x0
9153,1159,master,0x06000464,read,0x20004020,1,0x0
9154,1159,master,0x06000464,read,0x20004020,1,0x1
9155,1159,master,0x0600046A,read,0x20004021,1,0x22
9156,1159,master,0x06000464,read,0x20004020,1,0x0
9157,1159,master,0x06000464,read,0x20004020,1,0x0
9158,1159,master,0x06000464,read,0x20004020,1,0x0
9159,1159,master,0x06000464,read,0x20004020,1,0x0
9160,1159,master,0x06000464,read,0x20004020,1,0x0
9161,1159,master,0x06000464,read,0x20004020,1,0x0
9162,1159,master,0x06000464,read,0x20004020,1,0x0
9163,1159,master,0x06000464,read,0x20004020,1,0x0
9164,1159,master,0x06000464,read,0x20004020,1,0x0
9165,1159,master,0x06000464,read,0x20004020,1,0x1
9166,1159,master,0x0600046A,read,0x20004021,1,0x22
9167,1159,master,0x06000464,read,0x20004020,1,0x0
9168,1159,master,0x06000464,read,0x20004020,1,0x0
9169,1159,master,0x06000464,read,0x20004020,1,0x0
9170,1159,master,0x06000464,read,0x20004020,1,0x0
9171,1159,master,0x06000464,read,0x20004020,1,0x0
9172,1159,master,0x06000464,read,0x20004020,1,0x0
9173,1159,master,0x06000464,read,0x20004020,1,0x0
9174,1159,master,0x06000464,read,0x20004020,1,0x0
9175,1159,master,0x06000464,read,0x20004020,1,0x0
9176,1159,master,0x06000464,read,0x20004020,1,0x1
9177,1159,master,0x0600046A,read,0x20004021,1,0x22
9178,1159,master,0x06000464,read,0x20004020,1,0x0
9179,1159,master,0x06000464,read,0x20004020,1,0x0
9180,1159,master,0x06000464,read,0x20004020,1,0x0
9181,1159,master,0x06000464,read,0x20004020,1,0x0
9182,1159,master,0x06000464,read,0x20004020,1,0x0
9183,1159,master,0x06000464,read,0x20004020,1,0x0
9184,1159,master,0x06000464,read,0x20004020,1,0x0
9185,1159,master,0x06000464,read,0x20004020,1,0x0
9186,1159,master,0x06000464,read,0x20004020,1,0x0
9187,1159,master,0x06000464,read,0x20004020,1,0x1
9188,1159,master,0x0600046A,read,0x20004021,1,0x22
9189,1159,master,0x06000464,read,0x20004020,1,0x0
9190,1159,master,0x06000464,read,0x20004020,1,0x0
9191,1159,master,0x06000464,read,0x20004020,1,0x0
9192,1159,master,0x06000464,read,0x20004020,1,0x0
9193,1159,master,0x06000464,read,0x20004020,1,0x0
9194,1159,master,0x06000464,read,0x20004020,1,0x0
9195,1159,master,0x06000464,read,0x20004020,1,0x0
9196,1159,master,0x06000464,read,0x20004020,1,0x0
9197,1159,master,0x06000464,read,0x20004020,1,0x0
9198,1159,master,0x06000464,read,0x20004020,1,0x1
9199,1159,master,0x0600046A,read,0x20004021,1,0x22
9200,1159,master,0x06000464,read,0x20004020,1,0x0
9201,1159,master,0x06000464,read,0x20004020,1,0x0
9202,1159,master,0x06000464,read,0x20004020,1,0x0
9203,1159,master,0x06000464,read,0x20004020,1,0x0
9204,1159,master,0x06000464,read,0x20004020,1,0x0
9205,1159,master,0x06000464,read,0x20004020,1,0x0
9206,1159,master,0x06000464,read,0x20004020,1,0x0
9207,1159,master,0x06000464,read,0x20004020,1,0x0
9208,1159,master,0x06000464,read,0x20004020,1,0x0
9209,1159,master,0x06000464,read,0x20004020,1,0x1
9210,1159,master,0x0600046A,read,0x20004021,1,0x22
9211,1159,master,0x06000464,read,0x20004020,1,0x0
9212,1159,master,0x06000464,read,0x20004020,1,0x0
9213,1159,master,0x06000464,read,0x20004020,1,0x0
9214,1159,master,0x06000464,read,0x20004020,1,0x0
9215,1159,master,0x06000464,read,0x20004020,1,0x0
9216,1159,master,0x06000464,read,0x20004020,1,0x0
9217,1159,master,0x06000464,read,0x20004020,1,0x0
9218,1159,master,0x06000464,read,0x20004020,1,0x0
9219,1159,master,0x06000464,read,0x20004020,1,0x0
9220,1159,master,0x06000464,read,0x20004020,1,0x1
9221,1159,master,0x0600046A,read,0x20004021,1,0x2B
9222,1161,master,0x06000464,read,0x20004020,1,0x0
9223,1161,master,0x06000464,read,0x20004020,1,0x0
9224,1161,master,0x06000464,read,0x20004020,1,0x0
9225,1161,master,0x06000464,read,0x20004020,1,0x0
9226,1161,master,0x06000464,read,0x20004020,1,0x0
9227,1161,master,0x06000464,read,0x20004020,1,0x0
9228,1161,master,0x06000464,read,0x20004020,1,0x0
9229,1161,master,0x06000464,read,0x20004020,1,0x0
9230,1161,master,0x06000464,read,0x20004020,1,0x0
9231,1161,master,0x06000464,read,0x20004020,1,0x0
9232,1161,master,0x06000464,read,0x20004020,1,0x1
9233,1161,master,0x0600046A,read,0x20004021,1,0x22
9234,1161,master,0x06000464,read,0x20004020,1,0x0
9235,1161,master,0x06000464,read,0x20004020,1,0x0
9236,1161,master,0x06000464,read,0x20004020,1,0x0
9237,1161,master,0x06000464,read,0x20004020,1,0x0
9238,1161,master,0x06000464,read,0x20004020,1,0x0
9239,1161,master,0x06000464,read,0x20004020,1,0x0
9240,1161,master,0x06000464,read,0x20004020,1,0x0
9241,1161,master,0x06000464,read,0x20004020,1,0x0
9242,1161,master,0x06000464,read,0x20004020,1,0x0
9243,1161,master,0x06000464,read,0x20004020,1,0x1
9244,1161,master,0x0600046A,read,0x20004021,1,0x22
9245,1161,master,0x06000464,read,0x20004020,1,0x0
9246,1161,master,0x06000464,read,0x20004020,1,0x0
9247,1161,master,0x06000464,read,0x20004020,1,0x0
9248,1161,master,0x06000464,read,0x20004020,1,0x0
9249,1161,master,0x06000464,read,0x20004020,1,0x0
9250,1161,master,0x06000464,read,0x20004020,1,0x0
9251,1161,master,0x06000464,read,0x20004020,1,0x0
9252,1161,master,0x06000464,read,0x20004020,1,0x0
9253,1161,master,0x06000464,read,0x20004020,1,0x0
9254,1161,master,0x06000464,read,0x20004020,1,0x1
9255,1161,master,0x0600046A,read,0x20004021,1,0x22
9256,1162,master,0x06000464,read,0x20004020,1,0x0
9257,1162,master,0x06000464,read,0x20004020,1,0x0
9258,1162,master,0x06000464,read,0x20004020,1,0x0
9259,1162,master,0x06000464,read,0x20004020,1,0x0
9260,1162,master,0x06000464,read,0x20004020,1,0x0
9261,1162,master,0x06000464,read,0x20004020,1,0x0
9262,1162,master,0x06000464,read,0x20004020,1,0x0
9263,1162,master,0x06000464,read,0x20004020,1,0x0
9264,1162,master,0x06000464,read,0x20004020,1,0x0
9265,1162,master,0x06000464,read,0x20004020,1,0x1
9266,1162,master,0x0600046A,read,0x20004021,1,0x22
9267,1162,master,0x06000464,read,0x20004020,1,0x0
9268,1162,master,0x06000464,read,0x20004020,1,0x0
9269,1162,master,0x06000464,read,0x20004020,1,0x0
9270,1162,master,0x06000464,read,0x20004020,1,0x0
9271,1162,master,0x06000464,read,0x20004020,1,0x0
9272,1162,master,0x06000464,read,0x20004020,1,0x0
9273,1162,master,0x06000464,read,0x20004020,1,0x0
9274,1162,master,0x06000464,read,0x20004020,1,0x0
9275,1162,master,0x06000464,read,0x20004020,1,0x0
9276,1162,master,0x06000464,read,0x20004020,1,0x1
9277,1162,master,0x0600046A,read,0x20004021,1,0x22
9278,1162,master,0x06000464,read,0x20004020,1,0x0
9279,1162,master,0x06000464,read,0x20004020,1,0x0
9280,1162,master,0x06000464,read,0x20004020,1,0x0
9281,1162,master,0x06000464,read,0x20004020,1,0x0
9282,1162,master,0x06000464,read,0x20004020,1,0x0
9283,1162,master,0x06000464,read,0x20004020,1,0x0
9284,1162,master,0x06000464,read,0x20004020,1,0x0
9285,1162,master,0x06000464,read,0x20004020,1,0x0
9286,1162,master,0x06000464,read,0x20004020,1,0x0
9287,1162,master,0x06000464,read,0x20004020,1,0x1
9288,1162,master,0x0600046A,read,0x20004021,1,0x22
9289,1162,master,0x06000464,read,0x20004020,1,0x0
9290,1162,master,0x06000464,read,0x20004020,1,0x0
9291,1162,master,0x06000464,read,0x20004020,1,0x0
9292,1162,master,0x06000464,read,0x20004020,1,0x0
9293,1162,master,0x06000464,read,0x20004020,1,0x0
9294,1162,master,0x06000464,read,0x20004020,1,0x0
9295,1162,master,0x06000464,read,0x20004020,1,0x0
9296,1162,master,0x06000464,read,0x20004020,1,0x0
9297,1162,master,0x06000464,read,0x20004020,1,0x0
9298,1162,master,0x06000464,read,0x20004020,1,0x1
9299,1162,master,0x0600046A,read,0x20004021,1,0x22
9300,1162,master,0x06000464,read,0x20004020,1,0x0
9301,1162,master,0x06000464,read,0x20004020,1,0x0
9302,1162,master,0x06000464,read,0x20004020,1,0x0
9303,1162,master,0x06000464,read,0x20004020,1,0x0
9304,1162,master,0x06000464,read,0x20004020,1,0x0
9305,1162,master,0x06000464,read,0x20004020,1,0x0
9306,1162,master,0x06000464,read,0x20004020,1,0x0
9307,1162,master,0x06000464,read,0x20004020,1,0x0
9308,1162,master,0x06000464,read,0x20004020,1,0x0
9309,1162,master,0x06000464,read,0x20004020,1,0x1
9310,1162,master,0x0600046A,read,0x20004021,1,0x22
9311,1162,master,0x06000464,read,0x20004020,1,0x0
9312,1162,master,0x06000464,read,0x20004020,1,0x0
9313,1162,master,0x06000464,read,0x20004020,1,0x0
9314,1162,master,0x06000464,read,0x20004020,1,0x0
9315,1162,master,0x06000464,read,0x20004020,1,0x0
9316,1162,master,0x06000464,read,0x20004020,1,0x0
9317,1162,master,0x06000464,read,0x20004020,1,0x0
9318,1162,master,0x06000464,read,0x20004020,1,0x0
9319,1162,master,0x06000464,read,0x20004020,1,0x0
9320,1162,master,0x06000464,read,0x20004020,1,0x1
9321,1162,master,0x0600046A,read,0x20004021,1,0x22
9322,1162,master,0x06000464,read,0x20004020,1,0x0
9323,1162,master,0x06000464,read,0x20004020,1,0x0
9324,1162,master,0x06000464,read,0x20004020,1,0x0
9325,1162,master,0x06000464,read,0x20004020,1,0x0
9326,1162,master,0x06000464,read,0x20004020,1,0x0
9327,1162,master,0x06000464,read,0x20004020,1,0x0
9328,1162,master,0x06000464,read,0x20004020,1,0x0
9329,1162,master,0x06000464,read,0x20004020,1,0x0
9330,1162,master,0x06000464,read,0x20004020,1,0x0
9331,1162,master,0x06000464,read,0x20004020,1,0x1
9332,1162,master,0x0600046A,read,0x20004021,1,0x22
9333,1162,master,0x06000464,read,0x20004020,1,0x0
9334,1162,master,0x06000464,read,0x20004020,1,0x0
9335,1162,master,0x06000464,read,0x20004020,1,0x0
9336,1162,master,0x06000464,read,0x20004020,1,0x0
9337,1162,master,0x06000464,read,0x20004020,1,0x0
9338,1162,master,0x06000464,read,0x20004020,1,0x0
9339,1162,master,0x06000464,read,0x20004020,1,0x0
9340,1162,master,0x06000464,read,0x20004020,1,0x0
9341,1162,master,0x06000464,read,0x20004020,1,0x0
9342,1162,master,0x06000464,read,0x20004020,1,0x1
9343,1162,master,0x0600046A,read,0x20004021,1,0x22
9344,1162,master,0x06000464,read,0x20004020,1,0x0
9345,1162,master,0x06000464,read,0x20004020,1,0x0
9346,1162,master,0x06000464,read,0x20004020,1,0x0
9347,1162,master,0x06000464,read,0x20004020,1,0x0
9348,1162,master,0x06000464,read,0x20004020,1,0x0
9349,1162,master,0x06000464,read,0x20004020,1,0x0
9350,1162,master,0x06000464,read,0x20004020,1,0x0
9351,1162,master,0x06000464,read,0x20004020,1,0x0
9352,1162,master,0x06000464,read,0x20004020,1,0x0
9353,1162,master,0x06000464,read,0x20004020,1,0x1
9354,1162,master,0x0600046A,read,0x20004021,1,0x22
9355,1162,master,0x06000464,read,0x20004020,1,0x0
9356,1162,master,0x06000464,read,0x20004020,1,0x0
9357,1162,master,0x06000464,read,0x20004020,1,0x0
9358,1162,master,0x06000464,read,0x20004020,1,0x0
9359,1162,master,0x06000464,read,0x20004020,1,0x0
9360,1162,master,0x06000464,read,0x20004020,1,0x0
9361,1162,master,0x06000464,read,0x20004020,1,0x0
9362,1162,master,0x06000464,read,0x20004020,1,0x0
9363,1162,master,0x06000464,read,0x20004020,1,0x0
9364,1162,master,0x06000464,read,0x20004020,1,0x1
9365,1162,master,0x0600046A,read,0x20004021,1,0x22
9366,1162,master,0x06000464,read,0x20004020,1,0x0
9367,1162,master,0x06000464,read,0x20004020,1,0x0
9368,1162,master,0x06000464,read,0x20004020,1,0x0
9369,1162,master,0x06000464,read,0x20004020,1,0x0
9370,1162,master,0x06000464,read,0x20004020,1,0x0
9371,1162,master,0x06000464,read,0x20004020,1,0x0
9372,1162,master,0x06000464,read,0x20004020,1,0x0
9373,1162,master,0x06000464,read,0x20004020,1,0x0
9374,1162,master,0x06000464,read,0x20004020,1,0x0
9375,1162,master,0x06000464,read,0x20004020,1,0x1
9376,1162,master,0x0600046A,read,0x20004021,1,0x22
9377,1162,master,0x06000464,read,0x20004020,1,0x0
9378,1162,master,0x06000464,read,0x20004020,1,0x0
9379,1162,master,0x06000464,read,0x20004020,1,0x0
9380,1162,master,0x06000464,read,0x20004020,1,0x0
9381,1162,master,0x06000464,read,0x20004020,1,0x0
9382,1162,master,0x06000464,read,0x20004020,1,0x0
9383,1162,master,0x06000464,read,0x20004020,1,0x0
9384,1162,master,0x06000464,read,0x20004020,1,0x0
9385,1162,master,0x06000464,read,0x20004020,1,0x0
9386,1162,master,0x06000464,read,0x20004020,1,0x1
9387,1162,master,0x0600046A,read,0x20004021,1,0x22
9388,1162,master,0x06000464,read,0x20004020,1,0x0
9389,1162,master,0x06000464,read,0x20004020,1,0x0
9390,1162,master,0x06000464,read,0x20004020,1,0x0
9391,1162,master,0x06000464,read,0x20004020,1,0x0
9392,1162,master,0x06000464,read,0x20004020,1,0x0
9393,1162,master,0x06000464,read,0x20004020,1,0x0
9394,1162,master,0x06000464,read,0x20004020,1,0x0
9395,1162,master,0x06000464,read,0x20004020,1,0x0
9396,1162,master,0x06000464,read,0x20004020,1,0x0
9397,1162,master,0x06000464,read,0x20004020,1,0x1
9398,1162,master,0x0600046A,read,0x20004021,1,0x22
9399,1162,master,0x06000464,read,0x20004020,1,0x0
9400,1162,master,0x06000464,read,0x20004020,1,0x0
9401,1162,master,0x06000464,read,0x20004020,1,0x0
9402,1162,master,0x06000464,read,0x20004020,1,0x0
9403,1162,master,0x06000464,read,0x20004020,1,0x0
9404,1162,master,0x06000464,read,0x20004020,1,0x0
9405,1162,master,0x06000464,read,0x20004020,1,0x0
9406,1162,master,0x06000464,read,0x20004020,1,0x0
9407,1162,master,0x06000464,read,0x20004020,1,0x0
9408,1162,master,0x06000464,read,0x20004020,1,0x1
9409,1162,master,0x0600046A,read,0x20004021,1,0x22
9410,1162,master,0x06000464,read,0x20004020,1,0x0
9411,1162,master,0x06000464,read,0x20004020,1,0x0
9412,1162,master,0x06000464,read,0x20004020,1,0x0
9413,1162,master,0x06000464,read,0x20004020,1,0x0
9414,1162,master,0x06000464,read,0x20004020,1,0x0
9415,1162,master,0x06000464,read,0x20004020,1,0x0
9416,1162,master,0x06000464,read,0x20004020,1,0x0
9417,1162,master,0x06000464,read,0x20004020,1,0x0
9418,1162,master,0x06000464,read,0x20004020,1,0x0
9419,1162,master,0x06000464,read,0x20004020,1,0x1
9420,1162,master,0x0600046A,read,0x20004021,1,0x22
9421,1162,master,0x06000464,read,0x20004020,1,0x0
9422,1162,master,0x06000464,read,0x20004020,1,0x0
9423,1162,master,0x06000464,read,0x20004020,1,0x0
9424,1162,master,0x06000464,read,0x20004020,1,0x0
9425,1162,master,0x06000464,read,0x20004020,1,0x0
9426,1162,master,0x06000464,read,0x20004020,1,0x0
9427,1162,master,0x06000464,read,0x20004020,1,0x0
9428,1162,master,0x06000464,read,0x20004020,1,0x0
9429,1162,master,0x06000464,read,0x20004020,1,0x0
9430,1162,master,0x06000464,read,0x20004020,1,0x1
9431,1162,master,0x0600046A,read,0x20004021,1,0x22
9432,1162,master,0x06000464,read,0x20004020,1,0x0
9433,1162,master,0x06000464,read,0x20004020,1,0x0
9434,1162,master,0x06000464,read,0x20004020,1,0x0
9435,1162,master,0x06000464,read,0x20004020,1,0x0
9436,1162,master,0x06000464,read,0x20004020,1,0x0
9437,1162,master,0x06000464,read,0x20004020,1,0x0
9438,1162,master,0x06000464,read,0x20004020,1,0x0
9439,1162,master,0x06000464,read,0x20004020,1,0x0
9440,1162,master,0x06000464,read,0x20004020,1,0x0
9441,1162,master,0x06000464,read,0x20004020,1,0x1
9442,1162,master,0x0600046A,read,0x20004021,1,0x2B
9443,1164,master,0x06000464,read,0x20004020,1,0x0
9444,1164,master,0x06000464,read,0x20004020,1,0x0
9445,1164,master,0x06000464,read,0x20004020,1,0x0
9446,1164,master,0x06000464,read,0x20004020,1,0x0
9447,1164,master,0x06000464,read,0x20004020,1,0x0
9448,1164,master,0x06000464,read,0x20004020,1,0x0
9449,1164,master,0x06000464,read,0x20004020,1,0x0
9450,1164,master,0x06000464,read,0x20004020,1,0x0
9451,1164,master,0x06000464,read,0x20004020,1,0x0
9452,1164,master,0x06000464,read,0x20004020,1,0x0
9453,1164,master,0x06000464,read,0x20004020,1,0x1
9454,1164,master,0x0600046A,read,0x20004021,1,0x22
9455,1164,master,0x06000464,read,0x20004020,1,0x0
9456,1164,master,0x06000464,read,0x20004020,1,0x0
9457,1164,master,0x06000464,read,0x20004020,1,0x0
9458,1164,master,0x06000464,read,0x20004020,1,0x0
9459,1164,master,0x06000464,read,0x20004020,1,0x0
9460,1164,master,0x06000464,read,0x20004020,1,0x0
9461,1164,master,0x06000464,read,0x20004020,1,0x0
9462,1164,master,0x06000464,read,0x20004020,1,0x0
9463,1164,master,0x06000464,read,0x20004020,1,0x0
9464,1164,master,0x06000464,read,0x20004020,1,0x1
9465,1164,master,0x0600046A,read,0x20004021,1,0x22
9466,1164,master,0x06000464,read,0x20004020,1,0x0
9467,1164,master,0x06000464,read,0x20004020,1,0x0
9468,1164,master,0x06000464,read,0x20004020,1,0x0
9469,1164,master,0x06000464,read,0x20004020,1,0x0
9470,1164,master,0x06000464,read,0x20004020,1,0x0
9471,1164,master,0x06000464,read,0x20004020,1,0x0
9472,1164,master,0x06000464,read,0x20004020,1,0x0
9473,1164,master,0x06000464,read,0x20004020,1,0x0
9474,1164,master,0x06000464,read,0x20004020,1,0x0
9475,1164,master,0x06000464,read,0x20004020,1,0x1
9476,1164,master,0x0600046A,read,0x20004021,1,0x22
9477,1165,master,0x06000464,read,0x20004020,1,0x0
9478,1165,master,0x06000464,read,0x20004020,1,0x0
9479,1165,master,0x06000464,read,0x20004020,1,0x0
9480,1165,master,0x06000464,read,0x20004020,1,0x0
9481,1165,master,0x06000464,read,0x20004020,1,0x0
9482,1165,master,0x06000464,read,0x20004020,1,0x0
9483,1165,master,0x06000464,read,0x20004020,1,0x0
9484,1165,master,0x06000464,read,0x20004020,1,0x0
9485,1165,master,0x06000464,read,0x20004020,1,0x0
9486,1165,master,0x06000464,read,0x20004020,1,0x1
9487,1165,master,0x0600046A,read,0x20004021,1,0x22
9488,1165,master,0x06000464,read,0x20004020,1,0x0
9489,1165,master,0x06000464,read,0x20004020,1,0x0
9490,1165,master,0x06000464,read,0x20004020,1,0x0
9491,1165,master,0x06000464,read,0x20004020,1,0x0
9492,1165,master,0x06000464,read,0x20004020,1,0x0
9493,1165,master,0x06000464,read,0x20004020,1,0x0
9494,1165,master,0x06000464,read,0x20004020,1,0x0
9495,1165,master,0x06000464,read,0x20004020,1,0x0
9496,1165,master,0x06000464,read,0x20004020,1,0x0
9497,1165,master,0x06000464,read,0x20004020,1,0x1
9498,1165,master,0x0600046A,read,0x20004021,1,0x22
9499,1165,master,0x06000464,read,0x20004020,1,0x0
9500,1165,master,0x06000464,read,0x20004020,1,0x0
9501,1165,master,0x06000464,read,0x20004020,1,0x0
9502,1165,master,0x06000464,read,0x20004020,1,0x0
9503,1165,master,0x06000464,read,0x20004020,1,0x0
9504,1165,master,0x06000464,read,0x20004020,1,0x0
9505,1165,master,0x06000464,read,0x20004020,1,0x0
9506,1165,master,0x06000464,read,0x20004020,1,0x0
9507,1165,master,0x06000464,read,0x20004020,1,0x0
9508,1165,master,0x06000464,read,0x20004020,1,0x1
9509,1165,master,0x0600046A,read,0x20004021,1,0x22
9510,1165,master,0x06000464,read,0x20004020,1,0x0
9511,1165,master,0x06000464,read,0x20004020,1,0x0
9512,1165,master,0x06000464,read,0x20004020,1,0x0
9513,1165,master,0x06000464,read,0x20004020,1,0x0
9514,1165,master,0x06000464,read,0x20004020,1,0x0
9515,1165,master,0x06000464,read,0x20004020,1,0x0
9516,1165,master,0x06000464,read,0x20004020,1,0x0
9517,1165,master,0x06000464,read,0x20004020,1,0x0
9518,1165,master,0x06000464,read,0x20004020,1,0x0
9519,1165,master,0x06000464,read,0x20004020,1,0x1
9520,1165,master,0x0600046A,read,0x20004021,1,0x22
9521,1165,master,0x06000464,read,0x20004020,1,0x0
9522,1165,master,0x06000464,read,0x20004020,1,0x0
9523,1165,master,0x06000464,read,0x20004020,1,0x0
9524,1165,master,0x06000464,read,0x20004020,1,0x0
9525,1165,master,0x06000464,read,0x20004020,1,0x0
9526,1165,master,0x06000464,read,0x20004020,1,0x0
9527,1165,master,0x06000464,read,0x20004020,1,0x0
9528,1165,master,0x06000464,read,0x20004020,1,0x0
9529,1165,master,0x06000464,read,0x20004020,1,0x0
9530,1165,master,0x06000464,read,0x20004020,1,0x1
9531,1165,master,0x0600046A,read,0x20004021,1,0x22
9532,1165,master,0x06000464,read,0x20004020,1,0x0
9533,1165,master,0x06000464,read,0x20004020,1,0x0
9534,1165,master,0x06000464,read,0x20004020,1,0x0
9535,1165,master,0x06000464,read,0x20004020,1,0x0
9536,1165,master,0x06000464,read,0x20004020,1,0x0
9537,1165,master,0x06000464,read,0x20004020,1,0x0
9538,1165,master,0x06000464,read,0x20004020,1,0x0
9539,1165,master,0x06000464,read,0x20004020,1,0x0
9540,1165,master,0x06000464,read,0x20004020,1,0x0
9541,1165,master,0x06000464,read,0x20004020,1,0x1
9542,1165,master,0x0600046A,read,0x20004021,1,0x22
9543,1165,master,0x06000464,read,0x20004020,1,0x0
9544,1165,master,0x06000464,read,0x20004020,1,0x0
9545,1165,master,0x06000464,read,0x20004020,1,0x0
9546,1165,master,0x06000464,read,0x20004020,1,0x0
9547,1165,master,0x06000464,read,0x20004020,1,0x0
9548,1165,master,0x06000464,read,0x20004020,1,0x0
9549,1165,master,0x06000464,read,0x20004020,1,0x0
9550,1165,master,0x06000464,read,0x20004020,1,0x0
9551,1165,master,0x06000464,read,0x20004020,1,0x0
9552,1165,master,0x06000464,read,0x20004020,1,0x1
9553,1165,master,0x0600046A,read,0x20004021,1,0x22
9554,1165,master,0x06000464,read,0x20004020,1,0x0
9555,1165,master,0x06000464,read,0x20004020,1,0x0
9556,1165,master,0x06000464,read,0x20004020,1,0x0
9557,1165,master,0x06000464,read,0x20004020,1,0x0
9558,1165,master,0x06000464,read,0x20004020,1,0x0
9559,1165,master,0x06000464,read,0x20004020,1,0x0
9560,1165,master,0x06000464,read,0x20004020,1,0x0
9561,1165,master,0x06000464,read,0x20004020,1,0x0
9562,1165,master,0x06000464,read,0x20004020,1,0x0
9563,1165,master,0x06000464,read,0x20004020,1,0x1
9564,1165,master,0x0600046A,read,0x20004021,1,0x22
9565,1165,master,0x06000464,read,0x20004020,1,0x0
9566,1165,master,0x06000464,read,0x20004020,1,0x0
9567,1165,master,0x06000464,read,0x20004020,1,0x0
9568,1165,master,0x06000464,read,0x20004020,1,0x0
9569,1165,master,0x06000464,read,0x20004020,1,0x0
9570,1165,master,0x06000464,read,0x20004020,1,0x0
9571,1165,master,0x06000464,read,0x20004020,1,0x0
9572,1165,master,0x06000464,read,0x20004020,1,0x0
9573,1165,master,0x06000464,read,0x20004020,1,0x0
9574,1165,master,0x06000464,read,0x20004020,1,0x1
9575,1165,master,0x0600046A,read,0x20004021,1,0x22
9576,1165,master,0x06000464,read,0x20004020,1,0x0
9577,1165,master,0x06000464,read,0x20004020,1,0x0
9578,1165,master,0x06000464,read,0x20004020,1,0x0
9579,1165,master,0x06000464,read,0x20004020,1,0x0
9580,1165,master,0x06000464,read,0x20004020,1,0x0
9581,1165,master,0x06000464,read,0x20004020,1,0x0
9582,1165,master,0x06000464,read,0x20004020,1,0x0
9583,1165,master,0x06000464,read,0x20004020,1,0x0
9584,1165,master,0x06000464,read,0x20004020,1,0x0
9585,1165,master,0x06000464,read,0x20004020,1,0x1
9586,1165,master,0x0600046A,read,0x20004021,1,0x22
9587,1165,master,0x06000464,read,0x20004020,1,0x0
9588,1165,master,0x06000464,read,0x20004020,1,0x0
9589,1165,master,0x06000464,read,0x20004020,1,0x0
9590,1165,master,0x06000464,read,0x20004020,1,0x0
9591,1165,master,0x06000464,read,0x20004020,1,0x0
9592,1165,master,0x06000464,read,0x20004020,1,0x0
9593,1165,master,0x06000464,read,0x20004020,1,0x0
9594,1165,master,0x06000464,read,0x20004020,1,0x0
9595,1165,master,0x06000464,read,0x20004020,1,0x0
9596,1165,master,0x06000464,read,0x20004020,1,0x1
9597,1165,master,0x0600046A,read,0x20004021,1,0x22
9598,1165,master,0x06000464,read,0x20004020,1,0x0
9599,1165,master,0x06000464,read,0x20004020,1,0x0
9600,1165,master,0x06000464,read,0x20004020,1,0x0
9601,1165,master,0x06000464,read,0x20004020,1,0x0
9602,1165,master,0x06000464,read,0x20004020,1,0x0
9603,1165,master,0x06000464,read,0x20004020,1,0x0
9604,1165,master,0x06000464,read,0x20004020,1,0x0
9605,1165,master,0x06000464,read,0x20004020,1,0x0
9606,1165,master,0x06000464,read,0x20004020,1,0x0
9607,1165,master,0x06000464,read,0x20004020,1,0x1
9608,1165,master,0x0600046A,read,0x20004021,1,0x22
9609,1165,master,0x06000464,read,0x20004020,1,0x0
9610,1165,master,0x06000464,read,0x20004020,1,0x0
9611,1165,master,0x06000464,read,0x20004020,1,0x0
9612,1165,master,0x06000464,read,0x20004020,1,0x0
9613,1165,master,0x06000464,read,0x20004020,1,0x0
9614,1165,master,0x06000464,read,0x20004020,1,0x0
9615,1165,master,0x06000464,read,0x20004020,1,0x0
9616,1165,master,0x06000464,read,0x20004020,1,0x0
9617,1165,master,0x06000464,read,0x20004020,1,0x0
9618,1165,master,0x06000464,read,0x20004020,1,0x1
9619,1165,master,0x0600046A,read,0x20004021,1,0x22
9620,1165,master,0x06000464,read,0x20004020,1,0x0
9621,1165,master,0x06000464,read,0x20004020,1,0x0
9622,1165,master,0x06000464,read,0x20004020,1,0x0
9623,1165,master,0x06000464,read,0x20004020,1,0x0
9624,1165,master,0x06000464,read,0x20004020,1,0x0
9625,1165,master,0x06000464,read,0x20004020,1,0x0
9626,1165,master,0x06000464,read,0x20004020,1,0x0
9627,1165,master,0x06000464,read,0x20004020,1,0x0
9628,1165,master,0x06000464,read,0x20004020,1,0x0
9629,1165,master,0x06000464,read,0x20004020,1,0x1
9630,1165,master,0x0600046A,read,0x20004021,1,0x22
9631,1165,master,0x06000464,read,0x20004020,1,0x0
9632,1165,master,0x06000464,read,0x20004020,1,0x0
9633,1165,master,0x06000464,read,0x20004020,1,0x0
9634,1165,master,0x06000464,read,0x20004020,1,0x0
9635,1165,master,0x06000464,read,0x20004020,1,0x0
9636,1165,master,0x06000464,read,0x20004020,1,0x0
9637,1165,master,0x06000464,read,0x20004020,1,0x0
9638,1165,master,0x06000464,read,0x20004020,1,0x0
9639,1165,master,0x06000464,read,0x20004020,1,0x0
9640,1165,master,0x06000464,read,0x20004020,1,0x1
9641,1165,master,0x0600046A,read,0x20004021,1,0x22
9642,1165,master,0x06000464,read,0x20004020,1,0x0
9643,1165,master,0x06000464,read,0x20004020,1,0x0
9644,1165,master,0x06000464,read,0x20004020,1,0x0
9645,1165,master,0x06000464,read,0x20004020,1,0x0
9646,1165,master,0x06000464,read,0x20004020,1,0x0
9647,1165,master,0x06000464,read,0x20004020,1,0x0
9648,1165,master,0x06000464,read,0x20004020,1,0x0
9649,1165,master,0x06000464,read,0x20004020,1,0x0
9650,1165,master,0x06000464,read,0x20004020,1,0x0
9651,1165,master,0x06000464,read,0x20004020,1,0x1
9652,1165,master,0x0600046A,read,0x20004021,1,0x22
9653,1165,master,0x06000464,read,0x20004020,1,0x0
9654,1165,master,0x06000464,read,0x20004020,1,0x0
9655,1165,master,0x06000464,read,0x20004020,1,0x0
9656,1165,master,0x06000464,read,0x20004020,1,0x0
9657,1165,master,0x06000464,read,0x20004020,1,0x0
9658,1165,master,0x06000464,read,0x20004020,1,0x0
9659,1165,master,0x06000464,read,0x20004020,1,0x0
9660,1165,master,0x06000464,read,0x20004020,1,0x0
9661,1165,master,0x06000464,read,0x20004020,1,0x0
9662,1165,master,0x06000464,read,0x20004020,1,0x1
9663,1165,master,0x0600046A,read,0x20004021,1,0x2B
9664,1167,master,0x06000464,read,0x20004020,1,0x0
9665,1167,master,0x06000464,read,0x20004020,1,0x0
9666,1167,master,0x06000464,read,0x20004020,1,0x0
9667,1167,master,0x06000464,read,0x20004020,1,0x0
9668,1167,master,0x06000464,read,0x20004020,1,0x0
9669,1167,master,0x06000464,read,0x20004020,1,0x0
9670,1167,master,0x06000464,read,0x20004020,1,0x0
9671,1167,master,0x06000464,read,0x20004020,1,0x0
9672,1167,master,0x06000464,read,0x20004020,1,0x0
9673,1167,master,0x06000464,read,0x20004020,1,0x0
9674,1167,master,0x06000464,read,0x20004020,1,0x1
9675,1167,master,0x0600046A,read,0x20004021,1,0x22
9676,1167,master,0x06000464,read,0x20004020,1,0x0
9677,1167,master,0x06000464,read,0x20004020,1,0x0
9678,1167,master,0x06000464,read,0x20004020,1,0x0
9679,1167,master,0x06000464,read,0x20004020,1,0x0
9680,1167,master,0x06000464,read,0x20004020,1,0x0
9681,1167,master,0x06000464,read,0x20004020,1,0x0
9682,1167,master,0x06000464,read,0x20004020,1,0x0
9683,1167,master,0x06000464,read,0x20004020,1,0x0
9684,1167,master,0x06000464,read,0x20004020,1,0x0
9685,1167,master,0x06000464,read,0x20004020,1,0x1
9686,1167,master,0x0600046A,read,0x20004021,1,0x22
9687,1167,master,0x06000464,read,0x20004020,1,0x0
9688,1167,master,0x06000464,read,0x20004020,1,0x0
9689,1167,master,0x06000464,read,0x20004020,1,0x0
9690,1167,master,0x06000464,read,0x20004020,1,0x0
9691,1167,master,0x06000464,read,0x20004020,1,0x0
9692,1167,master,0x06000464,read,0x20004020,1,0x0
9693,1167,master,0x06000464,read,0x20004020,1,0x0
9694,1167,master,0x06000464,read,0x20004020,1,0x0
9695,1167,master,0x06000464,read,0x20004020,1,0x0
9696,1167,master,0x06000464,read,0x20004020,1,0x1
9697,1167,master,0x0600046A,read,0x20004021,1,0x22
9698,1168,master,0x06000464,read,0x20004020,1,0x0
9699,1168,master,0x06000464,read,0x20004020,1,0x0
9700,1168,master,0x06000464,read,0x20004020,1,0x0
9701,1168,master,0x06000464,read,0x20004020,1,0x0
9702,1168,master,0x06000464,read,0x20004020,1,0x0
9703,1168,master,0x06000464,read,0x20004020,1,0x0
9704,1168,master,0x06000464,read,0x20004020,1,0x0
9705,1168,master,0x06000464,read,0x20004020,1,0x0
9706,1168,master,0x06000464,read,0x20004020,1,0x0
9707,1168,master,0x06000464,read,0x20004020,1,0x1
9708,1168,master,0x0600046A,read,0x20004021,1,0x22
9709,1168,master,0x06000464,read,0x20004020,1,0x0
9710,1168,master,0x06000464,read,0x20004020,1,0x0
9711,1168,master,0x06000464,read,0x20004020,1,0x0
9712,1168,master,0x06000464,read,0x20004020,1,0x0
9713,1168,master,0x06000464,read,0x20004020,1,0x0
9714,1168,master,0x06000464,read,0x20004020,1,0x0
9715,1168,master,0x06000464,read,0x20004020,1,0x0
9716,1168,master,0x06000464,read,0x20004020,1,0x0
9717,1168,master,0x06000464,read,0x20004020,1,0x0
9718,1168,master,0x06000464,read,0x20004020,1,0x1
9719,1168,master,0x0600046A,read,0x20004021,1,0x22
9720,1168,master,0x06000464,read,0x20004020,1,0x0
9721,1168,master,0x06000464,read,0x20004020,1,0x0
9722,1168,master,0x06000464,read,0x20004020,1,0x0
9723,1168,master,0x06000464,read,0x20004020,1,0x0
9724,1168,master,0x06000464,read,0x20004020,1,0x0
9725,1168,master,0x06000464,read,0x20004020,1,0x0
9726,1168,master,0x06000464,read,0x20004020,1,0x0
9727,1168,master,0x06000464,read,0x20004020,1,0x0
9728,1168,master,0x06000464,read,0x20004020,1,0x0
9729,1168,master,0x06000464,read,0x20004020,1,0x1
9730,1168,master,0x0600046A,read,0x20004021,1,0x22
9731,1168,master,0x06000464,read,0x20004020,1,0x0
9732,1168,master,0x06000464,read,0x20004020,1,0x0
9733,1168,master,0x06000464,read,0x20004020,1,0x0
9734,1168,master,0x06000464,read,0x20004020,1,0x0
9735,1168,master,0x06000464,read,0x20004020,1,0x0
9736,1168,master,0x06000464,read,0x20004020,1,0x0
9737,1168,master,0x06000464,read,0x20004020,1,0x0
9738,1168,master,0x06000464,read,0x20004020,1,0x0
9739,1168,master,0x06000464,read,0x20004020,1,0x0
9740,1168,master,0x06000464,read,0x20004020,1,0x1
9741,1168,master,0x0600046A,read,0x20004021,1,0x22
9742,1168,master,0x06000464,read,0x20004020,1,0x0
9743,1168,master,0x06000464,read,0x20004020,1,0x0
9744,1168,master,0x06000464,read,0x20004020,1,0x0
9745,1168,master,0x06000464,read,0x20004020,1,0x0
9746,1168,master,0x06000464,read,0x20004020,1,0x0
9747,1168,master,0x06000464,read,0x20004020,1,0x0
9748,1168,master,0x06000464,read,0x20004020,1,0x0
9749,1168,master,0x06000464,read,0x20004020,1,0x0
9750,1168,master,0x06000464,read,0x20004020,1,0x0
9751,1168,master,0x06000464,read,0x20004020,1,0x1
9752,1168,master,0x0600046A,read,0x20004021,1,0x22
9753,1168,master,0x06000464,read,0x20004020,1,0x0
9754,1168,master,0x06000464,read,0x20004020,1,0x0
9755,1168,master,0x06000464,read,0x20004020,1,0x0
9756,1168,master,0x06000464,read,0x20004020,1,0x0
9757,1168,master,0x06000464,read,0x20004020,1,0x0
9758,1168,master,0x06000464,read,0x20004020,1,0x0
9759,1168,master,0x06000464,read,0x20004020,1,0x0
9760,1168,master,0x06000464,read,0x20004020,1,0x0
9761,1168,master,0x06000464,read,0x20004020,1,0x0
9762,1168,master,0x06000464,read,0x20004020,1,0x1
9763,1168,master,0x0600046A,read,0x20004021,1,0x22
9764,1168,master,0x06000464,read,0x20004020,1,0x0
9765,1168,master,0x06000464,read,0x20004020,1,0x0
9766,1168,master,0x06000464,read,0x20004020,1,0x0
9767,1168,master,0x06000464,read,0x20004020,1,0x0
9768,1168,master,0x06000464,read,0x20004020,1,0x0
9769,1168,master,0x06000464,read,0x20004020,1,0x0
9770,1168,master,0x06000464,read,0x20004020,1,0x0
9771,1168,master,0x06000464,read,0x20004020,1,0x0
9772,1168,master,0x06000464,read,0x20004020,1,0x0
9773,1168,master,0x06000464,read,0x20004020,1,0x1
9774,1168,master,0x0600046A,read,0x20004021,1,0x22
9775,1168,master,0x06000464,read,0x20004020,1,0x0
9776,1168,master,0x06000464,read,0x20004020,1,0x0
9777,1168,master,0x06000464,read,0x20004020,1,0x0
9778,1168,master,0x06000464,read,0x20004020,1,0x0
9779,1168,master,0x06000464,read,0x20004020,1,0x0
9780,1168,master,0x06000464,read,0x20004020,1,0x0
9781,1168,master,0x06000464,read,0x20004020,1,0x0
9782,1168,master,0x06000464,read,0x20004020,1,0x0
9783,1168,master,0x06000464,read,0x20004020,1,0x0
9784,1168,master,0x06000464,read,0x20004020,1,0x1
9785,1168,master,0x0600046A,read,0x20004021,1,0x22
9786,1168,master,0x06000464,read,0x20004020,1,0x0
9787,1168,master,0x06000464,read,0x20004020,1,0x0
9788,1168,master,0x06000464,read,0x20004020,1,0x0
9789,1168,master,0x06000464,read,0x20004020,1,0x0
9790,1168,master,0x06000464,read,0x20004020,1,0x0
9791,1168,master,0x06000464,read,0x20004020,1,0x0
9792,1168,master,0x06000464,read,0x20004020,1,0x0
9793,1168,master,0x06000464,read,0x20004020,1,0x0
9794,1168,master,0x06000464,read,0x20004020,1,0x0
9795,1168,master,0x06000464,read,0x20004020,1,0x1
9796,1168,master,0x0600046A,read,0x20004021,1,0x22
9797,1168,master,0x06000464,read,0x20004020,1,0x0
9798,1168,master,0x06000464,read,0x20004020,1,0x0
9799,1168,master,0x06000464,read,0x20004020,1,0x0
9800,1168,master,0x06000464,read,0x20004020,1,0x0
9801,1168,master,0x06000464,read,0x20004020,1,0x0
9802,1168,master,0x06000464,read,0x20004020,1,0x0
9803,1168,master,0x06000464,read,0x20004020,1,0x0
9804,1168,master,0x06000464,read,0x20004020,1,0x0
9805,1168,master,0x06000464,read,0x20004020,1,0x0
9806,1168,master,0x06000464,read,0x20004020,1,0x1
9807,1168,master,0x0600046A,read,0x20004021,1,0x22
9808,1168,master,0x06000464,read,0x20004020,1,0x0
9809,1168,master,0x06000464,read,0x20004020,1,0x0
9810,1168,master,0x06000464,read,0x20004020,1,0x0
9811,1168,master,0x06000464,read,0x20004020,1,0x0
9812,1168,master,0x06000464,read,0x20004020,1,0x0
9813,1168,master,0x06000464,read,0x20004020,1,0x0
9814,1168,master,0x06000464,read,0x20004020,1,0x0
9815,1168,master,0x06000464,read,0x20004020,1,0x0
9816,1168,master,0x06000464,read,0x20004020,1,0x0
9817,1168,master,0x06000464,read,0x20004020,1,0x1
9818,1168,master,0x0600046A,read,0x20004021,1,0x22
9819,1168,master,0x06000464,read,0x20004020,1,0x0
9820,1168,master,0x06000464,read,0x20004020,1,0x0
9821,1168,master,0x06000464,read,0x20004020,1,0x0
9822,1168,master,0x06000464,read,0x20004020,1,0x0
9823,1168,master,0x06000464,read,0x20004020,1,0x0
9824,1168,master,0x06000464,read,0x20004020,1,0x0
9825,1168,master,0x06000464,read,0x20004020,1,0x0
9826,1168,master,0x06000464,read,0x20004020,1,0x0
9827,1168,master,0x06000464,read,0x20004020,1,0x0
9828,1168,master,0x06000464,read,0x20004020,1,0x1
9829,1168,master,0x0600046A,read,0x20004021,1,0x22
9830,1168,master,0x06000464,read,0x20004020,1,0x0
9831,1168,master,0x06000464,read,0x20004020,1,0x0
9832,1168,master,0x06000464,read,0x20004020,1,0x0
9833,1168,master,0x06000464,read,0x20004020,1,0x0
9834,1168,master,0x06000464,read,0x20004020,1,0x0
9835,1168,master,0x06000464,read,0x20004020,1,0x0
9836,1168,master,0x06000464,read,0x20004020,1,0x0
9837,1168,master,0x06000464,read,0x20004020,1,0x0
9838,1168,master,0x06000464,read,0x20004020,1,0x0
9839,1168,master,0x06000464,read,0x20004020,1,0x1
9840,1168,master,0x0600046A,read,0x20004021,1,0x22
9841,1168,master,0x06000464,read,0x20004020,1,0x0
9842,1168,master,0x06000464,read,0x20004020,1,0x0
9843,1168,master,0x06000464,read,0x20004020,1,0x0
9844,1168,master,0x06000464,read,0x20004020,1,0x0
9845,1168,master,0x06000464,read,0x20004020,1,0x0
9846,1168,master,0x06000464,read,0x20004020,1,0x0
9847,1168,master,0x06000464,read,0x20004020,1,0x0
9848,1168,master,0x06000464,read,0x20004020,1,0x0
9849,1168,master,0x06000464,read,0x20004020,1,0x0
9850,1168,master,0x06000464,read,0x20004020,1,0x1
9851,1168,master,0x0600046A,read,0x20004021,1,0x22
9852,1168,master,0x06000464,read,0x20004020,1,0x0
9853,1168,master,0x06000464,read,0x20004020,1,0x0
9854,1168,master,0x06000464,read,0x20004020,1,0x0
9855,1168,master,0x06000464,read,0x20004020,1,0x0
9856,1168,master,0x06000464,read,0x20004020,1,0x0
9857,1168,master,0x06000464,read,0x20004020,1,0x0
9858,1168,master,0x06000464,read,0x20004020,1,0x0
9859,1168,master,0x06000464,read,0x20004020,1,0x0
9860,1168,master,0x06000464,read,0x20004020,1,0x0
9861,1168,master,0x06000464,read,0x20004020,1,0x1
9862,1168,master,0x0600046A,read,0x20004021,1,0x22
9863,1168,master,0x06000464,read,0x20004020,1,0x0
9864,1168,master,0x06000464,read,0x20004020,1,0x0
9865,1168,master,0x06000464,read,0x20004020,1,0x0
9866,1168,master,0x06000464,read,0x20004020,1,0x0
9867,1168,master,0x06000464,read,0x20004020,1,0x0
9868,1168,master,0x06000464,read,0x20004020,1,0x0
9869,1168,master,0x06000464,read,0x20004020,1,0x0
9870,1168,master,0x06000464,read,0x20004020,1,0x0
9871,1168,master,0x06000464,read,0x20004020,1,0x0
9872,1168,master,0x06000464,read,0x20004020,1,0x1
9873,1168,master,0x0600046A,read,0x20004021,1,0x22
9874,1168,master,0x06000464,read,0x20004020,1,0x0
9875,1168,master,0x06000464,read,0x20004020,1,0x0
9876,1168,master,0x06000464,read,0x20004020,1,0x0
9877,1168,master,0x06000464,read,0x20004020,1,0x0
9878,1168,master,0x06000464,read,0x20004020,1,0x0
9879,1168,master,0x06000464,read,0x20004020,1,0x0
9880,1168,master,0x06000464,read,0x20004020,1,0x0
9881,1168,master,0x06000464,read,0x20004020,1,0x0
9882,1168,master,0x06000464,read,0x20004020,1,0x0
9883,1168,master,0x06000464,read,0x20004020,1,0x1
9884,1168,master,0x0600046A,read,0x20004021,1,0x2B
9885,1170,master,0x06000464,read,0x20004020,1,0x0
9886,1170,master,0x06000464,read,0x20004020,1,0x0
9887,1170,master,0x06000464,read,0x20004020,1,0x0
9888,1170,master,0x06000464,read,0x20004020,1,0x0
9889,1170,master,0x06000464,read,0x20004020,1,0x0
9890,1170,master,0x06000464,read,0x20004020,1,0x0
9891,1170,master,0x06000464,read,0x20004020,1,0x0
9892,1170,master,0x06000464,read,0x20004020,1,0x0
9893,1170,master,0x06000464,read,0x20004020,1,0x0
9894,1170,master,0x06000464,read,0x20004020,1,0x0
9895,1170,master,0x06000464,read,0x20004020,1,0x1
9896,1170,master,0x0600046A,read,0x20004021,1,0x22
9897,1170,master,0x06000464,read,0x20004020,1,0x0
9898,1170,master,0x06000464,read,0x20004020,1,0x0
9899,1170,master,0x06000464,read,0x20004020,1,0x0
9900,1170,master,0x06000464,read,0x20004020,1,0x0
9901,1170,master,0x06000464,read,0x20004020,1,0x0
9902,1170,master,0x06000464,read,0x20004020,1,0x0
9903,1170,master,0x06000464,read,0x20004020,1,0x0
9904,1170,master,0x06000464,read,0x20004020,1,0x0
9905,1170,master,0x06000464,read,0x20004020,1,0x0
9906,1170,master,0x06000464,read,0x20004020,1,0x1
9907,1170,master,0x0600046A,read,0x20004021,1,0x22
9908,1170,master,0x06000464,read,0x20004020,1,0x0
9909,1170,master,0x06000464,read,0x20004020,1,0x0
9910,1170,master,0x06000464,read,0x20004020,1,0x0
9911,1170,master,0x06000464,read,0x20004020,1,0x0
9912,1170,master,0x06000464,read,0x20004020,1,0x0
9913,1170,master,0x06000464,read,0x20004020,1,0x0
9914,1170,master,0x06000464,read,0x20004020,1,0x0
9915,1170,master,0x06000464,read,0x20004020,1,0x0
9916,1170,master,0x06000464,read,0x20004020,1,0x0
9917,1170,master,0x06000464,read,0x20004020,1,0x1
9918,1170,master,0x0600046A,read,0x20004021,1,0x22
9919,1171,master,0x06000464,read,0x20004020,1,0x0
9920,1171,master,0x06000464,read,0x20004020,1,0x0
9921,1171,master,0x06000464,read,0x20004020,1,0x0
9922,1171,master,0x06000464,read,0x20004020,1,0x0
9923,1171,master,0x06000464,read,0x20004020,1,0x0
9924,1171,master,0x06000464,read,0x20004020,1,0x0
9925,1171,master,0x06000464,read,0x20004020,1,0x0
9926,1171,master,0x06000464,read,0x20004020,1,0x0
9927,1171,master,0x06000464,read,0x20004020,1,0x0
9928,1171,master,0x06000464,read,0x20004020,1,0x1
9929,1171,master,0x0600046A,read,0x20004021,1,0x22
9930,1171,master,0x06000464,read,0x20004020,1,0x0
9931,1171,master,0x06000464,read,0x20004020,1,0x0
9932,1171,master,0x06000464,read,0x20004020,1,0x0
9933,1171,master,0x06000464,read,0x20004020,1,0x0
9934,1171,master,0x06000464,read,0x20004020,1,0x0
9935,1171,master,0x06000464,read,0x20004020,1,0x0
9936,1171,master,0x06000464,read,0x20004020,1,0x0
9937,1171,master,0x06000464,read,0x20004020,1,0x0
9938,1171,master,0x06000464,read,0x20004020,1,0x0
9939,1171,master,0x06000464,read,0x20004020,1,0x1
9940,1171,master,0x0600046A,read,0x20004021,1,0x22
9941,1171,master,0x06000464,read,0x20004020,1,0x0
9942,1171,master,0x06000464,read,0x20004020,1,0x0
9943,1171,master,0x06000464,read,0x20004020,1,0x0
9944,1171,master,0x06000464,read,0x20004020,1,0x0
9945,1171,master,0x06000464,read,0x20004020,1,0x0
9946,1171,master,0x06000464,read,0x20004020,1,0x0
9947,1171,master,0x06000464,read,0x20004020,1,0x0
9948,1171,master,0x06000464,read,0x20004020,1,0x0
9949,1171,master,0x06000464,read,0x20004020,1,0x0
9950,1171,master,0x06000464,read,0x20004020,1,0x1
9951,1171,master,0x0600046A,read,0x20004021,1,0x22
9952,1171,master,0x06000464,read,0x20004020,1,0x0
9953,1171,master,0x06000464,read,0x20004020,1,0x0
9954,1171,master,0x06000464,read,0x20004020,1,0x0
9955,1171,master,0x06000464,read,0x20004020,1,0x0
9956,1171,master,0x06000464,read,0x20004020,1,0x0
9957,1171,master,0x06000464,read,0x20004020,1,0x0
9958,1171,master,0x06000464,read,0x20004020,1,0x0
9959,1171,master,0x06000464,read,0x20004020,1,0x0
9960,1171,master,0x06000464,read,0x20004020,1,0x0
9961,1171,master,0x06000464,read,0x20004020,1,0x1
9962,1171,master,0x0600046A,read,0x20004021,1,0x22
9963,1171,master,0x06000464,read,0x20004020,1,0x0
9964,1171,master,0x06000464,read,0x20004020,1,0x0
9965,1171,master,0x06000464,read,0x20004020,1,0x0
9966,1171,master,0x06000464,read,0x20004020,1,0x0
9967,1171,master,0x06000464,read,0x20004020,1,0x0
9968,1171,master,0x06000464,read,0x20004020,1,0x0
9969,1171,master,0x06000464,read,0x20004020,1,0x0
9970,1171,master,0x06000464,read,0x20004020,1,0x0
9971,1171,master,0x06000464,read,0x20004020,1,0x0
9972,1171,master,0x06000464,read,0x20004020,1,0x0
9973,1171,master,0x06000464,read,0x20004020,1,0x1
9974,1171,master,0x0600046A,read,0x20004021,1,0x22
9975,1171,master,0x06000464,read,0x20004020,1,0x0
9976,1171,master,0x06000464,read,0x20004020,1,0x0
9977,1171,master,0x06000464,read,0x20004020,1,0x0
9978,1171,master,0x06000464,read,0x20004020,1,0x0
9979,1171,master,0x06000464,read,0x20004020,1,0x0
9980,1171,master,0x06000464,read,0x20004020,1,0x0
9981,1171,master,0x06000464,read,0x20004020,1,0x0
9982,1171,master,0x06000464,read,0x20004020,1,0x0
9983,1171,master,0x06000464,read,0x20004020,1,0x0
9984,1171,master,0x06000464,read,0x20004020,1,0x1
9985,1171,master,0x0600046A,read,0x20004021,1,0x22
9986,1171,master,0x06000464,read,0x20004020,1,0x0
9987,1171,master,0x06000464,read,0x20004020,1,0x0
9988,1171,master,0x06000464,read,0x20004020,1,0x0
9989,1171,master,0x06000464,read,0x20004020,1,0x0
9990,1171,master,0x06000464,read,0x20004020,1,0x0
9991,1171,master,0x06000464,read,0x20004020,1,0x0
9992,1171,master,0x06000464,read,0x20004020,1,0x0
9993,1171,master,0x06000464,read,0x20004020,1,0x0
9994,1171,master,0x06000464,read,0x20004020,1,0x0
9995,1171,master,0x06000464,read,0x20004020,1,0x1
9996,1171,master,0x0600046A,read,0x20004021,1,0x22
9997,1171,master,0x06000464,read,0x20004020,1,0x0
9998,1171,master,0x06000464,read,0x20004020,1,0x0
9999,1171,master,0x06000464,read,0x20004020,1,0x0
10000,1171,master,0x06000464,read,0x20004020,1,0x0
10001,1171,master,0x06000464,read,0x20004020,1,0x0
10002,1171,master,0x06000464,read,0x20004020,1,0x0
10003,1171,master,0x06000464,read,0x20004020,1,0x0
10004,1171,master,0x06000464,read,0x20004020,1,0x0
10005,1171,master,0x06000464,read,0x20004020,1,0x0
10006,1171,master,0x06000464,read,0x20004020,1,0x1
10007,1171,master,0x0600046A,read,0x20004021,1,0x22
10008,1171,master,0x06000464,read,0x20004020,1,0x0
10009,1171,master,0x06000464,read,0x20004020,1,0x0
10010,1171,master,0x06000464,read,0x20004020,1,0x0
10011,1171,master,0x06000464,read,0x20004020,1,0x0
10012,1171,master,0x06000464,read,0x20004020,1,0x0
10013,1171,master,0x06000464,read,0x20004020,1,0x0
10014,1171,master,0x06000464,read,0x20004020,1,0x0
10015,1171,master,0x06000464,read,0x20004020,1,0x0
10016,1171,master,0x06000464,read,0x20004020,1,0x0
10017,1171,master,0x06000464,read,0x20004020,1,0x1
10018,1171,master,0x0600046A,read,0x20004021,1,0x22
10019,1171,master,0x06000464,read,0x20004020,1,0x0
10020,1171,master,0x06000464,read,0x20004020,1,0x0
10021,1171,master,0x06000464,read,0x20004020,1,0x0
10022,1171,master,0x06000464,read,0x20004020,1,0x0
10023,1171,master,0x06000464,read,0x20004020,1,0x0
10024,1171,master,0x06000464,read,0x20004020,1,0x0
10025,1171,master,0x06000464,read,0x20004020,1,0x0
10026,1171,master,0x06000464,read,0x20004020,1,0x0
10027,1171,master,0x06000464,read,0x20004020,1,0x0
10028,1171,master,0x06000464,read,0x20004020,1,0x1
10029,1171,master,0x0600046A,read,0x20004021,1,0x22
10030,1171,master,0x06000464,read,0x20004020,1,0x0
10031,1171,master,0x06000464,read,0x20004020,1,0x0
10032,1171,master,0x06000464,read,0x20004020,1,0x0
10033,1171,master,0x06000464,read,0x20004020,1,0x0
10034,1171,master,0x06000464,read,0x20004020,1,0x0
10035,1171,master,0x06000464,read,0x20004020,1,0x0
10036,1171,master,0x06000464,read,0x20004020,1,0x0
10037,1171,master,0x06000464,read,0x20004020,1,0x0
10038,1171,master,0x06000464,read,0x20004020,1,0x0
10039,1171,master,0x06000464,read,0x20004020,1,0x1
10040,1171,master,0x0600046A,read,0x20004021,1,0x22
10041,1171,master,0x06000464,read,0x20004020,1,0x0
10042,1171,master,0x06000464,read,0x20004020,1,0x0
10043,1171,master,0x06000464,read,0x20004020,1,0x0
10044,1171,master,0x06000464,read,0x20004020,1,0x0
10045,1171,master,0x06000464,read,0x20004020,1,0x0
10046,1171,master,0x06000464,read,0x20004020,1,0x0
10047,1171,master,0x06000464,read,0x20004020,1,0x0
10048,1171,master,0x06000464,read,0x20004020,1,0x0
10049,1171,master,0x06000464,read,0x20004020,1,0x0
10050,1171,master,0x06000464,read,0x20004020,1,0x1
10051,1171,master,0x0600046A,read,0x20004021,1,0x22
10052,1171,master,0x06000464,read,0x20004020,1,0x0
10053,1171,master,0x06000464,read,0x20004020,1,0x0
10054,1171,master,0x06000464,read,0x20004020,1,0x0
10055,1171,master,0x06000464,read,0x20004020,1,0x0
10056,1171,master,0x06000464,read,0x20004020,1,0x0
10057,1171,master,0x06000464,read,0x20004020,1,0x0
10058,1171,master,0x06000464,read,0x20004020,1,0x0
10059,1171,master,0x06000464,read,0x20004020,1,0x0
10060,1171,master,0x06000464,read,0x20004020,1,0x0
10061,1171,master,0x06000464,read,0x20004020,1,0x1
10062,1171,master,0x0600046A,read,0x20004021,1,0x22
10063,1171,master,0x06000464,read,0x20004020,1,0x0
10064,1171,master,0x06000464,read,0x20004020,1,0x0
10065,1171,master,0x06000464,read,0x20004020,1,0x0
10066,1171,master,0x06000464,read,0x20004020,1,0x0
10067,1171,master,0x06000464,read,0x20004020,1,0x0
10068,1171,master,0x06000464,read,0x20004020,1,0x0
10069,1171,master,0x06000464,read,0x20004020,1,0x0
10070,1171,master,0x06000464,read,0x20004020,1,0x0
10071,1171,master,0x06000464,read,0x20004020,1,0x0
10072,1171,master,0x06000464,read,0x20004020,1,0x1
10073,1171,master,0x0600046A,read,0x20004021,1,0x22
10074,1171,master,0x06000464,read,0x20004020,1,0x0
10075,1171,master,0x06000464,read,0x20004020,1,0x0
10076,1171,master,0x06000464,read,0x20004020,1,0x0
10077,1171,master,0x06000464,read,0x20004020,1,0x0
10078,1171,master,0x06000464,read,0x20004020,1,0x0
10079,1171,master,0x06000464,read,0x20004020,1,0x0
10080,1171,master,0x06000464,read,0x20004020,1,0x0
10081,1171,master,0x06000464,read,0x20004020,1,0x0
10082,1171,master,0x06000464,read,0x20004020,1,0x0
10083,1171,master,0x06000464,read,0x20004020,1,0x1
10084,1171,master,0x0600046A,read,0x20004021,1,0x22
10085,1171,master,0x06000464,read,0x20004020,1,0x0
10086,1171,master,0x06000464,read,0x20004020,1,0x0
10087,1171,master,0x06000464,read,0x20004020,1,0x0
10088,1171,master,0x06000464,read,0x20004020,1,0x0
10089,1171,master,0x06000464,read,0x20004020,1,0x0
10090,1171,master,0x06000464,read,0x20004020,1,0x0
10091,1171,master,0x06000464,read,0x20004020,1,0x0
10092,1171,master,0x06000464,read,0x20004020,1,0x0
10093,1171,master,0x06000464,read,0x20004020,1,0x0
10094,1171,master,0x06000464,read,0x20004020,1,0x1
10095,1171,master,0x0600046A,read,0x20004021,1,0x22
10096,1171,master,0x06000464,read,0x20004020,1,0x0
10097,1171,master,0x06000464,read,0x20004020,1,0x0
10098,1171,master,0x06000464,read,0x20004020,1,0x0
10099,1171,master,0x06000464,read,0x20004020,1,0x0
10100,1171,master,0x06000464,read,0x20004020,1,0x0
10101,1171,master,0x06000464,read,0x20004020,1,0x0
10102,1171,master,0x06000464,read,0x20004020,1,0x0
10103,1171,master,0x06000464,read,0x20004020,1,0x0
10104,1171,master,0x06000464,read,0x20004020,1,0x0
10105,1171,master,0x06000464,read,0x20004020,1,0x1
10106,1171,master,0x0600046A,read,0x20004021,1,0x2B
10107,1173,master,0x06000464,read,0x20004020,1,0x0
10108,1173,master,0x06000464,read,0x20004020,1,0x0
10109,1173,master,0x06000464,read,0x20004020,1,0x0
10110,1173,master,0x06000464,read,0x20004020,1,0x0
10111,1173,master,0x06000464,read,0x20004020,1,0x0
10112,1173,master,0x06000464,read,0x20004020,1,0x0
10113,1173,master,0x06000464,read,0x20004020,1,0x0
10114,1173,master,0x06000464,read,0x20004020,1,0x0
10115,1173,master,0x06000464,read,0x20004020,1,0x0
10116,1173,master,0x06000464,read,0x20004020,1,0x0
10117,1173,master,0x06000464,read,0x20004020,1,0x1
10118,1173,master,0x0600046A,read,0x20004021,1,0x22
10119,1173,master,0x06000464,read,0x20004020,1,0x0
10120,1173,master,0x06000464,read,0x20004020,1,0x0
10121,1173,master,0x06000464,read,0x20004020,1,0x0
10122,1173,master,0x06000464,read,0x20004020,1,0x0
10123,1173,master,0x06000464,read,0x20004020,1,0x0
10124,1173,master,0x06000464,read,0x20004020,1,0x0
10125,1173,master,0x06000464,read,0x20004020,1,0x0
10126,1173,master,0x06000464,read,0x20004020,1,0x0
10127,1173,master,0x06000464,read,0x20004020,1,0x0
10128,1173,master,0x06000464,read,0x20004020,1,0x1
10129,1173,master,0x0600046A,read,0x20004021,1,0x22
10130,1174,master,0x06000464,read,0x20004020,1,0x0
10131,1174,master,0x06000464,read,0x20004020,1,0x0
10132,1174,master,0x06000464,read,0x20004020,1,0x0
10133,1174,master,0x06000464,read,0x20004020,1,0x0
10134,1174,master,0x06000464,read,0x20004020,1,0x0
10135,1174,master,0x06000464,read,0x20004020,1,0x0
10136,1174,master,0x06000464,read,0x20004020,1,0x0
10137,1174,master,0x06000464,read,0x20004020,1,0x0
10138,1174,master,0x06000464,read,0x20004020,1,0x0
10139,1174,master,0x06000464,read,0x20004020,1,0x1
10140,1174,master,0x0600046A,read,0x20004021,1,0x22
10141,1174,master,0x06000464,read,0x20004020,1,0x0
10142,1174,master,0x06000464,read,0x20004020,1,0x0
10143,1174,master,0x06000464,read,0x20004020,1,0x0
10144,1174,master,0x06000464,read,0x20004020,1,0x0
10145,1174,master,0x06000464,read,0x20004020,1,0x0
10146,1174,master,0x06000464,read,0x20004020,1,0x0
10147,1174,master,0x06000464,read,0x20004020,1,0x0
10148,1174,master,0x06000464,read,0x20004020,1,0x0
10149,1174,master,0x06000464,read,0x20004020,1,0x0
10150,1174,master,0x06000464,read,0x20004020,1,0x1
10151,1174,master,0x0600046A,read,0x20004021,1,0x22
10152,1174,master,0x06000464,read,0x20004020,1,0x0
10153,1174,master,0x06000464,read,0x20004020,1,0x0
10154,1174,master,0x06000464,read,0x20004020,1,0x0
10155,1174,master,0x06000464,read,0x20004020,1,0x0
10156,1174,master,0x06000464,read,0x20004020,1,0x0
10157,1174,master,0x06000464,read,0x20004020,1,0x0
10158,1174,master,0x06000464,read,0x20004020,1,0x0
10159,1174,master,0x06000464,read,0x20004020,1,0x0
10160,1174,master,0x06000464,read,0x20004020,1,0x0
10161,1174,master,0x06000464,read,0x20004020,1,0x1
10162,1174,master,0x0600046A,read,0x20004021,1,0x22
10163,1174,master,0x06000464,read,0x20004020,1,0x0
10164,1174,master,0x06000464,read,0x20004020,1,0x0
10165,1174,master,0x06000464,read,0x20004020,1,0x0
10166,1174,master,0x06000464,read,0x20004020,1,0x0
10167,1174,master,0x06000464,read,0x20004020,1,0x0
10168,1174,master,0x06000464,read,0x20004020,1,0x0
10169,1174,master,0x06000464,read,0x20004020,1,0x0
10170,1174,master,0x06000464,read,0x20004020,1,0x0
10171,1174,master,0x06000464,read,0x20004020,1,0x0
10172,1174,master,0x06000464,read,0x20004020,1,0x1
10173,1174,master,0x0600046A,read,0x20004021,1,0x22
10174,1174,master,0x06000464,read,0x20004020,1,0x0
10175,1174,master,0x06000464,read,0x20004020,1,0x0
10176,1174,master,0x06000464,read,0x20004020,1,0x0
10177,1174,master,0x06000464,read,0x20004020,1,0x0
10178,1174,master,0x06000464,read,0x20004020,1,0x0
10179,1174,master,0x06000464,read,0x20004020,1,0x0
10180,1174,master,0x06000464,read,0x20004020,1,0x0
10181,1174,master,0x06000464,read,0x20004020,1,0x0
10182,1174,master,0x06000464,read,0x20004020,1,0x0
10183,1174,master,0x06000464,read,0x20004020,1,0x1
10184,1174,master,0x0600046A,read,0x20004021,1,0x22
10185,1174,master,0x06000464,read,0x20004020,1,0x0
10186,1174,master,0x06000464,read,0x20004020,1,0x0
10187,1174,master,0x06000464,read,0x20004020,1,0x0
10188,1174,master,0x06000464,read,0x20004020,1,0x0
10189,1174,master,0x06000464,read,0x20004020,1,0x0
10190,1174,master,0x06000464,read,0x20004020,1,0x0
10191,1174,master,0x06000464,read,0x20004020,1,0x0
10192,1174,master,0x06000464,read,0x20004020,1,0x0
10193,1174,master,0x06000464,read,0x20004020,1,0x0
10194,1174,master,0x06000464,read,0x20004020,1,0x1
10195,1174,master,0x0600046A,read,0x20004021,1,0x22
10196,1174,master,0x06000464,read,0x20004020,1,0x0
10197,1174,master,0x06000464,read,0x20004020,1,0x0
10198,1174,master,0x06000464,read,0x20004020,1,0x0
10199,1174,master,0x06000464,read,0x20004020,1,0x0
10200,1174,master,0x06000464,read,0x20004020,1,0x0
10201,1174,master,0x06000464,read,0x20004020,1,0x0
10202,1174,master,0x06000464,read,0x20004020,1,0x0
10203,1174,master,0x06000464,read,0x20004020,1,0x0
10204,1174,master,0x06000464,read,0x20004020,1,0x0
10205,1174,master,0x06000464,read,0x20004020,1,0x1
10206,1174,master,0x0600046A,read,0x20004021,1,0x22
10207,1174,master,0x06000464,read,0x20004020,1,0x0
10208,1174,master,0x06000464,read,0x20004020,1,0x0
10209,1174,master,0x06000464,read,0x20004020,1,0x0
10210,1174,master,0x06000464,read,0x20004020,1,0x0
10211,1174,master,0x06000464,read,0x20004020,1,0x0
10212,1174,master,0x06000464,read,0x20004020,1,0x0
10213,1174,master,0x06000464,read,0x20004020,1,0x0
10214,1174,master,0x06000464,read,0x20004020,1,0x0
10215,1174,master,0x06000464,read,0x20004020,1,0x0
10216,1174,master,0x06000464,read,0x20004020,1,0x1
10217,1174,master,0x0600046A,read,0x20004021,1,0x22
10218,1174,master,0x06000464,read,0x20004020,1,0x0
10219,1174,master,0x06000464,read,0x20004020,1,0x0
10220,1174,master,0x06000464,read,0x20004020,1,0x0
10221,1174,master,0x06000464,read,0x20004020,1,0x0
10222,1174,master,0x06000464,read,0x20004020,1,0x0
10223,1174,master,0x06000464,read,0x20004020,1,0x0
10224,1174,master,0x06000464,read,0x20004020,1,0x0
10225,1174,master,0x06000464,read,0x20004020,1,0x0
10226,1174,master,0x06000464,read,0x20004020,1,0x0
10227,1174,master,0x06000464,read,0x20004020,1,0x1
10228,1174,master,0x0600046A,read,0x20004021,1,0x22
10229,1174,master,0x06000464,read,0x20004020,1,0x0
10230,1174,master,0x06000464,read,0x20004020,1,0x0
10231,1174,master,0x06000464,read,0x20004020,1,0x0
10232,1174,master,0x06000464,read,0x20004020,1,0x0
10233,1174,master,0x06000464,read,0x20004020,1,0x0
10234,1174,master,0x06000464,read,0x20004020,1,0x0
10235,1174,master,0x06000464,read,0x20004020,1,0x0
10236,1174,master,0x06000464,read,0x20004020,1,0x0
10237,1174,master,0x06000464,read,0x20004020,1,0x0
10238,1174,master,0x06000464,read,0x20004020,1,0x1
10239,1174,master,0x0600046A,read,0x20004021,1,0x22
10240,1174,master,0x06000464,read,0x20004020,1,0x0
10241,1174,master,0x06000464,read,0x20004020,1,0x0
10242,1174,master,0x06000464,read,0x20004020,1,0x0
10243,1174,master,0x06000464,read,0x20004020,1,0x0
10244,1174,master,0x06000464,read,0x20004020,1,0x0
10245,1174,master,0x06000464,read,0x20004020,1,0x0
10246,1174,master,0x06000464,read,0x20004020,1,0x0
10247,1174,master,0x06000464,read,0x20004020,1,0x0
10248,1174,master,0x06000464,read,0x20004020,1,0x0
10249,1174,master,0x06000464,read,0x20004020,1,0x1
10250,1174,master,0x0600046A,read,0x20004021,1,0x22
10251,1174,master,0x06000464,read,0x20004020,1,0x0
10252,1174,master,0x06000464,read,0x20004020,1,0x0
10253,1174,master,0x06000464,read,0x20004020,1,0x0
10254,1174,master,0x06000464,read,0x20004020,1,0x0
10255,1174,master,0x06000464,read,0x20004020,1,0x0
10256,1174,master,0x06000464,read,0x20004020,1,0x0
10257,1174,master,0x06000464,read,0x20004020,1,0x0
10258,1174,master,0x06000464,read,0x20004020,1,0x0
10259,1174,master,0x06000464,read,0x20004020,1,0x0
10260,1174,master,0x06000464,read,0x20004020,1,0x1
10261,1174,master,0x0600046A,read,0x20004021,1,0x22
10262,1174,master,0x06000464,read,0x20004020,1,0x0
10263,1174,master,0x06000464,read,0x20004020,1,0x0
10264,1174,master,0x06000464,read,0x20004020,1,0x0
10265,1174,master,0x06000464,read,0x20004020,1,0x0
10266,1174,master,0x06000464,read,0x20004020,1,0x0
10267,1174,master,0x06000464,read,0x20004020,1,0x0
10268,1174,master,0x06000464,read,0x20004020,1,0x0
10269,1174,master,0x06000464,read,0x20004020,1,0x0
10270,1174,master,0x06000464,read,0x20004020,1,0x0
10271,1174,master,0x06000464,read,0x20004020,1,0x1
10272,1174,master,0x0600046A,read,0x20004021,1,0x22
10273,1174,master,0x06000464,read,0x20004020,1,0x0
10274,1174,master,0x06000464,read,0x20004020,1,0x0
10275,1174,master,0x06000464,read,0x20004020,1,0x0
10276,1174,master,0x06000464,read,0x20004020,1,0x0
10277,1174,master,0x06000464,read,0x20004020,1,0x0
10278,1174,master,0x06000464,read,0x20004020,1,0x0
10279,1174,master,0x06000464,read,0x20004020,1,0x0
10280,1174,master,0x06000464,read,0x20004020,1,0x0
10281,1174,master,0x06000464,read,0x20004020,1,0x0
10282,1174,master,0x06000464,read,0x20004020,1,0x1
10283,1174,master,0x0600046A,read,0x20004021,1,0x22
10284,1174,master,0x06000464,read,0x20004020,1,0x0
10285,1174,master,0x06000464,read,0x20004020,1,0x0
10286,1174,master,0x06000464,read,0x20004020,1,0x0
10287,1174,master,0x06000464,read,0x20004020,1,0x0
10288,1174,master,0x06000464,read,0x20004020,1,0x0
10289,1174,master,0x06000464,read,0x20004020,1,0x0
10290,1174,master,0x06000464,read,0x20004020,1,0x0
10291,1174,master,0x06000464,read,0x20004020,1,0x0
10292,1174,master,0x06000464,read,0x20004020,1,0x0
10293,1174,master,0x06000464,read,0x20004020,1,0x1
10294,1174,master,0x0600046A,read,0x20004021,1,0x22
10295,1174,master,0x06000464,read,0x20004020,1,0x0
10296,1174,master,0x06000464,read,0x20004020,1,0x0
10297,1174,master,0x06000464,read,0x20004020,1,0x0
10298,1174,master,0x06000464,read,0x20004020,1,0x0
10299,1174,master,0x06000464,read,0x20004020,1,0x0
10300,1174,master,0x06000464,read,0x20004020,1,0x0
10301,1174,master,0x06000464,read,0x20004020,1,0x0
10302,1174,master,0x06000464,read,0x20004020,1,0x0
10303,1174,master,0x06000464,read,0x20004020,1,0x0
10304,1174,master,0x06000464,read,0x20004020,1,0x1
10305,1174,master,0x0600046A,read,0x20004021,1,0x22
10306,1174,master,0x06000464,read,0x20004020,1,0x0
10307,1174,master,0x06000464,read,0x20004020,1,0x0
10308,1174,master,0x06000464,read,0x20004020,1,0x0
10309,1174,master,0x06000464,read,0x20004020,1,0x0
10310,1174,master,0x06000464,read,0x20004020,1,0x0
10311,1174,master,0x06000464,read,0x20004020,1,0x0
10312,1174,master,0x06000464,read,0x20004020,1,0x0
10313,1174,master,0x06000464,read,0x20004020,1,0x0
10314,1174,master,0x06000464,read,0x20004020,1,0x0
10315,1174,master,0x06000464,read,0x20004020,1,0x1
10316,1174,master,0x0600046A,read,0x20004021,1,0x22
10317,1174,master,0x06000464,read,0x20004020,1,0x0
10318,1174,master,0x06000464,read,0x20004020,1,0x0
10319,1174,master,0x06000464,read,0x20004020,1,0x0
10320,1174,master,0x06000464,read,0x20004020,1,0x0
10321,1174,master,0x06000464,read,0x20004020,1,0x0
10322,1174,master,0x06000464,read,0x20004020,1,0x0
10323,1174,master,0x06000464,read,0x20004020,1,0x0
10324,1174,master,0x06000464,read,0x20004020,1,0x0
10325,1174,master,0x06000464,read,0x20004020,1,0x0
10326,1174,master,0x06000464,read,0x20004020,1,0x1
10327,1174,master,0x0600046A,read,0x20004021,1,0x2B
10328,1176,master,0x06000464,read,0x20004020,1,0x0
10329,1176,master,0x06000464,read,0x20004020,1,0x0
10330,1176,master,0x06000464,read,0x20004020,1,0x0
10331,1176,master,0x06000464,read,0x20004020,1,0x0
10332,1176,master,0x06000464,read,0x20004020,1,0x0
10333,1176,master,0x06000464,read,0x20004020,1,0x0
10334,1176,master,0x06000464,read,0x20004020,1,0x0
10335,1176,master,0x06000464,read,0x20004020,1,0x0
10336,1176,master,0x06000464,read,0x20004020,1,0x0
10337,1176,master,0x06000464,read,0x20004020,1,0x0
10338,1176,master,0x06000464,read,0x20004020,1,0x1
10339,1176,master,0x0600046A,read,0x20004021,1,0x22
10340,1176,master,0x06000464,read,0x20004020,1,0x0
10341,1176,master,0x06000464,read,0x20004020,1,0x0
10342,1176,master,0x06000464,read,0x20004020,1,0x0
10343,1176,master,0x06000464,read,0x20004020,1,0x0
10344,1176,master,0x06000464,read,0x20004020,1,0x0
10345,1176,master,0x06000464,read,0x20004020,1,0x0
10346,1176,master,0x06000464,read,0x20004020,1,0x0
10347,1176,master,0x06000464,read,0x20004020,1,0x0
10348,1176,master,0x06000464,read,0x20004020,1,0x0
10349,1176,master,0x06000464,read,0x20004020,1,0x1
10350,1176,master,0x0600046A,read,0x20004021,1,0x22
10351,1176,master,0x06000464,read,0x20004020,1,0x0
10352,1176,master,0x06000464,read,0x20004020,1,0x0
10353,1176,master,0x06000464,read,0x20004020,1,0x0
10354,1176,master,0x06000464,read,0x20004020,1,0x0
10355,1176,master,0x06000464,read,0x20004020,1,0x0
10356,1176,master,0x06000464,read,0x20004020,1,0x0
10357,1176,master,0x06000464,read,0x20004020,1,0x0
10358,1176,master,0x06000464,read,0x20004020,1,0x0
10359,1176,master,0x06000464,read,0x20004020,1,0x0
10360,1176,master,0x06000464,read,0x20004020,1,0x1
10361,1176,master,0x0600046A,read,0x20004021,1,0x22
10362,1177,master,0x06000464,read,0x20004020,1,0x0
10363,1177,master,0x06000464,read,0x20004020,1,0x0
10364,1177,master,0x06000464,read,0x20004020,1,0x0
10365,1177,master,0x06000464,read,0x20004020,1,0x0
10366,1177,master,0x06000464,read,0x20004020,1,0x0
10367,1177,master,0x06000464,read,0x20004020,1,0x0
10368,1177,master,0x06000464,read,0x20004020,1,0x0
10369,1177,master,0x06000464,read,0x20004020,1,0x0
10370,1177,master,0x06000464,read,0x20004020,1,0x0
10371,1177,master,0x06000464,read,0x20004020,1,0x1
10372,1177,master,0x0600046A,read,0x20004021,1,0x22
10373,1177,master,0x06000464,read,0x20004020,1,0x0
10374,1177,master,0x06000464,read,0x20004020,1,0x0
10375,1177,master,0x06000464,read,0x20004020,1,0x0
10376,1177,master,0x06000464,read,0x20004020,1,0x0
10377,1177,master,0x06000464,read,0x20004020,1,0x0
10378,1177,master,0x06000464,read,0x20004020,1,0x0
10379,1177,master,0x06000464,read,0x20004020,1,0x0
10380,1177,master,0x06000464,read,0x20004020,1,0x0
10381,1177,master,0x06000464,read,0x20004020,1,0x0
10382,1177,master,0x06000464,read,0x20004020,1,0x1
10383,1177,master,0x0600046A,read,0x20004021,1,0x22
10384,1177,master,0x06000464,read,0x20004020,1,0x0
10385,1177,master,0x06000464,read,0x20004020,1,0x0
10386,1177,master,0x06000464,read,0x20004020,1,0x0
10387,1177,master,0x06000464,read,0x20004020,1,0x0
10388,1177,master,0x06000464,read,0x20004020,1,0x0
10389,1177,master,0x06000464,read,0x20004020,1,0x0
10390,1177,master,0x06000464,read,0x20004020,1,0x0
10391,1177,master,0x06000464,read,0x20004020,1,0x0
10392,1177,master,0x06000464,read,0x20004020,1,0x0
10393,1177,master,0x06000464,read,0x20004020,1,0x1
10394,1177,master,0x0600046A,read,0x20004021,1,0x22
10395,1177,master,0x06000464,read,0x20004020,1,0x0
10396,1177,master,0x06000464,read,0x20004020,1,0x0
10397,1177,master,0x06000464,read,0x20004020,1,0x0
10398,1177,master,0x06000464,read,0x20004020,1,0x0
10399,1177,master,0x06000464,read,0x20004020,1,0x0
10400,1177,master,0x06000464,read,0x20004020,1,0x0
10401,1177,master,0x06000464,read,0x20004020,1,0x0
10402,1177,master,0x06000464,read,0x20004020,1,0x0
10403,1177,master,0x06000464,read,0x20004020,1,0x0
10404,1177,master,0x06000464,read,0x20004020,1,0x1
10405,1177,master,0x0600046A,read,0x20004021,1,0x22
10406,1177,master,0x06000464,read,0x20004020,1,0x0
10407,1177,master,0x06000464,read,0x20004020,1,0x0
10408,1177,master,0x06000464,read,0x20004020,1,0x0
10409,1177,master,0x06000464,read,0x20004020,1,0x0
10410,1177,master,0x06000464,read,0x20004020,1,0x0
10411,1177,master,0x06000464,read,0x20004020,1,0x0
10412,1177,master,0x06000464,read,0x20004020,1,0x0
10413,1177,master,0x06000464,read,0x20004020,1,0x0
10414,1177,master,0x06000464,read,0x20004020,1,0x0
10415,1177,master,0x06000464,read,0x20004020,1,0x1
10416,1177,master,0x0600046A,read,0x20004021,1,0x22
10417,1177,master,0x06000464,read,0x20004020,1,0x0
10418,1177,master,0x06000464,read,0x20004020,1,0x0
10419,1177,master,0x06000464,read,0x20004020,1,0x0
10420,1177,master,0x06000464,read,0x20004020,1,0x0
10421,1177,master,0x06000464,read,0x20004020,1,0x0
10422,1177,master,0x06000464,read,0x20004020,1,0x0
10423,1177,master,0x06000464,read,0x20004020,1,0x0
10424,1177,master,0x06000464,read,0x20004020,1,0x0
10425,1177,master,0x06000464,read,0x20004020,1,0x0
10426,1177,master,0x06000464,read,0x20004020,1,0x1
10427,1177,master,0x0600046A,read,0x20004021,1,0x22
10428,1177,master,0x06000464,read,0x20004020,1,0x0
10429,1177,master,0x06000464,read,0x20004020,1,0x0
10430,1177,master,0x06000464,read,0x20004020,1,0x0
10431,1177,master,0x06000464,read,0x20004020,1,0x0
10432,1177,master,0x06000464,read,0x20004020,1,0x0
10433,1177,master,0x06000464,read,0x20004020,1,0x0
10434,1177,master,0x06000464,read,0x20004020,1,0x0
10435,1177,master,0x06000464,read,0x20004020,1,0x0
10436,1177,master,0x06000464,read,0x20004020,1,0x0
10437,1177,master,0x06000464,read,0x20004020,1,0x1
10438,1177,master,0x0600046A,read,0x20004021,1,0x22
10439,1177,master,0x06000464,read,0x20004020,1,0x0
10440,1177,master,0x06000464,read,0x20004020,1,0x0
10441,1177,master,0x06000464,read,0x20004020,1,0x0
10442,1177,master,0x06000464,read,0x20004020,1,0x0
10443,1177,master,0x06000464,read,0x20004020,1,0x0
10444,1177,master,0x06000464,read,0x20004020,1,0x0
10445,1177,master,0x06000464,read,0x20004020,1,0x0
10446,1177,master,0x06000464,read,0x20004020,1,0x0
10447,1177,master,0x06000464,read,0x20004020,1,0x0
10448,1177,master,0x06000464,read,0x20004020,1,0x1
10449,1177,master,0x0600046A,read,0x20004021,1,0x22
10450,1177,master,0x06000464,read,0x20004020,1,0x0
10451,1177,master,0x06000464,read,0x20004020,1,0x0
10452,1177,master,0x06000464,read,0x20004020,1,0x0
10453,1177,master,0x06000464,read,0x20004020,1,0x0
10454,1177,master,0x06000464,read,0x20004020,1,0x0
10455,1177,master,0x06000464,read,0x20004020,1,0x0
10456,1177,master,0x06000464,read,0x20004020,1,0x0
10457,1177,master,0x06000464,read,0x20004020,1,0x0
10458,1177,master,0x06000464,read,0x20004020,1,0x0
10459,1177,master,0x06000464,read,0x20004020,1,0x1
10460,1177,master,0x0600046A,read,0x20004021,1,0x22
10461,1177,master,0x06000464,read,0x20004020,1,0x0
10462,1177,master,0x06000464,read,0x20004020,1,0x0
10463,1177,master,0x06000464,read,0x20004020,1,0x0
10464,1177,master,0x06000464,read,0x20004020,1,0x0
10465,1177,master,0x06000464,read,0x20004020,1,0x0
10466,1177,master,0x06000464,read,0x20004020,1,0x0
10467,1177,master,0x06000464,read,0x20004020,1,0x0
10468,1177,master,0x06000464,read,0x20004020,1,0x0
10469,1177,master,0x06000464,read,0x20004020,1,0x0
10470,1177,master,0x06000464,read,0x20004020,1,0x1
10471,1177,master,0x0600046A,read,0x20004021,1,0x22
10472,1177,master,0x06000464,read,0x20004020,1,0x0
10473,1177,master,0x06000464,read,0x20004020,1,0x0
10474,1177,master,0x06000464,read,0x20004020,1,0x0
10475,1177,master,0x06000464,read,0x20004020,1,0x0
10476,1177,master,0x06000464,read,0x20004020,1,0x0
10477,1177,master,0x06000464,read,0x20004020,1,0x0
10478,1177,master,0x06000464,read,0x20004020,1,0x0
10479,1177,master,0x06000464,read,0x20004020,1,0x0
10480,1177,master,0x06000464,read,0x20004020,1,0x0
10481,1177,master,0x06000464,read,0x20004020,1,0x1
10482,1177,master,0x0600046A,read,0x20004021,1,0x22
10483,1177,master,0x06000464,read,0x20004020,1,0x0
10484,1177,master,0x06000464,read,0x20004020,1,0x0
10485,1177,master,0x06000464,read,0x20004020,1,0x0
10486,1177,master,0x06000464,read,0x20004020,1,0x0
10487,1177,master,0x06000464,read,0x20004020,1,0x0
10488,1177,master,0x06000464,read,0x20004020,1,0x0
10489,1177,master,0x06000464,read,0x20004020,1,0x0
10490,1177,master,0x06000464,read,0x20004020,1,0x0
10491,1177,master,0x06000464,read,0x20004020,1,0x0
10492,1177,master,0x06000464,read,0x20004020,1,0x1
10493,1177,master,0x0600046A,read,0x20004021,1,0x22
10494,1177,master,0x06000464,read,0x20004020,1,0x0
10495,1177,master,0x06000464,read,0x20004020,1,0x0
10496,1177,master,0x06000464,read,0x20004020,1,0x0
10497,1177,master,0x06000464,read,0x20004020,1,0x0
10498,1177,master,0x06000464,read,0x20004020,1,0x0
10499,1177,master,0x06000464,read,0x20004020,1,0x0
10500,1177,master,0x06000464,read,0x20004020,1,0x0
10501,1177,master,0x06000464,read,0x20004020,1,0x0
10502,1177,master,0x06000464,read,0x20004020,1,0x0
10503,1177,master,0x06000464,read,0x20004020,1,0x1
10504,1177,master,0x0600046A,read,0x20004021,1,0x22
10505,1177,master,0x06000464,read,0x20004020,1,0x0
10506,1177,master,0x06000464,read,0x20004020,1,0x0
10507,1177,master,0x06000464,read,0x20004020,1,0x0
10508,1177,master,0x06000464,read,0x20004020,1,0x0
10509,1177,master,0x06000464,read,0x20004020,1,0x0
10510,1177,master,0x06000464,read,0x20004020,1,0x0
10511,1177,master,0x06000464,read,0x20004020,1,0x0
10512,1177,master,0x06000464,read,0x20004020,1,0x0
10513,1177,master,0x06000464,read,0x20004020,1,0x0
10514,1177,master,0x06000464,read,0x20004020,1,0x1
10515,1177,master,0x0600046A,read,0x20004021,1,0x22
10516,1177,master,0x06000464,read,0x20004020,1,0x0
10517,1177,master,0x06000464,read,0x20004020,1,0x0
10518,1177,master,0x06000464,read,0x20004020,1,0x0
10519,1177,master,0x06000464,read,0x20004020,1,0x0
10520,1177,master,0x06000464,read,0x20004020,1,0x0
10521,1177,master,0x06000464,read,0x20004020,1,0x0
10522,1177,master,0x06000464,read,0x20004020,1,0x0
10523,1177,master,0x06000464,read,0x20004020,1,0x0
10524,1177,master,0x06000464,read,0x20004020,1,0x0
10525,1177,master,0x06000464,read,0x20004020,1,0x1
10526,1177,master,0x0600046A,read,0x20004021,1,0x22
10527,1177,master,0x06000464,read,0x20004020,1,0x0
10528,1177,master,0x06000464,read,0x20004020,1,0x0
10529,1177,master,0x06000464,read,0x20004020,1,0x0
10530,1177,master,0x06000464,read,0x20004020,1,0x0
10531,1177,master,0x06000464,read,0x20004020,1,0x0
10532,1177,master,0x06000464,read,0x20004020,1,0x0
10533,1177,master,0x06000464,read,0x20004020,1,0x0
10534,1177,master,0x06000464,read,0x20004020,1,0x0
10535,1177,master,0x06000464,read,0x20004020,1,0x0
10536,1177,master,0x06000464,read,0x20004020,1,0x1
10537,1177,master,0x0600046A,read,0x20004021,1,0x22
10538,1177,master,0x06000464,read,0x20004020,1,0x0
10539,1177,master,0x06000464,read,0x20004020,1,0x0
10540,1177,master,0x06000464,read,0x20004020,1,0x0
10541,1177,master,0x06000464,read,0x20004020,1,0x0
10542,1177,master,0x06000464,read,0x20004020,1,0x0
10543,1177,master,0x06000464,read,0x20004020,1,0x0
10544,1177,master,0x06000464,read,0x20004020,1,0x0
10545,1177,master,0x06000464,read,0x20004020,1,0x0
10546,1177,master,0x06000464,read,0x20004020,1,0x0
10547,1177,master,0x06000464,read,0x20004020,1,0x1
10548,1177,master,0x0600046A,read,0x20004021,1,0x2B
10549,1179,master,0x06000464,read,0x20004020,1,0x0
10550,1179,master,0x06000464,read,0x20004020,1,0x0
10551,1179,master,0x06000464,read,0x20004020,1,0x0
10552,1179,master,0x06000464,read,0x20004020,1,0x0
10553,1179,master,0x06000464,read,0x20004020,1,0x0
10554,1179,master,0x06000464,read,0x20004020,1,0x0
10555,1179,master,0x06000464,read,0x20004020,1,0x0
10556,1179,master,0x06000464,read,0x20004020,1,0x0
10557,1179,master,0x06000464,read,0x20004020,1,0x0
10558,1179,master,0x06000464,read,0x20004020,1,0x0
10559,1179,master,0x06000464,read,0x20004020,1,0x0
10560,1179,master,0x06000464,read,0x20004020,1,0x0
10561,1179,master,0x06000464,read,0x20004020,1,0x0
10562,1179,master,0x06000464,read,0x20004020,1,0x0
10563,1179,master,0x06000464,read,0x20004020,1,0x1
10564,1179,master,0x0600046A,read,0x20004021,1,0x22
10565,1179,master,0x06000464,read,0x20004020,1,0x0
10566,1179,master,0x06000464,read,0x20004020,1,0x0
10567,1179,master,0x06000464,read,0x20004020,1,0x0
10568,1179,master,0x06000464,read,0x20004020,1,0x0
10569,1179,master,0x06000464,read,0x20004020,1,0x0
10570,1179,master,0x06000464,read,0x20004020,1,0x0
10571,1179,master,0x06000464,read,0x20004020,1,0x0
10572,1179,master,0x06000464,read,0x20004020,1,0x0
10573,1179,master,0x06000464,read,0x20004020,1,0x0
10574,1179,master,0x06000464,read,0x20004020,1,0x1
10575,1179,master,0x0600046A,read,0x20004021,1,0x22
10576,1179,master,0x06000464,read,0x20004020,1,0x0
10577,1179,master,0x06000464,read,0x20004020,1,0x0
10578,1179,master,0x06000464,read,0x20004020,1,0x0
10579,1179,master,0x06000464,read,0x20004020,1,0x0
10580,1179,master,0x06000464,read,0x20004020,1,0x0
10581,1179,master,0x06000464,read,0x20004020,1,0x0
10582,1179,master,0x06000464,read,0x20004020,1,0x0
10583,1179,master,0x06000464,read,0x20004020,1,0x0
10584,1179,master,0x06000464,read,0x20004020,1,0x0
10585,1179,master,0x06000464,read,0x20004020,1,0x1
10586,1179,master,0x0600046A,read,0x20004021,1,0x22
10587,1180,master,0x06000464,read,0x20004020,1,0x0
10588,1180,master,0x06000464,read,0x20004020,1,0x0
10589,1180,master,0x06000464,read,0x20004020,1,0x0
10590,1180,master,0x06000464,read,0x20004020,1,0x0
10591,1180,master,0x06000464,read,0x20004020,1,0x0
10592,1180,master,0x06000464,read,0x20004020,1,0x0
10593,1180,master,0x06000464,read,0x20004020,1,0x0
10594,1180,master,0x06000464,read,0x20004020,1,0x0
10595,1180,master,0x06000464,read,0x20004020,1,0x0
10596,1180,master,0x06000464,read,0x20004020,1,0x1
10597,1180,master,0x0600046A,read,0x20004021,1,0x22
10598,1180,master,0x06000464,read,0x20004020,1,0x0
10599,1180,master,0x06000464,read,0x20004020,1,0x0
10600,1180,master,0x06000464,read,0x20004020,1,0x0
10601,1180,master,0x06000464,read,0x20004020,1,0x0
10602,1180,master,0x06000464,read,0x20004020,1,0x0
10603,1180,master,0x06000464,read,0x20004020,1,0x0
10604,1180,master,0x06000464,read,0x20004020,1,0x0
10605,1180,master,0x06000464,read,0x20004020,1,0x0
10606,1180,master,0x06000464,read,0x20004020,1,0x0
10607,1180,master,0x06000464,read,0x20004020,1,0x1
10608,1180,master,0x0600046A,read,0x20004021,1,0x22
10609,1180,master,0x06000464,read,0x20004020,1,0x0
10610,1180,master,0x06000464,read,0x20004020,1,0x0
10611,1180,master,0x06000464,read,0x20004020,1,0x0
10612,1180,master,0x06000464,read,0x20004020,1,0x0
10613,1180,master,0x06000464,read,0x20004020,1,0x0
10614,1180,master,0x06000464,read,0x20004020,1,0x0
10615,1180,master,0x06000464,read,0x20004020,1,0x0
10616,1180,master,0x06000464,read,0x20004020,1,0x0
10617,1180,master,0x06000464,read,0x20004020,1,0x0
10618,1180,master,0x06000464,read,0x20004020,1,0x1
10619,1180,master,0x0600046A,read,0x20004021,1,0x22
10620,1180,master,0x06000464,read,0x20004020,1,0x0
10621,1180,master,0x06000464,read,0x20004020,1,0x0
10622,1180,master,0x06000464,read,0x20004020,1,0x0
10623,1180,master,0x06000464,read,0x20004020,1,0x0
10624,1180,master,0x06000464,read,0x20004020,1,0x0
10625,1180,master,0x06000464,read,0x20004020,1,0x0
10626,1180,master,0x06000464,read,0x20004020,1,0x0
10627,1180,master,0x06000464,read,0x20004020,1,0x0
10628,1180,master,0x06000464,read,0x20004020,1,0x0
10629,1180,master,0x06000464,read,0x20004020,1,0x1
10630,1180,master,0x0600046A,read,0x20004021,1,0x22
10631,1180,master,0x06000464,read,0x20004020,1,0x0
10632,1180,master,0x06000464,read,0x20004020,1,0x0
10633,1180,master,0x06000464,read,0x20004020,1,0x0
10634,1180,master,0x06000464,read,0x20004020,1,0x0
10635,1180,master,0x06000464,read,0x20004020,1,0x0
10636,1180,master,0x06000464,read,0x20004020,1,0x0
10637,1180,master,0x06000464,read,0x20004020,1,0x0
10638,1180,master,0x06000464,read,0x20004020,1,0x0
10639,1180,master,0x06000464,read,0x20004020,1,0x0
10640,1180,master,0x06000464,read,0x20004020,1,0x1
10641,1180,master,0x0600046A,read,0x20004021,1,0x22
10642,1180,master,0x06000464,read,0x20004020,1,0x0
10643,1180,master,0x06000464,read,0x20004020,1,0x0
10644,1180,master,0x06000464,read,0x20004020,1,0x0
10645,1180,master,0x06000464,read,0x20004020,1,0x0
10646,1180,master,0x06000464,read,0x20004020,1,0x0
10647,1180,master,0x06000464,read,0x20004020,1,0x0
10648,1180,master,0x06000464,read,0x20004020,1,0x0
10649,1180,master,0x06000464,read,0x20004020,1,0x0
10650,1180,master,0x06000464,read,0x20004020,1,0x0
10651,1180,master,0x06000464,read,0x20004020,1,0x1
10652,1180,master,0x0600046A,read,0x20004021,1,0x22
10653,1180,master,0x06000464,read,0x20004020,1,0x0
10654,1180,master,0x06000464,read,0x20004020,1,0x0
10655,1180,master,0x06000464,read,0x20004020,1,0x0
10656,1180,master,0x06000464,read,0x20004020,1,0x0
10657,1180,master,0x06000464,read,0x20004020,1,0x0
10658,1180,master,0x06000464,read,0x20004020,1,0x0
10659,1180,master,0x06000464,read,0x20004020,1,0x0
10660,1180,master,0x06000464,read,0x20004020,1,0x0
10661,1180,master,0x06000464,read,0x20004020,1,0x0
10662,1180,master,0x06000464,read,0x20004020,1,0x1
10663,1180,master,0x0600046A,read,0x20004021,1,0x22
10664,1180,master,0x06000464,read,0x20004020,1,0x0
10665,1180,master,0x06000464,read,0x20004020,1,0x0
10666,1180,master,0x06000464,read,0x20004020,1,0x0
10667,1180,master,0x06000464,read,0x20004020,1,0x0
10668,1180,master,0x06000464,read,0x20004020,1,0x0
10669,1180,master,0x06000464,read,0x20004020,1,0x0
10670,1180,master,0x06000464,read,0x20004020,1,0x0
10671,1180,master,0x06000464,read,0x20004020,1,0x0
10672,1180,master,0x06000464,read,0x20004020,1,0x0
10673,1180,master,0x06000464,read,0x20004020,1,0x1
10674,1180,master,0x0600046A,read,0x20004021,1,0x22
10675,1180,master,0x06000464,read,0x20004020,1,0x0
10676,1180,master,0x06000464,read,0x20004020,1,0x0
10677,1180,master,0x06000464,read,0x20004020,1,0x0
10678,1180,master,0x06000464,read,0x20004020,1,0x0
10679,1180,master,0x06000464,read,0x20004020,1,0x0
10680,1180,master,0x06000464,read,0x20004020,1,0x0
10681,1180,master,0x06000464,read,0x20004020,1,0x0
10682,1180,master,0x06000464,read,0x20004020,1,0x0
10683,1180,master,0x06000464,read,0x20004020,1,0x0
10684,1180,master,0x06000464,read,0x20004020,1,0x1
10685,1180,master,0x0600046A,read,0x20004021,1,0x22
10686,1180,master,0x06000464,read,0x20004020,1,0x0
10687,1180,master,0x06000464,read,0x20004020,1,0x0
10688,1180,master,0x06000464,read,0x20004020,1,0x0
10689,1180,master,0x06000464,read,0x20004020,1,0x0
10690,1180,master,0x06000464,read,0x20004020,1,0x0
10691,1180,master,0x06000464,read,0x20004020,1,0x0
10692,1180,master,0x06000464,read,0x20004020,1,0x0
10693,1180,master,0x06000464,read,0x20004020,1,0x0
10694,1180,master,0x06000464,read,0x20004020,1,0x0
10695,1180,master,0x06000464,read,0x20004020,1,0x1
10696,1180,master,0x0600046A,read,0x20004021,1,0x22
10697,1180,master,0x06000464,read,0x20004020,1,0x0
10698,1180,master,0x06000464,read,0x20004020,1,0x0
10699,1180,master,0x06000464,read,0x20004020,1,0x0
10700,1180,master,0x06000464,read,0x20004020,1,0x0
10701,1180,master,0x06000464,read,0x20004020,1,0x0
10702,1180,master,0x06000464,read,0x20004020,1,0x0
10703,1180,master,0x06000464,read,0x20004020,1,0x0
10704,1180,master,0x06000464,read,0x20004020,1,0x0
10705,1180,master,0x06000464,read,0x20004020,1,0x0
10706,1180,master,0x06000464,read,0x20004020,1,0x1
10707,1180,master,0x0600046A,read,0x20004021,1,0x22
10708,1180,master,0x06000464,read,0x20004020,1,0x0
10709,1180,master,0x06000464,read,0x20004020,1,0x0
10710,1180,master,0x06000464,read,0x20004020,1,0x0
10711,1180,master,0x06000464,read,0x20004020,1,0x0
10712,1180,master,0x06000464,read,0x20004020,1,0x0
10713,1180,master,0x06000464,read,0x20004020,1,0x0
10714,1180,master,0x06000464,read,0x20004020,1,0x0
10715,1180,master,0x06000464,read,0x20004020,1,0x0
10716,1180,master,0x06000464,read,0x20004020,1,0x0
10717,1180,master,0x06000464,read,0x20004020,1,0x1
10718,1180,master,0x0600046A,read,0x20004021,1,0x22
10719,1180,master,0x06000464,read,0x20004020,1,0x0
10720,1180,master,0x06000464,read,0x20004020,1,0x0
10721,1180,master,0x06000464,read,0x20004020,1,0x0
10722,1180,master,0x06000464,read,0x20004020,1,0x0
10723,1180,master,0x06000464,read,0x20004020,1,0x0
10724,1180,master,0x06000464,read,0x20004020,1,0x0
10725,1180,master,0x06000464,read,0x20004020,1,0x0
10726,1180,master,0x06000464,read,0x20004020,1,0x0
10727,1180,master,0x06000464,read,0x20004020,1,0x0
10728,1180,master,0x06000464,read,0x20004020,1,0x1
10729,1180,master,0x0600046A,read,0x20004021,1,0x22
10730,1180,master,0x06000464,read,0x20004020,1,0x0
10731,1180,master,0x06000464,read,0x20004020,1,0x0
10732,1180,master,0x06000464,read,0x20004020,1,0x0
10733,1180,master,0x06000464,read,0x20004020,1,0x0
10734,1180,master,0x06000464,read,0x20004020,1,0x0
10735,1180,master,0x06000464,read,0x20004020,1,0x0
10736,1180,master,0x06000464,read,0x20004020,1,0x0
10737,1180,master,0x06000464,read,0x20004020,1,0x0
10738,1180,master,0x06000464,read,0x20004020,1,0x0
10739,1180,master,0x06000464,read,0x20004020,1,0x1
10740,1180,master,0x0600046A,read,0x20004021,1,0x22
10741,1180,master,0x06000464,read,0x20004020,1,0x0
10742,1180,master,0x06000464,read,0x20004020,1,0x0
10743,1180,master,0x06000464,read,0x20004020,1,0x0
10744,1180,master,0x06000464,read,0x20004020,1,0x0
10745,1180,master,0x06000464,read,0x20004020,1,0x0
10746,1180,master,0x06000464,read,0x20004020,1,0x0
10747,1180,master,0x06000464,read,0x20004020,1,0x0
10748,1180,master,0x06000464,read,0x20004020,1,0x0
10749,1180,master,0x06000464,read,0x20004020,1,0x0
10750,1180,master,0x06000464,read,0x20004020,1,0x1
10751,1180,master,0x0600046A,read,0x20004021,1,0x22
10752,1180,master,0x06000464,read,0x20004020,1,0x0
10753,1180,master,0x06000464,read,0x20004020,1,0x0
10754,1180,master,0x06000464,read,0x20004020,1,0x0
10755,1180,master,0x06000464,read,0x20004020,1,0x0
10756,1180,master,0x06000464,read,0x20004020,1,0x0
10757,1180,master,0x06000464,read,0x20004020,1,0x0
10758,1180,master,0x06000464,read,0x20004020,1,0x0
10759,1180,master,0x06000464,read,0x20004020,1,0x0
10760,1180,master,0x06000464,read,0x20004020,1,0x0
10761,1180,master,0x06000464,read,0x20004020,1,0x1
10762,1180,master,0x0600046A,read,0x20004021,1,0x22
10763,1180,master,0x06000464,read,0x20004020,1,0x0
10764,1180,master,0x06000464,read,0x20004020,1,0x0
10765,1180,master,0x06000464,read,0x20004020,1,0x0
10766,1180,master,0x06000464,read,0x20004020,1,0x0
10767,1180,master,0x06000464,read,0x20004020,1,0x0
10768,1180,master,0x06000464,read,0x20004020,1,0x0
10769,1180,master,0x06000464,read,0x20004020,1,0x0
10770,1180,master,0x06000464,read,0x20004020,1,0x0
10771,1180,master,0x06000464,read,0x20004020,1,0x0
10772,1180,master,0x06000464,read,0x20004020,1,0x1
10773,1180,master,0x0600046A,read,0x20004021,1,0x2B
10774,1182,master,0x06000464,read,0x20004020,1,0x0
10775,1182,master,0x06000464,read,0x20004020,1,0x0
10776,1182,master,0x06000464,read,0x20004020,1,0x0
10777,1182,master,0x06000464,read,0x20004020,1,0x0
10778,1182,master,0x06000464,read,0x20004020,1,0x0
10779,1182,master,0x06000464,read,0x20004020,1,0x0
10780,1182,master,0x06000464,read,0x20004020,1,0x0
10781,1182,master,0x06000464,read,0x20004020,1,0x0
10782,1182,master,0x06000464,read,0x20004020,1,0x0
10783,1182,master,0x06000464,read,0x20004020,1,0x0
10784,1182,master,0x06000464,read,0x20004020,1,0x1
10785,1182,master,0x0600046A,read,0x20004021,1,0x22
10786,1182,master,0x06000464,read,0x20004020,1,0x0
10787,1182,master,0x06000464,read,0x20004020,1,0x0
10788,1182,master,0x06000464,read,0x20004020,1,0x0
10789,1182,master,0x06000464,read,0x20004020,1,0x0
10790,1182,master,0x06000464,read,0x20004020,1,0x0
10791,1182,master,0x06000464,read,0x20004020,1,0x0
10792,1182,master,0x06000464,read,0x20004020,1,0x0
10793,1182,master,0x06000464,read,0x20004020,1,0x0
10794,1182,master,0x06000464,read,0x20004020,1,0x0
10795,1182,master,0x06000464,read,0x20004020,1,0x1
10796,1182,master,0x0600046A,read,0x20004021,1,0x22
10797,1182,master,0x06000464,read,0x20004020,1,0x0
10798,1182,master,0x06000464,read,0x20004020,1,0x0
10799,1182,master,0x06000464,read,0x20004020,1,0x0
10800,1182,master,0x06000464,read,0x20004020,1,0x0
10801,1182,master,0x06000464,read,0x20004020,1,0x0
10802,1182,master,0x06000464,read,0x20004020,1,0x0
10803,1182,master,0x06000464,read,0x20004020,1,0x0
10804,1182,master,0x06000464,read,0x20004020,1,0x0
10805,1182,master,0x06000464,read,0x20004020,1,0x0
10806,1182,master,0x06000464,read,0x20004020,1,0x1
10807,1182,master,0x0600046A,read,0x20004021,1,0x22
10808,1183,master,0x06000464,read,0x20004020,1,0x0
10809,1183,master,0x06000464,read,0x20004020,1,0x0
10810,1183,master,0x06000464,read,0x20004020,1,0x0
10811,1183,master,0x06000464,read,0x20004020,1,0x0
10812,1183,master,0x06000464,read,0x20004020,1,0x0
10813,1183,master,0x06000464,read,0x20004020,1,0x0
10814,1183,master,0x06000464,read,0x20004020,1,0x0
10815,1183,master,0x06000464,read,0x20004020,1,0x0
10816,1183,master,0x06000464,read,0x20004020,1,0x0
10817,1183,master,0x06000464,read,0x20004020,1,0x1
10818,1183,master,0x0600046A,read,0x20004021,1,0x22
10819,1183,master,0x06000464,read,0x20004020,1,0x0
10820,1183,master,0x06000464,read,0x20004020,1,0x0
10821,1183,master,0x06000464,read,0x20004020,1,0x0
10822,1183,master,0x06000464,read,0x20004020,1,0x0
10823,1183,master,0x06000464,read,0x20004020,1,0x0
10824,1183,master,0x06000464,read,0x20004020,1,0x0
10825,1183,master,0x06000464,read,0x20004020,1,0x0
10826,1183,master,0x06000464,read,0x20004020,1,0x0
10827,1183,master,0x06000464,read,0x20004020,1,0x0
10828,1183,master,0x06000464,read,0x20004020,1,0x1
10829,1183,master,0x0600046A,read,0x20004021,1,0x22
10830,1183,master,0x06000464,read,0x20004020,1,0x0
10831,1183,master,0x06000464,read,0x20004020,1,0x0
10832,1183,master,0x06000464,read,0x20004020,1,0x0
10833,1183,master,0x06000464,read,0x20004020,1,0x0
10834,1183,master,0x06000464,read,0x20004020,1,0x0
10835,1183,master,0x06000464,read,0x20004020,1,0x0
10836,1183,master,0x06000464,read,0x20004020,1,0x0
10837,1183,master,0x06000464,read,0x20004020,1,0x0
10838,1183,master,0x06000464,read,0x20004020,1,0x0
10839,1183,master,0x06000464,read,0x20004020,1,0x1
10840,1183,master,0x0600046A,read,0x20004021,1,0x22
10841,1183,master,0x06000464,read,0x20004020,1,0x0
10842,1183,master,0x06000464,read,0x20004020,1,0x0
10843,1183,master,0x06000464,read,0x20004020,1,0x0
10844,1183,master,0x06000464,read,0x20004020,1,0x0
10845,1183,master,0x06000464,read,0x20004020,1,0x0
10846,1183,master,0x06000464,read,0x20004020,1,0x0
10847,1183,master,0x06000464,read,0x20004020,1,0x0
10848,1183,master,0x06000464,read,0x20004020,1,0x0
10849,1183,master,0x06000464,read,0x20004020,1,0x0
10850,1183,master,0x06000464,read,0x20004020,1,0x1
10851,1183,master,0x0600046A,read,0x20004021,1,0x22
10852,1183,master,0x06000464,read,0x20004020,1,0x0
10853,1183,master,0x06000464,read,0x20004020,1,0x0
10854,1183,master,0x06000464,read,0x20004020,1,0x0
10855,1183,master,0x06000464,read,0x20004020,1,0x0
10856,1183,master,0x06000464,read,0x20004020,1,0x0
10857,1183,master,0x06000464,read,0x20004020,1,0x0
10858,1183,master,0x06000464,read,0x20004020,1,0x0
10859,1183,master,0x06000464,read,0x20004020,1,0x0
10860,1183,master,0x06000464,read,0x20004020,1,0x0
10861,1183,master,0x06000464,read,0x20004020,1,0x1
10862,1183,master,0x0600046A,read,0x20004021,1,0x22
10863,1183,master,0x06000464,read,0x20004020,1,0x0
10864,1183,master,0x06000464,read,0x20004020,1,0x0
10865,1183,master,0x06000464,read,0x20004020,1,0x0
10866,1183,master,0x06000464,read,0x20004020,1,0x0
10867,1183,master,0x06000464,read,0x20004020,1,0x0
10868,1183,master,0x06000464,read,0x20004020,1,0x0
10869,1183,master,0x06000464,read,0x20004020,1,0x0
10870,1183,master,0x06000464,read,0x20004020,1,0x0
10871,1183,master,0x06000464,read,0x20004020,1,0x0
10872,1183,master,0x06000464,read,0x20004020,1,0x1
10873,1183,master,0x0600046A,read,0x20004021,1,0x22
10874,1183,master,0x06000464,read,0x20004020,1,0x0
10875,1183,master,0x06000464,read,0x20004020,1,0x0
10876,1183,master,0x06000464,read,0x20004020,1,0x0
10877,1183,master,0x06000464,read,0x20004020,1,0x0
10878,1183,master,0x06000464,read,0x20004020,1,0x0
10879,1183,master,0x06000464,read,0x20004020,1,0x0
10880,1183,master,0x06000464,read,0x20004020,1,0x0
10881,1183,master,0x06000464,read,0x20004020,1,0x0
10882,1183,master,0x06000464,read,0x20004020,1,0x0
10883,1183,master,0x06000464,read,0x20004020,1,0x1
10884,1183,master,0x0600046A,read,0x20004021,1,0x22
10885,1183,master,0x06000464,read,0x20004020,1,0x0
10886,1183,master,0x06000464,read,0x20004020,1,0x0
10887,1183,master,0x06000464,read,0x20004020,1,0x0
10888,1183,master,0x06000464,read,0x20004020,1,0x0
10889,1183,master,0x06000464,read,0x20004020,1,0x0
10890,1183,master,0x06000464,read,0x20004020,1,0x0
10891,1183,master,0x06000464,read,0x20004020,1,0x0
10892,1183,master,0x06000464,read,0x20004020,1,0x0
10893,1183,master,0x06000464,read,0x20004020,1,0x0
10894,1183,master,0x06000464,read,0x20004020,1,0x1
10895,1183,master,0x0600046A,read,0x20004021,1,0x22
10896,1183,master,0x06000464,read,0x20004020,1,0x0
10897,1183,master,0x06000464,read,0x20004020,1,0x0
10898,1183,master,0x06000464,read,0x20004020,1,0x0
10899,1183,master,0x06000464,read,0x20004020,1,0x0
10900,1183,master,0x06000464,read,0x20004020,1,0x0
10901,1183,master,0x06000464,read,0x20004020,1,0x0
10902,1183,master,0x06000464,read,0x20004020,1,0x0
10903,1183,master,0x06000464,read,0x20004020,1,0x0
10904,1183,master,0x06000464,read,0x20004020,1,0x0
10905,1183,master,0x06000464,read,0x20004020,1,0x1
10906,1183,master,0x0600046A,read,0x20004021,1,0x22
10907,1183,master,0x06000464,read,0x20004020,1,0x0
10908,1183,master,0x06000464,read,0x20004020,1,0x0
10909,1183,master,0x06000464,read,0x20004020,1,0x0
10910,1183,master,0x06000464,read,0x20004020,1,0x0
10911,1183,master,0x06000464,read,0x20004020,1,0x0
10912,1183,master,0x06000464,read,0x20004020,1,0x0
10913,1183,master,0x06000464,read,0x20004020,1,0x0
10914,1183,master,0x06000464,read,0x20004020,1,0x0
10915,1183,master,0x06000464,read,0x20004020,1,0x0
10916,1183,master,0x06000464,read,0x20004020,1,0x1
10917,1183,master,0x0600046A,read,0x20004021,1,0x22
10918,1183,master,0x06000464,read,0x20004020,1,0x0
10919,1183,master,0x06000464,read,0x20004020,1,0x0
10920,1183,master,0x06000464,read,0x20004020,1,0x0
10921,1183,master,0x06000464,read,0x20004020,1,0x0
10922,1183,master,0x06000464,read,0x20004020,1,0x0
10923,1183,master,0x06000464,read,0x20004020,1,0x0
10924,1183,master,0x06000464,read,0x20004020,1,0x0
10925,1183,master,0x06000464,read,0x20004020,1,0x0
10926,1183,master,0x06000464,read,0x20004020,1,0x0
10927,1183,master,0x06000464,read,0x20004020,1,0x1
10928,1183,master,0x0600046A,read,0x20004021,1,0x22
10929,1183,master,0x06000464,read,0x20004020,1,0x0
10930,1183,master,0x06000464,read,0x20004020,1,0x0
10931,1183,master,0x06000464,read,0x20004020,1,0x0
10932,1183,master,0x06000464,read,0x20004020,1,0x0
10933,1183,master,0x06000464,read,0x20004020,1,0x0
10934,1183,master,0x06000464,read,0x20004020,1,0x0
10935,1183,master,0x06000464,read,0x20004020,1,0x0
10936,1183,master,0x06000464,read,0x20004020,1,0x0
10937,1183,master,0x06000464,read,0x20004020,1,0x0
10938,1183,master,0x06000464,read,0x20004020,1,0x1
10939,1183,master,0x0600046A,read,0x20004021,1,0x22
10940,1183,master,0x06000464,read,0x20004020,1,0x0
10941,1183,master,0x06000464,read,0x20004020,1,0x0
10942,1183,master,0x06000464,read,0x20004020,1,0x0
10943,1183,master,0x06000464,read,0x20004020,1,0x0
10944,1183,master,0x06000464,read,0x20004020,1,0x0
10945,1183,master,0x06000464,read,0x20004020,1,0x0
10946,1183,master,0x06000464,read,0x20004020,1,0x0
10947,1183,master,0x06000464,read,0x20004020,1,0x0
10948,1183,master,0x06000464,read,0x20004020,1,0x0
10949,1183,master,0x06000464,read,0x20004020,1,0x1
10950,1183,master,0x0600046A,read,0x20004021,1,0x22
10951,1183,master,0x06000464,read,0x20004020,1,0x0
10952,1183,master,0x06000464,read,0x20004020,1,0x0
10953,1183,master,0x06000464,read,0x20004020,1,0x0
10954,1183,master,0x06000464,read,0x20004020,1,0x0
10955,1183,master,0x06000464,read,0x20004020,1,0x0
10956,1183,master,0x06000464,read,0x20004020,1,0x0
10957,1183,master,0x06000464,read,0x20004020,1,0x0
10958,1183,master,0x06000464,read,0x20004020,1,0x0
10959,1183,master,0x06000464,read,0x20004020,1,0x0
10960,1183,master,0x06000464,read,0x20004020,1,0x1
10961,1183,master,0x0600046A,read,0x20004021,1,0x22
10962,1183,master,0x06000464,read,0x20004020,1,0x0
10963,1183,master,0x06000464,read,0x20004020,1,0x0
10964,1183,master,0x06000464,read,0x20004020,1,0x0
10965,1183,master,0x06000464,read,0x20004020,1,0x0
10966,1183,master,0x06000464,read,0x20004020,1,0x0
10967,1183,master,0x06000464,read,0x20004020,1,0x0
10968,1183,master,0x06000464,read,0x20004020,1,0x0
10969,1183,master,0x06000464,read,0x20004020,1,0x0
10970,1183,master,0x06000464,read,0x20004020,1,0x0
10971,1183,master,0x06000464,read,0x20004020,1,0x1
10972,1183,master,0x0600046A,read,0x20004021,1,0x22
10973,1183,master,0x06000464,read,0x20004020,1,0x0
10974,1183,master,0x06000464,read,0x20004020,1,0x0
10975,1183,master,0x06000464,read,0x20004020,1,0x0
10976,1183,master,0x06000464,read,0x20004020,1,0x0
10977,1183,master,0x06000464,read,0x20004020,1,0x0
10978,1183,master,0x06000464,read,0x20004020,1,0x0
10979,1183,master,0x06000464,read,0x20004020,1,0x0
10980,1183,master,0x06000464,read,0x20004020,1,0x0
10981,1183,master,0x06000464,read,0x20004020,1,0x0
10982,1183,master,0x06000464,read,0x20004020,1,0x1
10983,1183,master,0x0600046A,read,0x20004021,1,0x22
10984,1183,master,0x06000464,read,0x20004020,1,0x0
10985,1183,master,0x06000464,read,0x20004020,1,0x0
10986,1183,master,0x06000464,read,0x20004020,1,0x0
10987,1183,master,0x06000464,read,0x20004020,1,0x0
10988,1183,master,0x06000464,read,0x20004020,1,0x0
10989,1183,master,0x06000464,read,0x20004020,1,0x0
10990,1183,master,0x06000464,read,0x20004020,1,0x0
10991,1183,master,0x06000464,read,0x20004020,1,0x0
10992,1183,master,0x06000464,read,0x20004020,1,0x0
10993,1184,master,0x06000464,read,0x20004020,1,0x1
10994,1184,master,0x0600046A,read,0x20004021,1,0x2B
10995,1185,master,0x06000464,read,0x20004020,1,0x0
10996,1185,master,0x06000464,read,0x20004020,1,0x0
10997,1185,master,0x06000464,read,0x20004020,1,0x0
10998,1185,master,0x06000464,read,0x20004020,1,0x0
10999,1185,master,0x06000464,read,0x20004020,1,0x0
11000,1185,master,0x06000464,read,0x20004020,1,0x0
11001,1185,master,0x06000464,read,0x20004020,1,0x0
11002,1185,master,0x06000464,read,0x20004020,1,0x0
11003,1185,master,0x06000464,read,0x20004020,1,0x0
11004,1185,master,0x06000464,read,0x20004020,1,0x0
11005,1185,master,0x06000464,read,0x20004020,1,0x1
11006,1185,master,0x0600046A,read,0x20004021,1,0x22
11007,1185,master,0x06000464,read,0x20004020,1,0x0
11008,1185,master,0x06000464,read,0x20004020,1,0x0
11009,1185,master,0x06000464,read,0x20004020,1,0x0
11010,1185,master,0x06000464,read,0x20004020,1,0x0
11011,1185,master,0x06000464,read,0x20004020,1,0x0
11012,1185,master,0x06000464,read,0x20004020,1,0x0
11013,1185,master,0x06000464,read,0x20004020,1,0x0
11014,1185,master,0x06000464,read,0x20004020,1,0x0
11015,1185,master,0x06000464,read,0x20004020,1,0x0
11016,1185,master,0x06000464,read,0x20004020,1,0x1
11017,1185,master,0x0600046A,read,0x20004021,1,0x22
11018,1185,master,0x06000464,read,0x20004020,1,0x0
11019,1185,master,0x06000464,read,0x20004020,1,0x0
11020,1185,master,0x06000464,read,0x20004020,1,0x0
11021,1185,master,0x06000464,read,0x20004020,1,0x0
11022,1185,master,0x06000464,read,0x20004020,1,0x0
11023,1185,master,0x06000464,read,0x20004020,1,0x0
11024,1185,master,0x06000464,read,0x20004020,1,0x0
11025,1185,master,0x06000464,read,0x20004020,1,0x0
11026,1185,master,0x06000464,read,0x20004020,1,0x0
11027,1185,master,0x06000464,read,0x20004020,1,0x1
11028,1185,master,0x0600046A,read,0x20004021,1,0x22
11029,1186,master,0x06000464,read,0x20004020,1,0x0
11030,1186,master,0x06000464,read,0x20004020,1,0x0
11031,1186,master,0x06000464,read,0x20004020,1,0x0
11032,1186,master,0x06000464,read,0x20004020,1,0x0
11033,1186,master,0x06000464,read,0x20004020,1,0x0
11034,1186,master,0x06000464,read,0x20004020,1,0x0
11035,1186,master,0x06000464,read,0x20004020,1,0x0
11036,1186,master,0x06000464,read,0x20004020,1,0x0
11037,1186,master,0x06000464,read,0x20004020,1,0x0
11038,1186,master,0x06000464,read,0x20004020,1,0x1
11039,1186,master,0x0600046A,read,0x20004021,1,0x22
11040,1186,master,0x06000464,read,0x20004020,1,0x0
11041,1186,master,0x06000464,read,0x20004020,1,0x0
11042,1186,master,0x06000464,read,0x20004020,1,0x0
11043,1186,master,0x06000464,read,0x20004020,1,0x0
11044,1186,master,0x06000464,read,0x20004020,1,0x0
11045,1186,master,0x06000464,read,0x20004020,1,0x0
11046,1186,master,0x06000464,read,0x20004020,1,0x0
11047,1186,master,0x06000464,read,0x20004020,1,0x0
11048,1186,master,0x06000464,read,0x20004020,1,0x0
11049,1186,master,0x06000464,read,0x20004020,1,0x1
11050,1186,master,0x0600046A,read,0x20004021,1,0x22
11051,1186,master,0x06000464,read,0x20004020,1,0x0
11052,1186,master,0x06000464,read,0x20004020,1,0x0
11053,1186,master,0x06000464,read,0x20004020,1,0x0
11054,1186,master,0x06000464,read,0x20004020,1,0x0
11055,1186,master,0x06000464,read,0x20004020,1,0x0
11056,1186,master,0x06000464,read,0x20004020,1,0x0
11057,1186,master,0x06000464,read,0x20004020,1,0x0
11058,1186,master,0x06000464,read,0x20004020,1,0x0
11059,1186,master,0x06000464,read,0x20004020,1,0x0
11060,1186,master,0x06000464,read,0x20004020,1,0x1
11061,1186,master,0x0600046A,read,0x20004021,1,0x22
11062,1186,master,0x06000464,read,0x20004020,1,0x0
11063,1186,master,0x06000464,read,0x20004020,1,0x0
11064,1186,master,0x06000464,read,0x20004020,1,0x0
11065,1186,master,0x06000464,read,0x20004020,1,0x0
11066,1186,master,0x06000464,read,0x20004020,1,0x0
11067,1186,master,0x06000464,read,0x20004020,1,0x0
11068,1186,master,0x06000464,read,0x20004020,1,0x0
11069,1186,master,0x06000464,read,0x20004020,1,0x0
11070,1186,master,0x06000464,read,0x20004020,1,0x0
11071,1186,master,0x06000464,read,0x20004020,1,0x1
11072,1186,master,0x0600046A,read,0x20004021,1,0x22
11073,1186,master,0x06000464,read,0x20004020,1,0x0
11074,1186,master,0x06000464,read,0x20004020,1,0x0
11075,1186,master,0x06000464,read,0x20004020,1,0x0
11076,1186,master,0x06000464,read,0x20004020,1,0x0
11077,1186,master,0x06000464,read,0x20004020,1,0x0
11078,1186,master,0x06000464,read,0x20004020,1,0x0
11079,1186,master,0x06000464,read,0x20004020,1,0x0
11080,1186,master,0x06000464,read,0x20004020,1,0x0
11081,1186,master,0x06000464,read,0x20004020,1,0x0
11082,1186,master,0x06000464,read,0x20004020,1,0x0
11083,1186,master,0x06000464,read,0x20004020,1,0x1
11084,1186,master,0x0600046A,read,0x20004021,1,0x22
11085,1186,master,0x06000464,read,0x20004020,1,0x0
11086,1186,master,0x06000464,read,0x20004020,1,0x0
11087,1186,master,0x06000464,read,0x20004020,1,0x0
11088,1186,master,0x06000464,read,0x20004020,1,0x0
11089,1186,master,0x06000464,read,0x20004020,1,0x0
11090,1186,master,0x06000464,read,0x20004020,1,0x0
11091,1186,master,0x06000464,read,0x20004020,1,0x0
11092,1186,master,0x06000464,read,0x20004020,1,0x0
11093,1186,master,0x06000464,read,0x20004020,1,0x0
11094,1186,master,0x06000464,read,0x20004020,1,0x1
11095,1186,master,0x0600046A,read,0x20004021,1,0x22
11096,1186,master,0x06000464,read,0x20004020,1,0x0
11097,1186,master,0x06000464,read,0x20004020,1,0x0
11098,1186,master,0x06000464,read,0x20004020,1,0x0
11099,1186,master,0x06000464,read,0x20004020,1,0x0
11100,1186,master,0x06000464,read,0x20004020,1,0x0
11101,1186,master,0x06000464,read,0x20004020,1,0x0
11102,1186,master,0x06000464,read,0x20004020,1,0x0
11103,1186,master,0x06000464,read,0x20004020,1,0x0
11104,1186,master,0x06000464,read,0x20004020,1,0x0
11105,1186,master,0x06000464,read,0x20004020,1,0x1
11106,1186,master,0x0600046A,read,0x20004021,1,0x22
11107,1186,master,0x06000464,read,0x20004020,1,0x0
11108,1186,master,0x06000464,read,0x20004020,1,0x0
11109,1186,master,0x06000464,read,0x20004020,1,0x0
11110,1186,master,0x06000464,read,0x20004020,1,0x0
11111,1186,master,0x06000464,read,0x20004020,1,0x0
11112,1186,master,0x06000464,read,0x20004020,1,0x0
11113,1186,master,0x06000464,read,0x20004020,1,0x0
11114,1186,master,0x06000464,read,0x20004020,1,0x0
11115,1186,master,0x06000464,read,0x20004020,1,0x0
11116,1186,master,0x06000464,read,0x20004020,1,0x1
11117,1186,master,0x0600046A,read,0x20004021,1,0x22
11118,1186,master,0x06000464,read,0x20004020,1,0x0
11119,1186,master,0x06000464,read,0x20004020,1,0x0
11120,1186,master,0x06000464,read,0x20004020,1,0x0
11121,1186,master,0x06000464,read,0x20004020,1,0x0
11122,1186,master,0x06000464,read,0x20004020,1,0x0
11123,1186,master,0x06000464,read,0x20004020,1,0x0
11124,1186,master,0x06000464,read,0x20004020,1,0x0
11125,1186,master,0x06000464,read,0x20004020,1,0x0
11126,1186,master,0x06000464,read,0x20004020,1,0x0
11127,1186,master,0x06000464,read,0x20004020,1,0x1
11128,1186,master,0x0600046A,read,0x20004021,1,0x22
11129,1186,master,0x06000464,read,0x20004020,1,0x0
11130,1186,master,0x06000464,read,0x20004020,1,0x0
11131,1186,master,0x06000464,read,0x20004020,1,0x0
11132,1186,master,0x06000464,read,0x20004020,1,0x0
11133,1186,master,0x06000464,read,0x20004020,1,0x0
11134,1186,master,0x06000464,read,0x20004020,1,0x0
11135,1186,master,0x06000464,read,0x20004020,1,0x0
11136,1186,master,0x06000464,read,0x20004020,1,0x0
11137,1186,master,0x06000464,read,0x20004020,1,0x0
11138,1186,master,0x06000464,read,0x20004020,1,0x1
11139,1186,master,0x0600046A,read,0x20004021,1,0x22
11140,1186,master,0x06000464,read,0x20004020,1,0x0
11141,1186,master,0x06000464,read,0x20004020,1,0x0
11142,1186,master,0x06000464,read,0x20004020,1,0x0
11143,1186,master,0x06000464,read,0x20004020,1,0x0
11144,1186,master,0x06000464,read,0x20004020,1,0x0
11145,1186,master,0x06000464,read,0x20004020,1,0x0
11146,1186,master,0x06000464,read,0x20004020,1,0x0
11147,1186,master,0x06000464,read,0x20004020,1,0x0
11148,1186,master,0x06000464,read,0x20004020,1,0x0
11149,1186,master,0x06000464,read,0x20004020,1,0x1
11150,1186,master,0x0600046A,read,0x20004021,1,0x22
11151,1186,master,0x06000464,read,0x20004020,1,0x0
11152,1186,master,0x06000464,read,0x20004020,1,0x0
11153,1186,master,0x06000464,read,0x20004020,1,0x0
11154,1186,master,0x06000464,read,0x20004020,1,0x0
11155,1186,master,0x06000464,read,0x20004020,1,0x0
11156,1186,master,0x06000464,read,0x20004020,1,0x0
11157,1186,master,0x06000464,read,0x20004020,1,0x0
11158,1186,master,0x06000464,read,0x20004020,1,0x0
11159,1186,master,0x06000464,read,0x20004020,1,0x0
11160,1186,master,0x06000464,read,0x20004020,1,0x1
11161,1186,master,0x0600046A,read,0x20004021,1,0x22
11162,1186,master,0x06000464,read,0x20004020,1,0x0
11163,1186,master,0x06000464,read,0x20004020,1,0x0
11164,1186,master,0x06000464,read,0x20004020,1,0x0
11165,1186,master,0x06000464,read,0x20004020,1,0x0
11166,1186,master,0x06000464,read,0x20004020,1,0x0
11167,1186,master,0x06000464,read,0x20004020,1,0x0
11168,1186,master,0x06000464,read,0x20004020,1,0x0
11169,1186,master,0x06000464,read,0x20004020,1,0x0
11170,1186,master,0x06000464,read,0x20004020,1,0x0
11171,1186,master,0x06000464,read,0x20004020,1,0x1
11172,1186,master,0x0600046A,read,0x20004021,1,0x22
11173,1186,master,0x06000464,read,0x20004020,1,0x0
11174,1186,master,0x06000464,read,0x20004020,1,0x0
11175,1186,master,0x06000464,read,0x20004020,1,0x0
11176,1186,master,0x06000464,read,0x20004020,1,0x0
11177,1186,master,0x06000464,read,0x20004020,1,0x0
11178,1186,master,0x06000464,read,0x20004020,1,0x0
11179,1186,master,0x06000464,read,0x20004020,1,0x0
11180,1186,master,0x06000464,read,0x20004020,1,0x0
11181,1186,master,0x06000464,read,0x20004020,1,0x0
11182,1186,master,0x06000464,read,0x20004020,1,0x1
11183,1186,master,0x0600046A,read,0x20004021,1,0x22
11184,1186,master,0x06000464,read,0x20004020,1,0x0
11185,1186,master,0x06000464,read,0x20004020,1,0x0
11186,1186,master,0x06000464,read,0x20004020,1,0x0
11187,1186,master,0x06000464,read,0x20004020,1,0x0
11188,1186,master,0x06000464,read,0x20004020,1,0x0
11189,1186,master,0x06000464,read,0x20004020,1,0x0
11190,1186,master,0x06000464,read,0x20004020,1,0x0
11191,1186,master,0x06000464,read,0x20004020,1,0x0
11192,1186,master,0x06000464,read,0x20004020,1,0x0
11193,1186,master,0x06000464,read,0x20004020,1,0x1
11194,1186,master,0x0600046A,read,0x20004021,1,0x22
11195,1186,master,0x06000464,read,0x20004020,1,0x0
11196,1186,master,0x06000464,read,0x20004020,1,0x0
11197,1186,master,0x06000464,read,0x20004020,1,0x0
11198,1186,master,0x06000464,read,0x20004020,1,0x0
11199,1186,master,0x06000464,read,0x20004020,1,0x0
11200,1186,master,0x06000464,read,0x20004020,1,0x0
11201,1186,master,0x06000464,read,0x20004020,1,0x0
11202,1186,master,0x06000464,read,0x20004020,1,0x0
11203,1186,master,0x06000464,read,0x20004020,1,0x0
11204,1186,master,0x06000464,read,0x20004020,1,0x1
11205,1186,master,0x0600046A,read,0x20004021,1,0x22
11206,1186,master,0x06000464,read,0x20004020,1,0x0
11207,1186,master,0x06000464,read,0x20004020,1,0x0
11208,1186,master,0x06000464,read,0x20004020,1,0x0
11209,1186,master,0x06000464,read,0x20004020,1,0x0
11210,1186,master,0x06000464,read,0x20004020,1,0x0
11211,1186,master,0x06000464,read,0x20004020,1,0x0
11212,1186,master,0x06000464,read,0x20004020,1,0x0
11213,1186,master,0x06000464,read,0x20004020,1,0x0
11214,1186,master,0x06000464,read,0x20004020,1,0x0
11215,1186,master,0x06000464,read,0x20004020,1,0x1
11216,1186,master,0x0600046A,read,0x20004021,1,0x2B
11217,1188,master,0x06000464,read,0x20004020,1,0x0
11218,1188,master,0x06000464,read,0x20004020,1,0x0
11219,1188,master,0x06000464,read,0x20004020,1,0x0
11220,1188,master,0x06000464,read,0x20004020,1,0x0
11221,1188,master,0x06000464,read,0x20004020,1,0x0
11222,1188,master,0x06000464,read,0x20004020,1,0x0
11223,1188,master,0x06000464,read,0x20004020,1,0x0
11224,1188,master,0x06000464,read,0x20004020,1,0x0
11225,1188,master,0x06000464,read,0x20004020,1,0x0
11226,1188,master,0x06000464,read,0x20004020,1,0x0
11227,1188,master,0x06000464,read,0x20004020,1,0x1
11228,1188,master,0x0600046A,read,0x20004021,1,0x22
11229,1188,master,0x06000464,read,0x20004020,1,0x0
11230,1188,master,0x06000464,read,0x20004020,1,0x0
11231,1188,master,0x06000464,read,0x20004020,1,0x0
11232,1188,master,0x06000464,read,0x20004020,1,0x0
11233,1188,master,0x06000464,read,0x20004020,1,0x0
11234,1188,master,0x06000464,read,0x20004020,1,0x0
11235,1188,master,0x06000464,read,0x20004020,1,0x0
11236,1188,master,0x06000464,read,0x20004020,1,0x0
11237,1188,master,0x06000464,read,0x20004020,1,0x0
11238,1188,master,0x06000464,read,0x20004020,1,0x1
11239,1188,master,0x0600046A,read,0x20004021,1,0x22
11240,1188,master,0x06000464,read,0x20004020,1,0x0
11241,1188,master,0x06000464,read,0x20004020,1,0x0
11242,1188,master,0x06000464,read,0x20004020,1,0x0
11243,1188,master,0x06000464,read,0x20004020,1,0x0
11244,1188,master,0x06000464,read,0x20004020,1,0x0
11245,1188,master,0x06000464,read,0x20004020,1,0x0
11246,1188,master,0x06000464,read,0x20004020,1,0x0
11247,1188,master,0x06000464,read,0x20004020,1,0x0
11248,1188,master,0x06000464,read,0x20004020,1,0x0
11249,1188,master,0x06000464,read,0x20004020,1,0x1
11250,1188,master,0x0600046A,read,0x20004021,1,0x22
11251,1189,master,0x06000464,read,0x20004020,1,0x0
11252,1189,master,0x06000464,read,0x20004020,1,0x0
11253,1189,master,0x06000464,read,0x20004020,1,0x0
11254,1189,master,0x06000464,read,0x20004020,1,0x0
11255,1189,master,0x06000464,read,0x20004020,1,0x0
11256,1189,master,0x06000464,read,0x20004020,1,0x0
11257,1189,master,0x06000464,read,0x20004020,1,0x0
11258,1189,master,0x06000464,read,0x20004020,1,0x0
11259,1189,master,0x06000464,read,0x20004020,1,0x0
11260,1189,master,0x06000464,read,0x20004020,1,0x1
11261,1189,master,0x0600046A,read,0x20004021,1,0x22
11262,1189,master,0x06000464,read,0x20004020,1,0x0
11263,1189,master,0x06000464,read,0x20004020,1,0x0
11264,1189,master,0x06000464,read,0x20004020,1,0x0
11265,1189,master,0x06000464,read,0x20004020,1,0x0
11266,1189,master,0x06000464,read,0x20004020,1,0x0
11267,1189,master,0x06000464,read,0x20004020,1,0x0
11268,1189,master,0x06000464,read,0x20004020,1,0x0
11269,1189,master,0x06000464,read,0x20004020,1,0x0
11270,1189,master,0x06000464,read,0x20004020,1,0x0
11271,1189,master,0x06000464,read,0x20004020,1,0x1
11272,1189,master,0x0600046A,read,0x20004021,1,0x22
11273,1189,master,0x06000464,read,0x20004020,1,0x0
11274,1189,master,0x06000464,read,0x20004020,1,0x0
11275,1189,master,0x06000464,read,0x20004020,1,0x0
11276,1189,master,0x06000464,read,0x20004020,1,0x0
11277,1189,master,0x06000464,read,0x20004020,1,0x0
11278,1189,master,0x06000464,read,0x20004020,1,0x0
11279,1189,master,0x06000464,read,0x20004020,1,0x0
11280,1189,master,0x06000464,read,0x20004020,1,0x0
11281,1189,master,0x06000464,read,0x20004020,1,0x0
11282,1189,master,0x06000464,read,0x20004020,1,0x1
11283,1189,master,0x0600046A,read,0x20004021,1,0x22
11284,1189,master,0x06000464,read,0x20004020,1,0x0
11285,1189,master,0x06000464,read,0x20004020,1,0x0
11286,1189,master,0x06000464,read,0x20004020,1,0x0
11287,1189,master,0x06000464,read,0x20004020,1,0x0
11288,1189,master,0x06000464,read,0x20004020,1,0x0
11289,1189,master,0x06000464,read,0x20004020,1,0x0
11290,1189,master,0x06000464,read,0x20004020,1,0x0
11291,1189,master,0x06000464,read,0x20004020,1,0x0
11292,1189,master,0x06000464,read,0x20004020,1,0x0
11293,1189,master,0x06000464,read,0x20004020,1,0x1
11294,1189,master,0x0600046A,read,0x20004021,1,0x22
11295,1189,master,0x06000464,read,0x20004020,1,0x0
11296,1189,master,0x06000464,read,0x20004020,1,0x0
11297,1189,master,0x06000464,read,0x20004020,1,0x0
11298,1189,master,0x06000464,read,0x20004020,1,0x0
11299,1189,master,0x06000464,read,0x20004020,1,0x0
11300,1189,master,0x06000464,read,0x20004020,1,0x0
11301,1189,master,0x06000464,read,0x20004020,1,0x0
11302,1189,master,0x06000464,read,0x20004020,1,0x0
11303,1189,master,0x06000464,read,0x20004020,1,0x0
11304,1189,master,0x06000464,read,0x20004020,1,0x1
11305,1189,master,0x0600046A,read,0x20004021,1,0x22
11306,1189,master,0x06000464,read,0x20004020,1,0x0
11307,1189,master,0x06000464,read,0x20004020,1,0x0
11308,1189,master,0x06000464,read,0x20004020,1,0x0
11309,1189,master,0x06000464,read,0x20004020,1,0x0
11310,1189,master,0x06000464,read,0x20004020,1,0x0
11311,1189,master,0x06000464,read,0x20004020,1,0x0
11312,1189,master,0x06000464,read,0x20004020,1,0x0
11313,1189,master,0x06000464,read,0x20004020,1,0x0
11314,1189,master,0x06000464,read,0x20004020,1,0x0
11315,1189,master,0x06000464,read,0x20004020,1,0x1
11316,1189,master,0x0600046A,read,0x20004021,1,0x22
11317,1189,master,0x06000464,read,0x20004020,1,0x0
11318,1189,master,0x06000464,read,0x20004020,1,0x0
11319,1189,master,0x06000464,read,0x20004020,1,0x0
11320,1189,master,0x06000464,read,0x20004020,1,0x0
11321,1189,master,0x06000464,read,0x20004020,1,0x0
11322,1189,master,0x06000464,read,0x20004020,1,0x0
11323,1189,master,0x06000464,read,0x20004020,1,0x0
11324,1189,master,0x06000464,read,0x20004020,1,0x0
11325,1189,master,0x06000464,read,0x20004020,1,0x0
11326,1189,master,0x06000464,read,0x20004020,1,0x1
11327,1189,master,0x0600046A,read,0x20004021,1,0x22
11328,1189,master,0x06000464,read,0x20004020,1,0x0
11329,1189,master,0x06000464,read,0x20004020,1,0x0
11330,1189,master,0x06000464,read,0x20004020,1,0x0
11331,1189,master,0x06000464,read,0x20004020,1,0x0
11332,1189,master,0x06000464,read,0x20004020,1,0x0
11333,1189,master,0x06000464,read,0x20004020,1,0x0
11334,1189,master,0x06000464,read,0x20004020,1,0x0
11335,1189,master,0x06000464,read,0x20004020,1,0x0
11336,1189,master,0x06000464,read,0x20004020,1,0x0
11337,1189,master,0x06000464,read,0x20004020,1,0x1
11338,1189,master,0x0600046A,read,0x20004021,1,0x22
11339,1189,master,0x06000464,read,0x20004020,1,0x0
11340,1189,master,0x06000464,read,0x20004020,1,0x0
11341,1189,master,0x06000464,read,0x20004020,1,0x0
11342,1189,master,0x06000464,read,0x20004020,1,0x0
11343,1189,master,0x06000464,read,0x20004020,1,0x0
11344,1189,master,0x06000464,read,0x20004020,1,0x0
11345,1189,master,0x06000464,read,0x20004020,1,0x0
11346,1189,master,0x06000464,read,0x20004020,1,0x0
11347,1189,master,0x06000464,read,0x20004020,1,0x0
11348,1189,master,0x06000464,read,0x20004020,1,0x1
11349,1189,master,0x0600046A,read,0x20004021,1,0x22
11350,1189,master,0x06000464,read,0x20004020,1,0x0
11351,1189,master,0x06000464,read,0x20004020,1,0x0
11352,1189,master,0x06000464,read,0x20004020,1,0x0
11353,1189,master,0x06000464,read,0x20004020,1,0x0
11354,1189,master,0x06000464,read,0x20004020,1,0x0
11355,1189,master,0x06000464,read,0x20004020,1,0x0
11356,1189,master,0x06000464,read,0x20004020,1,0x0
11357,1189,master,0x06000464,read,0x20004020,1,0x0
11358,1189,master,0x06000464,read,0x20004020,1,0x0
11359,1189,master,0x06000464,read,0x20004020,1,0x1
11360,1189,master,0x0600046A,read,0x20004021,1,0x22
11361,1189,master,0x06000464,read,0x20004020,1,0x0
11362,1189,master,0x06000464,read,0x20004020,1,0x0
11363,1189,master,0x06000464,read,0x20004020,1,0x0
11364,1189,master,0x06000464,read,0x20004020,1,0x0
11365,1189,master,0x06000464,read,0x20004020,1,0x0
11366,1189,master,0x06000464,read,0x20004020,1,0x0
11367,1189,master,0x06000464,read,0x20004020,1,0x0
11368,1189,master,0x06000464,read,0x20004020,1,0x0
11369,1189,master,0x06000464,read,0x20004020,1,0x0
11370,1189,master,0x06000464,read,0x20004020,1,0x1
11371,1189,master,0x0600046A,read,0x20004021,1,0x22
11372,1189,master,0x06000464,read,0x20004020,1,0x0
11373,1189,master,0x06000464,read,0x20004020,1,0x0
11374,1189,master,0x06000464,read,0x20004020,1,0x0
11375,1189,master,0x06000464,read,0x20004020,1,0x0
11376,1189,master,0x06000464,read,0x20004020,1,0x0
11377,1189,master,0x06000464,read,0x20004020,1,0x0
11378,1189,master,0x06000464,read,0x20004020,1,0x0
11379,1189,master,0x06000464,read,0x20004020,1,0x0
11380,1189,master,0x06000464,read,0x20004020,1,0x0
11381,1189,master,0x06000464,read,0x20004020,1,0x1
11382,1189,master,0x0600046A,read,0x20004021,1,0x22
11383,1189,master,0x06000464,read,0x20004020,1,0x0
11384,1189,master,0x06000464,read,0x20004020,1,0x0
11385,1189,master,0x06000464,read,0x20004020,1,0x0
11386,1189,master,0x06000464,read,0x20004020,1,0x0
11387,1189,master,0x06000464,read,0x20004020,1,0x0
11388,1189,master,0x06000464,read,0x20004020,1,0x0
11389,1189,master,0x06000464,read,0x20004020,1,0x0
11390,1189,master,0x06000464,read,0x20004020,1,0x0
11391,1189,master,0x06000464,read,0x20004020,1,0x0
11392,1189,master,0x06000464,read,0x20004020,1,0x1
11393,1189,master,0x0600046A,read,0x20004021,1,0x22
11394,1189,master,0x06000464,read,0x20004020,1,0x0
11395,1189,master,0x06000464,read,0x20004020,1,0x0
11396,1189,master,0x06000464,read,0x20004020,1,0x0
11397,1189,master,0x06000464,read,0x20004020,1,0x0
11398,1189,master,0x06000464,read,0x20004020,1,0x0
11399,1189,master,0x06000464,read,0x20004020,1,0x0
11400,1189,master,0x06000464,read,0x20004020,1,0x0
11401,1189,master,0x06000464,read,0x20004020,1,0x0
11402,1189,master,0x06000464,read,0x20004020,1,0x0
11403,1189,master,0x06000464,read,0x20004020,1,0x1
11404,1189,master,0x0600046A,read,0x20004021,1,0x22
11405,1189,master,0x06000464,read,0x20004020,1,0x0
11406,1189,master,0x06000464,read,0x20004020,1,0x0
11407,1189,master,0x06000464,read,0x20004020,1,0x0
11408,1189,master,0x06000464,read,0x20004020,1,0x0
11409,1189,master,0x06000464,read,0x20004020,1,0x0
11410,1189,master,0x06000464,read,0x20004020,1,0x0
11411,1189,master,0x06000464,read,0x20004020,1,0x0
11412,1189,master,0x06000464,read,0x20004020,1,0x0
11413,1189,master,0x06000464,read,0x20004020,1,0x0
11414,1189,master,0x06000464,read,0x20004020,1,0x1
11415,1189,master,0x0600046A,read,0x20004021,1,0x22
11416,1189,master,0x06000464,read,0x20004020,1,0x0
11417,1189,master,0x06000464,read,0x20004020,1,0x0
11418,1189,master,0x06000464,read,0x20004020,1,0x0
11419,1189,master,0x06000464,read,0x20004020,1,0x0
11420,1189,master,0x06000464,read,0x20004020,1,0x0
11421,1189,master,0x06000464,read,0x20004020,1,0x0
11422,1189,master,0x06000464,read,0x20004020,1,0x0
11423,1189,master,0x06000464,read,0x20004020,1,0x0
11424,1189,master,0x06000464,read,0x20004020,1,0x0
11425,1189,master,0x06000464,read,0x20004020,1,0x1
11426,1189,master,0x0600046A,read,0x20004021,1,0x22
11427,1189,master,0x06000464,read,0x20004020,1,0x0
11428,1189,master,0x06000464,read,0x20004020,1,0x0
11429,1189,master,0x06000464,read,0x20004020,1,0x0
11430,1189,master,0x06000464,read,0x20004020,1,0x0
11431,1189,master,0x06000464,read,0x20004020,1,0x0
11432,1189,master,0x06000464,read,0x20004020,1,0x0
11433,1189,master,0x06000464,read,0x20004020,1,0x0
11434,1189,master,0x06000464,read,0x20004020,1,0x0
11435,1189,master,0x06000464,read,0x20004020,1,0x0
11436,1189,master,0x06000464,read,0x20004020,1,0x1
11437,1189,master,0x0600046A,read,0x20004021,1,0x2B
11438,1191,master,0x06000464,read,0x20004020,1,0x0
11439,1191,master,0x06000464,read,0x20004020,1,0x0
11440,1191,master,0x06000464,read,0x20004020,1,0x0
11441,1191,master,0x06000464,read,0x20004020,1,0x0
11442,1191,master,0x06000464,read,0x20004020,1,0x0
11443,1191,master,0x06000464,read,0x20004020,1,0x0
11444,1191,master,0x06000464,read,0x20004020,1,0x0
11445,1191,master,0x06000464,read,0x20004020,1,0x0
11446,1191,master,0x06000464,read,0x20004020,1,0x0
11447,1191,master,0x06000464,read,0x20004020,1,0x0
11448,1191,master,0x06000464,read,0x20004020,1,0x1
11449,1191,master,0x0600046A,read,0x20004021,1,0x22
11450,1191,master,0x06000464,read,0x20004020,1,0x0
11451,1191,master,0x06000464,read,0x20004020,1,0x0
11452,1191,master,0x06000464,read,0x20004020,1,0x0
11453,1191,master,0x06000464,read,0x20004020,1,0x0
11454,1191,master,0x06000464,read,0x20004020,1,0x0
11455,1191,master,0x06000464,read,0x20004020,1,0x0
11456,1191,master,0x06000464,read,0x20004020,1,0x0
11457,1191,master,0x06000464,read,0x20004020,1,0x0
11458,1191,master,0x06000464,read,0x20004020,1,0x0
11459,1191,master,0x06000464,read,0x20004020,1,0x1
11460,1191,master,0x0600046A,read,0x20004021,1,0x22
11461,1191,master,0x06000464,read,0x20004020,1,0x0
11462,1191,master,0x06000464,read,0x20004020,1,0x0
11463,1191,master,0x06000464,read,0x20004020,1,0x0
11464,1191,master,0x06000464,read,0x20004020,1,0x0
11465,1191,master,0x06000464,read,0x20004020,1,0x0
11466,1191,master,0x06000464,read,0x20004020,1,0x0
11467,1191,master,0x06000464,read,0x20004020,1,0x0
11468,1191,master,0x06000464,read,0x20004020,1,0x0
11469,1191,master,0x06000464,read,0x20004020,1,0x0
11470,1191,master,0x06000464,read,0x20004020,1,0x1
11471,1191,master,0x0600046A,read,0x20004021,1,0x22
11472,1192,master,0x06000464,read,0x20004020,1,0x0
11473,1192,master,0x06000464,read,0x20004020,1,0x0
11474,1192,master,0x06000464,read,0x20004020,1,0x0
11475,1192,master,0x06000464,read,0x20004020,1,0x0
11476,1192,master,0x06000464,read,0x20004020,1,0x0
11477,1192,master,0x06000464,read,0x20004020,1,0x0
11478,1192,master,0x06000464,read,0x20004020,1,0x0
11479,1192,master,0x06000464,read,0x20004020,1,0x0
11480,1192,master,0x06000464,read,0x20004020,1,0x0
11481,1192,master,0x06000464,read,0x20004020,1,0x1
11482,1192,master,0x0600046A,read,0x20004021,1,0x22
11483,1192,master,0x06000464,read,0x20004020,1,0x0
11484,1192,master,0x06000464,read,0x20004020,1,0x0
11485,1192,master,0x06000464,read,0x20004020,1,0x0
11486,1192,master,0x06000464,read,0x20004020,1,0x0
11487,1192,master,0x06000464,read,0x20004020,1,0x0
11488,1192,master,0x06000464,read,0x20004020,1,0x0
11489,1192,master,0x06000464,read,0x20004020,1,0x0
11490,1192,master,0x06000464,read,0x20004020,1,0x0
11491,1192,master,0x06000464,read,0x20004020,1,0x0
11492,1192,master,0x06000464,read,0x20004020,1,0x1
11493,1192,master,0x0600046A,read,0x20004021,1,0x22
11494,1192,master,0x06000464,read,0x20004020,1,0x0
11495,1192,master,0x06000464,read,0x20004020,1,0x0
11496,1192,master,0x06000464,read,0x20004020,1,0x0
11497,1192,master,0x06000464,read,0x20004020,1,0x0
11498,1192,master,0x06000464,read,0x20004020,1,0x0
11499,1192,master,0x06000464,read,0x20004020,1,0x0
11500,1192,master,0x06000464,read,0x20004020,1,0x0
11501,1192,master,0x06000464,read,0x20004020,1,0x0
11502,1192,master,0x06000464,read,0x20004020,1,0x0
11503,1192,master,0x06000464,read,0x20004020,1,0x1
11504,1192,master,0x0600046A,read,0x20004021,1,0x22
11505,1192,master,0x06000464,read,0x20004020,1,0x0
11506,1192,master,0x06000464,read,0x20004020,1,0x0
11507,1192,master,0x06000464,read,0x20004020,1,0x0
11508,1192,master,0x06000464,read,0x20004020,1,0x0
11509,1192,master,0x06000464,read,0x20004020,1,0x0
11510,1192,master,0x06000464,read,0x20004020,1,0x0
11511,1192,master,0x06000464,read,0x20004020,1,0x0
11512,1192,master,0x06000464,read,0x20004020,1,0x0
11513,1192,master,0x06000464,read,0x20004020,1,0x0
11514,1192,master,0x06000464,read,0x20004020,1,0x1
11515,1192,master,0x0600046A,read,0x20004021,1,0x22
11516,1192,master,0x06000464,read,0x20004020,1,0x0
11517,1192,master,0x06000464,read,0x20004020,1,0x0
11518,1192,master,0x06000464,read,0x20004020,1,0x0
11519,1192,master,0x06000464,read,0x20004020,1,0x0
11520,1192,master,0x06000464,read,0x20004020,1,0x0
11521,1192,master,0x06000464,read,0x20004020,1,0x0
11522,1192,master,0x06000464,read,0x20004020,1,0x0
11523,1192,master,0x06000464,read,0x20004020,1,0x0
11524,1192,master,0x06000464,read,0x20004020,1,0x0
11525,1192,master,0x06000464,read,0x20004020,1,0x1
11526,1192,master,0x0600046A,read,0x20004021,1,0x22
11527,1192,master,0x06000464,read,0x20004020,1,0x0
11528,1192,master,0x06000464,read,0x20004020,1,0x0
11529,1192,master,0x06000464,read,0x20004020,1,0x0
11530,1192,master,0x06000464,read,0x20004020,1,0x0
11531,1192,master,0x06000464,read,0x20004020,1,0x0
11532,1192,master,0x06000464,read,0x20004020,1,0x0
11533,1192,master,0x06000464,read,0x20004020,1,0x0
11534,1192,master,0x06000464,read,0x20004020,1,0x0
11535,1192,master,0x06000464,read,0x20004020,1,0x0
11536,1192,master,0x06000464,read,0x20004020,1,0x1
11537,1192,master,0x0600046A,read,0x20004021,1,0x22
11538,1192,master,0x06000464,read,0x20004020,1,0x0
11539,1192,master,0x06000464,read,0x20004020,1,0x0
11540,1192,master,0x06000464,read,0x20004020,1,0x0
11541,1192,master,0x06000464,read,0x20004020,1,0x0
11542,1192,master,0x06000464,read,0x20004020,1,0x0
11543,1192,master,0x06000464,read,0x20004020,1,0x0
11544,1192,master,0x06000464,read,0x20004020,1,0x0
11545,1192,master,0x06000464,read,0x20004020,1,0x0
11546,1192,master,0x06000464,read,0x20004020,1,0x0
11547,1192,master,0x06000464,read,0x20004020,1,0x1
11548,1192,master,0x0600046A,read,0x20004021,1,0x22
11549,1192,master,0x06000464,read,0x20004020,1,0x0
11550,1192,master,0x06000464,read,0x20004020,1,0x0
11551,1192,master,0x06000464,read,0x20004020,1,0x0
11552,1192,master,0x06000464,read,0x20004020,1,0x0
11553,1192,master,0x06000464,read,0x20004020,1,0x0
11554,1192,master,0x06000464,read,0x20004020,1,0x0
11555,1192,master,0x06000464,read,0x20004020,1,0x0
11556,1192,master,0x06000464,read,0x20004020,1,0x0
11557,1192,master,0x06000464,read,0x20004020,1,0x0
11558,1192,master,0x06000464,read,0x20004020,1,0x1
11559,1192,master,0x0600046A,read,0x20004021,1,0x22
11560,1192,master,0x06000464,read,0x20004020,1,0x0
11561,1192,master,0x06000464,read,0x20004020,1,0x0
11562,1192,master,0x06000464,read,0x20004020,1,0x0
11563,1192,master,0x06000464,read,0x20004020,1,0x0
11564,1192,master,0x06000464,read,0x20004020,1,0x0
11565,1192,master,0x06000464,read,0x20004020,1,0x0
11566,1192,master,0x06000464,read,0x20004020,1,0x0
11567,1192,master,0x06000464,read,0x20004020,1,0x0
11568,1192,master,0x06000464,read,0x20004020,1,0x0
11569,1192,master,0x06000464,read,0x20004020,1,0x1
11570,1192,master,0x0600046A,read,0x20004021,1,0x22
11571,1192,master,0x06000464,read,0x20004020,1,0x0
11572,1192,master,0x06000464,read,0x20004020,1,0x0
11573,1192,master,0x06000464,read,0x20004020,1,0x0
11574,1192,master,0x06000464,read,0x20004020,1,0x0
11575,1192,master,0x06000464,read,0x20004020,1,0x0
11576,1192,master,0x06000464,read,0x20004020,1,0x0
11577,1192,master,0x06000464,read,0x20004020,1,0x0
11578,1192,master,0x06000464,read,0x20004020,1,0x0
11579,1192,master,0x06000464,read,0x20004020,1,0x0
11580,1192,master,0x06000464,read,0x20004020,1,0x1
11581,1192,master,0x0600046A,read,0x20004021,1,0x22
11582,1192,master,0x06000464,read,0x20004020,1,0x0
11583,1192,master,0x06000464,read,0x20004020,1,0x0
11584,1192,master,0x06000464,read,0x20004020,1,0x0
11585,1192,master,0x06000464,read,0x20004020,1,0x0
11586,1192,master,0x06000464,read,0x20004020,1,0x0
11587,1192,master,0x06000464,read,0x20004020,1,0x0
11588,1192,master,0x06000464,read,0x20004020,1,0x0
11589,1192,master,0x06000464,read,0x20004020,1,0x0
11590,1192,master,0x06000464,read,0x20004020,1,0x0
11591,1192,master,0x06000464,read,0x20004020,1,0x1
11592,1192,master,0x0600046A,read,0x20004021,1,0x22
11593,1192,master,0x06000464,read,0x20004020,1,0x0
11594,1192,master,0x06000464,read,0x20004020,1,0x0
11595,1192,master,0x06000464,read,0x20004020,1,0x0
11596,1192,master,0x06000464,read,0x20004020,1,0x0
11597,1192,master,0x06000464,read,0x20004020,1,0x0
11598,1192,master,0x06000464,read,0x20004020,1,0x0
11599,1192,master,0x06000464,read,0x20004020,1,0x0
11600,1192,master,0x06000464,read,0x20004020,1,0x0
11601,1192,master,0x06000464,read,0x20004020,1,0x0
11602,1192,master,0x06000464,read,0x20004020,1,0x1
11603,1192,master,0x0600046A,read,0x20004021,1,0x22
11604,1192,master,0x06000464,read,0x20004020,1,0x0
11605,1192,master,0x06000464,read,0x20004020,1,0x0
11606,1192,master,0x06000464,read,0x20004020,1,0x0
11607,1192,master,0x06000464,read,0x20004020,1,0x0
11608,1192,master,0x06000464,read,0x20004020,1,0x0
11609,1192,master,0x06000464,read,0x20004020,1,0x0
11610,1192,master,0x06000464,read,0x20004020,1,0x0
11611,1192,master,0x06000464,read,0x20004020,1,0x0
11612,1192,master,0x06000464,read,0x20004020,1,0x0
11613,1192,master,0x06000464,read,0x20004020,1,0x1
11614,1192,master,0x0600046A,read,0x20004021,1,0x22
11615,1192,master,0x06000464,read,0x20004020,1,0x0
11616,1192,master,0x06000464,read,0x20004020,1,0x0
11617,1192,master,0x06000464,read,0x20004020,1,0x0
11618,1192,master,0x06000464,read,0x20004020,1,0x0
11619,1192,master,0x06000464,read,0x20004020,1,0x0
11620,1192,master,0x06000464,read,0x20004020,1,0x0
11621,1192,master,0x06000464,read,0x20004020,1,0x0
11622,1192,master,0x06000464,read,0x20004020,1,0x0
11623,1192,master,0x06000464,read,0x20004020,1,0x0
11624,1192,master,0x06000464,read,0x20004020,1,0x1
11625,1192,master,0x0600046A,read,0x20004021,1,0x22
11626,1192,master,0x06000464,read,0x20004020,1,0x0
11627,1192,master,0x06000464,read,0x20004020,1,0x0
11628,1192,master,0x06000464,read,0x20004020,1,0x0
11629,1192,master,0x06000464,read,0x20004020,1,0x0
11630,1192,master,0x06000464,read,0x20004020,1,0x0
11631,1192,master,0x06000464,read,0x20004020,1,0x0
11632,1192,master,0x06000464,read,0x20004020,1,0x0
11633,1192,master,0x06000464,read,0x20004020,1,0x0
11634,1192,master,0x06000464,read,0x20004020,1,0x0
11635,1192,master,0x06000464,read,0x20004020,1,0x1
11636,1192,master,0x0600046A,read,0x20004021,1,0x22
11637,1192,master,0x06000464,read,0x20004020,1,0x0
11638,1192,master,0x06000464,read,0x20004020,1,0x0
11639,1192,master,0x06000464,read,0x20004020,1,0x0
11640,1192,master,0x06000464,read,0x20004020,1,0x0
11641,1192,master,0x06000464,read,0x20004020,1,0x0
11642,1192,master,0x06000464,read,0x20004020,1,0x0
11643,1192,master,0x06000464,read,0x20004020,1,0x0
11644,1192,master,0x06000464,read,0x20004020,1,0x0
11645,1192,master,0x06000464,read,0x20004020,1,0x0
11646,1192,master,0x06000464,read,0x20004020,1,0x1
11647,1192,master,0x0600046A,read,0x20004021,1,0x22
11648,1192,master,0x06000464,read,0x20004020,1,0x0
11649,1192,master,0x06000464,read,0x20004020,1,0x0
11650,1192,master,0x06000464,read,0x20004020,1,0x0
11651,1192,master,0x06000464,read,0x20004020,1,0x0
11652,1192,master,0x06000464,read,0x20004020,1,0x0
11653,1192,master,0x06000464,read,0x20004020,1,0x0
11654,1192,master,0x06000464,read,0x20004020,1,0x0
11655,1192,master,0x06000464,read,0x20004020,1,0x0
11656,1192,master,0x06000464,read,0x20004020,1,0x0
11657,1192,master,0x06000464,read,0x20004020,1,0x1
11658,1192,master,0x0600046A,read,0x20004021,1,0x2B
11659,1194,master,0x06000464,read,0x20004020,1,0x0
11660,1194,master,0x06000464,read,0x20004020,1,0x0
11661,1194,master,0x06000464,read,0x20004020,1,0x0
11662,1194,master,0x06000464,read,0x20004020,1,0x0
11663,1194,master,0x06000464,read,0x20004020,1,0x0
11664,1194,master,0x06000464,read,0x20004020,1,0x0
11665,1194,master,0x06000464,read,0x20004020,1,0x0
11666,1194,master,0x06000464,read,0x20004020,1,0x0
11667,1194,master,0x06000464,read,0x20004020,1,0x0
11668,1194,master,0x06000464,read,0x20004020,1,0x0
11669,1194,master,0x06000464,read,0x20004020,1,0x1
11670,1194,master,0x0600046A,read,0x20004021,1,0x22
11671,1194,master,0x06000464,read,0x20004020,1,0x0
11672,1194,master,0x06000464,read,0x20004020,1,0x0
11673,1194,master,0x06000464,read,0x20004020,1,0x0
11674,1194,master,0x06000464,read,0x20004020,1,0x0
11675,1194,master,0x06000464,read,0x20004020,1,0x0
11676,1194,master,0x06000464,read,0x20004020,1,0x0
11677,1194,master,0x06000464,read,0x20004020,1,0x0
11678,1194,master,0x06000464,read,0x20004020,1,0x0
11679,1194,master,0x06000464,read,0x20004020,1,0x0
11680,1194,master,0x06000464,read,0x20004020,1,0x1
11681,1194,master,0x0600046A,read,0x20004021,1,0x22
11682,1194,master,0x06000464,read,0x20004020,1,0x0
11683,1194,master,0x06000464,read,0x20004020,1,0x0
11684,1194,master,0x06000464,read,0x20004020,1,0x0
11685,1194,master,0x06000464,read,0x20004020,1,0x0
11686,1194,master,0x06000464,read,0x20004020,1,0x0
11687,1194,master,0x06000464,read,0x20004020,1,0x0
11688,1194,master,0x06000464,read,0x20004020,1,0x0
11689,1194,master,0x06000464,read,0x20004020,1,0x0
11690,1194,master,0x06000464,read,0x20004020,1,0x0
11691,1194,master,0x06000464,read,0x20004020,1,0x1
11692,1194,master,0x0600046A,read,0x20004021,1,0x22
11693,1195,master,0x06000464,read,0x20004020,1,0x0
11694,1195,master,0x06000464,read,0x20004020,1,0x0
11695,1195,master,0x06000464,read,0x20004020,1,0x0
11696,1195,master,0x06000464,read,0x20004020,1,0x0
11697,1195,master,0x06000464,read,0x20004020,1,0x0
11698,1195,master,0x06000464,read,0x20004020,1,0x0
11699,1195,master,0x06000464,read,0x20004020,1,0x0
11700,1195,master,0x06000464,read,0x20004020,1,0x0
11701,1195,master,0x06000464,read,0x20004020,1,0x0
11702,1195,master,0x06000464,read,0x20004020,1,0x1
11703,1195,master,0x0600046A,read,0x20004021,1,0x22
11704,1195,master,0x06000464,read,0x20004020,1,0x0
11705,1195,master,0x06000464,read,0x20004020,1,0x0
11706,1195,master,0x06000464,read,0x20004020,1,0x0
11707,1195,master,0x06000464,read,0x20004020,1,0x0
11708,1195,master,0x06000464,read,0x20004020,1,0x0
11709,1195,master,0x06000464,read,0x20004020,1,0x0
11710,1195,master,0x06000464,read,0x20004020,1,0x0
11711,1195,master,0x06000464,read,0x20004020,1,0x0
11712,1195,master,0x06000464,read,0x20004020,1,0x0
11713,1195,master,0x06000464,read,0x20004020,1,0x1
11714,1195,master,0x0600046A,read,0x20004021,1,0x22
11715,1195,master,0x06000464,read,0x20004020,1,0x0
11716,1195,master,0x06000464,read,0x20004020,1,0x0
11717,1195,master,0x06000464,read,0x20004020,1,0x0
11718,1195,master,0x06000464,read,0x20004020,1,0x0
11719,1195,master,0x06000464,read,0x20004020,1,0x0
11720,1195,master,0x06000464,read,0x20004020,1,0x0
11721,1195,master,0x06000464,read,0x20004020,1,0x0
11722,1195,master,0x06000464,read,0x20004020,1,0x0
11723,1195,master,0x06000464,read,0x20004020,1,0x0
11724,1195,master,0x06000464,read,0x20004020,1,0x1
11725,1195,master,0x0600046A,read,0x20004021,1,0x22
11726,1195,master,0x06000464,read,0x20004020,1,0x0
11727,1195,master,0x06000464,read,0x20004020,1,0x0
11728,1195,master,0x06000464,read,0x20004020,1,0x0
11729,1195,master,0x06000464,read,0x20004020,1,0x0
11730,1195,master,0x06000464,read,0x20004020,1,0x0
11731,1195,master,0x06000464,read,0x20004020,1,0x0
11732,1195,master,0x06000464,read,0x20004020,1,0x0
11733,1195,master,0x06000464,read,0x20004020,1,0x0
11734,1195,master,0x06000464,read,0x20004020,1,0x0
11735,1195,master,0x06000464,read,0x20004020,1,0x1
11736,1195,master,0x0600046A,read,0x20004021,1,0x22
11737,1195,master,0x06000464,read,0x20004020,1,0x0
11738,1195,master,0x06000464,read,0x20004020,1,0x0
11739,1195,master,0x06000464,read,0x20004020,1,0x0
11740,1195,master,0x06000464,read,0x20004020,1,0x0
11741,1195,master,0x06000464,read,0x20004020,1,0x0
11742,1195,master,0x06000464,read,0x20004020,1,0x0
11743,1195,master,0x06000464,read,0x20004020,1,0x0
11744,1195,master,0x06000464,read,0x20004020,1,0x0
11745,1195,master,0x06000464,read,0x20004020,1,0x0
11746,1195,master,0x06000464,read,0x20004020,1,0x0
11747,1195,master,0x06000464,read,0x20004020,1,0x1
11748,1195,master,0x0600046A,read,0x20004021,1,0x22
11749,1195,master,0x06000464,read,0x20004020,1,0x0
11750,1195,master,0x06000464,read,0x20004020,1,0x0
11751,1195,master,0x06000464,read,0x20004020,1,0x0
11752,1195,master,0x06000464,read,0x20004020,1,0x0
11753,1195,master,0x06000464,read,0x20004020,1,0x0
11754,1195,master,0x06000464,read,0x20004020,1,0x0
11755,1195,master,0x06000464,read,0x20004020,1,0x0
11756,1195,master,0x06000464,read,0x20004020,1,0x0
11757,1195,master,0x06000464,read,0x20004020,1,0x0
11758,1195,master,0x06000464,read,0x20004020,1,0x1
11759,1195,master,0x0600046A,read,0x20004021,1,0x22
11760,1195,master,0x06000464,read,0x20004020,1,0x0
11761,1195,master,0x06000464,read,0x20004020,1,0x0
11762,1195,master,0x06000464,read,0x20004020,1,0x0
11763,1195,master,0x06000464,read,0x20004020,1,0x0
11764,1195,master,0x06000464,read,0x20004020,1,0x0
11765,1195,master,0x06000464,read,0x20004020,1,0x0
11766,1195,master,0x06000464,read,0x20004020,1,0x0
11767,1195,master,0x06000464,read,0x20004020,1,0x0
11768,1195,master,0x06000464,read,0x20004020,1,0x0
11769,1195,master,0x06000464,read,0x20004020,1,0x1
11770,1195,master,0x0600046A,read,0x20004021,1,0x22
11771,1195,master,0x06000464,read,0x20004020,1,0x0
11772,1195,master,0x06000464,read,0x20004020,1,0x0
11773,1195,master,0x06000464,read,0x20004020,1,0x0
11774,1195,master,0x06000464,read,0x20004020,1,0x0
11775,1195,master,0x06000464,read,0x20004020,1,0x0
11776,1195,master,0x06000464,read,0x20004020,1,0x0
11777,1195,master,0x06000464,read,0x20004020,1,0x0
11778,1195,master,0x06000464,read,0x20004020,1,0x0
11779,1195,master,0x06000464,read,0x20004020,1,0x0
11780,1195,master,0x06000464,read,0x20004020,1,0x1
11781,1195,master,0x0600046A,read,0x20004021,1,0x22
11782,1195,master,0x06000464,read,0x20004020,1,0x0
11783,1195,master,0x06000464,read,0x20004020,1,0x0
11784,1195,master,0x06000464,read,0x20004020,1,0x0
11785,1195,master,0x06000464,read,0x20004020,1,0x0
11786,1195,master,0x06000464,read,0x20004020,1,0x0
11787,1195,master,0x06000464,read,0x20004020,1,0x0
11788,1195,master,0x06000464,read,0x20004020,1,0x0
11789,1195,master,0x06000464,read,0x20004020,1,0x0
11790,1195,master,0x06000464,read,0x20004020,1,0x0
11791,1195,master,0x06000464,read,0x20004020,1,0x1
11792,1195,master,0x0600046A,read,0x20004021,1,0x22
11793,1195,master,0x06000464,read,0x20004020,1,0x0
11794,1195,master,0x06000464,read,0x20004020,1,0x0
11795,1195,master,0x06000464,read,0x20004020,1,0x0
11796,1195,master,0x06000464,read,0x20004020,1,0x0
11797,1195,master,0x06000464,read,0x20004020,1,0x0
11798,1195,master,0x06000464,read,0x20004020,1,0x0
11799,1195,master,0x06000464,read,0x20004020,1,0x0
11800,1195,master,0x06000464,read,0x20004020,1,0x0
11801,1195,master,0x06000464,read,0x20004020,1,0x0
11802,1195,master,0x06000464,read,0x20004020,1,0x1
11803,1195,master,0x0600046A,read,0x20004021,1,0x22
11804,1195,master,0x06000464,read,0x20004020,1,0x0
11805,1195,master,0x06000464,read,0x20004020,1,0x0
11806,1195,master,0x06000464,read,0x20004020,1,0x0
11807,1195,master,0x06000464,read,0x20004020,1,0x0
11808,1195,master,0x06000464,read,0x20004020,1,0x0
11809,1195,master,0x06000464,read,0x20004020,1,0x0
11810,1195,master,0x06000464,read,0x20004020,1,0x0
11811,1195,master,0x06000464,read,0x20004020,1,0x0
11812,1195,master,0x06000464,read,0x20004020,1,0x0
11813,1195,master,0x06000464,read,0x20004020,1,0x1
11814,1195,master,0x0600046A,read,0x20004021,1,0x22
11815,1195,master,0x06000464,read,0x20004020,1,0x0
11816,1195,master,0x06000464,read,0x20004020,1,0x0
11817,1195,master,0x06000464,read,0x20004020,1,0x0
11818,1195,master,0x06000464,read,0x20004020,1,0x0
11819,1195,master,0x06000464,read,0x20004020,1,0x0
11820,1195,master,0x06000464,read,0x20004020,1,0x0
11821,1195,master,0x06000464,read,0x20004020,1,0x0
11822,1195,master,0x06000464,read,0x20004020,1,0x0
11823,1195,master,0x06000464,read,0x20004020,1,0x0
11824,1195,master,0x06000464,read,0x20004020,1,0x1
11825,1195,master,0x0600046A,read,0x20004021,1,0x22
11826,1195,master,0x06000464,read,0x20004020,1,0x0
11827,1195,master,0x06000464,read,0x20004020,1,0x0
11828,1195,master,0x06000464,read,0x20004020,1,0x0
11829,1195,master,0x06000464,read,0x20004020,1,0x0
11830,1195,master,0x06000464,read,0x20004020,1,0x0
11831,1195,master,0x06000464,read,0x20004020,1,0x0
11832,1195,master,0x06000464,read,0x20004020,1,0x0
11833,1195,master,0x06000464,read,0x20004020,1,0x0
11834,1195,master,0x06000464,read,0x20004020,1,0x0
11835,1195,master,0x06000464,read,0x20004020,1,0x1
11836,1195,master,0x0600046A,read,0x20004021,1,0x22
11837,1195,master,0x06000464,read,0x20004020,1,0x0
11838,1195,master,0x06000464,read,0x20004020,1,0x0
11839,1195,master,0x06000464,read,0x20004020,1,0x0
11840,1195,master,0x06000464,read,0x20004020,1,0x0
11841,1195,master,0x06000464,read,0x20004020,1,0x0
11842,1195,master,0x06000464,read,0x20004020,1,0x0
11843,1195,master,0x06000464,read,0x20004020,1,0x0
11844,1195,master,0x06000464,read,0x20004020,1,0x0
11845,1195,master,0x06000464,read,0x20004020,1,0x0
11846,1195,master,0x06000464,read,0x20004020,1,0x1
11847,1195,master,0x0600046A,read,0x20004021,1,0x22
11848,1195,master,0x06000464,read,0x20004020,1,0x0
11849,1195,master,0x06000464,read,0x20004020,1,0x0
11850,1195,master,0x06000464,read,0x20004020,1,0x0
11851,1195,master,0x06000464,read,0x20004020,1,0x0
11852,1195,master,0x06000464,read,0x20004020,1,0x0
11853,1195,master,0x06000464,read,0x20004020,1,0x0
11854,1195,master,0x06000464,read,0x20004020,1,0x0
11855,1195,master,0x06000464,read,0x20004020,1,0x0
11856,1195,master,0x06000464,read,0x20004020,1,0x0
11857,1195,master,0x06000464,read,0x20004020,1,0x1
11858,1195,master,0x0600046A,read,0x20004021,1,0x22
11859,1195,master,0x06000464,read,0x20004020,1,0x0
11860,1195,master,0x06000464,read,0x20004020,1,0x0
11861,1195,master,0x06000464,read,0x20004020,1,0x0
11862,1195,master,0x06000464,read,0x20004020,1,0x0
11863,1195,master,0x06000464,read,0x20004020,1,0x0
11864,1195,master,0x06000464,read,0x20004020,1,0x0
11865,1195,master,0x06000464,read,0x20004020,1,0x0
11866,1195,master,0x06000464,read,0x20004020,1,0x0
11867,1195,master,0x06000464,read,0x20004020,1,0x0
11868,1195,master,0x06000464,read,0x20004020,1,0x1
11869,1195,master,0x0600046A,read,0x20004021,1,0x22
11870,1195,master,0x06000464,read,0x20004020,1,0x0
11871,1195,master,0x06000464,read,0x20004020,1,0x0
11872,1195,master,0x06000464,read,0x20004020,1,0x0
11873,1195,master,0x06000464,read,0x20004020,1,0x0
11874,1195,master,0x06000464,read,0x20004020,1,0x0
11875,1195,master,0x06000464,read,0x20004020,1,0x0
11876,1195,master,0x06000464,read,0x20004020,1,0x0
11877,1195,master,0x06000464,read,0x20004020,1,0x0
11878,1195,master,0x06000464,read,0x20004020,1,0x0
11879,1195,master,0x06000464,read,0x20004020,1,0x1
11880,1195,master,0x0600046A,read,0x20004021,1,0x2B
11881,1197,master,0x06000464,read,0x20004020,1,0x0
11882,1197,master,0x06000464,read,0x20004020,1,0x0
11883,1197,master,0x06000464,read,0x20004020,1,0x0
11884,1197,master,0x06000464,read,0x20004020,1,0x0
11885,1197,master,0x06000464,read,0x20004020,1,0x0
11886,1197,master,0x06000464,read,0x20004020,1,0x0
11887,1197,master,0x06000464,read,0x20004020,1,0x0
11888,1197,master,0x06000464,read,0x20004020,1,0x0
11889,1197,master,0x06000464,read,0x20004020,1,0x0
11890,1197,master,0x06000464,read,0x20004020,1,0x0
11891,1197,master,0x06000464,read,0x20004020,1,0x1
11892,1197,master,0x0600046A,read,0x20004021,1,0x22
11893,1197,master,0x06000464,read,0x20004020,1,0x0
11894,1197,master,0x06000464,read,0x20004020,1,0x0
11895,1197,master,0x06000464,read,0x20004020,1,0x0
11896,1197,master,0x06000464,read,0x20004020,1,0x0
11897,1197,master,0x06000464,read,0x20004020,1,0x0
11898,1197,master,0x06000464,read,0x20004020,1,0x0
11899,1197,master,0x06000464,read,0x20004020,1,0x0
11900,1197,master,0x06000464,read,0x20004020,1,0x0
11901,1197,master,0x06000464,read,0x20004020,1,0x0
11902,1197,master,0x06000464,read,0x20004020,1,0x1
11903,1197,master,0x0600046A,read,0x20004021,1,0x22
11904,1197,master,0x06000464,read,0x20004020,1,0x0
11905,1197,master,0x06000464,read,0x20004020,1,0x0
11906,1197,master,0x06000464,read,0x20004020,1,0x0
11907,1197,master,0x06000464,read,0x20004020,1,0x0
11908,1197,master,0x06000464,read,0x20004020,1,0x0
11909,1197,master,0x06000464,read,0x20004020,1,0x0
11910,1197,master,0x06000464,read,0x20004020,1,0x0
11911,1197,master,0x06000464,read,0x20004020,1,0x0
11912,1197,master,0x06000464,read,0x20004020,1,0x0
11913,1197,master,0x06000464,read,0x20004020,1,0x1
11914,1197,master,0x0600046A,read,0x20004021,1,0x22
11915,1198,master,0x06000464,read,0x20004020,1,0x0
11916,1198,master,0x06000464,read,0x20004020,1,0x0
11917,1198,master,0x06000464,read,0x20004020,1,0x0
11918,1198,master,0x06000464,read,0x20004020,1,0x0
11919,1198,master,0x06000464,read,0x20004020,1,0x0
11920,1198,master,0x06000464,read,0x20004020,1,0x0
11921,1198,master,0x06000464,read,0x20004020,1,0x0
11922,1198,master,0x06000464,read,0x20004020,1,0x0
11923,1198,master,0x06000464,read,0x20004020,1,0x0
11924,1198,master,0x06000464,read,0x20004020,1,0x1
11925,1198,master,0x0600046A,read,0x20004021,1,0x22
11926,1198,master,0x06000464,read,0x20004020,1,0x0
11927,1198,master,0x06000464,read,0x20004020,1,0x0
11928,1198,master,0x06000464,read,0x20004020,1,0x0
11929,1198,master,0x06000464,read,0x20004020,1,0x0
11930,1198,master,0x06000464,read,0x20004020,1,0x0
11931,1198,master,0x06000464,read,0x20004020,1,0x0
11932,1198,master,0x06000464,read,0x20004020,1,0x0
11933,1198,master,0x06000464,read,0x20004020,1,0x0
11934,1198,master,0x06000464,read,0x20004020,1,0x0
11935,1198,master,0x06000464,read,0x20004020,1,0x1
11936,1198,master,0x0600046A,read,0x20004021,1,0x22
11937,1198,master,0x06000464,read,0x20004020,1,0x0
11938,1198,master,0x06000464,read,0x20004020,1,0x0
11939,1198,master,0x06000464,read,0x20004020,1,0x0
11940,1198,master,0x06000464,read,0x20004020,1,0x0
11941,1198,master,0x06000464,read,0x20004020,1,0x0
11942,1198,master,0x06000464,read,0x20004020,1,0x0
11943,1198,master,0x06000464,read,0x20004020,1,0x0
11944,1198,master,0x06000464,read,0x20004020,1,0x0
11945,1198,master,0x06000464,read,0x20004020,1,0x0
11946,1198,master,0x06000464,read,0x20004020,1,0x1
11947,1198,master,0x0600046A,read,0x20004021,1,0x22
11948,1198,master,0x06000464,read,0x20004020,1,0x0
11949,1198,master,0x06000464,read,0x20004020,1,0x0
11950,1198,master,0x06000464,read,0x20004020,1,0x0
11951,1198,master,0x06000464,read,0x20004020,1,0x0
11952,1198,master,0x06000464,read,0x20004020,1,0x0
11953,1198,master,0x06000464,read,0x20004020,1,0x0
11954,1198,master,0x06000464,read,0x20004020,1,0x0
11955,1198,master,0x06000464,read,0x20004020,1,0x0
11956,1198,master,0x06000464,read,0x20004020,1,0x0
11957,1198,master,0x06000464,read,0x20004020,1,0x1
11958,1198,master,0x0600046A,read,0x20004021,1,0x22
11959,1198,master,0x06000464,read,0x20004020,1,0x0
11960,1198,master,0x06000464,read,0x20004020,1,0x0
11961,1198,master,0x06000464,read,0x20004020,1,0x0
11962,1198,master,0x06000464,read,0x20004020,1,0x0
11963,1198,master,0x06000464,read,0x20004020,1,0x0
11964,1198,master,0x06000464,read,0x20004020,1,0x0
11965,1198,master,0x06000464,read,0x20004020,1,0x0
11966,1198,master,0x06000464,read,0x20004020,1,0x0
11967,1198,master,0x06000464,read,0x20004020,1,0x0
11968,1198,master,0x06000464,read,0x20004020,1,0x1
11969,1198,master,0x0600046A,read,0x20004021,1,0x22
11970,1198,master,0x06000464,read,0x20004020,1,0x0
11971,1198,master,0x06000464,read,0x20004020,1,0x0
11972,1198,master,0x06000464,read,0x20004020,1,0x0
11973,1198,master,0x06000464,read,0x20004020,1,0x0
11974,1198,master,0x06000464,read,0x20004020,1,0x0
11975,1198,master,0x06000464,read,0x20004020,1,0x0
11976,1198,master,0x06000464,read,0x20004020,1,0x0
11977,1198,master,0x06000464,read,0x20004020,1,0x0
11978,1198,master,0x06000464,read,0x20004020,1,0x0
11979,1198,master,0x06000464,read,0x20004020,1,0x1
11980,1198,master,0x0600046A,read,0x20004021,1,0x22
11981,1198,master,0x06000464,read,0x20004020,1,0x0
11982,1198,master,0x06000464,read,0x20004020,1,0x0
11983,1198,master,0x06000464,read,0x20004020,1,0x0
11984,1198,master,0x06000464,read,0x20004020,1,0x0
11985,1198,master,0x06000464,read,0x20004020,1,0x0
11986,1198,master,0x06000464,read,0x20004020,1,0x0
11987,1198,master,0x06000464,read,0x20004020,1,0x0
11988,1198,master,0x06000464,read,0x20004020,1,0x0
11989,1198,master,0x06000464,read,0x20004020,1,0x0
11990,1198,master,0x06000464,read,0x20004020,1,0x1
11991,1198,master,0x0600046A,read,0x20004021,1,0x22
11992,1198,master,0x06000464,read,0x20004020,1,0x0
11993,1198,master,0x06000464,read,0x20004020,1,0x0
11994,1198,master,0x06000464,read,0x20004020,1,0x0
11995,1198,master,0x06000464,read,0x20004020,1,0x0
11996,1198,master,0x06000464,read,0x20004020,1,0x0
11997,1198,master,0x06000464,read,0x20004020,1,0x0
11998,1198,master,0x06000464,read,0x20004020,1,0x0
11999,1198,master,0x06000464,read,0x20004020,1,0x0
12000,1198,master,0x06000464,read,0x20004020,1,0x0
12001,1198,master,0x06000464,read,0x20004020,1,0x1
12002,1198,master,0x0600046A,read,0x20004021,1,0x22
12003,1198,master,0x06000464,read,0x20004020,1,0x0
12004,1198,master,0x06000464,read,0x20004020,1,0x0
12005,1198,master,0x06000464,read,0x20004020,1,0x0
12006,1198,master,0x06000464,read,0x20004020,1,0x0
12007,1198,master,0x06000464,read,0x20004020,1,0x0
12008,1198,master,0x06000464,read,0x20004020,1,0x0
12009,1198,master,0x06000464,read,0x20004020,1,0x0
12010,1198,master,0x06000464,read,0x20004020,1,0x0
12011,1198,master,0x06000464,read,0x20004020,1,0x0
12012,1198,master,0x06000464,read,0x20004020,1,0x1
12013,1198,master,0x0600046A,read,0x20004021,1,0x22
12014,1198,master,0x06000464,read,0x20004020,1,0x0
12015,1198,master,0x06000464,read,0x20004020,1,0x0
12016,1198,master,0x06000464,read,0x20004020,1,0x0
12017,1198,master,0x06000464,read,0x20004020,1,0x0
12018,1198,master,0x06000464,read,0x20004020,1,0x0
12019,1198,master,0x06000464,read,0x20004020,1,0x0
12020,1198,master,0x06000464,read,0x20004020,1,0x0
12021,1198,master,0x06000464,read,0x20004020,1,0x0
12022,1198,master,0x06000464,read,0x20004020,1,0x0
12023,1198,master,0x06000464,read,0x20004020,1,0x1
12024,1198,master,0x0600046A,read,0x20004021,1,0x22
12025,1198,master,0x06000464,read,0x20004020,1,0x0
12026,1198,master,0x06000464,read,0x20004020,1,0x0
12027,1198,master,0x06000464,read,0x20004020,1,0x0
12028,1198,master,0x06000464,read,0x20004020,1,0x0
12029,1198,master,0x06000464,read,0x20004020,1,0x0
12030,1198,master,0x06000464,read,0x20004020,1,0x0
12031,1198,master,0x06000464,read,0x20004020,1,0x0
12032,1198,master,0x06000464,read,0x20004020,1,0x0
12033,1198,master,0x06000464,read,0x20004020,1,0x0
12034,1198,master,0x06000464,read,0x20004020,1,0x1
12035,1198,master,0x0600046A,read,0x20004021,1,0x22
12036,1198,master,0x06000464,read,0x20004020,1,0x0
12037,1198,master,0x06000464,read,0x20004020,1,0x0
12038,1198,master,0x06000464,read,0x20004020,1,0x0
12039,1198,master,0x06000464,read,0x20004020,1,0x0
12040,1198,master,0x06000464,read,0x20004020,1,0x0
12041,1198,master,0x06000464,read,0x20004020,1,0x0
12042,1198,master,0x06000464,read,0x20004020,1,0x0
12043,1198,master,0x06000464,read,0x20004020,1,0x0
12044,1198,master,0x06000464,read,0x20004020,1,0x0
12045,1198,master,0x06000464,read,0x20004020,1,0x1
12046,1198,master,0x0600046A,read,0x20004021,1,0x22
12047,1198,master,0x06000464,read,0x20004020,1,0x0
12048,1198,master,0x06000464,read,0x20004020,1,0x0
12049,1198,master,0x06000464,read,0x20004020,1,0x0
12050,1198,master,0x06000464,read,0x20004020,1,0x0
12051,1198,master,0x06000464,read,0x20004020,1,0x0
12052,1198,master,0x06000464,read,0x20004020,1,0x0
12053,1198,master,0x06000464,read,0x20004020,1,0x0
12054,1198,master,0x06000464,read,0x20004020,1,0x0
12055,1198,master,0x06000464,read,0x20004020,1,0x0
12056,1198,master,0x06000464,read,0x20004020,1,0x1
12057,1198,master,0x0600046A,read,0x20004021,1,0x22
12058,1198,master,0x06000464,read,0x20004020,1,0x0
12059,1198,master,0x06000464,read,0x20004020,1,0x0
12060,1198,master,0x06000464,read,0x20004020,1,0x0
12061,1198,master,0x06000464,read,0x20004020,1,0x0
12062,1198,master,0x06000464,read,0x20004020,1,0x0
12063,1198,master,0x06000464,read,0x20004020,1,0x0
12064,1198,master,0x06000464,read,0x20004020,1,0x0
12065,1198,master,0x06000464,read,0x20004020,1,0x0
12066,1198,master,0x06000464,read,0x20004020,1,0x0
12067,1198,master,0x06000464,read,0x20004020,1,0x1
12068,1198,master,0x0600046A,read,0x20004021,1,0x22
12069,1198,master,0x06000464,read,0x20004020,1,0x0
12070,1198,master,0x06000464,read,0x20004020,1,0x0
12071,1198,master,0x06000464,read,0x20004020,1,0x0
12072,1198,master,0x06000464,read,0x20004020,1,0x0
12073,1198,master,0x06000464,read,0x20004020,1,0x0
12074,1198,master,0x06000464,read,0x20004020,1,0x0
12075,1198,master,0x06000464,read,0x20004020,1,0x0
12076,1198,master,0x06000464,read,0x20004020,1,0x0
12077,1198,master,0x06000464,read,0x20004020,1,0x0
12078,1198,master,0x06000464,read,0x20004020,1,0x1
12079,1198,master,0x0600046A,read,0x20004021,1,0x22
12080,1198,master,0x06000464,read,0x20004020,1,0x0
12081,1198,master,0x06000464,read,0x20004020,1,0x0
12082,1198,master,0x06000464,read,0x20004020,1,0x0
12083,1198,master,0x06000464,read,0x20004020,1,0x0
12084,1198,master,0x06000464,read,0x20004020,1,0x0
12085,1198,master,0x06000464,read,0x20004020,1,0x0
12086,1198,master,0x06000464,read,0x20004020,1,0x0
12087,1198,master,0x06000464,read,0x20004020,1,0x0
12088,1198,master,0x06000464,read,0x20004020,1,0x0
12089,1198,master,0x06000464,read,0x20004020,1,0x1
12090,1198,master,0x0600046A,read,0x20004021,1,0x22
12091,1198,master,0x06000464,read,0x20004020,1,0x0
12092,1198,master,0x06000464,read,0x20004020,1,0x0
12093,1198,master,0x06000464,read,0x20004020,1,0x0
12094,1198,master,0x06000464,read,0x20004020,1,0x0
12095,1198,master,0x06000464,read,0x20004020,1,0x0
12096,1198,master,0x06000464,read,0x20004020,1,0x0
12097,1198,master,0x06000464,read,0x20004020,1,0x0
12098,1198,master,0x06000464,read,0x20004020,1,0x0
12099,1198,master,0x06000464,read,0x20004020,1,0x0
12100,1198,master,0x06000464,read,0x20004020,1,0x1
12101,1198,master,0x0600046A,read,0x20004021,1,0x2B
12102,1200,master,0x06000464,read,0x20004020,1,0x0
12103,1200,master,0x06000464,read,0x20004020,1,0x0
12104,1200,master,0x06000464,read,0x20004020,1,0x0
12105,1200,master,0x06000464,read,0x20004020,1,0x0
12106,1200,master,0x06000464,read,0x20004020,1,0x0
12107,1200,master,0x06000464,read,0x20004020,1,0x0
12108,1200,master,0x06000464,read,0x20004020,1,0x0
12109,1200,master,0x06000464,read,0x20004020,1,0x0
12110,1200,master,0x06000464,read,0x20004020,1,0x0
12111,1200,master,0x06000464,read,0x20004020,1,0x0
12112,1200,master,0x06000464,read,0x20004020,1,0x1
12113,1200,master,0x0600046A,read,0x20004021,1,0x22
12114,1200,master,0x06000464,read,0x20004020,1,0x0
12115,1200,master,0x06000464,read,0x20004020,1,0x0
12116,1200,master,0x06000464,read,0x20004020,1,0x0
12117,1200,master,0x06000464,read,0x20004020,1,0x0
12118,1200,master,0x06000464,read,0x20004020,1,0x0
12119,1200,master,0x06000464,read,0x20004020,1,0x0
12120,1200,master,0x06000464,read,0x20004020,1,0x0
12121,1200,master,0x06000464,read,0x20004020,1,0x0
12122,1200,master,0x06000464,read,0x20004020,1,0x0
12123,1200,master,0x06000464,read,0x20004020,1,0x1
12124,1200,master,0x0600046A,read,0x20004021,1,0x22
12125,1200,master,0x06000464,read,0x20004020,1,0x0
12126,1200,master,0x06000464,read,0x20004020,1,0x0
12127,1200,master,0x06000464,read,0x20004020,1,0x0
12128,1200,master,0x06000464,read,0x20004020,1,0x0
12129,1200,master,0x06000464,read,0x20004020,1,0x0
12130,1200,master,0x06000464,read,0x20004020,1,0x0
12131,1200,master,0x06000464,read,0x20004020,1,0x0
12132,1200,master,0x06000464,read,0x20004020,1,0x0
12133,1200,master,0x06000464,read,0x20004020,1,0x0
12134,1200,master,0x06000464,read,0x20004020,1,0x1
12135,1200,master,0x0600046A,read,0x20004021,1,0x22
12136,1201,master,0x06000464,read,0x20004020,1,0x0
12137,1201,master,0x06000464,read,0x20004020,1,0x0
12138,1201,master,0x06000464,read,0x20004020,1,0x0
12139,1201,master,0x06000464,read,0x20004020,1,0x0
12140,1201,master,0x06000464,read,0x20004020,1,0x0
12141,1201,master,0x06000464,read,0x20004020,1,0x0
12142,1201,master,0x06000464,read,0x20004020,1,0x0
12143,1201,master,0x06000464,read,0x20004020,1,0x0
12144,1201,master,0x06000464,read,0x20004020,1,0x0
12145,1201,master,0x06000464,read,0x20004020,1,0x1
12146,1201,master,0x0600046A,read,0x20004021,1,0x22
12147,1201,master,0x06000464,read,0x20004020,1,0x0
12148,1201,master,0x06000464,read,0x20004020,1,0x0
12149,1201,master,0x06000464,read,0x20004020,1,0x0
12150,1201,master,0x06000464,read,0x20004020,1,0x0
12151,1201,master,0x06000464,read,0x20004020,1,0x0
12152,1201,master,0x06000464,read,0x20004020,1,0x0
12153,1201,master,0x06000464,read,0x20004020,1,0x0
12154,1201,master,0x06000464,read,0x20004020,1,0x0
12155,1201,master,0x06000464,read,0x20004020,1,0x0
12156,1201,master,0x06000464,read,0x20004020,1,0x1
12157,1201,master,0x0600046A,read,0x20004021,1,0x22
12158,1201,master,0x06000464,read,0x20004020,1,0x0
12159,1201,master,0x06000464,read,0x20004020,1,0x0
12160,1201,master,0x06000464,read,0x20004020,1,0x0
12161,1201,master,0x06000464,read,0x20004020,1,0x0
12162,1201,master,0x06000464,read,0x20004020,1,0x0
12163,1201,master,0x06000464,read,0x20004020,1,0x0
12164,1201,master,0x06000464,read,0x20004020,1,0x0
12165,1201,master,0x06000464,read,0x20004020,1,0x0
12166,1201,master,0x06000464,read,0x20004020,1,0x0
12167,1201,master,0x06000464,read,0x20004020,1,0x1
12168,1201,master,0x0600046A,read,0x20004021,1,0x22
12169,1201,master,0x06000464,read,0x20004020,1,0x0
12170,1201,master,0x06000464,read,0x20004020,1,0x0
12171,1201,master,0x06000464,read,0x20004020,1,0x0
12172,1201,master,0x06000464,read,0x20004020,1,0x0
12173,1201,master,0x06000464,read,0x20004020,1,0x0
12174,1201,master,0x06000464,read,0x20004020,1,0x0
12175,1201,master,0x06000464,read,0x20004020,1,0x0
12176,1201,master,0x06000464,read,0x20004020,1,0x0
12177,1201,master,0x06000464,read,0x20004020,1,0x0
12178,1201,master,0x06000464,read,0x20004020,1,0x1
12179,1201,master,0x0600046A,read,0x20004021,1,0x22
12180,1201,master,0x06000464,read,0x20004020,1,0x0
12181,1201,master,0x06000464,read,0x20004020,1,0x0
12182,1201,master,0x06000464,read,0x20004020,1,0x0
12183,1201,master,0x06000464,read,0x20004020,1,0x0
12184,1201,master,0x06000464,read,0x20004020,1,0x0
12185,1201,master,0x06000464,read,0x20004020,1,0x0
12186,1201,master,0x06000464,read,0x20004020,1,0x0
12187,1201,master,0x06000464,read,0x20004020,1,0x0
12188,1201,master,0x06000464,read,0x20004020,1,0x0
12189,1201,master,0x06000464,read,0x20004020,1,0x1
12190,1201,master,0x0600046A,read,0x20004021,1,0x22
12191,1201,master,0x06000464,read,0x20004020,1,0x0
12192,1201,master,0x06000464,read,0x20004020,1,0x0
12193,1201,master,0x06000464,read,0x20004020,1,0x0
12194,1201,master,0x06000464,read,0x20004020,1,0x0
12195,1201,master,0x06000464,read,0x20004020,1,0x0
12196,1201,master,0x06000464,read,0x20004020,1,0x0
12197,1201,master,0x06000464,read,0x20004020,1,0x0
12198,1201,master,0x06000464,read,0x20004020,1,0x0
12199,1201,master,0x06000464,read,0x20004020,1,0x0
12200,1201,master,0x06000464,read,0x20004020,1,0x1
12201,1201,master,0x0600046A,read,0x20004021,1,0x22
12202,1201,master,0x06000464,read,0x20004020,1,0x0
12203,1201,master,0x06000464,read,0x20004020,1,0x0
12204,1201,master,0x06000464,read,0x20004020,1,0x0
12205,1201,master,0x06000464,read,0x20004020,1,0x0
12206,1201,master,0x06000464,read,0x20004020,1,0x0
12207,1201,master,0x06000464,read,0x20004020,1,0x0
12208,1201,master,0x06000464,read,0x20004020,1,0x0
12209,1201,master,0x06000464,read,0x20004020,1,0x0
12210,1201,master,0x06000464,read,0x20004020,1,0x0
12211,1201,master,0x06000464,read,0x20004020,1,0x1
12212,1201,master,0x0600046A,read,0x20004021,1,0x22
12213,1201,master,0x06000464,read,0x20004020,1,0x0
12214,1201,master,0x06000464,read,0x20004020,1,0x0
12215,1201,master,0x06000464,read,0x20004020,1,0x0
12216,1201,master,0x06000464,read,0x20004020,1,0x0
12217,1201,master,0x06000464,read,0x20004020,1,0x0
12218,1201,master,0x06000464,read,0x20004020,1,0x0
12219,1201,master,0x06000464,read,0x20004020,1,0x0
12220,1201,master,0x06000464,read,0x20004020,1,0x0
12221,1201,master,0x06000464,read,0x20004020,1,0x0
12222,1201,master,0x06000464,read,0x20004020,1,0x1
12223,1201,master,0x0600046A,read,0x20004021,1,0x22
12224,1201,master,0x06000464,read,0x20004020,1,0x0
12225,1201,master,0x06000464,read,0x20004020,1,0x0
12226,1201,master,0x06000464,read,0x20004020,1,0x0
12227,1201,master,0x06000464,read,0x20004020,1,0x0
12228,1201,master,0x06000464,read,0x20004020,1,0x0
12229,1201,master,0x06000464,read,0x20004020,1,0x0
12230,1201,master,0x06000464,read,0x20004020,1,0x0
12231,1201,master,0x06000464,read,0x20004020,1,0x0
12232,1201,master,0x06000464,read,0x20004020,1,0x0
12233,1201,master,0x06000464,read,0x20004020,1,0x1
12234,1201,master,0x0600046A,read,0x20004021,1,0x22
12235,1201,master,0x06000464,read,0x20004020,1,0x0
12236,1201,master,0x06000464,read,0x20004020,1,0x0
12237,1201,master,0x06000464,read,0x20004020,1,0x0
12238,1201,master,0x06000464,read,0x20004020,1,0x0
12239,1201,master,0x06000464,read,0x20004020,1,0x0
12240,1201,master,0x06000464,read,0x20004020,1,0x0
12241,1201,master,0x06000464,read,0x20004020,1,0x0
12242,1201,master,0x06000464,read,0x20004020,1,0x0
12243,1201,master,0x06000464,read,0x20004020,1,0x0
12244,1201,master,0x06000464,read,0x20004020,1,0x1
12245,1201,master,0x0600046A,read,0x20004021,1,0x22
12246,1201,master,0x06000464,read,0x20004020,1,0x0
12247,1201,master,0x06000464,read,0x20004020,1,0x0
12248,1201,master,0x06000464,read,0x20004020,1,0x0
12249,1201,master,0x06000464,read,0x20004020,1,0x0
12250,1201,master,0x06000464,read,0x20004020,1,0x0
12251,1201,master,0x06000464,read,0x20004020,1,0x0
12252,1201,master,0x06000464,read,0x20004020,1,0x0
12253,1201,master,0x06000464,read,0x20004020,1,0x0
12254,1201,master,0x06000464,read,0x20004020,1,0x0
12255,1201,master,0x06000464,read,0x20004020,1,0x1
12256,1201,master,0x0600046A,read,0x20004021,1,0x22
12257,1201,master,0x06000464,read,0x20004020,1,0x0
12258,1201,master,0x06000464,read,0x20004020,1,0x0
12259,1201,master,0x06000464,read,0x20004020,1,0x0
12260,1201,master,0x06000464,read,0x20004020,1,0x0
12261,1201,master,0x06000464,read,0x20004020,1,0x0
12262,1201,master,0x06000464,read,0x20004020,1,0x0
12263,1201,master,0x06000464,read,0x20004020,1,0x0
12264,1201,master,0x06000464,read,0x20004020,1,0x0
12265,1201,master,0x06000464,read,0x20004020,1,0x0
12266,1201,master,0x06000464,read,0x20004020,1,0x1
12267,1201,master,0x0600046A,read,0x20004021,1,0x22
12268,1201,master,0x06000464,read,0x20004020,1,0x0
12269,1201,master,0x06000464,read,0x20004020,1,0x0
12270,1201,master,0x06000464,read,0x20004020,1,0x0
12271,1201,master,0x06000464,read,0x20004020,1,0x0
12272,1201,master,0x06000464,read,0x20004020,1,0x0
12273,1201,master,0x06000464,read,0x20004020,1,0x0
12274,1201,master,0x06000464,read,0x20004020,1,0x0
12275,1201,master,0x06000464,read,0x20004020,1,0x0
12276,1201,master,0x06000464,read,0x20004020,1,0x0
12277,1201,master,0x06000464,read,0x20004020,1,0x1
12278,1201,master,0x0600046A,read,0x20004021,1,0x22
12279,1201,master,0x06000464,read,0x20004020,1,0x0
12280,1201,master,0x06000464,read,0x20004020,1,0x0
12281,1201,master,0x06000464,read,0x20004020,1,0x0
12282,1201,master,0x06000464,read,0x20004020,1,0x0
12283,1201,master,0x06000464,read,0x20004020,1,0x0
12284,1201,master,0x06000464,read,0x20004020,1,0x0
12285,1201,master,0x06000464,read,0x20004020,1,0x0
12286,1201,master,0x06000464,read,0x20004020,1,0x0
12287,1201,master,0x06000464,read,0x20004020,1,0x0
12288,1201,master,0x06000464,read,0x20004020,1,0x1
12289,1201,master,0x0600046A,read,0x20004021,1,0x22
12290,1201,master,0x06000464,read,0x20004020,1,0x0
12291,1201,master,0x06000464,read,0x20004020,1,0x0
12292,1201,master,0x06000464,read,0x20004020,1,0x0
12293,1201,master,0x06000464,read,0x20004020,1,0x0
12294,1201,master,0x06000464,read,0x20004020,1,0x0
12295,1201,master,0x06000464,read,0x20004020,1,0x0
12296,1201,master,0x06000464,read,0x20004020,1,0x0
12297,1201,master,0x06000464,read,0x20004020,1,0x0
12298,1201,master,0x06000464,read,0x20004020,1,0x0
12299,1201,master,0x06000464,read,0x20004020,1,0x1
12300,1201,master,0x0600046A,read,0x20004021,1,0x22
12301,1201,master,0x06000464,read,0x20004020,1,0x0
12302,1201,master,0x06000464,read,0x20004020,1,0x0
12303,1201,master,0x06000464,read,0x20004020,1,0x0
12304,1201,master,0x06000464,read,0x20004020,1,0x0
12305,1201,master,0x06000464,read,0x20004020,1,0x0
12306,1201,master,0x06000464,read,0x20004020,1,0x0
12307,1201,master,0x06000464,read,0x20004020,1,0x0
12308,1201,master,0x06000464,read,0x20004020,1,0x0
12309,1201,master,0x06000464,read,0x20004020,1,0x0
12310,1201,master,0x06000464,read,0x20004020,1,0x1
12311,1201,master,0x0600046A,read,0x20004021,1,0x22
12312,1201,master,0x06000464,read,0x20004020,1,0x0
12313,1201,master,0x06000464,read,0x20004020,1,0x0
12314,1201,master,0x06000464,read,0x20004020,1,0x0
12315,1201,master,0x06000464,read,0x20004020,1,0x0
12316,1201,master,0x06000464,read,0x20004020,1,0x0
12317,1201,master,0x06000464,read,0x20004020,1,0x0
12318,1201,master,0x06000464,read,0x20004020,1,0x0
12319,1201,master,0x06000464,read,0x20004020,1,0x0
12320,1201,master,0x06000464,read,0x20004020,1,0x0
12321,1201,master,0x06000464,read,0x20004020,1,0x1
12322,1201,master,0x0600046A,read,0x20004021,1,0x2B
12323,1203,master,0x06000464,read,0x20004020,1,0x0
12324,1203,master,0x06000464,read,0x20004020,1,0x0
12325,1203,master,0x06000464,read,0x20004020,1,0x0
12326,1203,master,0x06000464,read,0x20004020,1,0x0
12327,1203,master,0x06000464,read,0x20004020,1,0x0
12328,1203,master,0x06000464,read,0x20004020,1,0x0
12329,1203,master,0x06000464,read,0x20004020,1,0x0
12330,1203,master,0x06000464,read,0x20004020,1,0x0
12331,1203,master,0x06000464,read,0x20004020,1,0x0
12332,1203,master,0x06000464,read,0x20004020,1,0x0
12333,1203,master,0x06000464,read,0x20004020,1,0x1
12334,1203,master,0x0600046A,read,0x20004021,1,0x22
12335,1203,master,0x06000464,read,0x20004020,1,0x0
12336,1203,master,0x06000464,read,0x20004020,1,0x0
12337,1203,master,0x06000464,read,0x20004020,1,0x0
12338,1203,master,0x06000464,read,0x20004020,1,0x0
12339,1203,master,0x06000464,read,0x20004020,1,0x0
12340,1203,master,0x06000464,read,0x20004020,1,0x0
12341,1203,master,0x06000464,read,0x20004020,1,0x0
12342,1203,master,0x06000464,read,0x20004020,1,0x0
12343,1203,master,0x06000464,read,0x20004020,1,0x0
12344,1203,master,0x06000464,read,0x20004020,1,0x1
12345,1203,master,0x0600046A,read,0x20004021,1,0x22
12346,1204,master,0x06000464,read,0x20004020,1,0x0
12347,1204,master,0x06000464,read,0x20004020,1,0x0
12348,1204,master,0x06000464,read,0x20004020,1,0x0
12349,1204,master,0x06000464,read,0x20004020,1,0x0
12350,1204,master,0x06000464,read,0x20004020,1,0x0
12351,1204,master,0x06000464,read,0x20004020,1,0x0
12352,1204,master,0x06000464,read,0x20004020,1,0x0
12353,1204,master,0x06000464,read,0x20004020,1,0x0
12354,1204,master,0x06000464,read,0x20004020,1,0x0
12355,1204,master,0x06000464,read,0x20004020,1,0x1
12356,1204,master,0x0600046A,read,0x20004021,1,0x22
12357,1204,master,0x06000464,read,0x20004020,1,0x0
12358,1204,master,0x06000464,read,0x20004020,1,0x0
12359,1204,master,0x06000464,read,0x20004020,1,0x0
12360,1204,master,0x06000464,read,0x20004020,1,0x0
12361,1204,master,0x06000464,read,0x20004020,1,0x0
12362,1204,master,0x06000464,read,0x20004020,1,0x0
12363,1204,master,0x06000464,read,0x20004020,1,0x0
12364,1204,master,0x06000464,read,0x20004020,1,0x0
12365,1204,master,0x06000464,read,0x20004020,1,0x0
12366,1204,master,0x06000464,read,0x20004020,1,0x1
12367,1204,master,0x0600046A,read,0x20004021,1,0x22
12368,1204,master,0x06000464,read,0x20004020,1,0x0
12369,1204,master,0x06000464,read,0x20004020,1,0x0
12370,1204,master,0x06000464,read,0x20004020,1,0x0
12371,1204,master,0x06000464,read,0x20004020,1,0x0
12372,1204,master,0x06000464,read,0x20004020,1,0x0
12373,1204,master,0x06000464,read,0x20004020,1,0x0
12374,1204,master,0x06000464,read,0x20004020,1,0x0
12375,1204,master,0x06000464,read,0x20004020,1,0x0
12376,1204,master,0x06000464,read,0x20004020,1,0x0
12377,1204,master,0x06000464,read,0x20004020,1,0x1
12378,1204,master,0x0600046A,read,0x20004021,1,0x22
12379,1204,master,0x06000464,read,0x20004020,1,0x0
12380,1204,master,0x06000464,read,0x20004020,1,0x0
12381,1204,master,0x06000464,read,0x20004020,1,0x0
12382,1204,master,0x06000464,read,0x20004020,1,0x0
12383,1204,master,0x06000464,read,0x20004020,1,0x0
12384,1204,master,0x06000464,read,0x20004020,1,0x0
12385,1204,master,0x06000464,read,0x20004020,1,0x0
12386,1204,master,0x06000464,read,0x20004020,1,0x0
12387,1204,master,0x06000464,read,0x20004020,1,0x0
12388,1204,master,0x06000464,read,0x20004020,1,0x1
12389,1204,master,0x0600046A,read,0x20004021,1,0x22
12390,1204,master,0x06000464,read,0x20004020,1,0x0
12391,1204,master,0x06000464,read,0x20004020,1,0x0
12392,1204,master,0x06000464,read,0x20004020,1,0x0
12393,1204,master,0x06000464,read,0x20004020,1,0x0
12394,1204,master,0x06000464,read,0x20004020,1,0x0
12395,1204,master,0x06000464,read,0x20004020,1,0x0
12396,1204,master,0x06000464,read,0x20004020,1,0x0
12397,1204,master,0x06000464,read,0x20004020,1,0x0
12398,1204,master,0x06000464,read,0x20004020,1,0x0
12399,1204,master,0x06000464,read,0x20004020,1,0x1
12400,1204,master,0x0600046A,read,0x20004021,1,0x22
12401,1204,master,0x06000464,read,0x20004020,1,0x0
12402,1204,master,0x06000464,read,0x20004020,1,0x0
12403,1204,master,0x06000464,read,0x20004020,1,0x0
12404,1204,master,0x06000464,read,0x20004020,1,0x0
12405,1204,master,0x06000464,read,0x20004020,1,0x0
12406,1204,master,0x06000464,read,0x20004020,1,0x0
12407,1204,master,0x06000464,read,0x20004020,1,0x0
12408,1204,master,0x06000464,read,0x20004020,1,0x0
12409,1204,master,0x06000464,read,0x20004020,1,0x0
12410,1204,master,0x06000464,read,0x20004020,1,0x0
12411,1204,master,0x06000464,read,0x20004020,1,0x1
12412,1204,master,0x0600046A,read,0x20004021,1,0x22
12413,1204,master,0x06000464,read,0x20004020,1,0x0
12414,1204,master,0x06000464,read,0x20004020,1,0x0
12415,1204,master,0x06000464,read,0x20004020,1,0x0
12416,1204,master,0x06000464,read,0x20004020,1,0x0
12417,1204,master,0x06000464,read,0x20004020,1,0x0
12418,1204,master,0x06000464,read,0x20004020,1,0x0
12419,1204,master,0x06000464,read,0x20004020,1,0x0
12420,1204,master,0x06000464,read,0x20004020,1,0x0
12421,1204,master,0x06000464,read,0x20004020,1,0x0
12422,1204,master,0x06000464,read,0x20004020,1,0x1
12423,1204,master,0x0600046A,read,0x20004021,1,0x22
12424,1204,master,0x06000464,read,0x20004020,1,0x0
12425,1204,master,0x06000464,read,0x20004020,1,0x0
12426,1204,master,0x06000464,read,0x20004020,1,0x0
12427,1204,master,0x06000464,read,0x20004020,1,0x0
12428,1204,master,0x06000464,read,0x20004020,1,0x0
12429,1204,master,0x06000464,read,0x20004020,1,0x0
12430,1204,master,0x06000464,read,0x20004020,1,0x0
12431,1204,master,0x06000464,read,0x20004020,1,0x0
12432,1204,master,0x06000464,read,0x20004020,1,0x0
12433,1204,master,0x06000464,read,0x20004020,1,0x1
12434,1204,master,0x0600046A,read,0x20004021,1,0x22
12435,1204,master,0x06000464,read,0x20004020,1,0x0
12436,1204,master,0x06000464,read,0x20004020,1,0x0
12437,1204,master,0x06000464,read,0x20004020,1,0x0
12438,1204,master,0x06000464,read,0x20004020,1,0x0
12439,1204,master,0x06000464,read,0x20004020,1,0x0
12440,1204,master,0x06000464,read,0x20004020,1,0x0
12441,1204,master,0x06000464,read,0x20004020,1,0x0
12442,1204,master,0x06000464,read,0x20004020,1,0x0
12443,1204,master,0x06000464,read,0x20004020,1,0x0
12444,1204,master,0x06000464,read,0x20004020,1,0x1
12445,1204,master,0x0600046A,read,0x20004021,1,0x22
12446,1204,master,0x06000464,read,0x20004020,1,0x0
12447,1204,master,0x06000464,read,0x20004020,1,0x0
12448,1204,master,0x06000464,read,0x20004020,1,0x0
12449,1204,master,0x06000464,read,0x20004020,1,0x0
12450,1204,master,0x06000464,read,0x20004020,1,0x0
12451,1204,master,0x06000464,read,0x20004020,1,0x0
12452,1204,master,0x06000464,read,0x20004020,1,0x0
12453,1204,master,0x06000464,read,0x20004020,1,0x0
12454,1204,master,0x06000464,read,0x20004020,1,0x0
12455,1204,master,0x06000464,read,0x20004020,1,0x1
12456,1204,master,0x0600046A,read,0x20004021,1,0x22
12457,1204,master,0x06000464,read,0x20004020,1,0x0
12458,1204,master,0x06000464,read,0x20004020,1,0x0
12459,1204,master,0x06000464,read,0x20004020,1,0x0
12460,1204,master,0x06000464,read,0x20004020,1,0x0
12461,1204,master,0x06000464,read,0x20004020,1,0x0
12462,1204,master,0x06000464,read,0x20004020,1,0x0
12463,1204,master,0x06000464,read,0x20004020,1,0x0
12464,1204,master,0x06000464,read,0x20004020,1,0x0
12465,1204,master,0x06000464,read,0x20004020,1,0x0
12466,1204,master,0x06000464,read,0x20004020,1,0x1
12467,1204,master,0x0600046A,read,0x20004021,1,0x22
12468,1204,master,0x06000464,read,0x20004020,1,0x0
12469,1204,master,0x06000464,read,0x20004020,1,0x0
12470,1204,master,0x06000464,read,0x20004020,1,0x0
12471,1204,master,0x06000464,read,0x20004020,1,0x0
12472,1204,master,0x06000464,read,0x20004020,1,0x0
12473,1204,master,0x06000464,read,0x20004020,1,0x0
12474,1204,master,0x06000464,read,0x20004020,1,0x0
12475,1204,master,0x06000464,read,0x20004020,1,0x0
12476,1204,master,0x06000464,read,0x20004020,1,0x0
12477,1204,master,0x06000464,read,0x20004020,1,0x1
12478,1204,master,0x0600046A,read,0x20004021,1,0x22
12479,1204,master,0x06000464,read,0x20004020,1,0x0
12480,1204,master,0x06000464,read,0x20004020,1,0x0
12481,1204,master,0x06000464,read,0x20004020,1,0x0
12482,1204,master,0x06000464,read,0x20004020,1,0x0
12483,1204,master,0x06000464,read,0x20004020,1,0x0
12484,1204,master,0x06000464,read,0x20004020,1,0x0
12485,1204,master,0x06000464,read,0x20004020,1,0x0
12486,1204,master,0x06000464,read,0x20004020,1,0x0
12487,1204,master,0x06000464,read,0x20004020,1,0x0
12488,1204,master,0x06000464,read,0x20004020,1,0x1
12489,1204,master,0x0600046A,read,0x20004021,1,0x22
12490,1204,master,0x06000464,read,0x20004020,1,0x0
12491,1204,master,0x06000464,read,0x20004020,1,0x0
12492,1204,master,0x06000464,read,0x20004020,1,0x0
12493,1204,master,0x06000464,read,0x20004020,1,0x0
12494,1204,master,0x06000464,read,0x20004020,1,0x0
12495,1204,master,0x06000464,read,0x20004020,1,0x0
12496,1204,master,0x06000464,read,0x20004020,1,0x0
12497,1204,master,0x06000464,read,0x20004020,1,0x0
12498,1204,master,0x06000464,read,0x20004020,1,0x0
12499,1204,master,0x06000464,read,0x20004020,1,0x1
12500,1204,master,0x0600046A,read,0x20004021,1,0x22
12501,1204,master,0x06000464,read,0x20004020,1,0x0
12502,1204,master,0x06000464,read,0x20004020,1,0x0
12503,1204,master,0x06000464,read,0x20004020,1,0x0
12504,1204,master,0x06000464,read,0x20004020,1,0x0
12505,1204,master,0x06000464,read,0x20004020,1,0x0
12506,1204,master,0x06000464,read,0x20004020,1,0x0
12507,1204,master,0x06000464,read,0x20004020,1,0x0
12508,1204,master,0x06000464,read,0x20004020,1,0x0
12509,1204,master,0x06000464,read,0x20004020,1,0x0
12510,1204,master,0x06000464,read,0x20004020,1,0x1
12511,1204,master,0x0600046A,read,0x20004021,1,0x22
12512,1204,master,0x06000464,read,0x20004020,1,0x0
12513,1204,master,0x06000464,read,0x20004020,1,0x0
12514,1204,master,0x06000464,read,0x20004020,1,0x0
12515,1204,master,0x06000464,read,0x20004020,1,0x0
12516,1204,master,0x06000464,read,0x20004020,1,0x0
12517,1204,master,0x06000464,read,0x20004020,1,0x0
12518,1204,master,0x06000464,read,0x20004020,1,0x0
12519,1204,master,0x06000464,read,0x20004020,1,0x0
12520,1204,master,0x06000464,read,0x20004020,1,0x0
12521,1204,master,0x06000464,read,0x20004020,1,0x1
12522,1204,master,0x0600046A,read,0x20004021,1,0x22
12523,1204,master,0x06000464,read,0x20004020,1,0x0
12524,1204,master,0x06000464,read,0x20004020,1,0x0
12525,1204,master,0x06000464,read,0x20004020,1,0x0
12526,1204,master,0x06000464,read,0x20004020,1,0x0
12527,1204,master,0x06000464,read,0x20004020,1,0x0
12528,1204,master,0x06000464,read,0x20004020,1,0x0
12529,1204,master,0x06000464,read,0x20004020,1,0x0
12530,1204,master,0x06000464,read,0x20004020,1,0x0
12531,1204,master,0x06000464,read,0x20004020,1,0x0
12532,1204,master,0x06000464,read,0x20004020,1,0x1
12533,1204,master,0x0600046A,read,0x20004021,1,0x22
12534,1204,master,0x06000464,read,0x20004020,1,0x0
12535,1204,master,0x06000464,read,0x20004020,1,0x0
12536,1204,master,0x06000464,read,0x20004020,1,0x0
12537,1204,master,0x06000464,read,0x20004020,1,0x0
12538,1204,master,0x06000464,read,0x20004020,1,0x0
12539,1204,master,0x06000464,read,0x20004020,1,0x0
12540,1204,master,0x06000464,read,0x20004020,1,0x0
12541,1204,master,0x06000464,read,0x20004020,1,0x0
12542,1204,master,0x06000464,read,0x20004020,1,0x0
12543,1205,master,0x06000464,read,0x20004020,1,0x1
12544,1205,master,0x0600046A,read,0x20004021,1,0x2B
12545,1206,master,0x06000464,read,0x20004020,1,0x0
12546,1206,master,0x06000464,read,0x20004020,1,0x0
12547,1206,master,0x06000464,read,0x20004020,1,0x0
12548,1206,master,0x06000464,read,0x20004020,1,0x0
12549,1206,master,0x06000464,read,0x20004020,1,0x0
12550,1206,master,0x06000464,read,0x20004020,1,0x0
12551,1206,master,0x06000464,read,0x20004020,1,0x0
12552,1206,master,0x06000464,read,0x20004020,1,0x0
12553,1206,master,0x06000464,read,0x20004020,1,0x0
12554,1206,master,0x06000464,read,0x20004020,1,0x0
12555,1206,master,0x06000464,read,0x20004020,1,0x1
12556,1206,master,0x0600046A,read,0x20004021,1,0x22
12557,1206,master,0x06000464,read,0x20004020,1,0x0
12558,1206,master,0x06000464,read,0x20004020,1,0x0
12559,1206,master,0x06000464,read,0x20004020,1,0x0
12560,1206,master,0x06000464,read,0x20004020,1,0x0
12561,1206,master,0x06000464,read,0x20004020,1,0x0
12562,1206,master,0x06000464,read,0x20004020,1,0x0
12563,1206,master,0x06000464,read,0x20004020,1,0x0
12564,1206,master,0x06000464,read,0x20004020,1,0x0
12565,1206,master,0x06000464,read,0x20004020,1,0x0
12566,1206,master,0x06000464,read,0x20004020,1,0x1
12567,1206,master,0x0600046A,read,0x20004021,1,0x22
12568,1207,master,0x06000464,read,0x20004020,1,0x0
12569,1207,master,0x06000464,read,0x20004020,1,0x0
12570,1207,master,0x06000464,read,0x20004020,1,0x0
12571,1207,master,0x06000464,read,0x20004020,1,0x0
12572,1207,master,0x06000464,read,0x20004020,1,0x0
12573,1207,master,0x06000464,read,0x20004020,1,0x0
12574,1207,master,0x06000464,read,0x20004020,1,0x0
12575,1207,master,0x06000464,read,0x20004020,1,0x0
12576,1207,master,0x06000464,read,0x20004020,1,0x0
12577,1207,master,0x06000464,read,0x20004020,1,0x1
12578,1207,master,0x0600046A,read,0x20004021,1,0x22
12579,1207,master,0x06000464,read,0x20004020,1,0x0
12580,1207,master,0x06000464,read,0x20004020,1,0x0
12581,1207,master,0x06000464,read,0x20004020,1,0x0
12582,1207,master,0x06000464,read,0x20004020,1,0x0
12583,1207,master,0x06000464,read,0x20004020,1,0x0
12584,1207,master,0x06000464,read,0x20004020,1,0x0
12585,1207,master,0x06000464,read,0x20004020,1,0x0
12586,1207,master,0x06000464,read,0x20004020,1,0x0
12587,1207,master,0x06000464,read,0x20004020,1,0x0
12588,1207,master,0x06000464,read,0x20004020,1,0x1
12589,1207,master,0x0600046A,read,0x20004021,1,0x22
12590,1207,master,0x06000464,read,0x20004020,1,0x0
12591,1207,master,0x06000464,read,0x20004020,1,0x0
12592,1207,master,0x06000464,read,0x20004020,1,0x0
12593,1207,master,0x06000464,read,0x20004020,1,0x0
12594,1207,master,0x06000464,read,0x20004020,1,0x0
12595,1207,master,0x06000464,read,0x20004020,1,0x0
12596,1207,master,0x06000464,read,0x20004020,1,0x0
12597,1207,master,0x06000464,read,0x20004020,1,0x0
12598,1207,master,0x06000464,read,0x20004020,1,0x0
12599,1207,master,0x06000464,read,0x20004020,1,0x1
12600,1207,master,0x0600046A,read,0x20004021,1,0x22
12601,1207,master,0x06000464,read,0x20004020,1,0x0
12602,1207,master,0x06000464,read,0x20004020,1,0x0
12603,1207,master,0x06000464,read,0x20004020,1,0x0
12604,1207,master,0x06000464,read,0x20004020,1,0x0
12605,1207,master,0x06000464,read,0x20004020,1,0x0
12606,1207,master,0x06000464,read,0x20004020,1,0x0
12607,1207,master,0x06000464,read,0x20004020,1,0x0
12608,1207,master,0x06000464,read,0x20004020,1,0x0
12609,1207,master,0x06000464,read,0x20004020,1,0x0
12610,1207,master,0x06000464,read,0x20004020,1,0x1
12611,1207,master,0x0600046A,read,0x20004021,1,0x22
12612,1207,master,0x06000464,read,0x20004020,1,0x0
12613,1207,master,0x06000464,read,0x20004020,1,0x0
12614,1207,master,0x06000464,read,0x20004020,1,0x0
12615,1207,master,0x06000464,read,0x20004020,1,0x0
12616,1207,master,0x06000464,read,0x20004020,1,0x0
12617,1207,master,0x06000464,read,0x20004020,1,0x0
12618,1207,master,0x06000464,read,0x20004020,1,0x0
12619,1207,master,0x06000464,read,0x20004020,1,0x0
12620,1207,master,0x06000464,read,0x20004020,1,0x0
12621,1207,master,0x06000464,read,0x20004020,1,0x1
12622,1207,master,0x0600046A,read,0x20004021,1,0x22
12623,1207,master,0x06000464,read,0x20004020,1,0x0
12624,1207,master,0x06000464,read,0x20004020,1,0x0
12625,1207,master,0x06000464,read,0x20004020,1,0x0
12626,1207,master,0x06000464,read,0x20004020,1,0x0
12627,1207,master,0x06000464,read,0x20004020,1,0x0
12628,1207,master,0x06000464,read,0x20004020,1,0x0
12629,1207,master,0x06000464,read,0x20004020,1,0x0
12630,1207,master,0x06000464,read,0x20004020,1,0x0
12631,1207,master,0x06000464,read,0x20004020,1,0x0
12632,1207,master,0x06000464,read,0x20004020,1,0x1
12633,1207,master,0x0600046A,read,0x20004021,1,0x22
12634,1207,master,0x06000464,read,0x20004020,1,0x0
12635,1207,master,0x06000464,read,0x20004020,1,0x0
12636,1207,master,0x06000464,read,0x20004020,1,0x0
12637,1207,master,0x06000464,read,0x20004020,1,0x0
12638,1207,master,0x06000464,read,0x20004020,1,0x0
12639,1207,master,0x06000464,read,0x20004020,1,0x0
12640,1207,master,0x06000464,read,0x20004020,1,0x0
12641,1207,master,0x06000464,read,0x20004020,1,0x0
12642,1207,master,0x06000464,read,0x20004020,1,0x0
12643,1207,master,0x06000464,read,0x20004020,1,0x1
12644,1207,master,0x0600046A,read,0x20004021,1,0x22
12645,1207,master,0x06000464,read,0x20004020,1,0x0
12646,1207,master,0x06000464,read,0x20004020,1,0x0
12647,1207,master,0x06000464,read,0x20004020,1,0x0
12648,1207,master,0x06000464,read,0x20004020,1,0x0
12649,1207,master,0x06000464,read,0x20004020,1,0x0
12650,1207,master,0x06000464,read,0x20004020,1,0x0
12651,1207,master,0x06000464,read,0x20004020,1,0x0
12652,1207,master,0x06000464,read,0x20004020,1,0x0
12653,1207,master,0x06000464,read,0x20004020,1,0x0
12654,1207,master,0x06000464,read,0x20004020,1,0x1
12655,1207,master,0x0600046A,read,0x20004021,1,0x22
12656,1207,master,0x06000464,read,0x20004020,1,0x0
12657,1207,master,0x06000464,read,0x20004020,1,0x0
12658,1207,master,0x06000464,read,0x20004020,1,0x0
12659,1207,master,0x06000464,read,0x20004020,1,0x0
12660,1207,master,0x06000464,read,0x20004020,1,0x0
12661,1207,master,0x06000464,read,0x20004020,1,0x0
12662,1207,master,0x06000464,read,0x20004020,1,0x0
12663,1207,master,0x06000464,read,0x20004020,1,0x0
12664,1207,master,0x06000464,read,0x20004020,1,0x0
12665,1207,master,0x06000464,read,0x20004020,1,0x1
12666,1207,master,0x0600046A,read,0x20004021,1,0x22
12667,1207,master,0x06000464,read,0x20004020,1,0x0
12668,1207,master,0x06000464,read,0x20004020,1,0x0
12669,1207,master,0x06000464,read,0x20004020,1,0x0
12670,1207,master,0x06000464,read,0x20004020,1,0x0
12671,1207,master,0x06000464,read,0x20004020,1,0x0
12672,1207,master,0x06000464,read,0x20004020,1,0x0
12673,1207,master,0x06000464,read,0x20004020,1,0x0
12674,1207,master,0x06000464,read,0x20004020,1,0x0
12675,1207,master,0x06000464,read,0x20004020,1,0x0
12676,1207,master,0x06000464,read,0x20004020,1,0x1
12677,1207,master,0x0600046A,read,0x20004021,1,0x22
12678,1207,master,0x06000464,read,0x20004020,1,0x0
12679,1207,master,0x06000464,read,0x20004020,1,0x0
12680,1207,master,0x06000464,read,0x20004020,1,0x0
12681,1207,master,0x06000464,read,0x20004020,1,0x0
12682,1207,master,0x06000464,read,0x20004020,1,0x0
12683,1207,master,0x06000464,read,0x20004020,1,0x0
12684,1207,master,0x06000464,read,0x20004020,1,0x0
12685,1207,master,0x06000464,read,0x20004020,1,0x0
12686,1207,master,0x06000464,read,0x20004020,1,0x0
12687,1207,master,0x06000464,read,0x20004020,1,0x1
12688,1207,master,0x0600046A,read,0x20004021,1,0x22
12689,1207,master,0x06000464,read,0x20004020,1,0x0
12690,1207,master,0x06000464,read,0x20004020,1,0x0
12691,1207,master,0x06000464,read,0x20004020,1,0x0
12692,1207,master,0x06000464,read,0x20004020,1,0x0
12693,1207,master,0x06000464,read,0x20004020,1,0x0
12694,1207,master,0x06000464,read,0x20004020,1,0x0
12695,1207,master,0x06000464,read,0x20004020,1,0x0
12696,1207,master,0x06000464,read,0x20004020,1,0x0
12697,1207,master,0x06000464,read,0x20004020,1,0x0
12698,1207,master,0x06000464,read,0x20004020,1,0x1
12699,1207,master,0x0600046A,read,0x20004021,1,0x22
12700,1207,master,0x06000464,read,0x20004020,1,0x0
12701,1207,master,0x06000464,read,0x20004020,1,0x0
12702,1207,master,0x06000464,read,0x20004020,1,0x0
12703,1207,master,0x06000464,read,0x20004020,1,0x0
12704,1207,master,0x06000464,read,0x20004020,1,0x0
12705,1207,master,0x06000464,read,0x20004020,1,0x0
12706,1207,master,0x06000464,read,0x20004020,1,0x0
12707,1207,master,0x06000464,read,0x20004020,1,0x0
12708,1207,master,0x06000464,read,0x20004020,1,0x0
12709,1207,master,0x06000464,read,0x20004020,1,0x1
12710,1207,master,0x0600046A,read,0x20004021,1,0x22
12711,1207,master,0x06000464,read,0x20004020,1,0x0
12712,1207,master,0x06000464,read,0x20004020,1,0x0
12713,1207,master,0x06000464,read,0x20004020,1,0x0
12714,1207,master,0x06000464,read,0x20004020,1,0x0
12715,1207,master,0x06000464,read,0x20004020,1,0x0
12716,1207,master,0x06000464,read,0x20004020,1,0x0
12717,1207,master,0x06000464,read,0x20004020,1,0x0
12718,1207,master,0x06000464,read,0x20004020,1,0x0
12719,1207,master,0x06000464,read,0x20004020,1,0x0
12720,1207,master,0x06000464,read,0x20004020,1,0x1
12721,1207,master,0x0600046A,read,0x20004021,1,0x22
12722,1207,master,0x06000464,read,0x20004020,1,0x0
12723,1207,master,0x06000464,read,0x20004020,1,0x0
12724,1207,master,0x06000464,read,0x20004020,1,0x0
12725,1207,master,0x06000464,read,0x20004020,1,0x0
12726,1207,master,0x06000464,read,0x20004020,1,0x0
12727,1207,master,0x06000464,read,0x20004020,1,0x0
12728,1207,master,0x06000464,read,0x20004020,1,0x0
12729,1207,master,0x06000464,read,0x20004020,1,0x0
12730,1207,master,0x06000464,read,0x20004020,1,0x0
12731,1207,master,0x06000464,read,0x20004020,1,0x1
12732,1207,master,0x0600046A,read,0x20004021,1,0x22
12733,1207,master,0x06000464,read,0x20004020,1,0x0
12734,1207,master,0x06000464,read,0x20004020,1,0x0
12735,1207,master,0x06000464,read,0x20004020,1,0x0
12736,1207,master,0x06000464,read,0x20004020,1,0x0
12737,1207,master,0x06000464,read,0x20004020,1,0x0
12738,1207,master,0x06000464,read,0x20004020,1,0x0
12739,1207,master,0x06000464,read,0x20004020,1,0x0
12740,1207,master,0x06000464,read,0x20004020,1,0x0
12741,1207,master,0x06000464,read,0x20004020,1,0x0
12742,1207,master,0x06000464,read,0x20004020,1,0x1
12743,1207,master,0x0600046A,read,0x20004021,1,0x22
12744,1207,master,0x06000464,read,0x20004020,1,0x0
12745,1207,master,0x06000464,read,0x20004020,1,0x0
12746,1207,master,0x06000464,read,0x20004020,1,0x0
12747,1207,master,0x06000464,read,0x20004020,1,0x0
12748,1207,master,0x06000464,read,0x20004020,1,0x0
12749,1207,master,0x06000464,read,0x20004020,1,0x0
12750,1207,master,0x06000464,read,0x20004020,1,0x0
12751,1207,master,0x06000464,read,0x20004020,1,0x0
12752,1207,master,0x06000464,read,0x20004020,1,0x0
12753,1207,master,0x06000464,read,0x20004020,1,0x1
12754,1207,master,0x0600046A,read,0x20004021,1,0x22
12755,1207,master,0x06000464,read,0x20004020,1,0x0
12756,1207,master,0x06000464,read,0x20004020,1,0x0
12757,1207,master,0x06000464,read,0x20004020,1,0x0
12758,1207,master,0x06000464,read,0x20004020,1,0x0
12759,1207,master,0x06000464,read,0x20004020,1,0x0
12760,1207,master,0x06000464,read,0x20004020,1,0x0
12761,1207,master,0x06000464,read,0x20004020,1,0x0
12762,1207,master,0x06000464,read,0x20004020,1,0x0
12763,1207,master,0x06000464,read,0x20004020,1,0x0
12764,1207,master,0x06000464,read,0x20004020,1,0x1
12765,1207,master,0x0600046A,read,0x20004021,1,0x2B
12766,1209,master,0x06000464,read,0x20004020,1,0x0
12767,1209,master,0x06000464,read,0x20004020,1,0x0
12768,1209,master,0x06000464,read,0x20004020,1,0x0
12769,1209,master,0x06000464,read,0x20004020,1,0x0
12770,1209,master,0x06000464,read,0x20004020,1,0x0
12771,1209,master,0x06000464,read,0x20004020,1,0x0
12772,1209,master,0x06000464,read,0x20004020,1,0x0
12773,1209,master,0x06000464,read,0x20004020,1,0x0
12774,1209,master,0x06000464,read,0x20004020,1,0x0
12775,1209,master,0x06000464,read,0x20004020,1,0x0
12776,1209,master,0x06000464,read,0x20004020,1,0x1
12777,1209,master,0x0600046A,read,0x20004021,1,0x22
12778,1209,master,0x06000464,read,0x20004020,1,0x0
12779,1209,master,0x06000464,read,0x20004020,1,0x0
12780,1209,master,0x06000464,read,0x20004020,1,0x0
12781,1209,master,0x06000464,read,0x20004020,1,0x0
12782,1209,master,0x06000464,read,0x20004020,1,0x0
12783,1209,master,0x06000464,read,0x20004020,1,0x0
12784,1209,master,0x06000464,read,0x20004020,1,0x0
12785,1209,master,0x06000464,read,0x20004020,1,0x0
12786,1209,master,0x06000464,read,0x20004020,1,0x0
12787,1209,master,0x06000464,read,0x20004020,1,0x1
12788,1209,master,0x0600046A,read,0x20004021,1,0x22
12789,1209,master,0x06000464,read,0x20004020,1,0x0
12790,1209,master,0x06000464,read,0x20004020,1,0x0
12791,1209,master,0x06000464,read,0x20004020,1,0x0
12792,1209,master,0x06000464,read,0x20004020,1,0x0
12793,1209,master,0x06000464,read,0x20004020,1,0x0
12794,1209,master,0x06000464,read,0x20004020,1,0x0
12795,1209,master,0x06000464,read,0x20004020,1,0x0
12796,1209,master,0x06000464,read,0x20004020,1,0x0
12797,1209,master,0x06000464,read,0x20004020,1,0x0
12798,1209,master,0x06000464,read,0x20004020,1,0x1
12799,1209,master,0x0600046A,read,0x20004021,1,0x22
12800,1210,master,0x06000464,read,0x20004020,1,0x0
12801,1210,master,0x06000464,read,0x20004020,1,0x0
12802,1210,master,0x06000464,read,0x20004020,1,0x0
12803,1210,master,0x06000464,read,0x20004020,1,0x0
12804,1210,master,0x06000464,read,0x20004020,1,0x0
12805,1210,master,0x06000464,read,0x20004020,1,0x0
12806,1210,master,0x06000464,read,0x20004020,1,0x0
12807,1210,master,0x06000464,read,0x20004020,1,0x0
12808,1210,master,0x06000464,read,0x20004020,1,0x0
12809,1210,master,0x06000464,read,0x20004020,1,0x1
12810,1210,master,0x0600046A,read,0x20004021,1,0x22
12811,1210,master,0x06000464,read,0x20004020,1,0x0
12812,1210,master,0x06000464,read,0x20004020,1,0x0
12813,1210,master,0x06000464,read,0x20004020,1,0x0
12814,1210,master,0x06000464,read,0x20004020,1,0x0
12815,1210,master,0x06000464,read,0x20004020,1,0x0
12816,1210,master,0x06000464,read,0x20004020,1,0x0
12817,1210,master,0x06000464,read,0x20004020,1,0x0
12818,1210,master,0x06000464,read,0x20004020,1,0x0
12819,1210,master,0x06000464,read,0x20004020,1,0x0
12820,1210,master,0x06000464,read,0x20004020,1,0x1
12821,1210,master,0x0600046A,read,0x20004021,1,0x22
12822,1210,master,0x06000464,read,0x20004020,1,0x0
12823,1210,master,0x06000464,read,0x20004020,1,0x0
12824,1210,master,0x06000464,read,0x20004020,1,0x0
12825,1210,master,0x06000464,read,0x20004020,1,0x0
12826,1210,master,0x06000464,read,0x20004020,1,0x0
12827,1210,master,0x06000464,read,0x20004020,1,0x0
12828,1210,master,0x06000464,read,0x20004020,1,0x0
12829,1210,master,0x06000464,read,0x20004020,1,0x0
12830,1210,master,0x06000464,read,0x20004020,1,0x0
12831,1210,master,0x06000464,read,0x20004020,1,0x1
12832,1210,master,0x0600046A,read,0x20004021,1,0x22
12833,1210,master,0x06000464,read,0x20004020,1,0x0
12834,1210,master,0x06000464,read,0x20004020,1,0x0
12835,1210,master,0x06000464,read,0x20004020,1,0x0
12836,1210,master,0x06000464,read,0x20004020,1,0x0
12837,1210,master,0x06000464,read,0x20004020,1,0x0
12838,1210,master,0x06000464,read,0x20004020,1,0x0
12839,1210,master,0x06000464,read,0x20004020,1,0x0
12840,1210,master,0x06000464,read,0x20004020,1,0x0
12841,1210,master,0x06000464,read,0x20004020,1,0x0
12842,1210,master,0x06000464,read,0x20004020,1,0x1
12843,1210,master,0x0600046A,read,0x20004021,1,0x22
12844,1210,master,0x06000464,read,0x20004020,1,0x0
12845,1210,master,0x06000464,read,0x20004020,1,0x0
12846,1210,master,0x06000464,read,0x20004020,1,0x0
12847,1210,master,0x06000464,read,0x20004020,1,0x0
12848,1210,master,0x06000464,read,0x20004020,1,0x0
12849,1210,master,0x06000464,read,0x20004020,1,0x0
12850,1210,master,0x06000464,read,0x20004020,1,0x0
12851,1210,master,0x06000464,read,0x20004020,1,0x0
12852,1210,master,0x06000464,read,0x20004020,1,0x0
12853,1210,master,0x06000464,read,0x20004020,1,0x0
12854,1210,master,0x06000464,read,0x20004020,1,0x1
12855,1210,master,0x0600046A,read,0x20004021,1,0x22
12856,1210,master,0x06000464,read,0x20004020,1,0x0
12857,1210,master,0x06000464,read,0x20004020,1,0x0
12858,1210,master,0x06000464,read,0x20004020,1,0x0
12859,1210,master,0x06000464,read,0x20004020,1,0x0
12860,1210,master,0x06000464,read,0x20004020,1,0x0
12861,1210,master,0x06000464,read,0x20004020,1,0x0
12862,1210,master,0x06000464,read,0x20004020,1,0x0
12863,1210,master,0x06000464,read,0x20004020,1,0x0
12864,1210,master,0x06000464,read,0x20004020,1,0x0
12865,1210,master,0x06000464,read,0x20004020,1,0x1
12866,1210,master,0x0600046A,read,0x20004021,1,0x22
12867,1210,master,0x06000464,read,0x20004020,1,0x0
12868,1210,master,0x06000464,read,0x20004020,1,0x0
12869,1210,master,0x06000464,read,0x20004020,1,0x0
12870,1210,master,0x06000464,read,0x20004020,1,0x0
12871,1210,master,0x06000464,read,0x20004020,1,0x0
12872,1210,master,0x06000464,read,0x20004020,1,0x0
12873,1210,master,0x06000464,read,0x20004020,1,0x0
12874,1210,master,0x06000464,read,0x20004020,1,0x0
12875,1210,master,0x06000464,read,0x20004020,1,0x0
12876,1210,master,0x06000464,read,0x20004020,1,0x1
12877,1210,master,0x0600046A,read,0x20004021,1,0x22
12878,1210,master,0x06000464,read,0x20004020,1,0x0
12879,1210,master,0x06000464,read,0x20004020,1,0x0
12880,1210,master,0x06000464,read,0x20004020,1,0x0
12881,1210,master,0x06000464,read,0x20004020,1,0x0
12882,1210,master,0x06000464,read,0x20004020,1,0x0
12883,1210,master,0x06000464,read,0x20004020,1,0x0
12884,1210,master,0x06000464,read,0x20004020,1,0x0
12885,1210,master,0x06000464,read,0x20004020,1,0x0
12886,1210,master,0x06000464,read,0x20004020,1,0x0
12887,1210,master,0x06000464,read,0x20004020,1,0x1
12888,1210,master,0x0600046A,read,0x20004021,1,0x22
12889,1210,master,0x06000464,read,0x20004020,1,0x0
12890,1210,master,0x06000464,read,0x20004020,1,0x0
12891,1210,master,0x06000464,read,0x20004020,1,0x0
12892,1210,master,0x06000464,read,0x20004020,1,0x0
12893,1210,master,0x06000464,read,0x20004020,1,0x0
12894,1210,master,0x06000464,read,0x20004020,1,0x0
12895,1210,master,0x06000464,read,0x20004020,1,0x0
12896,1210,master,0x06000464,read,0x20004020,1,0x0
12897,1210,master,0x06000464,read,0x20004020,1,0x0
12898,1210,master,0x06000464,read,0x20004020,1,0x1
12899,1210,master,0x0600046A,read,0x20004021,1,0x22
12900,1210,master,0x06000464,read,0x20004020,1,0x0
12901,1210,master,0x06000464,read,0x20004020,1,0x0
12902,1210,master,0x06000464,read,0x20004020,1,0x0
12903,1210,master,0x06000464,read,0x20004020,1,0x0
12904,1210,master,0x06000464,read,0x20004020,1,0x0
12905,1210,master,0x06000464,read,0x20004020,1,0x0
12906,1210,master,0x06000464,read,0x20004020,1,0x0
12907,1210,master,0x06000464,read,0x20004020,1,0x0
12908,1210,master,0x06000464,read,0x20004020,1,0x0
12909,1210,master,0x06000464,read,0x20004020,1,0x1
12910,1210,master,0x0600046A,read,0x20004021,1,0x22
12911,1210,master,0x06000464,read,0x20004020,1,0x0
12912,1210,master,0x06000464,read,0x20004020,1,0x0
12913,1210,master,0x06000464,read,0x20004020,1,0x0
12914,1210,master,0x06000464,read,0x20004020,1,0x0
12915,1210,master,0x06000464,read,0x20004020,1,0x0
12916,1210,master,0x06000464,read,0x20004020,1,0x0
12917,1210,master,0x06000464,read,0x20004020,1,0x0
12918,1210,master,0x06000464,read,0x20004020,1,0x0
12919,1210,master,0x06000464,read,0x20004020,1,0x0
12920,1210,master,0x06000464,read,0x20004020,1,0x1
12921,1210,master,0x0600046A,read,0x20004021,1,0x22
12922,1210,master,0x06000464,read,0x20004020,1,0x0
12923,1210,master,0x06000464,read,0x20004020,1,0x0
12924,1210,master,0x06000464,read,0x20004020,1,0x0
12925,1210,master,0x06000464,read,0x20004020,1,0x0
12926,1210,master,0x06000464,read,0x20004020,1,0x0
12927,1210,master,0x06000464,read,0x20004020,1,0x0
12928,1210,master,0x06000464,read,0x20004020,1,0x0
12929,1210,master,0x06000464,read,0x20004020,1,0x0
12930,1210,master,0x06000464,read,0x20004020,1,0x0
12931,1210,master,0x06000464,read,0x20004020,1,0x1
12932,1210,master,0x0600046A,read,0x20004021,1,0x22
12933,1210,master,0x06000464,read,0x20004020,1,0x0
12934,1210,master,0x06000464,read,0x20004020,1,0x0
12935,1210,master,0x06000464,read,0x20004020,1,0x0
12936,1210,master,0x06000464,read,0x20004020,1,0x0
12937,1210,master,0x06000464,read,0x20004020,1,0x0
12938,1210,master,0x06000464,read,0x20004020,1,0x0
12939,1210,master,0x06000464,read,0x20004020,1,0x0
12940,1210,master,0x06000464,read,0x20004020,1,0x0
12941,1210,master,0x06000464,read,0x20004020,1,0x0
12942,1210,master,0x06000464,read,0x20004020,1,0x1
12943,1210,master,0x0600046A,read,0x20004021,1,0x22
12944,1210,master,0x06000464,read,0x20004020,1,0x0
12945,1210,master,0x06000464,read,0x20004020,1,0x0
12946,1210,master,0x06000464,read,0x20004020,1,0x0
12947,1210,master,0x06000464,read,0x20004020,1,0x0
12948,1210,master,0x06000464,read,0x20004020,1,0x0
12949,1210,master,0x06000464,read,0x20004020,1,0x0
12950,1210,master,0x06000464,read,0x20004020,1,0x0
12951,1210,master,0x06000464,read,0x20004020,1,0x0
12952,1210,master,0x06000464,read,0x20004020,1,0x0
12953,1210,master,0x06000464,read,0x20004020,1,0x1
12954,1210,master,0x0600046A,read,0x20004021,1,0x22
12955,1210,master,0x06000464,read,0x20004020,1,0x0
12956,1210,master,0x06000464,read,0x20004020,1,0x0
12957,1210,master,0x06000464,read,0x20004020,1,0x0
12958,1210,master,0x06000464,read,0x20004020,1,0x0
12959,1210,master,0x06000464,read,0x20004020,1,0x0
12960,1210,master,0x06000464,read,0x20004020,1,0x0
12961,1210,master,0x06000464,read,0x20004020,1,0x0
12962,1210,master,0x06000464,read,0x20004020,1,0x0
12963,1210,master,0x06000464,read,0x20004020,1,0x0
12964,1210,master,0x06000464,read,0x20004020,1,0x1
12965,1210,master,0x0600046A,read,0x20004021,1,0x22
12966,1210,master,0x06000464,read,0x20004020,1,0x0
12967,1210,master,0x06000464,read,0x20004020,1,0x0
12968,1210,master,0x06000464,read,0x20004020,1,0x0
12969,1210,master,0x06000464,read,0x20004020,1,0x0
12970,1210,master,0x06000464,read,0x20004020,1,0x0
12971,1210,master,0x06000464,read,0x20004020,1,0x0
12972,1210,master,0x06000464,read,0x20004020,1,0x0
12973,1210,master,0x06000464,read,0x20004020,1,0x0
12974,1210,master,0x06000464,read,0x20004020,1,0x0
12975,1210,master,0x06000464,read,0x20004020,1,0x1
12976,1210,master,0x0600046A,read,0x20004021,1,0x22
12977,1210,master,0x06000464,read,0x20004020,1,0x0
12978,1210,master,0x06000464,read,0x20004020,1,0x0
12979,1210,master,0x06000464,read,0x20004020,1,0x0
12980,1210,master,0x06000464,read,0x20004020,1,0x0
12981,1210,master,0x06000464,read,0x20004020,1,0x0
12982,1210,master,0x06000464,read,0x20004020,1,0x0
12983,1210,master,0x06000464,read,0x20004020,1,0x0
12984,1210,master,0x06000464,read,0x20004020,1,0x0
12985,1210,master,0x06000464,read,0x20004020,1,0x0
12986,1210,master,0x06000464,read,0x20004020,1,0x1
12987,1210,master,0x0600046A,read,0x20004021,1,0x2B
12988,1212,master,0x06000464,read,0x20004020,1,0x0
12989,1212,master,0x06000464,read,0x20004020,1,0x0
12990,1212,master,0x06000464,read,0x20004020,1,0x0
12991,1212,master,0x06000464,read,0x20004020,1,0x0
12992,1212,master,0x06000464,read,0x20004020,1,0x0
12993,1212,master,0x06000464,read,0x20004020,1,0x0
12994,1212,master,0x06000464,read,0x20004020,1,0x0
12995,1212,master,0x06000464,read,0x20004020,1,0x0
12996,1212,master,0x06000464,read,0x20004020,1,0x0
12997,1212,master,0x06000464,read,0x20004020,1,0x0
12998,1212,master,0x06000464,read,0x20004020,1,0x1
12999,1212,master,0x0600046A,read,0x20004021,1,0x22
13000,1212,master,0x06000464,read,0x20004020,1,0x0
13001,1212,master,0x06000464,read,0x20004020,1,0x0
13002,1212,master,0x06000464,read,0x20004020,1,0x0
13003,1212,master,0x06000464,read,0x20004020,1,0x0
13004,1212,master,0x06000464,read,0x20004020,1,0x0
13005,1212,master,0x06000464,read,0x20004020,1,0x0
13006,1212,master,0x06000464,read,0x20004020,1,0x0
13007,1212,master,0x06000464,read,0x20004020,1,0x0
13008,1212,master,0x06000464,read,0x20004020,1,0x0
13009,1212,master,0x06000464,read,0x20004020,1,0x1
13010,1212,master,0x0600046A,read,0x20004021,1,0x22
13011,1213,master,0x06000464,read,0x20004020,1,0x0
13012,1213,master,0x06000464,read,0x20004020,1,0x0
13013,1213,master,0x06000464,read,0x20004020,1,0x0
13014,1213,master,0x06000464,read,0x20004020,1,0x0
13015,1213,master,0x06000464,read,0x20004020,1,0x0
13016,1213,master,0x06000464,read,0x20004020,1,0x0
13017,1213,master,0x06000464,read,0x20004020,1,0x0
13018,1213,master,0x06000464,read,0x20004020,1,0x0
13019,1213,master,0x06000464,read,0x20004020,1,0x0
13020,1213,master,0x06000464,read,0x20004020,1,0x1
13021,1213,master,0x0600046A,read,0x20004021,1,0x22
13022,1213,master,0x06000464,read,0x20004020,1,0x0
13023,1213,master,0x06000464,read,0x20004020,1,0x0
13024,1213,master,0x06000464,read,0x20004020,1,0x0
13025,1213,master,0x06000464,read,0x20004020,1,0x0
13026,1213,master,0x06000464,read,0x20004020,1,0x0
13027,1213,master,0x06000464,read,0x20004020,1,0x0
13028,1213,master,0x06000464,read,0x20004020,1,0x0
13029,1213,master,0x06000464,read,0x20004020,1,0x0
13030,1213,master,0x06000464,read,0x20004020,1,0x0
13031,1213,master,0x06000464,read,0x20004020,1,0x1
13032,1213,master,0x0600046A,read,0x20004021,1,0x22
13033,1213,master,0x06000464,read,0x20004020,1,0x0
13034,1213,master,0x06000464,read,0x20004020,1,0x0
13035,1213,master,0x06000464,read,0x20004020,1,0x0
13036,1213,master,0x06000464,read,0x20004020,1,0x0
13037,1213,master,0x06000464,read,0x20004020,1,0x0
13038,1213,master,0x06000464,read,0x20004020,1,0x0
13039,1213,master,0x06000464,read,0x20004020,1,0x0
13040,1213,master,0x06000464,read,0x20004020,1,0x0
13041,1213,master,0x06000464,read,0x20004020,1,0x0
13042,1213,master,0x06000464,read,0x20004020,1,0x1
13043,1213,master,0x0600046A,read,0x20004021,1,0x22
13044,1213,master,0x06000464,read,0x20004020,1,0x0
13045,1213,master,0x06000464,read,0x20004020,1,0x0
13046,1213,master,0x06000464,read,0x20004020,1,0x0
13047,1213,master,0x06000464,read,0x20004020,1,0x0
13048,1213,master,0x06000464,read,0x20004020,1,0x0
13049,1213,master,0x06000464,read,0x20004020,1,0x0
13050,1213,master,0x06000464,read,0x20004020,1,0x0
13051,1213,master,0x06000464,read,0x20004020,1,0x0
13052,1213,master,0x06000464,read,0x20004020,1,0x0
13053,1213,master,0x06000464,read,0x20004020,1,0x1
13054,1213,master,0x0600046A,read,0x20004021,1,0x22
13055,1213,master,0x06000464,read,0x20004020,1,0x0
13056,1213,master,0x06000464,read,0x20004020,1,0x0
13057,1213,master,0x06000464,read,0x20004020,1,0x0
13058,1213,master,0x06000464,read,0x20004020,1,0x0
13059,1213,master,0x06000464,read,0x20004020,1,0x0
13060,1213,master,0x06000464,read,0x20004020,1,0x0
13061,1213,master,0x06000464,read,0x20004020,1,0x0
13062,1213,master,0x06000464,read,0x20004020,1,0x0
13063,1213,master,0x06000464,read,0x20004020,1,0x0
13064,1213,master,0x06000464,read,0x20004020,1,0x1
13065,1213,master,0x0600046A,read,0x20004021,1,0x22
13066,1213,master,0x06000464,read,0x20004020,1,0x0
13067,1213,master,0x06000464,read,0x20004020,1,0x0
13068,1213,master,0x06000464,read,0x20004020,1,0x0
13069,1213,master,0x06000464,read,0x20004020,1,0x0
13070,1213,master,0x06000464,read,0x20004020,1,0x0
13071,1213,master,0x06000464,read,0x20004020,1,0x0
13072,1213,master,0x06000464,read,0x20004020,1,0x0
13073,1213,master,0x06000464,read,0x20004020,1,0x0
13074,1213,master,0x06000464,read,0x20004020,1,0x0
13075,1213,master,0x06000464,read,0x20004020,1,0x1
13076,1213,master,0x0600046A,read,0x20004021,1,0x22
13077,1213,master,0x06000464,read,0x20004020,1,0x0
13078,1213,master,0x06000464,read,0x20004020,1,0x0
13079,1213,master,0x06000464,read,0x20004020,1,0x0
13080,1213,master,0x06000464,read,0x20004020,1,0x0
13081,1213,master,0x06000464,read,0x20004020,1,0x0
13082,1213,master,0x06000464,read,0x20004020,1,0x0
13083,1213,master,0x06000464,read,0x20004020,1,0x0
13084,1213,master,0x06000464,read,0x20004020,1,0x0
13085,1213,master,0x06000464,read,0x20004020,1,0x0
13086,1213,master,0x06000464,read,0x20004020,1,0x1
13087,1213,master,0x0600046A,read,0x20004021,1,0x22
13088,1213,master,0x06000464,read,0x20004020,1,0x0
13089,1213,master,0x06000464,read,0x20004020,1,0x0
13090,1213,master,0x06000464,read,0x20004020,1,0x0
13091,1213,master,0x06000464,read,0x20004020,1,0x0
13092,1213,master,0x06000464,read,0x20004020,1,0x0
13093,1213,master,0x06000464,read,0x20004020,1,0x0
13094,1213,master,0x06000464,read,0x20004020,1,0x0
13095,1213,master,0x06000464,read,0x20004020,1,0x0
13096,1213,master,0x06000464,read,0x20004020,1,0x0
13097,1213,master,0x06000464,read,0x20004020,1,0x1
13098,1213,master,0x0600046A,read,0x20004021,1,0x22
13099,1213,master,0x06000464,read,0x20004020,1,0x0
13100,1213,master,0x06000464,read,0x20004020,1,0x0
13101,1213,master,0x06000464,read,0x20004020,1,0x0
13102,1213,master,0x06000464,read,0x20004020,1,0x0
13103,1213,master,0x06000464,read,0x20004020,1,0x0
13104,1213,master,0x06000464,read,0x20004020,1,0x0
13105,1213,master,0x06000464,read,0x20004020,1,0x0
13106,1213,master,0x06000464,read,0x20004020,1,0x0
13107,1213,master,0x06000464,read,0x20004020,1,0x0
13108,1213,master,0x06000464,read,0x20004020,1,0x1
13109,1213,master,0x0600046A,read,0x20004021,1,0x22
13110,1213,master,0x06000464,read,0x20004020,1,0x0
13111,1213,master,0x06000464,read,0x20004020,1,0x0
13112,1213,master,0x06000464,read,0x20004020,1,0x0
13113,1213,master,0x06000464,read,0x20004020,1,0x0
13114,1213,master,0x06000464,read,0x20004020,1,0x0
13115,1213,master,0x06000464,read,0x20004020,1,0x0
13116,1213,master,0x06000464,read,0x20004020,1,0x0
13117,1213,master,0x06000464,read,0x20004020,1,0x0
13118,1213,master,0x06000464,read,0x20004020,1,0x0
13119,1213,master,0x06000464,read,0x20004020,1,0x1
13120,1213,master,0x0600046A,read,0x20004021,1,0x22
13121,1213,master,0x06000464,read,0x20004020,1,0x0
13122,1213,master,0x06000464,read,0x20004020,1,0x0
13123,1213,master,0x06000464,read,0x20004020,1,0x0
13124,1213,master,0x06000464,read,0x20004020,1,0x0
13125,1213,master,0x06000464,read,0x20004020,1,0x0
13126,1213,master,0x06000464,read,0x20004020,1,0x0
13127,1213,master,0x06000464,read,0x20004020,1,0x0
13128,1213,master,0x06000464,read,0x20004020,1,0x0
13129,1213,master,0x06000464,read,0x20004020,1,0x0
13130,1213,master,0x06000464,read,0x20004020,1,0x1
13131,1213,master,0x0600046A,read,0x20004021,1,0x22
13132,1213,master,0x06000464,read,0x20004020,1,0x0
13133,1213,master,0x06000464,read,0x20004020,1,0x0
13134,1213,master,0x06000464,read,0x20004020,1,0x0
13135,1213,master,0x06000464,read,0x20004020,1,0x0
13136,1213,master,0x06000464,read,0x20004020,1,0x0
13137,1213,master,0x06000464,read,0x20004020,1,0x0
13138,1213,master,0x06000464,read,0x20004020,1,0x0
13139,1213,master,0x06000464,read,0x20004020,1,0x0
13140,1213,master,0x06000464,read,0x20004020,1,0x0
13141,1213,master,0x06000464,read,0x20004020,1,0x1
13142,1213,master,0x0600046A,read,0x20004021,1,0x22
13143,1213,master,0x06000464,read,0x20004020,1,0x0
13144,1213,master,0x06000464,read,0x20004020,1,0x0
13145,1213,master,0x06000464,read,0x20004020,1,0x0
13146,1213,master,0x06000464,read,0x20004020,1,0x0
13147,1213,master,0x06000464,read,0x20004020,1,0x0
13148,1213,master,0x06000464,read,0x20004020,1,0x0
13149,1213,master,0x06000464,read,0x20004020,1,0x0
13150,1213,master,0x06000464,read,0x20004020,1,0x0
13151,1213,master,0x06000464,read,0x20004020,1,0x0
13152,1213,master,0x06000464,read,0x20004020,1,0x1
13153,1213,master,0x0600046A,read,0x20004021,1,0x22
13154,1213,master,0x06000464,read,0x20004020,1,0x0
13155,1213,master,0x06000464,read,0x20004020,1,0x0
13156,1213,master,0x06000464,read,0x20004020,1,0x0
13157,1213,master,0x06000464,read,0x20004020,1,0x0
13158,1213,master,0x06000464,read,0x20004020,1,0x0
13159,1213,master,0x06000464,read,0x20004020,1,0x0
13160,1213,master,0x06000464,read,0x20004020,1,0x0
13161,1213,master,0x06000464,read,0x20004020,1,0x0
13162,1213,master,0x06000464,read,0x20004020,1,0x0
13163,1213,master,0x06000464,read,0x20004020,1,0x1
13164,1213,master,0x0600046A,read,0x20004021,1,0x22
13165,1213,master,0x06000464,read,0x20004020,1,0x0
13166,1213,master,0x06000464,read,0x20004020,1,0x0
13167,1213,master,0x06000464,read,0x20004020,1,0x0
13168,1213,master,0x06000464,read,0x20004020,1,0x0
13169,1213,master,0x06000464,read,0x20004020,1,0x0
13170,1213,master,0x06000464,read,0x20004020,1,0x0
13171,1213,master,0x06000464,read,0x20004020,1,0x0
13172,1213,master,0x06000464,read,0x20004020,1,0x0
13173,1213,master,0x06000464,read,0x20004020,1,0x0
13174,1213,master,0x06000464,read,0x20004020,1,0x1
13175,1213,master,0x0600046A,read,0x20004021,1,0x22
13176,1213,master,0x06000464,read,0x20004020,1,0x0
13177,1213,master,0x06000464,read,0x20004020,1,0x0
13178,1213,master,0x06000464,read,0x20004020,1,0x0
13179,1213,master,0x06000464,read,0x20004020,1,0x0
13180,1213,master,0x06000464,read,0x20004020,1,0x0
13181,1213,master,0x06000464,read,0x20004020,1,0x0
13182,1213,master,0x06000464,read,0x20004020,1,0x0
13183,1213,master,0x06000464,read,0x20004020,1,0x0
13184,1213,master,0x06000464,read,0x20004020,1,0x0
13185,1213,master,0x06000464,read,0x20004020,1,0x1
13186,1213,master,0x0600046A,read,0x20004021,1,0x22
13187,1213,master,0x06000464,read,0x20004020,1,0x0
13188,1213,master,0x06000464,read,0x20004020,1,0x0
13189,1213,master,0x06000464,read,0x20004020,1,0x0
13190,1213,master,0x06000464,read,0x20004020,1,0x0
13191,1213,master,0x06000464,read,0x20004020,1,0x0
13192,1213,master,0x06000464,read,0x20004020,1,0x0
13193,1213,master,0x06000464,read,0x20004020,1,0x0
13194,1213,master,0x06000464,read,0x20004020,1,0x0
13195,1213,master,0x06000464,read,0x20004020,1,0x0
13196,1213,master,0x06000464,read,0x20004020,1,0x1
13197,1213,master,0x0600046A,read,0x20004021,1,0x22
13198,1213,master,0x06000464,read,0x20004020,1,0x0
13199,1213,master,0x06000464,read,0x20004020,1,0x0
13200,1213,master,0x06000464,read,0x20004020,1,0x0
13201,1213,master,0x06000464,read,0x20004020,1,0x0
13202,1213,master,0x06000464,read,0x20004020,1,0x0
13203,1213,master,0x06000464,read,0x20004020,1,0x0
13204,1213,master,0x06000464,read,0x20004020,1,0x0
13205,1213,master,0x06000464,read,0x20004020,1,0x0
13206,1213,master,0x06000464,read,0x20004020,1,0x0
13207,1214,master,0x06000464,read,0x20004020,1,0x1
13208,1214,master,0x0600046A,read,0x20004021,1,0x2B
13209,1215,master,0x06000464,read,0x20004020,1,0x0
13210,1215,master,0x06000464,read,0x20004020,1,0x0
13211,1215,master,0x06000464,read,0x20004020,1,0x0
13212,1215,master,0x06000464,read,0x20004020,1,0x0
13213,1215,master,0x06000464,read,0x20004020,1,0x0
13214,1215,master,0x06000464,read,0x20004020,1,0x0
13215,1215,master,0x06000464,read,0x20004020,1,0x0
13216,1215,master,0x06000464,read,0x20004020,1,0x0
13217,1215,master,0x06000464,read,0x20004020,1,0x0
13218,1215,master,0x06000464,read,0x20004020,1,0x0
13219,1215,master,0x06000464,read,0x20004020,1,0x1
13220,1215,master,0x0600046A,read,0x20004021,1,0x22
13221,1215,master,0x06000464,read,0x20004020,1,0x0
13222,1215,master,0x06000464,read,0x20004020,1,0x0
13223,1215,master,0x06000464,read,0x20004020,1,0x0
13224,1215,master,0x06000464,read,0x20004020,1,0x0
13225,1215,master,0x06000464,read,0x20004020,1,0x0
13226,1215,master,0x06000464,read,0x20004020,1,0x0
13227,1215,master,0x06000464,read,0x20004020,1,0x0
13228,1215,master,0x06000464,read,0x20004020,1,0x0
13229,1215,master,0x06000464,read,0x20004020,1,0x0
13230,1215,master,0x06000464,read,0x20004020,1,0x1
13231,1215,master,0x0600046A,read,0x20004021,1,0x22
13232,1215,master,0x06000464,read,0x20004020,1,0x0
13233,1215,master,0x06000464,read,0x20004020,1,0x0
13234,1215,master,0x06000464,read,0x20004020,1,0x0
13235,1215,master,0x06000464,read,0x20004020,1,0x0
13236,1215,master,0x06000464,read,0x20004020,1,0x0
13237,1215,master,0x06000464,read,0x20004020,1,0x0
13238,1215,master,0x06000464,read,0x20004020,1,0x0
13239,1215,master,0x06000464,read,0x20004020,1,0x0
13240,1215,master,0x06000464,read,0x20004020,1,0x0
13241,1215,master,0x06000464,read,0x20004020,1,0x1
13242,1215,master,0x0600046A,read,0x20004021,1,0x22
13243,1216,master,0x06000464,read,0x20004020,1,0x0
13244,1216,master,0x06000464,read,0x20004020,1,0x0
13245,1216,master,0x06000464,read,0x20004020,1,0x0
13246,1216,master,0x06000464,read,0x20004020,1,0x0
13247,1216,master,0x06000464,read,0x20004020,1,0x0
13248,1216,master,0x06000464,read,0x20004020,1,0x0
13249,1216,master,0x06000464,read,0x20004020,1,0x0
13250,1216,master,0x06000464,read,0x20004020,1,0x0
13251,1216,master,0x06000464,read,0x20004020,1,0x0
13252,1216,master,0x06000464,read,0x20004020,1,0x1
13253,1216,master,0x0600046A,read,0x20004021,1,0x22
13254,1216,master,0x06000464,read,0x20004020,1,0x0
13255,1216,master,0x06000464,read,0x20004020,1,0x0
13256,1216,master,0x06000464,read,0x20004020,1,0x0
13257,1216,master,0x06000464,read,0x20004020,1,0x0
13258,1216,master,0x06000464,read,0x20004020,1,0x0
13259,1216,master,0x06000464,read,0x20004020,1,0x0
13260,1216,master,0x06000464,read,0x20004020,1,0x0
13261,1216,master,0x06000464,read,0x20004020,1,0x0
13262,1216,master,0x06000464,read,0x20004020,1,0x0
13263,1216,master,0x06000464,read,0x20004020,1,0x1
13264,1216,master,0x0600046A,read,0x20004021,1,0x22
13265,1216,master,0x06000464,read,0x20004020,1,0x0
13266,1216,master,0x06000464,read,0x20004020,1,0x0
13267,1216,master,0x06000464,read,0x20004020,1,0x0
13268,1216,master,0x06000464,read,0x20004020,1,0x0
13269,1216,master,0x06000464,read,0x20004020,1,0x0
13270,1216,master,0x06000464,read,0x20004020,1,0x0
13271,1216,master,0x06000464,read,0x20004020,1,0x0
13272,1216,master,0x06000464,read,0x20004020,1,0x0
13273,1216,master,0x06000464,read,0x20004020,1,0x0
13274,1216,master,0x06000464,read,0x20004020,1,0x1
13275,1216,master,0x0600046A,read,0x20004021,1,0x22
13276,1216,master,0x06000464,read,0x20004020,1,0x0
13277,1216,master,0x06000464,read,0x20004020,1,0x0
13278,1216,master,0x06000464,read,0x20004020,1,0x0
13279,1216,master,0x06000464,read,0x20004020,1,0x0
13280,1216,master,0x06000464,read,0x20004020,1,0x0
13281,1216,master,0x06000464,read,0x20004020,1,0x0
13282,1216,master,0x06000464,read,0x20004020,1,0x0
13283,1216,master,0x06000464,read,0x20004020,1,0x0
13284,1216,master,0x06000464,read,0x20004020,1,0x0
13285,1216,master,0x06000464,read,0x20004020,1,0x1
13286,1216,master,0x0600046A,read,0x20004021,1,0x22
13287,1216,master,0x06000464,read,0x20004020,1,0x0
13288,1216,master,0x06000464,read,0x20004020,1,0x0
13289,1216,master,0x06000464,read,0x20004020,1,0x0
13290,1216,master,0x06000464,read,0x20004020,1,0x0
13291,1216,master,0x06000464,read,0x20004020,1,0x0
13292,1216,master,0x06000464,read,0x20004020,1,0x0
13293,1216,master,0x06000464,read,0x20004020,1,0x0
13294,1216,master,0x06000464,read,0x20004020,1,0x0
13295,1216,master,0x06000464,read,0x20004020,1,0x0
13296,1216,master,0x06000464,read,0x20004020,1,0x1
13297,1216,master,0x0600046A,read,0x20004021,1,0x22
13298,1216,master,0x06000464,read,0x20004020,1,0x0
13299,1216,master,0x06000464,read,0x20004020,1,0x0
13300,1216,master,0x06000464,read,0x20004020,1,0x0
13301,1216,master,0x06000464,read,0x20004020,1,0x0
13302,1216,master,0x06000464,read,0x20004020,1,0x0
13303,1216,master,0x06000464,read,0x20004020,1,0x0
13304,1216,master,0x06000464,read,0x20004020,1,0x0
13305,1216,master,0x06000464,read,0x20004020,1,0x0
13306,1216,master,0x06000464,read,0x20004020,1,0x0
13307,1216,master,0x06000464,read,0x20004020,1,0x1
13308,1216,master,0x0600046A,read,0x20004021,1,0x22
13309,1216,master,0x06000464,read,0x20004020,1,0x0
13310,1216,master,0x06000464,read,0x20004020,1,0x0
13311,1216,master,0x06000464,read,0x20004020,1,0x0
13312,1216,master,0x06000464,read,0x20004020,1,0x0
13313,1216,master,0x06000464,read,0x20004020,1,0x0
13314,1216,master,0x06000464,read,0x20004020,1,0x0
13315,1216,master,0x06000464,read,0x20004020,1,0x0
13316,1216,master,0x06000464,read,0x20004020,1,0x0
13317,1216,master,0x06000464,read,0x20004020,1,0x0
13318,1216,master,0x06000464,read,0x20004020,1,0x1
13319,1216,master,0x0600046A,read,0x20004021,1,0x22
13320,1216,master,0x06000464,read,0x20004020,1,0x0
13321,1216,master,0x06000464,read,0x20004020,1,0x0
13322,1216,master,0x06000464,read,0x20004020,1,0x0
13323,1216,master,0x06000464,read,0x20004020,1,0x0
13324,1216,master,0x06000464,read,0x20004020,1,0x0
13325,1216,master,0x06000464,read,0x20004020,1,0x0
13326,1216,master,0x06000464,read,0x20004020,1,0x0
13327,1216,master,0x06000464,read,0x20004020,1,0x0
13328,1216,master,0x06000464,read,0x20004020,1,0x0
13329,1216,master,0x06000464,read,0x20004020,1,0x1
13330,1216,master,0x0600046A,read,0x20004021,1,0x22
13331,1216,master,0x06000464,read,0x20004020,1,0x0
13332,1216,master,0x06000464,read,0x20004020,1,0x0
13333,1216,master,0x06000464,read,0x20004020,1,0x0
13334,1216,master,0x06000464,read,0x20004020,1,0x0
13335,1216,master,0x06000464,read,0x20004020,1,0x0
13336,1216,master,0x06000464,read,0x20004020,1,0x0
13337,1216,master,0x06000464,read,0x20004020,1,0x0
13338,1216,master,0x06000464,read,0x20004020,1,0x0
13339,1216,master,0x06000464,read,0x20004020,1,0x0
13340,1216,master,0x06000464,read,0x20004020,1,0x1
13341,1216,master,0x0600046A,read,0x20004021,1,0x22
13342,1216,master,0x06000464,read,0x20004020,1,0x0
13343,1216,master,0x06000464,read,0x20004020,1,0x0
13344,1216,master,0x06000464,read,0x20004020,1,0x0
13345,1216,master,0x06000464,read,0x20004020,1,0x0
13346,1216,master,0x06000464,read,0x20004020,1,0x0
13347,1216,master,0x06000464,read,0x20004020,1,0x0
13348,1216,master,0x06000464,read,0x20004020,1,0x0
13349,1216,master,0x06000464,read,0x20004020,1,0x0
13350,1216,master,0x06000464,read,0x20004020,1,0x0
13351,1216,master,0x06000464,read,0x20004020,1,0x1
13352,1216,master,0x0600046A,read,0x20004021,1,0x22
13353,1216,master,0x06000464,read,0x20004020,1,0x0
13354,1216,master,0x06000464,read,0x20004020,1,0x0
13355,1216,master,0x06000464,read,0x20004020,1,0x0
13356,1216,master,0x06000464,read,0x20004020,1,0x0
13357,1216,master,0x06000464,read,0x20004020,1,0x0
13358,1216,master,0x06000464,read,0x20004020,1,0x0
13359,1216,master,0x06000464,read,0x20004020,1,0x0
13360,1216,master,0x06000464,read,0x20004020,1,0x0
13361,1216,master,0x06000464,read,0x20004020,1,0x0
13362,1216,master,0x06000464,read,0x20004020,1,0x1
13363,1216,master,0x0600046A,read,0x20004021,1,0x22
13364,1216,master,0x06000464,read,0x20004020,1,0x0
13365,1216,master,0x06000464,read,0x20004020,1,0x0
13366,1216,master,0x06000464,read,0x20004020,1,0x0
13367,1216,master,0x06000464,read,0x20004020,1,0x0
13368,1216,master,0x06000464,read,0x20004020,1,0x0
13369,1216,master,0x06000464,read,0x20004020,1,0x0
13370,1216,master,0x06000464,read,0x20004020,1,0x0
13371,1216,master,0x06000464,read,0x20004020,1,0x0
13372,1216,master,0x06000464,read,0x20004020,1,0x0
13373,1216,master,0x06000464,read,0x20004020,1,0x1
13374,1216,master,0x0600046A,read,0x20004021,1,0x22
13375,1216,master,0x06000464,read,0x20004020,1,0x0
13376,1216,master,0x06000464,read,0x20004020,1,0x0
13377,1216,master,0x06000464,read,0x20004020,1,0x0
13378,1216,master,0x06000464,read,0x20004020,1,0x0
13379,1216,master,0x06000464,read,0x20004020,1,0x0
13380,1216,master,0x06000464,read,0x20004020,1,0x0
13381,1216,master,0x06000464,read,0x20004020,1,0x0
13382,1216,master,0x06000464,read,0x20004020,1,0x0
13383,1216,master,0x06000464,read,0x20004020,1,0x0
13384,1216,master,0x06000464,read,0x20004020,1,0x1
13385,1216,master,0x0600046A,read,0x20004021,1,0x22
13386,1216,master,0x06000464,read,0x20004020,1,0x0
13387,1216,master,0x06000464,read,0x20004020,1,0x0
13388,1216,master,0x06000464,read,0x20004020,1,0x0
13389,1216,master,0x06000464,read,0x20004020,1,0x0
13390,1216,master,0x06000464,read,0x20004020,1,0x0
13391,1216,master,0x06000464,read,0x20004020,1,0x0
13392,1216,master,0x06000464,read,0x20004020,1,0x0
13393,1216,master,0x06000464,read,0x20004020,1,0x0
13394,1216,master,0x06000464,read,0x20004020,1,0x0
13395,1216,master,0x06000464,read,0x20004020,1,0x1
13396,1216,master,0x0600046A,read,0x20004021,1,0x22
13397,1216,master,0x06000464,read,0x20004020,1,0x0
13398,1216,master,0x06000464,read,0x20004020,1,0x0
13399,1216,master,0x06000464,read,0x20004020,1,0x0
13400,1216,master,0x06000464,read,0x20004020,1,0x0
13401,1216,master,0x06000464,read,0x20004020,1,0x0
13402,1216,master,0x06000464,read,0x20004020,1,0x0
13403,1216,master,0x06000464,read,0x20004020,1,0x0
13404,1216,master,0x06000464,read,0x20004020,1,0x0
13405,1216,master,0x06000464,read,0x20004020,1,0x0
13406,1216,master,0x06000464,read,0x20004020,1,0x1
13407,1216,master,0x0600046A,read,0x20004021,1,0x22
13408,1216,master,0x06000464,read,0x20004020,1,0x0
13409,1216,master,0x06000464,read,0x20004020,1,0x0
13410,1216,master,0x06000464,read,0x20004020,1,0x0
13411,1216,master,0x06000464,read,0x20004020,1,0x0
13412,1216,master,0x06000464,read,0x20004020,1,0x0
13413,1216,master,0x06000464,read,0x20004020,1,0x0
13414,1216,master,0x06000464,read,0x20004020,1,0x0
13415,1216,master,0x06000464,read,0x20004020,1,0x0
13416,1216,master,0x06000464,read,0x20004020,1,0x0
13417,1216,master,0x06000464,read,0x20004020,1,0x1
13418,1216,master,0x0600046A,read,0x20004021,1,0x22
13419,1216,master,0x06000464,read,0x20004020,1,0x0
13420,1216,master,0x06000464,read,0x20004020,1,0x0
13421,1216,master,0x06000464,read,0x20004020,1,0x0
13422,1216,master,0x06000464,read,0x20004020,1,0x0
13423,1216,master,0x06000464,read,0x20004020,1,0x0
13424,1216,master,0x06000464,read,0x20004020,1,0x0
13425,1216,master,0x06000464,read,0x20004020,1,0x0
13426,1216,master,0x06000464,read,0x20004020,1,0x0
13427,1216,master,0x06000464,read,0x20004020,1,0x0
13428,1216,master,0x06000464,read,0x20004020,1,0x1
13429,1216,master,0x0600046A,read,0x20004021,1,0x2B
13430,1218,master,0x06000464,read,0x20004020,1,0x0
13431,1218,master,0x06000464,read,0x20004020,1,0x0
13432,1218,master,0x06000464,read,0x20004020,1,0x0
13433,1218,master,0x06000464,read,0x20004020,1,0x0
13434,1218,master,0x06000464,read,0x20004020,1,0x0
13435,1218,master,0x06000464,read,0x20004020,1,0x0
13436,1218,master,0x06000464,read,0x20004020,1,0x0
13437,1218,master,0x06000464,read,0x20004020,1,0x0
13438,1218,master,0x06000464,read,0x20004020,1,0x0
13439,1218,master,0x06000464,read,0x20004020,1,0x0
13440,1218,master,0x06000464,read,0x20004020,1,0x1
13441,1218,master,0x0600046A,read,0x20004021,1,0x22
13442,1218,master,0x06000464,read,0x20004020,1,0x0
13443,1218,master,0x06000464,read,0x20004020,1,0x0
13444,1218,master,0x06000464,read,0x20004020,1,0x0
13445,1218,master,0x06000464,read,0x20004020,1,0x0
13446,1218,master,0x06000464,read,0x20004020,1,0x0
13447,1218,master,0x06000464,read,0x20004020,1,0x0
13448,1218,master,0x06000464,read,0x20004020,1,0x0
13449,1218,master,0x06000464,read,0x20004020,1,0x0
13450,1218,master,0x06000464,read,0x20004020,1,0x0
13451,1218,master,0x06000464,read,0x20004020,1,0x1
13452,1218,master,0x0600046A,read,0x20004021,1,0x22
13453,1219,master,0x06000464,read,0x20004020,1,0x0
13454,1219,master,0x06000464,read,0x20004020,1,0x0
13455,1219,master,0x06000464,read,0x20004020,1,0x0
13456,1219,master,0x06000464,read,0x20004020,1,0x0
13457,1219,master,0x06000464,read,0x20004020,1,0x0
13458,1219,master,0x06000464,read,0x20004020,1,0x0
13459,1219,master,0x06000464,read,0x20004020,1,0x0
13460,1219,master,0x06000464,read,0x20004020,1,0x0
13461,1219,master,0x06000464,read,0x20004020,1,0x0
13462,1219,master,0x06000464,read,0x20004020,1,0x1
13463,1219,master,0x0600046A,read,0x20004021,1,0x22
13464,1219,master,0x06000464,read,0x20004020,1,0x0
13465,1219,master,0x06000464,read,0x20004020,1,0x0
13466,1219,master,0x06000464,read,0x20004020,1,0x0
13467,1219,master,0x06000464,read,0x20004020,1,0x0
13468,1219,master,0x06000464,read,0x20004020,1,0x0
13469,1219,master,0x06000464,read,0x20004020,1,0x0
13470,1219,master,0x06000464,read,0x20004020,1,0x0
13471,1219,master,0x06000464,read,0x20004020,1,0x0
13472,1219,master,0x06000464,read,0x20004020,1,0x0
13473,1219,master,0x06000464,read,0x20004020,1,0x1
13474,1219,master,0x0600046A,read,0x20004021,1,0x22
13475,1219,master,0x06000464,read,0x20004020,1,0x0
13476,1219,master,0x06000464,read,0x20004020,1,0x0
13477,1219,master,0x06000464,read,0x20004020,1,0x0
13478,1219,master,0x06000464,read,0x20004020,1,0x0
13479,1219,master,0x06000464,read,0x20004020,1,0x0
13480,1219,master,0x06000464,read,0x20004020,1,0x0
13481,1219,master,0x06000464,read,0x20004020,1,0x0
13482,1219,master,0x06000464,read,0x20004020,1,0x0
13483,1219,master,0x06000464,read,0x20004020,1,0x0
13484,1219,master,0x06000464,read,0x20004020,1,0x1
13485,1219,master,0x0600046A,read,0x20004021,1,0x22
13486,1219,master,0x06000464,read,0x20004020,1,0x0
13487,1219,master,0x06000464,read,0x20004020,1,0x0
13488,1219,master,0x06000464,read,0x20004020,1,0x0
13489,1219,master,0x06000464,read,0x20004020,1,0x0
13490,1219,master,0x06000464,read,0x20004020,1,0x0
13491,1219,master,0x06000464,read,0x20004020,1,0x0
13492,1219,master,0x06000464,read,0x20004020,1,0x0
13493,1219,master,0x06000464,read,0x20004020,1,0x0
13494,1219,master,0x06000464,read,0x20004020,1,0x0
13495,1219,master,0x06000464,read,0x20004020,1,0x1
13496,1219,master,0x0600046A,read,0x20004021,1,0x22
13497,1219,master,0x06000464,read,0x20004020,1,0x0
13498,1219,master,0x06000464,read,0x20004020,1,0x0
13499,1219,master,0x06000464,read,0x20004020,1,0x0
13500,1219,master,0x06000464,read,0x20004020,1,0x0
13501,1219,master,0x06000464,read,0x20004020,1,0x0
13502,1219,master,0x06000464,read,0x20004020,1,0x0
13503,1219,master,0x06000464,read,0x20004020,1,0x0
13504,1219,master,0x06000464,read,0x20004020,1,0x0
13505,1219,master,0x06000464,read,0x20004020,1,0x0
13506,1219,master,0x06000464,read,0x20004020,1,0x1
13507,1219,master,0x0600046A,read,0x20004021,1,0x22
13508,1219,master,0x06000464,read,0x20004020,1,0x0
13509,1219,master,0x06000464,read,0x20004020,1,0x0
13510,1219,master,0x06000464,read,0x20004020,1,0x0
13511,1219,master,0x06000464,read,0x20004020,1,0x0
13512,1219,master,0x06000464,read,0x20004020,1,0x0
13513,1219,master,0x06000464,read,0x20004020,1,0x0
13514,1219,master,0x06000464,read,0x20004020,1,0x0
13515,1219,master,0x06000464,read,0x20004020,1,0x0
13516,1219,master,0x06000464,read,0x20004020,1,0x0
13517,1219,master,0x06000464,read,0x20004020,1,0x1
13518,1219,master,0x0600046A,read,0x20004021,1,0x22
13519,1219,master,0x06000464,read,0x20004020,1,0x0
13520,1219,master,0x06000464,read,0x20004020,1,0x0
13521,1219,master,0x06000464,read,0x20004020,1,0x0
13522,1219,master,0x06000464,read,0x20004020,1,0x0
13523,1219,master,0x06000464,read,0x20004020,1,0x0
13524,1219,master,0x06000464,read,0x20004020,1,0x0
13525,1219,master,0x06000464,read,0x20004020,1,0x0
13526,1219,master,0x06000464,read,0x20004020,1,0x0
13527,1219,master,0x06000464,read,0x20004020,1,0x0
13528,1219,master,0x06000464,read,0x20004020,1,0x1
13529,1219,master,0x0600046A,read,0x20004021,1,0x22
13530,1219,master,0x06000464,read,0x20004020,1,0x0
13531,1219,master,0x06000464,read,0x20004020,1,0x0
13532,1219,master,0x06000464,read,0x20004020,1,0x0
13533,1219,master,0x06000464,read,0x20004020,1,0x0
13534,1219,master,0x06000464,read,0x20004020,1,0x0
13535,1219,master,0x06000464,read,0x20004020,1,0x0
13536,1219,master,0x06000464,read,0x20004020,1,0x0
13537,1219,master,0x06000464,read,0x20004020,1,0x0
13538,1219,master,0x06000464,read,0x20004020,1,0x0
13539,1219,master,0x06000464,read,0x20004020,1,0x1
13540,1219,master,0x0600046A,read,0x20004021,1,0x22
13541,1219,master,0x06000464,read,0x20004020,1,0x0
13542,1219,master,0x06000464,read,0x20004020,1,0x0
13543,1219,master,0x06000464,read,0x20004020,1,0x0
13544,1219,master,0x06000464,read,0x20004020,1,0x0
13545,1219,master,0x06000464,read,0x20004020,1,0x0
13546,1219,master,0x06000464,read,0x20004020,1,0x0
13547,1219,master,0x06000464,read,0x20004020,1,0x0
13548,1219,master,0x06000464,read,0x20004020,1,0x0
13549,1219,master,0x06000464,read,0x20004020,1,0x0
13550,1219,master,0x06000464,read,0x20004020,1,0x1
13551,1219,master,0x0600046A,read,0x20004021,1,0x22
13552,1219,master,0x06000464,read,0x20004020,1,0x0
13553,1219,master,0x06000464,read,0x20004020,1,0x0
13554,1219,master,0x06000464,read,0x20004020,1,0x0
13555,1219,master,0x06000464,read,0x20004020,1,0x0
13556,1219,master,0x06000464,read,0x20004020,1,0x0
13557,1219,master,0x06000464,read,0x20004020,1,0x0
13558,1219,master,0x06000464,read,0x20004020,1,0x0
13559,1219,master,0x06000464,read,0x20004020,1,0x0
13560,1219,master,0x06000464,read,0x20004020,1,0x0
13561,1219,master,0x06000464,read,0x20004020,1,0x1
13562,1219,master,0x0600046A,read,0x20004021,1,0x22
13563,1219,master,0x06000464,read,0x20004020,1,0x0
13564,1219,master,0x06000464,read,0x20004020,1,0x0
13565,1219,master,0x06000464,read,0x20004020,1,0x0
13566,1219,master,0x06000464,read,0x20004020,1,0x0
13567,1219,master,0x06000464,read,0x20004020,1,0x0
13568,1219,master,0x06000464,read,0x20004020,1,0x0
13569,1219,master,0x06000464,read,0x20004020,1,0x0
13570,1219,master,0x06000464,read,0x20004020,1,0x0
13571,1219,master,0x06000464,read,0x20004020,1,0x0
13572,1219,master,0x06000464,read,0x20004020,1,0x1
13573,1219,master,0x0600046A,read,0x20004021,1,0x22
13574,1219,master,0x06000464,read,0x20004020,1,0x0
13575,1219,master,0x06000464,read,0x20004020,1,0x0
13576,1219,master,0x06000464,read,0x20004020,1,0x0
13577,1219,master,0x06000464,read,0x20004020,1,0x0
13578,1219,master,0x06000464,read,0x20004020,1,0x0
13579,1219,master,0x06000464,read,0x20004020,1,0x0
13580,1219,master,0x06000464,read,0x20004020,1,0x0
13581,1219,master,0x06000464,read,0x20004020,1,0x0
13582,1219,master,0x06000464,read,0x20004020,1,0x0
13583,1219,master,0x06000464,read,0x20004020,1,0x1
13584,1219,master,0x0600046A,read,0x20004021,1,0x22
13585,1219,master,0x06000464,read,0x20004020,1,0x0
13586,1219,master,0x06000464,read,0x20004020,1,0x0
13587,1219,master,0x06000464,read,0x20004020,1,0x0
13588,1219,master,0x06000464,read,0x20004020,1,0x0
13589,1219,master,0x06000464,read,0x20004020,1,0x0
13590,1219,master,0x06000464,read,0x20004020,1,0x0
13591,1219,master,0x06000464,read,0x20004020,1,0x0
13592,1219,master,0x06000464,read,0x20004020,1,0x0
13593,1219,master,0x06000464,read,0x20004020,1,0x0
13594,1219,master,0x06000464,read,0x20004020,1,0x1
13595,1219,master,0x0600046A,read,0x20004021,1,0x22
13596,1219,master,0x06000464,read,0x20004020,1,0x0
13597,1219,master,0x06000464,read,0x20004020,1,0x0
13598,1219,master,0x06000464,read,0x20004020,1,0x0
13599,1219,master,0x06000464,read,0x20004020,1,0x0
13600,1219,master,0x06000464,read,0x20004020,1,0x0
13601,1219,master,0x06000464,read,0x20004020,1,0x0
13602,1219,master,0x06000464,read,0x20004020,1,0x0
13603,1219,master,0x06000464,read,0x20004020,1,0x0
13604,1219,master,0x06000464,read,0x20004020,1,0x0
13605,1219,master,0x06000464,read,0x20004020,1,0x1
13606,1219,master,0x0600046A,read,0x20004021,1,0x22
13607,1219,master,0x06000464,read,0x20004020,1,0x0
13608,1219,master,0x06000464,read,0x20004020,1,0x0
13609,1219,master,0x06000464,read,0x20004020,1,0x0
13610,1219,master,0x06000464,read,0x20004020,1,0x0
13611,1219,master,0x06000464,read,0x20004020,1,0x0
13612,1219,master,0x06000464,read,0x20004020,1,0x0
13613,1219,master,0x06000464,read,0x20004020,1,0x0
13614,1219,master,0x06000464,read,0x20004020,1,0x0
13615,1219,master,0x06000464,read,0x20004020,1,0x0
13616,1219,master,0x06000464,read,0x20004020,1,0x1
13617,1219,master,0x0600046A,read,0x20004021,1,0x22
13618,1219,master,0x06000464,read,0x20004020,1,0x0
13619,1219,master,0x06000464,read,0x20004020,1,0x0
13620,1219,master,0x06000464,read,0x20004020,1,0x0
13621,1219,master,0x06000464,read,0x20004020,1,0x0
13622,1219,master,0x06000464,read,0x20004020,1,0x0
13623,1219,master,0x06000464,read,0x20004020,1,0x0
13624,1219,master,0x06000464,read,0x20004020,1,0x0
13625,1219,master,0x06000464,read,0x20004020,1,0x0
13626,1219,master,0x06000464,read,0x20004020,1,0x0
13627,1219,master,0x06000464,read,0x20004020,1,0x1
13628,1219,master,0x0600046A,read,0x20004021,1,0x22
13629,1219,master,0x06000464,read,0x20004020,1,0x0
13630,1219,master,0x06000464,read,0x20004020,1,0x0
13631,1219,master,0x06000464,read,0x20004020,1,0x0
13632,1219,master,0x06000464,read,0x20004020,1,0x0
13633,1219,master,0x06000464,read,0x20004020,1,0x0
13634,1219,master,0x06000464,read,0x20004020,1,0x0
13635,1219,master,0x06000464,read,0x20004020,1,0x0
13636,1219,master,0x06000464,read,0x20004020,1,0x0
13637,1219,master,0x06000464,read,0x20004020,1,0x0
13638,1219,master,0x06000464,read,0x20004020,1,0x1
13639,1219,master,0x0600046A,read,0x20004021,1,0x22
13640,1219,master,0x06000464,read,0x20004020,1,0x0
13641,1219,master,0x06000464,read,0x20004020,1,0x0
13642,1219,master,0x06000464,read,0x20004020,1,0x0
13643,1219,master,0x06000464,read,0x20004020,1,0x0
13644,1219,master,0x06000464,read,0x20004020,1,0x0
13645,1219,master,0x06000464,read,0x20004020,1,0x0
13646,1219,master,0x06000464,read,0x20004020,1,0x0
13647,1219,master,0x06000464,read,0x20004020,1,0x0
13648,1219,master,0x06000464,read,0x20004020,1,0x0
13649,1219,master,0x06000464,read,0x20004020,1,0x1
13650,1219,master,0x0600046A,read,0x20004021,1,0x2B
13651,1221,master,0x06000464,read,0x20004020,1,0x0
13652,1221,master,0x06000464,read,0x20004020,1,0x0
13653,1221,master,0x06000464,read,0x20004020,1,0x0
13654,1221,master,0x06000464,read,0x20004020,1,0x0
13655,1221,master,0x06000464,read,0x20004020,1,0x0
13656,1221,master,0x06000464,read,0x20004020,1,0x0
13657,1221,master,0x06000464,read,0x20004020,1,0x0
13658,1221,master,0x06000464,read,0x20004020,1,0x0
13659,1221,master,0x06000464,read,0x20004020,1,0x0
13660,1221,master,0x06000464,read,0x20004020,1,0x0
13661,1221,master,0x06000464,read,0x20004020,1,0x1
13662,1221,master,0x0600046A,read,0x20004021,1,0x22
13663,1221,master,0x06000464,read,0x20004020,1,0x0
13664,1221,master,0x06000464,read,0x20004020,1,0x0
13665,1221,master,0x06000464,read,0x20004020,1,0x0
13666,1221,master,0x06000464,read,0x20004020,1,0x0
13667,1221,master,0x06000464,read,0x20004020,1,0x0
13668,1221,master,0x06000464,read,0x20004020,1,0x0
13669,1221,master,0x06000464,read,0x20004020,1,0x0
13670,1221,master,0x06000464,read,0x20004020,1,0x0
13671,1221,master,0x06000464,read,0x20004020,1,0x0
13672,1221,master,0x06000464,read,0x20004020,1,0x1
13673,1221,master,0x0600046A,read,0x20004021,1,0x22
13674,1221,master,0x06000464,read,0x20004020,1,0x0
13675,1221,master,0x06000464,read,0x20004020,1,0x0
13676,1221,master,0x06000464,read,0x20004020,1,0x0
13677,1221,master,0x06000464,read,0x20004020,1,0x0
13678,1221,master,0x06000464,read,0x20004020,1,0x0
13679,1221,master,0x06000464,read,0x20004020,1,0x0
13680,1221,master,0x06000464,read,0x20004020,1,0x0
13681,1221,master,0x06000464,read,0x20004020,1,0x0
13682,1221,master,0x06000464,read,0x20004020,1,0x0
13683,1222,master,0x06000464,read,0x20004020,1,0x1
13684,1222,master,0x0600046A,read,0x20004021,1,0x22
13685,1222,master,0x06000464,read,0x20004020,1,0x0
13686,1222,master,0x06000464,read,0x20004020,1,0x0
13687,1222,master,0x06000464,read,0x20004020,1,0x0
13688,1222,master,0x06000464,read,0x20004020,1,0x0
13689,1222,master,0x06000464,read,0x20004020,1,0x0
13690,1222,master,0x06000464,read,0x20004020,1,0x0
13691,1222,master,0x06000464,read,0x20004020,1,0x0
13692,1222,master,0x06000464,read,0x20004020,1,0x0
13693,1222,master,0x06000464,read,0x20004020,1,0x0
13694,1222,master,0x06000464,read,0x20004020,1,0x1
13695,1222,master,0x0600046A,read,0x20004021,1,0x22
13696,1222,master,0x06000464,read,0x20004020,1,0x0
13697,1222,master,0x06000464,read,0x20004020,1,0x0
13698,1222,master,0x06000464,read,0x20004020,1,0x0
13699,1222,master,0x06000464,read,0x20004020,1,0x0
13700,1222,master,0x06000464,read,0x20004020,1,0x0
13701,1222,master,0x06000464,read,0x20004020,1,0x0
13702,1222,master,0x06000464,read,0x20004020,1,0x0
13703,1222,master,0x06000464,read,0x20004020,1,0x0
13704,1222,master,0x06000464,read,0x20004020,1,0x0
13705,1222,master,0x06000464,read,0x20004020,1,0x1
13706,1222,master,0x0600046A,read,0x20004021,1,0x22
13707,1222,master,0x06000464,read,0x20004020,1,0x0
13708,1222,master,0x06000464,read,0x20004020,1,0x0
13709,1222,master,0x06000464,read,0x20004020,1,0x0
13710,1222,master,0x06000464,read,0x20004020,1,0x0
13711,1222,master,0x06000464,read,0x20004020,1,0x0
13712,1222,master,0x06000464,read,0x20004020,1,0x0
13713,1222,master,0x06000464,read,0x20004020,1,0x0
13714,1222,master,0x06000464,read,0x20004020,1,0x0
13715,1222,master,0x06000464,read,0x20004020,1,0x0
13716,1222,master,0x06000464,read,0x20004020,1,0x1
13717,1222,master,0x0600046A,read,0x20004021,1,0x22
13718,1222,master,0x06000464,read,0x20004020,1,0x0
13719,1222,master,0x06000464,read,0x20004020,1,0x0
13720,1222,master,0x06000464,read,0x20004020,1,0x0
13721,1222,master,0x06000464,read,0x20004020,1,0x0
13722,1222,master,0x06000464,read,0x20004020,1,0x0
13723,1222,master,0x06000464,read,0x20004020,1,0x0
13724,1222,master,0x06000464,read,0x20004020,1,0x0
13725,1222,master,0x06000464,read,0x20004020,1,0x0
13726,1222,master,0x06000464,read,0x20004020,1,0x0
13727,1222,master,0x06000464,read,0x20004020,1,0x1
13728,1222,master,0x0600046A,read,0x20004021,1,0x22
13729,1222,master,0x06000464,read,0x20004020,1,0x0
13730,1222,master,0x06000464,read,0x20004020,1,0x0
13731,1222,master,0x06000464,read,0x20004020,1,0x0
13732,1222,master,0x06000464,read,0x20004020,1,0x0
13733,1222,master,0x06000464,read,0x20004020,1,0x0
13734,1222,master,0x06000464,read,0x20004020,1,0x0
13735,1222,master,0x06000464,read,0x20004020,1,0x0
13736,1222,master,0x06000464,read,0x20004020,1,0x0
13737,1222,master,0x06000464,read,0x20004020,1,0x0
13738,1222,master,0x06000464,read,0x20004020,1,0x1
13739,1222,master,0x0600046A,read,0x20004021,1,0x22
13740,1222,master,0x06000464,read,0x20004020,1,0x0
13741,1222,master,0x06000464,read,0x20004020,1,0x0
13742,1222,master,0x06000464,read,0x20004020,1,0x0
13743,1222,master,0x06000464,read,0x20004020,1,0x0
13744,1222,master,0x06000464,read,0x20004020,1,0x0
13745,1222,master,0x06000464,read,0x20004020,1,0x0
13746,1222,master,0x06000464,read,0x20004020,1,0x0
13747,1222,master,0x06000464,read,0x20004020,1,0x0
13748,1222,master,0x06000464,read,0x20004020,1,0x0
13749,1222,master,0x06000464,read,0x20004020,1,0x1
13750,1222,master,0x0600046A,read,0x20004021,1,0x22
13751,1222,master,0x06000464,read,0x20004020,1,0x0
13752,1222,master,0x06000464,read,0x20004020,1,0x0
13753,1222,master,0x06000464,read,0x20004020,1,0x0
13754,1222,master,0x06000464,read,0x20004020,1,0x0
13755,1222,master,0x06000464,read,0x20004020,1,0x0
13756,1222,master,0x06000464,read,0x20004020,1,0x0
13757,1222,master,0x06000464,read,0x20004020,1,0x0
13758,1222,master,0x06000464,read,0x20004020,1,0x0
13759,1222,master,0x06000464,read,0x20004020,1,0x0
13760,1222,master,0x06000464,read,0x20004020,1,0x1
13761,1222,master,0x0600046A,read,0x20004021,1,0x22
13762,1222,master,0x06000464,read,0x20004020,1,0x0
13763,1222,master,0x06000464,read,0x20004020,1,0x0
13764,1222,master,0x06000464,read,0x20004020,1,0x0
13765,1222,master,0x06000464,read,0x20004020,1,0x0
13766,1222,master,0x06000464,read,0x20004020,1,0x0
13767,1222,master,0x06000464,read,0x20004020,1,0x0
13768,1222,master,0x06000464,read,0x20004020,1,0x0
13769,1222,master,0x06000464,read,0x20004020,1,0x0
13770,1222,master,0x06000464,read,0x20004020,1,0x0
13771,1222,master,0x06000464,read,0x20004020,1,0x1
13772,1222,master,0x0600046A,read,0x20004021,1,0x22
13773,1222,master,0x06000464,read,0x20004020,1,0x0
13774,1222,master,0x06000464,read,0x20004020,1,0x0
13775,1222,master,0x06000464,read,0x20004020,1,0x0
13776,1222,master,0x06000464,read,0x20004020,1,0x0
13777,1222,master,0x06000464,read,0x20004020,1,0x0
13778,1222,master,0x06000464,read,0x20004020,1,0x0
13779,1222,master,0x06000464,read,0x20004020,1,0x0
13780,1222,master,0x06000464,read,0x20004020,1,0x0
13781,1222,master,0x06000464,read,0x20004020,1,0x0
13782,1222,master,0x06000464,read,0x20004020,1,0x1
13783,1222,master,0x0600046A,read,0x20004021,1,0x22
13784,1222,master,0x06000464,read,0x20004020,1,0x0
13785,1222,master,0x06000464,read,0x20004020,1,0x0
13786,1222,master,0x06000464,read,0x20004020,1,0x0
13787,1222,master,0x06000464,read,0x20004020,1,0x0
13788,1222,master,0x06000464,read,0x20004020,1,0x0
13789,1222,master,0x06000464,read,0x20004020,1,0x0
13790,1222,master,0x06000464,read,0x20004020,1,0x0
13791,1222,master,0x06000464,read,0x20004020,1,0x0
13792,1222,master,0x06000464,read,0x20004020,1,0x0
13793,1222,master,0x06000464,read,0x20004020,1,0x1
13794,1222,master,0x0600046A,read,0x20004021,1,0x22
13795,1222,master,0x06000464,read,0x20004020,1,0x0
13796,1222,master,0x06000464,read,0x20004020,1,0x0
13797,1222,master,0x06000464,read,0x20004020,1,0x0
13798,1222,master,0x06000464,read,0x20004020,1,0x0
13799,1222,master,0x06000464,read,0x20004020,1,0x0
13800,1222,master,0x06000464,read,0x20004020,1,0x0
13801,1222,master,0x06000464,read,0x20004020,1,0x0
13802,1222,master,0x06000464,read,0x20004020,1,0x0
13803,1222,master,0x06000464,read,0x20004020,1,0x0
13804,1222,master,0x06000464,read,0x20004020,1,0x1
13805,1222,master,0x0600046A,read,0x20004021,1,0x22
13806,1222,master,0x06000464,read,0x20004020,1,0x0
13807,1222,master,0x06000464,read,0x20004020,1,0x0
13808,1222,master,0x06000464,read,0x20004020,1,0x0
13809,1222,master,0x06000464,read,0x20004020,1,0x0
13810,1222,master,0x06000464,read,0x20004020,1,0x0
13811,1222,master,0x06000464,read,0x20004020,1,0x0
13812,1222,master,0x06000464,read,0x20004020,1,0x0
13813,1222,master,0x06000464,read,0x20004020,1,0x0
13814,1222,master,0x06000464,read,0x20004020,1,0x0
13815,1222,master,0x06000464,read,0x20004020,1,0x1
13816,1222,master,0x0600046A,read,0x20004021,1,0x22
13817,1222,master,0x06000464,read,0x20004020,1,0x0
13818,1222,master,0x06000464,read,0x20004020,1,0x0
13819,1222,master,0x06000464,read,0x20004020,1,0x0
13820,1222,master,0x06000464,read,0x20004020,1,0x0
13821,1222,master,0x06000464,read,0x20004020,1,0x0
13822,1222,master,0x06000464,read,0x20004020,1,0x0
13823,1222,master,0x06000464,read,0x20004020,1,0x0
13824,1222,master,0x06000464,read,0x20004020,1,0x0
13825,1222,master,0x06000464,read,0x20004020,1,0x0
13826,1222,master,0x06000464,read,0x20004020,1,0x1
13827,1222,master,0x0600046A,read,0x20004021,1,0x22
13828,1222,master,0x06000464,read,0x20004020,1,0x0
13829,1222,master,0x06000464,read,0x20004020,1,0x0
13830,1222,master,0x06000464,read,0x20004020,1,0x0
13831,1222,master,0x06000464,read,0x20004020,1,0x0
13832,1222,master,0x06000464,read,0x20004020,1,0x0
13833,1222,master,0x06000464,read,0x20004020,1,0x0
13834,1222,master,0x06000464,read,0x20004020,1,0x0
13835,1222,master,0x06000464,read,0x20004020,1,0x0
13836,1222,master,0x06000464,read,0x20004020,1,0x0
13837,1222,master,0x06000464,read,0x20004020,1,0x1
13838,1222,master,0x0600046A,read,0x20004021,1,0x22
13839,1222,master,0x06000464,read,0x20004020,1,0x0
13840,1222,master,0x06000464,read,0x20004020,1,0x0
13841,1222,master,0x06000464,read,0x20004020,1,0x0
13842,1222,master,0x06000464,read,0x20004020,1,0x0
13843,1222,master,0x06000464,read,0x20004020,1,0x0
13844,1222,master,0x06000464,read,0x20004020,1,0x0
13845,1222,master,0x06000464,read,0x20004020,1,0x0
13846,1222,master,0x06000464,read,0x20004020,1,0x0
13847,1222,master,0x06000464,read,0x20004020,1,0x0
13848,1222,master,0x06000464,read,0x20004020,1,0x1
13849,1222,master,0x0600046A,read,0x20004021,1,0x22
13850,1222,master,0x06000464,read,0x20004020,1,0x0
13851,1222,master,0x06000464,read,0x20004020,1,0x0
13852,1222,master,0x06000464,read,0x20004020,1,0x0
13853,1222,master,0x06000464,read,0x20004020,1,0x0
13854,1222,master,0x06000464,read,0x20004020,1,0x0
13855,1222,master,0x06000464,read,0x20004020,1,0x0
13856,1222,master,0x06000464,read,0x20004020,1,0x0
13857,1222,master,0x06000464,read,0x20004020,1,0x0
13858,1222,master,0x06000464,read,0x20004020,1,0x0
13859,1222,master,0x06000464,read,0x20004020,1,0x1
13860,1222,master,0x0600046A,read,0x20004021,1,0x22
13861,1222,master,0x06000464,read,0x20004020,1,0x0
13862,1222,master,0x06000464,read,0x20004020,1,0x0
13863,1222,master,0x06000464,read,0x20004020,1,0x0
13864,1222,master,0x06000464,read,0x20004020,1,0x0
13865,1222,master,0x06000464,read,0x20004020,1,0x0
13866,1222,master,0x06000464,read,0x20004020,1,0x0
13867,1222,master,0x06000464,read,0x20004020,1,0x0
13868,1222,master,0x06000464,read,0x20004020,1,0x0
13869,1222,master,0x06000464,read,0x20004020,1,0x0
13870,1222,master,0x06000464,read,0x20004020,1,0x1
13871,1222,master,0x0600046A,read,0x20004021,1,0x2B
13872,1224,master,0x06000464,read,0x20004020,1,0x0
13873,1224,master,0x06000464,read,0x20004020,1,0x0
13874,1224,master,0x06000464,read,0x20004020,1,0x0
13875,1224,master,0x06000464,read,0x20004020,1,0x0
13876,1224,master,0x06000464,read,0x20004020,1,0x0
13877,1224,master,0x06000464,read,0x20004020,1,0x0
13878,1224,master,0x06000464,read,0x20004020,1,0x0
13879,1224,master,0x06000464,read,0x20004020,1,0x0
13880,1224,master,0x06000464,read,0x20004020,1,0x0
13881,1224,master,0x06000464,read,0x20004020,1,0x0
13882,1224,master,0x06000464,read,0x20004020,1,0x1
13883,1224,master,0x0600046A,read,0x20004021,1,0x22
13884,1224,master,0x06000464,read,0x20004020,1,0x0
13885,1224,master,0x06000464,read,0x20004020,1,0x0
13886,1224,master,0x06000464,read,0x20004020,1,0x0
13887,1224,master,0x06000464,read,0x20004020,1,0x0
13888,1224,master,0x06000464,read,0x20004020,1,0x0
13889,1224,master,0x06000464,read,0x20004020,1,0x0
13890,1224,master,0x06000464,read,0x20004020,1,0x0
13891,1224,master,0x06000464,read,0x20004020,1,0x0
13892,1224,master,0x06000464,read,0x20004020,1,0x0
13893,1224,master,0x06000464,read,0x20004020,1,0x1
13894,1224,master,0x0600046A,read,0x20004021,1,0x22
13895,1225,master,0x06000464,read,0x20004020,1,0x0
13896,1225,master,0x06000464,read,0x20004020,1,0x0
13897,1225,master,0x06000464,read,0x20004020,1,0x0
13898,1225,master,0x06000464,read,0x20004020,1,0x0
13899,1225,master,0x06000464,read,0x20004020,1,0x0
13900,1225,master,0x06000464,read,0x20004020,1,0x0
13901,1225,master,0x06000464,read,0x20004020,1,0x0
13902,1225,master,0x06000464,read,0x20004020,1,0x0
13903,1225,master,0x06000464,read,0x20004020,1,0x0
13904,1225,master,0x06000464,read,0x20004020,1,0x1
13905,1225,master,0x0600046A,read,0x20004021,1,0x22
13906,1225,master,0x06000464,read,0x20004020,1,0x0
13907,1225,master,0x06000464,read,0x20004020,1,0x0
13908,1225,master,0x06000464,read,0x20004020,1,0x0
13909,1225,master,0x06000464,read,0x20004020,1,0x0
13910,1225,master,0x06000464,read,0x20004020,1,0x0
13911,1225,master,0x06000464,read,0x20004020,1,0x0
13912,1225,master,0x06000464,read,0x20004020,1,0x0
13913,1225,master,0x06000464,read,0x20004020,1,0x0
13914,1225,master,0x06000464,read,0x20004020,1,0x0
13915,1225,master,0x06000464,read,0x20004020,1,0x1
13916,1225,master,0x0600046A,read,0x20004021,1,0x22
13917,1225,master,0x06000464,read,0x20004020,1,0x0
13918,1225,master,0x06000464,read,0x20004020,1,0x0
13919,1225,master,0x06000464,read,0x20004020,1,0x0
13920,1225,master,0x06000464,read,0x20004020,1,0x0
13921,1225,master,0x06000464,read,0x20004020,1,0x0
13922,1225,master,0x06000464,read,0x20004020,1,0x0
13923,1225,master,0x06000464,read,0x20004020,1,0x0
13924,1225,master,0x06000464,read,0x20004020,1,0x0
13925,1225,master,0x06000464,read,0x20004020,1,0x0
13926,1225,master,0x06000464,read,0x20004020,1,0x1
13927,1225,master,0x0600046A,read,0x20004021,1,0x22
13928,1225,master,0x06000464,read,0x20004020,1,0x0
13929,1225,master,0x06000464,read,0x20004020,1,0x0
13930,1225,master,0x06000464,read,0x20004020,1,0x0
13931,1225,master,0x06000464,read,0x20004020,1,0x0
13932,1225,master,0x06000464,read,0x20004020,1,0x0
13933,1225,master,0x06000464,read,0x20004020,1,0x0
13934,1225,master,0x06000464,read,0x20004020,1,0x0
13935,1225,master,0x06000464,read,0x20004020,1,0x0
13936,1225,master,0x06000464,read,0x20004020,1,0x0
13937,1225,master,0x06000464,read,0x20004020,1,0x1
13938,1225,master,0x0600046A,read,0x20004021,1,0x22
13939,1225,master,0x06000464,read,0x20004020,1,0x0
13940,1225,master,0x06000464,read,0x20004020,1,0x0
13941,1225,master,0x06000464,read,0x20004020,1,0x0
13942,1225,master,0x06000464,read,0x20004020,1,0x0
13943,1225,master,0x06000464,read,0x20004020,1,0x0
13944,1225,master,0x06000464,read,0x20004020,1,0x0
13945,1225,master,0x06000464,read,0x20004020,1,0x0
13946,1225,master,0x06000464,read,0x20004020,1,0x0
13947,1225,master,0x06000464,read,0x20004020,1,0x0
13948,1225,master,0x06000464,read,0x20004020,1,0x1
13949,1225,master,0x0600046A,read,0x20004021,1,0x22
13950,1225,master,0x06000464,read,0x20004020,1,0x0
13951,1225,master,0x06000464,read,0x20004020,1,0x0
13952,1225,master,0x06000464,read,0x20004020,1,0x0
13953,1225,master,0x06000464,read,0x20004020,1,0x0
13954,1225,master,0x06000464,read,0x20004020,1,0x0
13955,1225,master,0x06000464,read,0x20004020,1,0x0
13956,1225,master,0x06000464,read,0x20004020,1,0x0
13957,1225,master,0x06000464,read,0x20004020,1,0x0
13958,1225,master,0x06000464,read,0x20004020,1,0x0
13959,1225,master,0x06000464,read,0x20004020,1,0x1
13960,1225,master,0x0600046A,read,0x20004021,1,0x22
13961,1225,master,0x06000464,read,0x20004020,1,0x0
13962,1225,master,0x06000464,read,0x20004020,1,0x0
13963,1225,master,0x06000464,read,0x20004020,1,0x0
13964,1225,master,0x06000464,read,0x20004020,1,0x0
13965,1225,master,0x06000464,read,0x20004020,1,0x0
13966,1225,master,0x06000464,read,0x20004020,1,0x0
13967,1225,master,0x06000464,read,0x20004020,1,0x0
13968,1225,master,0x06000464,read,0x20004020,1,0x0
13969,1225,master,0x06000464,read,0x20004020,1,0x0
13970,1225,master,0x06000464,read,0x20004020,1,0x1
13971,1225,master,0x0600046A,read,0x20004021,1,0x22
13972,1225,master,0x06000464,read,0x20004020,1,0x0
13973,1225,master,0x06000464,read,0x20004020,1,0x0
13974,1225,master,0x06000464,read,0x20004020,1,0x0
13975,1225,master,0x06000464,read,0x20004020,1,0x0
13976,1225,master,0x06000464,read,0x20004020,1,0x0
13977,1225,master,0x06000464,read,0x20004020,1,0x0
13978,1225,master,0x06000464,read,0x20004020,1,0x0
13979,1225,master,0x06000464,read,0x20004020,1,0x0
13980,1225,master,0x06000464,read,0x20004020,1,0x0
13981,1225,master,0x06000464,read,0x20004020,1,0x1
13982,1225,master,0x0600046A,read,0x20004021,1,0x22
13983,1225,master,0x06000464,read,0x20004020,1,0x0
13984,1225,master,0x06000464,read,0x20004020,1,0x0
13985,1225,master,0x06000464,read,0x20004020,1,0x0
13986,1225,master,0x06000464,read,0x20004020,1,0x0
13987,1225,master,0x06000464,read,0x20004020,1,0x0
13988,1225,master,0x06000464,read,0x20004020,1,0x0
13989,1225,master,0x06000464,read,0x20004020,1,0x0
13990,1225,master,0x06000464,read,0x20004020,1,0x0
13991,1225,master,0x06000464,read,0x20004020,1,0x0
13992,1225,master,0x06000464,read,0x20004020,1,0x1
13993,1225,master,0x0600046A,read,0x20004021,1,0x22
13994,1225,master,0x06000464,read,0x20004020,1,0x0
13995,1225,master,0x06000464,read,0x20004020,1,0x0
13996,1225,master,0x06000464,read,0x20004020,1,0x0
13997,1225,master,0x06000464,read,0x20004020,1,0x0
13998,1225,master,0x06000464,read,0x20004020,1,0x0
13999,1225,master,0x06000464,read,0x20004020,1,0x0
14000,1225,master,0x06000464,read,0x20004020,1,0x0
14001,1225,master,0x06000464,read,0x20004020,1,0x0
14002,1225,master,0x06000464,read,0x20004020,1,0x0
14003,1225,master,0x06000464,read,0x20004020,1,0x1
14004,1225,master,0x0600046A,read,0x20004021,1,0x22
14005,1225,master,0x06000464,read,0x20004020,1,0x0
14006,1225,master,0x06000464,read,0x20004020,1,0x0
14007,1225,master,0x06000464,read,0x20004020,1,0x0
14008,1225,master,0x06000464,read,0x20004020,1,0x0
14009,1225,master,0x06000464,read,0x20004020,1,0x0
14010,1225,master,0x06000464,read,0x20004020,1,0x0
14011,1225,master,0x06000464,read,0x20004020,1,0x0
14012,1225,master,0x06000464,read,0x20004020,1,0x0
14013,1225,master,0x06000464,read,0x20004020,1,0x0
14014,1225,master,0x06000464,read,0x20004020,1,0x1
14015,1225,master,0x0600046A,read,0x20004021,1,0x22
14016,1225,master,0x06000464,read,0x20004020,1,0x0
14017,1225,master,0x06000464,read,0x20004020,1,0x0
14018,1225,master,0x06000464,read,0x20004020,1,0x0
14019,1225,master,0x06000464,read,0x20004020,1,0x0
14020,1225,master,0x06000464,read,0x20004020,1,0x0
14021,1225,master,0x06000464,read,0x20004020,1,0x0
14022,1225,master,0x06000464,read,0x20004020,1,0x0
14023,1225,master,0x06000464,read,0x20004020,1,0x0
14024,1225,master,0x06000464,read,0x20004020,1,0x0
14025,1225,master,0x06000464,read,0x20004020,1,0x1
14026,1225,master,0x0600046A,read,0x20004021,1,0x22
14027,1225,master,0x06000464,read,0x20004020,1,0x0
14028,1225,master,0x06000464,read,0x20004020,1,0x0
14029,1225,master,0x06000464,read,0x20004020,1,0x0
14030,1225,master,0x06000464,read,0x20004020,1,0x0
14031,1225,master,0x06000464,read,0x20004020,1,0x0
14032,1225,master,0x06000464,read,0x20004020,1,0x0
14033,1225,master,0x06000464,read,0x20004020,1,0x0
14034,1225,master,0x06000464,read,0x20004020,1,0x0
14035,1225,master,0x06000464,read,0x20004020,1,0x0
14036,1225,master,0x06000464,read,0x20004020,1,0x1
14037,1225,master,0x0600046A,read,0x20004021,1,0x22
14038,1225,master,0x06000464,read,0x20004020,1,0x0
14039,1225,master,0x06000464,read,0x20004020,1,0x0
14040,1225,master,0x06000464,read,0x20004020,1,0x0
14041,1225,master,0x06000464,read,0x20004020,1,0x0
14042,1225,master,0x06000464,read,0x20004020,1,0x0
14043,1225,master,0x06000464,read,0x20004020,1,0x0
14044,1225,master,0x06000464,read,0x20004020,1,0x0
14045,1225,master,0x06000464,read,0x20004020,1,0x0
14046,1225,master,0x06000464,read,0x20004020,1,0x0
14047,1225,master,0x06000464,read,0x20004020,1,0x1
14048,1225,master,0x0600046A,read,0x20004021,1,0x22
14049,1225,master,0x06000464,read,0x20004020,1,0x0
14050,1225,master,0x06000464,read,0x20004020,1,0x0
14051,1225,master,0x06000464,read,0x20004020,1,0x0
14052,1225,master,0x06000464,read,0x20004020,1,0x0
14053,1225,master,0x06000464,read,0x20004020,1,0x0
14054,1225,master,0x06000464,read,0x20004020,1,0x0
14055,1225,master,0x06000464,read,0x20004020,1,0x0
14056,1225,master,0x06000464,read,0x20004020,1,0x0
14057,1225,master,0x06000464,read,0x20004020,1,0x0
14058,1225,master,0x06000464,read,0x20004020,1,0x1
14059,1225,master,0x0600046A,read,0x20004021,1,0x22
14060,1225,master,0x06000464,read,0x20004020,1,0x0
14061,1225,master,0x06000464,read,0x20004020,1,0x0
14062,1225,master,0x06000464,read,0x20004020,1,0x0
14063,1225,master,0x06000464,read,0x20004020,1,0x0
14064,1225,master,0x06000464,read,0x20004020,1,0x0
14065,1225,master,0x06000464,read,0x20004020,1,0x0
14066,1225,master,0x06000464,read,0x20004020,1,0x0
14067,1225,master,0x06000464,read,0x20004020,1,0x0
14068,1225,master,0x06000464,read,0x20004020,1,0x0
14069,1225,master,0x06000464,read,0x20004020,1,0x1
14070,1225,master,0x0600046A,read,0x20004021,1,0x22
14071,1225,master,0x06000464,read,0x20004020,1,0x0
14072,1225,master,0x06000464,read,0x20004020,1,0x0
14073,1225,master,0x06000464,read,0x20004020,1,0x0
14074,1225,master,0x06000464,read,0x20004020,1,0x0
14075,1225,master,0x06000464,read,0x20004020,1,0x0
14076,1225,master,0x06000464,read,0x20004020,1,0x0
14077,1225,master,0x06000464,read,0x20004020,1,0x0
14078,1225,master,0x06000464,read,0x20004020,1,0x0
14079,1225,master,0x06000464,read,0x20004020,1,0x0
14080,1225,master,0x06000464,read,0x20004020,1,0x1
14081,1225,master,0x0600046A,read,0x20004021,1,0x22
14082,1225,master,0x06000464,read,0x20004020,1,0x0
14083,1225,master,0x06000464,read,0x20004020,1,0x0
14084,1225,master,0x06000464,read,0x20004020,1,0x0
14085,1225,master,0x06000464,read,0x20004020,1,0x0
14086,1225,master,0x06000464,read,0x20004020,1,0x0
14087,1225,master,0x06000464,read,0x20004020,1,0x0
14088,1225,master,0x06000464,read,0x20004020,1,0x0
14089,1225,master,0x06000464,read,0x20004020,1,0x0
14090,1225,master,0x06000464,read,0x20004020,1,0x0
14091,1225,master,0x06000464,read,0x20004020,1,0x1
14092,1225,master,0x0600046A,read,0x20004021,1,0x2B
14093,1227,master,0x06000464,read,0x20004020,1,0x0
14094,1227,master,0x06000464,read,0x20004020,1,0x0
14095,1227,master,0x06000464,read,0x20004020,1,0x0
14096,1227,master,0x06000464,read,0x20004020,1,0x0
14097,1227,master,0x06000464,read,0x20004020,1,0x0
14098,1227,master,0x06000464,read,0x20004020,1,0x0
14099,1227,master,0x06000464,read,0x20004020,1,0x0
14100,1227,master,0x06000464,read,0x20004020,1,0x0
14101,1227,master,0x06000464,read,0x20004020,1,0x0
14102,1227,master,0x06000464,read,0x20004020,1,0x0
14103,1227,master,0x06000464,read,0x20004020,1,0x1
14104,1227,master,0x0600046A,read,0x20004021,1,0x22
14105,1227,master,0x06000464,read,0x20004020,1,0x0
14106,1227,master,0x06000464,read,0x20004020,1,0x0
14107,1227,master,0x06000464,read,0x20004020,1,0x0
14108,1227,master,0x06000464,read,0x20004020,1,0x0
14109,1227,master,0x06000464,read,0x20004020,1,0x0
14110,1227,master,0x06000464,read,0x20004020,1,0x0
14111,1227,master,0x06000464,read,0x20004020,1,0x0
14112,1227,master,0x06000464,read,0x20004020,1,0x0
14113,1227,master,0x06000464,read,0x20004020,1,0x0
14114,1227,master,0x06000464,read,0x20004020,1,0x1
14115,1227,master,0x0600046A,read,0x20004021,1,0x22
14116,1227,master,0x06000464,read,0x20004020,1,0x0
14117,1227,master,0x06000464,read,0x20004020,1,0x0
14118,1227,master,0x06000464,read,0x20004020,1,0x0
14119,1227,master,0x06000464,read,0x20004020,1,0x0
14120,1227,master,0x06000464,read,0x20004020,1,0x0
14121,1227,master,0x06000464,read,0x20004020,1,0x0
14122,1227,master,0x06000464,read,0x20004020,1,0x0
14123,1227,master,0x06000464,read,0x20004020,1,0x0
14124,1227,master,0x06000464,read,0x20004020,1,0x0
14125,1227,master,0x06000464,read,0x20004020,1,0x1
14126,1227,master,0x0600046A,read,0x20004021,1,0x22
14127,1228,master,0x06000464,read,0x20004020,1,0x0
14128,1228,master,0x06000464,read,0x20004020,1,0x0
14129,1228,master,0x06000464,read,0x20004020,1,0x0
14130,1228,master,0x06000464,read,0x20004020,1,0x0
14131,1228,master,0x06000464,read,0x20004020,1,0x0
14132,1228,master,0x06000464,read,0x20004020,1,0x0
14133,1228,master,0x06000464,read,0x20004020,1,0x0
14134,1228,master,0x06000464,read,0x20004020,1,0x0
14135,1228,master,0x06000464,read,0x20004020,1,0x0
14136,1228,master,0x06000464,read,0x20004020,1,0x1
14137,1228,master,0x0600046A,read,0x20004021,1,0x22
14138,1228,master,0x06000464,read,0x20004020,1,0x0
14139,1228,master,0x06000464,read,0x20004020,1,0x0
14140,1228,master,0x06000464,read,0x20004020,1,0x0
14141,1228,master,0x06000464,read,0x20004020,1,0x0
14142,1228,master,0x06000464,read,0x20004020,1,0x0
14143,1228,master,0x06000464,read,0x20004020,1,0x0
14144,1228,master,0x06000464,read,0x20004020,1,0x0
14145,1228,master,0x06000464,read,0x20004020,1,0x0
14146,1228,master,0x06000464,read,0x20004020,1,0x0
14147,1228,master,0x06000464,read,0x20004020,1,0x1
14148,1228,master,0x0600046A,read,0x20004021,1,0x22
14149,1228,master,0x06000464,read,0x20004020,1,0x0
14150,1228,master,0x06000464,read,0x20004020,1,0x0
14151,1228,master,0x06000464,read,0x20004020,1,0x0
14152,1228,master,0x06000464,read,0x20004020,1,0x0
14153,1228,master,0x06000464,read,0x20004020,1,0x0
14154,1228,master,0x06000464,read,0x20004020,1,0x0
14155,1228,master,0x06000464,read,0x20004020,1,0x0
14156,1228,master,0x06000464,read,0x20004020,1,0x0
14157,1228,master,0x06000464,read,0x20004020,1,0x0
14158,1228,master,0x06000464,read,0x20004020,1,0x1
14159,1228,master,0x0600046A,read,0x20004021,1,0x22
14160,1228,master,0x06000464,read,0x20004020,1,0x0
14161,1228,master,0x06000464,read,0x20004020,1,0x0
14162,1228,master,0x06000464,read,0x20004020,1,0x0
14163,1228,master,0x06000464,read,0x20004020,1,0x0
14164,1228,master,0x06000464,read,0x20004020,1,0x0
14165,1228,master,0x06000464,read,0x20004020,1,0x0
14166,1228,master,0x06000464,read,0x20004020,1,0x0
14167,1228,master,0x06000464,read,0x20004020,1,0x0
14168,1228,master,0x06000464,read,0x20004020,1,0x0
14169,1228,master,0x06000464,read,0x20004020,1,0x1
14170,1228,master,0x0600046A,read,0x20004021,1,0x22
14171,1228,master,0x06000464,read,0x20004020,1,0x0
14172,1228,master,0x06000464,read,0x20004020,1,0x0
14173,1228,master,0x06000464,read,0x20004020,1,0x0
14174,1228,master,0x06000464,read,0x20004020,1,0x0
14175,1228,master,0x06000464,read,0x20004020,1,0x0
14176,1228,master,0x06000464,read,0x20004020,1,0x0
14177,1228,master,0x06000464,read,0x20004020,1,0x0
14178,1228,master,0x06000464,read,0x20004020,1,0x0
14179,1228,master,0x06000464,read,0x20004020,1,0x0
14180,1228,master,0x06000464,read,0x20004020,1,0x0
14181,1228,master,0x06000464,read,0x20004020,1,0x1
14182,1228,master,0x0600046A,read,0x20004021,1,0x22
14183,1228,master,0x06000464,read,0x20004020,1,0x0
14184,1228,master,0x06000464,read,0x20004020,1,0x0
14185,1228,master,0x06000464,read,0x20004020,1,0x0
14186,1228,master,0x06000464,read,0x20004020,1,0x0
14187,1228,master,0x06000464,read,0x20004020,1,0x0
14188,1228,master,0x06000464,read,0x20004020,1,0x0
14189,1228,master,0x06000464,read,0x20004020,1,0x0
14190,1228,master,0x06000464,read,0x20004020,1,0x0
14191,1228,master,0x06000464,read,0x20004020,1,0x0
14192,1228,master,0x06000464,read,0x20004020,1,0x1
14193,1228,master,0x0600046A,read,0x20004021,1,0x22
14194,1228,master,0x06000464,read,0x20004020,1,0x0
14195,1228,master,0x06000464,read,0x20004020,1,0x0
14196,1228,master,0x06000464,read,0x20004020,1,0x0
14197,1228,master,0x06000464,read,0x20004020,1,0x0
14198,1228,master,0x06000464,read,0x20004020,1,0x0
14199,1228,master,0x06000464,read,0x20004020,1,0x0
14200,1228,master,0x06000464,read,0x20004020,1,0x0
14201,1228,master,0x06000464,read,0x20004020,1,0x0
14202,1228,master,0x06000464,read,0x20004020,1,0x0
14203,1228,master,0x06000464,read,0x20004020,1,0x1
14204,1228,master,0x0600046A,read,0x20004021,1,0x22
14205,1228,master,0x06000464,read,0x20004020,1,0x0
14206,1228,master,0x06000464,read,0x20004020,1,0x0
14207,1228,master,0x06000464,read,0x20004020,1,0x0
14208,1228,master,0x06000464,read,0x20004020,1,0x0
14209,1228,master,0x06000464,read,0x20004020,1,0x0
14210,1228,master,0x06000464,read,0x20004020,1,0x0
14211,1228,master,0x06000464,read,0x20004020,1,0x0
14212,1228,master,0x06000464,read,0x20004020,1,0x0
14213,1228,master,0x06000464,read,0x20004020,1,0x0
14214,1228,master,0x06000464,read,0x20004020,1,0x1
14215,1228,master,0x0600046A,read,0x20004021,1,0x22
14216,1228,master,0x06000464,read,0x20004020,1,0x0
14217,1228,master,0x06000464,read,0x20004020,1,0x0
14218,1228,master,0x06000464,read,0x20004020,1,0x0
14219,1228,master,0x06000464,read,0x20004020,1,0x0
14220,1228,master,0x06000464,read,0x20004020,1,0x0
14221,1228,master,0x06000464,read,0x20004020,1,0x0
14222,1228,master,0x06000464,read,0x20004020,1,0x0
14223,1228,master,0x06000464,read,0x20004020,1,0x0
14224,1228,master,0x06000464,read,0x20004020,1,0x0
14225,1228,master,0x06000464,read,0x20004020,1,0x1
14226,1228,master,0x0600046A,read,0x20004021,1,0x22
14227,1228,master,0x06000464,read,0x20004020,1,0x0
14228,1228,master,0x06000464,read,0x20004020,1,0x0
14229,1228,master,0x06000464,read,0x20004020,1,0x0
14230,1228,master,0x06000464,read,0x20004020,1,0x0
14231,1228,master,0x06000464,read,0x20004020,1,0x0
14232,1228,master,0x06000464,read,0x20004020,1,0x0
14233,1228,master,0x06000464,read,0x20004020,1,0x0
14234,1228,master,0x06000464,read,0x20004020,1,0x0
14235,1228,master,0x06000464,read,0x20004020,1,0x0
14236,1228,master,0x06000464,read,0x20004020,1,0x1
14237,1228,master,0x0600046A,read,0x20004021,1,0x22
14238,1228,master,0x06000464,read,0x20004020,1,0x0
14239,1228,master,0x06000464,read,0x20004020,1,0x0
14240,1228,master,0x06000464,read,0x20004020,1,0x0
14241,1228,master,0x06000464,read,0x20004020,1,0x0
14242,1228,master,0x06000464,read,0x20004020,1,0x0
14243,1228,master,0x06000464,read,0x20004020,1,0x0
14244,1228,master,0x06000464,read,0x20004020,1,0x0
14245,1228,master,0x06000464,read,0x20004020,1,0x0
14246,1228,master,0x06000464,read,0x20004020,1,0x0
14247,1228,master,0x06000464,read,0x20004020,1,0x1
14248,1228,master,0x0600046A,read,0x20004021,1,0x22
14249,1228,master,0x06000464,read,0x20004020,1,0x0
14250,1228,master,0x06000464,read,0x20004020,1,0x0
14251,1228,master,0x06000464,read,0x20004020,1,0x0
14252,1228,master,0x06000464,read,0x20004020,1,0x0
14253,1228,master,0x06000464,read,0x20004020,1,0x0
14254,1228,master,0x06000464,read,0x20004020,1,0x0
14255,1228,master,0x06000464,read,0x20004020,1,0x0
14256,1228,master,0x06000464,read,0x20004020,1,0x0
14257,1228,master,0x06000464,read,0x20004020,1,0x0
14258,1228,master,0x06000464,read,0x20004020,1,0x1
14259,1228,master,0x0600046A,read,0x20004021,1,0x22
14260,1228,master,0x06000464,read,0x20004020,1,0x0
14261,1228,master,0x06000464,read,0x20004020,1,0x0
14262,1228,master,0x06000464,read,0x20004020,1,0x0
14263,1228,master,0x06000464,read,0x20004020,1,0x0
14264,1228,master,0x06000464,read,0x20004020,1,0x0
14265,1228,master,0x06000464,read,0x20004020,1,0x0
14266,1228,master,0x06000464,read,0x20004020,1,0x0
14267,1228,master,0x06000464,read,0x20004020,1,0x0
14268,1228,master,0x06000464,read,0x20004020,1,0x0
14269,1228,master,0x06000464,read,0x20004020,1,0x1
14270,1228,master,0x0600046A,read,0x20004021,1,0x22
14271,1228,master,0x06000464,read,0x20004020,1,0x0
14272,1228,master,0x06000464,read,0x20004020,1,0x0
14273,1228,master,0x06000464,read,0x20004020,1,0x0
14274,1228,master,0x06000464,read,0x20004020,1,0x0
14275,1228,master,0x06000464,read,0x20004020,1,0x0
14276,1228,master,0x06000464,read,0x20004020,1,0x0
14277,1228,master,0x06000464,read,0x20004020,1,0x0
14278,1228,master,0x06000464,read,0x20004020,1,0x0
14279,1228,master,0x06000464,read,0x20004020,1,0x0
14280,1228,master,0x06000464,read,0x20004020,1,0x1
14281,1228,master,0x0600046A,read,0x20004021,1,0x22
14282,1228,master,0x06000464,read,0x20004020,1,0x0
14283,1228,master,0x06000464,read,0x20004020,1,0x0
14284,1228,master,0x06000464,read,0x20004020,1,0x0
14285,1228,master,0x06000464,read,0x20004020,1,0x0
14286,1228,master,0x06000464,read,0x20004020,1,0x0
14287,1228,master,0x06000464,read,0x20004020,1,0x0
14288,1228,master,0x06000464,read,0x20004020,1,0x0
14289,1228,master,0x06000464,read,0x20004020,1,0x0
14290,1228,master,0x06000464,read,0x20004020,1,0x0
14291,1228,master,0x06000464,read,0x20004020,1,0x1
14292,1228,master,0x0600046A,read,0x20004021,1,0x22
14293,1228,master,0x06000464,read,0x20004020,1,0x0
14294,1228,master,0x06000464,read,0x20004020,1,0x0
14295,1228,master,0x06000464,read,0x20004020,1,0x0
14296,1228,master,0x06000464,read,0x20004020,1,0x0
14297,1228,master,0x06000464,read,0x20004020,1,0x0
14298,1228,master,0x06000464,read,0x20004020,1,0x0
14299,1228,master,0x06000464,read,0x20004020,1,0x0
14300,1228,master,0x06000464,read,0x20004020,1,0x0
14301,1228,master,0x06000464,read,0x20004020,1,0x0
14302,1228,master,0x06000464,read,0x20004020,1,0x1
14303,1228,master,0x0600046A,read,0x20004021,1,0x22
14304,1228,master,0x06000464,read,0x20004020,1,0x0
14305,1228,master,0x06000464,read,0x20004020,1,0x0
14306,1228,master,0x06000464,read,0x20004020,1,0x0
14307,1228,master,0x06000464,read,0x20004020,1,0x0
14308,1228,master,0x06000464,read,0x20004020,1,0x0
14309,1228,master,0x06000464,read,0x20004020,1,0x0
14310,1228,master,0x06000464,read,0x20004020,1,0x0
14311,1228,master,0x06000464,read,0x20004020,1,0x0
14312,1228,master,0x06000464,read,0x20004020,1,0x0
14313,1228,master,0x06000464,read,0x20004020,1,0x1
14314,1228,master,0x0600046A,read,0x20004021,1,0x2B
14315,1230,master,0x06000464,read,0x20004020,1,0x0
14316,1230,master,0x06000464,read,0x20004020,1,0x0
14317,1230,master,0x06000464,read,0x20004020,1,0x0
14318,1230,master,0x06000464,read,0x20004020,1,0x0
14319,1230,master,0x06000464,read,0x20004020,1,0x0
14320,1230,master,0x06000464,read,0x20004020,1,0x0
14321,1230,master,0x06000464,read,0x20004020,1,0x0
14322,1230,master,0x06000464,read,0x20004020,1,0x0
14323,1230,master,0x06000464,read,0x20004020,1,0x0
14324,1230,master,0x06000464,read,0x20004020,1,0x0
14325,1230,master,0x06000464,read,0x20004020,1,0x1
14326,1230,master,0x0600046A,read,0x20004021,1,0x22
14327,1230,master,0x06000464,read,0x20004020,1,0x0
14328,1230,master,0x06000464,read,0x20004020,1,0x0
14329,1230,master,0x06000464,read,0x20004020,1,0x0
14330,1230,master,0x06000464,read,0x20004020,1,0x0
14331,1230,master,0x06000464,read,0x20004020,1,0x0
14332,1230,master,0x06000464,read,0x20004020,1,0x0
14333,1230,master,0x06000464,read,0x20004020,1,0x0
14334,1230,master,0x06000464,read,0x20004020,1,0x0
14335,1230,master,0x06000464,read,0x20004020,1,0x0
14336,1230,master,0x06000464,read,0x20004020,1,0x1
14337,1230,master,0x0600046A,read,0x20004021,1,0x22
14338,1231,master,0x06000464,read,0x20004020,1,0x0
14339,1231,master,0x06000464,read,0x20004020,1,0x0
14340,1231,master,0x06000464,read,0x20004020,1,0x0
14341,1231,master,0x06000464,read,0x20004020,1,0x0
14342,1231,master,0x06000464,read,0x20004020,1,0x0
14343,1231,master,0x06000464,read,0x20004020,1,0x0
14344,1231,master,0x06000464,read,0x20004020,1,0x0
14345,1231,master,0x06000464,read,0x20004020,1,0x0
14346,1231,master,0x06000464,read,0x20004020,1,0x0
14347,1231,master,0x06000464,read,0x20004020,1,0x1
14348,1231,master,0x0600046A,read,0x20004021,1,0x22
14349,1231,master,0x06000464,read,0x20004020,1,0x0
14350,1231,master,0x06000464,read,0x20004020,1,0x0
14351,1231,master,0x06000464,read,0x20004020,1,0x0
14352,1231,master,0x06000464,read,0x20004020,1,0x0
14353,1231,master,0x06000464,read,0x20004020,1,0x0
14354,1231,master,0x06000464,read,0x20004020,1,0x0
14355,1231,master,0x06000464,read,0x20004020,1,0x0
14356,1231,master,0x06000464,read,0x20004020,1,0x0
14357,1231,master,0x06000464,read,0x20004020,1,0x0
14358,1231,master,0x06000464,read,0x20004020,1,0x1
14359,1231,master,0x0600046A,read,0x20004021,1,0x22
14360,1231,master,0x06000464,read,0x20004020,1,0x0
14361,1231,master,0x06000464,read,0x20004020,1,0x0
14362,1231,master,0x06000464,read,0x20004020,1,0x0
14363,1231,master,0x06000464,read,0x20004020,1,0x0
14364,1231,master,0x06000464,read,0x20004020,1,0x0
14365,1231,master,0x06000464,read,0x20004020,1,0x0
14366,1231,master,0x06000464,read,0x20004020,1,0x0
14367,1231,master,0x06000464,read,0x20004020,1,0x0
14368,1231,master,0x06000464,read,0x20004020,1,0x0
14369,1231,master,0x06000464,read,0x20004020,1,0x1
14370,1231,master,0x0600046A,read,0x20004021,1,0x22
14371,1231,master,0x06000464,read,0x20004020,1,0x0
14372,1231,master,0x06000464,read,0x20004020,1,0x0
14373,1231,master,0x06000464,read,0x20004020,1,0x0
14374,1231,master,0x06000464,read,0x20004020,1,0x0
14375,1231,master,0x06000464,read,0x20004020,1,0x0
14376,1231,master,0x06000464,read,0x20004020,1,0x0
14377,1231,master,0x06000464,read,0x20004020,1,0x0
14378,1231,master,0x06000464,read,0x20004020,1,0x0
14379,1231,master,0x06000464,read,0x20004020,1,0x0
14380,1231,master,0x06000464,read,0x20004020,1,0x1
14381,1231,master,0x0600046A,read,0x20004021,1,0x22
14382,1231,master,0x06000464,read,0x20004020,1,0x0
14383,1231,master,0x06000464,read,0x20004020,1,0x0
14384,1231,master,0x06000464,read,0x20004020,1,0x0
14385,1231,master,0x06000464,read,0x20004020,1,0x0
14386,1231,master,0x06000464,read,0x20004020,1,0x0
14387,1231,master,0x06000464,read,0x20004020,1,0x0
14388,1231,master,0x06000464,read,0x20004020,1,0x0
14389,1231,master,0x06000464,read,0x20004020,1,0x0
14390,1231,master,0x06000464,read,0x20004020,1,0x0
14391,1231,master,0x06000464,read,0x20004020,1,0x1
14392,1231,master,0x0600046A,read,0x20004021,1,0x22
14393,1231,master,0x06000464,read,0x20004020,1,0x0
14394,1231,master,0x06000464,read,0x20004020,1,0x0
14395,1231,master,0x06000464,read,0x20004020,1,0x0
14396,1231,master,0x06000464,read,0x20004020,1,0x0
14397,1231,master,0x06000464,read,0x20004020,1,0x0
14398,1231,master,0x06000464,read,0x20004020,1,0x0
14399,1231,master,0x06000464,read,0x20004020,1,0x0
14400,1231,master,0x06000464,read,0x20004020,1,0x0
14401,1231,master,0x06000464,read,0x20004020,1,0x0
14402,1231,master,0x06000464,read,0x20004020,1,0x1
14403,1231,master,0x0600046A,read,0x20004021,1,0x22
14404,1231,master,0x06000464,read,0x20004020,1,0x0
14405,1231,master,0x06000464,read,0x20004020,1,0x0
14406,1231,master,0x06000464,read,0x20004020,1,0x0
14407,1231,master,0x06000464,read,0x20004020,1,0x0
14408,1231,master,0x06000464,read,0x20004020,1,0x0
14409,1231,master,0x06000464,read,0x20004020,1,0x0
14410,1231,master,0x06000464,read,0x20004020,1,0x0
14411,1231,master,0x06000464,read,0x20004020,1,0x0
14412,1231,master,0x06000464,read,0x20004020,1,0x0
14413,1231,master,0x06000464,read,0x20004020,1,0x1
14414,1231,master,0x0600046A,read,0x20004021,1,0x22
14415,1231,master,0x06000464,read,0x20004020,1,0x0
14416,1231,master,0x06000464,read,0x20004020,1,0x0
14417,1231,master,0x06000464,read,0x20004020,1,0x0
14418,1231,master,0x06000464,read,0x20004020,1,0x0
14419,1231,master,0x06000464,read,0x20004020,1,0x0
14420,1231,master,0x06000464,read,0x20004020,1,0x0
14421,1231,master,0x06000464,read,0x20004020,1,0x0
14422,1231,master,0x06000464,read,0x20004020,1,0x0
14423,1231,master,0x06000464,read,0x20004020,1,0x0
14424,1231,master,0x06000464,read,0x20004020,1,0x1
14425,1231,master,0x0600046A,read,0x20004021,1,0x22
14426,1231,master,0x06000464,read,0x20004020,1,0x0
14427,1231,master,0x06000464,read,0x20004020,1,0x0
14428,1231,master,0x06000464,read,0x20004020,1,0x0
14429,1231,master,0x06000464,read,0x20004020,1,0x0
14430,1231,master,0x06000464,read,0x20004020,1,0x0
14431,1231,master,0x06000464,read,0x20004020,1,0x0
14432,1231,master,0x06000464,read,0x20004020,1,0x0
14433,1231,master,0x06000464,read,0x20004020,1,0x0
14434,1231,master,0x06000464,read,0x20004020,1,0x0
14435,1231,master,0x06000464,read,0x20004020,1,0x1
14436,1231,master,0x0600046A,read,0x20004021,1,0x22
14437,1231,master,0x06000464,read,0x20004020,1,0x0
14438,1231,master,0x06000464,read,0x20004020,1,0x0
14439,1231,master,0x06000464,read,0x20004020,1,0x0
14440,1231,master,0x06000464,read,0x20004020,1,0x0
14441,1231,master,0x06000464,read,0x20004020,1,0x0
14442,1231,master,0x06000464,read,0x20004020,1,0x0
14443,1231,master,0x06000464,read,0x20004020,1,0x0
14444,1231,master,0x06000464,read,0x20004020,1,0x0
14445,1231,master,0x06000464,read,0x20004020,1,0x0
14446,1231,master,0x06000464,read,0x20004020,1,0x1
14447,1231,master,0x0600046A,read,0x20004021,1,0x22
14448,1231,master,0x06000464,read,0x20004020,1,0x0
14449,1231,master,0x06000464,read,0x20004020,1,0x0
14450,1231,master,0x06000464,read,0x20004020,1,0x0
14451,1231,master,0x06000464,read,0x20004020,1,0x0
14452,1231,master,0x06000464,read,0x20004020,1,0x0
14453,1231,master,0x06000464,read,0x20004020,1,0x0
14454,1231,master,0x06000464,read,0x20004020,1,0x0
14455,1231,master,0x06000464,read,0x20004020,1,0x0
14456,1231,master,0x06000464,read,0x20004020,1,0x0
14457,1231,master,0x06000464,read,0x20004020,1,0x1
14458,1231,master,0x0600046A,read,0x20004021,1,0x22
14459,1231,master,0x06000464,read,0x20004020,1,0x0
14460,1231,master,0x06000464,read,0x20004020,1,0x0
14461,1231,master,0x06000464,read,0x20004020,1,0x0
14462,1231,master,0x06000464,read,0x20004020,1,0x0
14463,1231,master,0x06000464,read,0x20004020,1,0x0
14464,1231,master,0x06000464,read,0x20004020,1,0x0
14465,1231,master,0x06000464,read,0x20004020,1,0x0
14466,1231,master,0x06000464,read,0x20004020,1,0x0
14467,1231,master,0x06000464,read,0x20004020,1,0x0
14468,1231,master,0x06000464,read,0x20004020,1,0x1
14469,1231,master,0x0600046A,read,0x20004021,1,0x22
14470,1231,master,0x06000464,read,0x20004020,1,0x0
14471,1231,master,0x06000464,read,0x20004020,1,0x0
14472,1231,master,0x06000464,read,0x20004020,1,0x0
14473,1231,master,0x06000464,read,0x20004020,1,0x0
14474,1231,master,0x06000464,read,0x20004020,1,0x0
14475,1231,master,0x06000464,read,0x20004020,1,0x0
14476,1231,master,0x06000464,read,0x20004020,1,0x0
14477,1231,master,0x06000464,read,0x20004020,1,0x0
14478,1231,master,0x06000464,read,0x20004020,1,0x0
14479,1231,master,0x06000464,read,0x20004020,1,0x1
14480,1231,master,0x0600046A,read,0x20004021,1,0x22
14481,1231,master,0x06000464,read,0x20004020,1,0x0
14482,1231,master,0x06000464,read,0x20004020,1,0x0
14483,1231,master,0x06000464,read,0x20004020,1,0x0
14484,1231,master,0x06000464,read,0x20004020,1,0x0
14485,1231,master,0x06000464,read,0x20004020,1,0x0
14486,1231,master,0x06000464,read,0x20004020,1,0x0
14487,1231,master,0x06000464,read,0x20004020,1,0x0
14488,1231,master,0x06000464,read,0x20004020,1,0x0
14489,1231,master,0x06000464,read,0x20004020,1,0x0
14490,1231,master,0x06000464,read,0x20004020,1,0x1
14491,1231,master,0x0600046A,read,0x20004021,1,0x22
14492,1231,master,0x06000464,read,0x20004020,1,0x0
14493,1231,master,0x06000464,read,0x20004020,1,0x0
14494,1231,master,0x06000464,read,0x20004020,1,0x0
14495,1231,master,0x06000464,read,0x20004020,1,0x0
14496,1231,master,0x06000464,read,0x20004020,1,0x0
14497,1231,master,0x06000464,read,0x20004020,1,0x0
14498,1231,master,0x06000464,read,0x20004020,1,0x0
14499,1231,master,0x06000464,read,0x20004020,1,0x0
14500,1231,master,0x06000464,read,0x20004020,1,0x0
14501,1231,master,0x06000464,read,0x20004020,1,0x1
14502,1231,master,0x0600046A,read,0x20004021,1,0x22
14503,1231,master,0x06000464,read,0x20004020,1,0x0
14504,1231,master,0x06000464,read,0x20004020,1,0x0
14505,1231,master,0x06000464,read,0x20004020,1,0x0
14506,1231,master,0x06000464,read,0x20004020,1,0x0
14507,1231,master,0x06000464,read,0x20004020,1,0x0
14508,1231,master,0x06000464,read,0x20004020,1,0x0
14509,1231,master,0x06000464,read,0x20004020,1,0x0
14510,1231,master,0x06000464,read,0x20004020,1,0x0
14511,1231,master,0x06000464,read,0x20004020,1,0x0
14512,1231,master,0x06000464,read,0x20004020,1,0x1
14513,1231,master,0x0600046A,read,0x20004021,1,0x22
14514,1231,master,0x06000464,read,0x20004020,1,0x0
14515,1231,master,0x06000464,read,0x20004020,1,0x0
14516,1231,master,0x06000464,read,0x20004020,1,0x0
14517,1231,master,0x06000464,read,0x20004020,1,0x0
14518,1231,master,0x06000464,read,0x20004020,1,0x0
14519,1231,master,0x06000464,read,0x20004020,1,0x0
14520,1231,master,0x06000464,read,0x20004020,1,0x0
14521,1231,master,0x06000464,read,0x20004020,1,0x0
14522,1231,master,0x06000464,read,0x20004020,1,0x0
14523,1231,master,0x06000464,read,0x20004020,1,0x1
14524,1231,master,0x0600046A,read,0x20004021,1,0x22
14525,1231,master,0x06000464,read,0x20004020,1,0x0
14526,1231,master,0x06000464,read,0x20004020,1,0x0
14527,1231,master,0x06000464,read,0x20004020,1,0x0
14528,1231,master,0x06000464,read,0x20004020,1,0x0
14529,1231,master,0x06000464,read,0x20004020,1,0x0
14530,1231,master,0x06000464,read,0x20004020,1,0x0
14531,1231,master,0x06000464,read,0x20004020,1,0x0
14532,1231,master,0x06000464,read,0x20004020,1,0x0
14533,1231,master,0x06000464,read,0x20004020,1,0x0
14534,1231,master,0x06000464,read,0x20004020,1,0x1
14535,1231,master,0x0600046A,read,0x20004021,1,0x2B
14536,1233,master,0x06000464,read,0x20004020,1,0x0
14537,1233,master,0x06000464,read,0x20004020,1,0x0
14538,1233,master,0x06000464,read,0x20004020,1,0x0
14539,1233,master,0x06000464,read,0x20004020,1,0x0
14540,1233,master,0x06000464,read,0x20004020,1,0x0
14541,1233,master,0x06000464,read,0x20004020,1,0x0
14542,1233,master,0x06000464,read,0x20004020,1,0x0
14543,1233,master,0x06000464,read,0x20004020,1,0x0
14544,1233,master,0x06000464,read,0x20004020,1,0x0
14545,1233,master,0x06000464,read,0x20004020,1,0x0
14546,1233,master,0x06000464,read,0x20004020,1,0x1
14547,1233,master,0x0600046A,read,0x20004021,1,0x22
14548,1233,master,0x06000464,read,0x20004020,1,0x0
14549,1233,master,0x06000464,read,0x20004020,1,0x0
14550,1233,master,0x06000464,read,0x20004020,1,0x0
14551,1233,master,0x06000464,read,0x20004020,1,0x0
14552,1233,master,0x06000464,read,0x20004020,1,0x0
14553,1233,master,0x06000464,read,0x20004020,1,0x0
14554,1233,master,0x06000464,read,0x20004020,1,0x0
14555,1233,master,0x06000464,read,0x20004020,1,0x0
14556,1233,master,0x06000464,read,0x20004020,1,0x0
14557,1233,master,0x06000464,read,0x20004020,1,0x1
14558,1233,master,0x0600046A,read,0x20004021,1,0x22
14559,1234,master,0x06000464,read,0x20004020,1,0x0
14560,1234,master,0x06000464,read,0x20004020,1,0x0
14561,1234,master,0x06000464,read,0x20004020,1,0x0
14562,1234,master,0x06000464,read,0x20004020,1,0x0
14563,1234,master,0x06000464,read,0x20004020,1,0x0
14564,1234,master,0x06000464,read,0x20004020,1,0x0
14565,1234,master,0x06000464,read,0x20004020,1,0x0
14566,1234,master,0x06000464,read,0x20004020,1,0x0
14567,1234,master,0x06000464,read,0x20004020,1,0x0
14568,1234,master,0x06000464,read,0x20004020,1,0x1
14569,1234,master,0x0600046A,read,0x20004021,1,0x22
14570,1234,master,0x06000464,read,0x20004020,1,0x0
14571,1234,master,0x06000464,read,0x20004020,1,0x0
14572,1234,master,0x06000464,read,0x20004020,1,0x0
14573,1234,master,0x06000464,read,0x20004020,1,0x0
14574,1234,master,0x06000464,read,0x20004020,1,0x0
14575,1234,master,0x06000464,read,0x20004020,1,0x0
14576,1234,master,0x06000464,read,0x20004020,1,0x0
14577,1234,master,0x06000464,read,0x20004020,1,0x0
14578,1234,master,0x06000464,read,0x20004020,1,0x0
14579,1234,master,0x06000464,read,0x20004020,1,0x1
14580,1234,master,0x0600046A,read,0x20004021,1,0x22
14581,1234,master,0x06000464,read,0x20004020,1,0x0
14582,1234,master,0x06000464,read,0x20004020,1,0x0
14583,1234,master,0x06000464,read,0x20004020,1,0x0
14584,1234,master,0x06000464,read,0x20004020,1,0x0
14585,1234,master,0x06000464,read,0x20004020,1,0x0
14586,1234,master,0x06000464,read,0x20004020,1,0x0
14587,1234,master,0x06000464,read,0x20004020,1,0x0
14588,1234,master,0x06000464,read,0x20004020,1,0x0
14589,1234,master,0x06000464,read,0x20004020,1,0x0
14590,1234,master,0x06000464,read,0x20004020,1,0x1
14591,1234,master,0x0600046A,read,0x20004021,1,0x22
14592,1234,master,0x06000464,read,0x20004020,1,0x0
14593,1234,master,0x06000464,read,0x20004020,1,0x0
14594,1234,master,0x06000464,read,0x20004020,1,0x0
14595,1234,master,0x06000464,read,0x20004020,1,0x0
14596,1234,master,0x06000464,read,0x20004020,1,0x0
14597,1234,master,0x06000464,read,0x20004020,1,0x0
14598,1234,master,0x06000464,read,0x20004020,1,0x0
14599,1234,master,0x06000464,read,0x20004020,1,0x0
14600,1234,master,0x06000464,read,0x20004020,1,0x0
14601,1234,master,0x06000464,read,0x20004020,1,0x1
14602,1234,master,0x0600046A,read,0x20004021,1,0x22
14603,1234,master,0x06000464,read,0x20004020,1,0x0
14604,1234,master,0x06000464,read,0x20004020,1,0x0
14605,1234,master,0x06000464,read,0x20004020,1,0x0
14606,1234,master,0x06000464,read,0x20004020,1,0x0
14607,1234,master,0x06000464,read,0x20004020,1,0x0
14608,1234,master,0x06000464,read,0x20004020,1,0x0
14609,1234,master,0x06000464,read,0x20004020,1,0x0
14610,1234,master,0x06000464,read,0x20004020,1,0x0
14611,1234,master,0x06000464,read,0x20004020,1,0x0
14612,1234,master,0x06000464,read,0x20004020,1,0x1
14613,1234,master,0x0600046A,read,0x20004021,1,0x22
14614,1234,master,0x06000464,read,0x20004020,1,0x0
14615,1234,master,0x06000464,read,0x20004020,1,0x0
14616,1234,master,0x06000464,read,0x20004020,1,0x0
14617,1234,master,0x06000464,read,0x20004020,1,0x0
14618,1234,master,0x06000464,read,0x20004020,1,0x0
14619,1234,master,0x06000464,read,0x20004020,1,0x0
14620,1234,master,0x06000464,read,0x20004020,1,0x0
14621,1234,master,0x06000464,read,0x20004020,1,0x0
14622,1234,master,0x06000464,read,0x20004020,1,0x0
14623,1234,master,0x06000464,read,0x20004020,1,0x1
14624,1234,master,0x0600046A,read,0x20004021,1,0x22
14625,1234,master,0x06000464,read,0x20004020,1,0x0
14626,1234,master,0x06000464,read,0x20004020,1,0x0
14627,1234,master,0x06000464,read,0x20004020,1,0x0
14628,1234,master,0x06000464,read,0x20004020,1,0x0
14629,1234,master,0x06000464,read,0x20004020,1,0x0
14630,1234,master,0x06000464,read,0x20004020,1,0x0
14631,1234,master,0x06000464,read,0x20004020,1,0x0
14632,1234,master,0x06000464,read,0x20004020,1,0x0
14633,1234,master,0x06000464,read,0x20004020,1,0x0
14634,1234,master,0x06000464,read,0x20004020,1,0x1
14635,1234,master,0x0600046A,read,0x20004021,1,0x22
14636,1234,master,0x06000464,read,0x20004020,1,0x0
14637,1234,master,0x06000464,read,0x20004020,1,0x0
14638,1234,master,0x06000464,read,0x20004020,1,0x0
14639,1234,master,0x06000464,read,0x20004020,1,0x0
14640,1234,master,0x06000464,read,0x20004020,1,0x0
14641,1234,master,0x06000464,read,0x20004020,1,0x0
14642,1234,master,0x06000464,read,0x20004020,1,0x0
14643,1234,master,0x06000464,read,0x20004020,1,0x0
14644,1234,master,0x06000464,read,0x20004020,1,0x0
14645,1234,master,0x06000464,read,0x20004020,1,0x1
14646,1234,master,0x0600046A,read,0x20004021,1,0x22
14647,1234,master,0x06000464,read,0x20004020,1,0x0
14648,1234,master,0x06000464,read,0x20004020,1,0x0
14649,1234,master,0x06000464,read,0x20004020,1,0x0
14650,1234,master,0x06000464,read,0x20004020,1,0x0
14651,1234,master,0x06000464,read,0x20004020,1,0x0
14652,1234,master,0x06000464,read,0x20004020,1,0x0
14653,1234,master,0x06000464,read,0x20004020,1,0x0
14654,1234,master,0x06000464,read,0x20004020,1,0x0
14655,1234,master,0x06000464,read,0x20004020,1,0x0
14656,1234,master,0x06000464,read,0x20004020,1,0x1
14657,1234,master,0x0600046A,read,0x20004021,1,0x22
14658,1234,master,0x06000464,read,0x20004020,1,0x0
14659,1234,master,0x06000464,read,0x20004020,1,0x0
14660,1234,master,0x06000464,read,0x20004020,1,0x0
14661,1234,master,0x06000464,read,0x20004020,1,0x0
14662,1234,master,0x06000464,read,0x20004020,1,0x0
14663,1234,master,0x06000464,read,0x20004020,1,0x0
14664,1234,master,0x06000464,read,0x20004020,1,0x0
14665,1234,master,0x06000464,read,0x20004020,1,0x0
14666,1234,master,0x06000464,read,0x20004020,1,0x0
14667,1234,master,0x06000464,read,0x20004020,1,0x1
14668,1234,master,0x0600046A,read,0x20004021,1,0x22
14669,1234,master,0x06000464,read,0x20004020,1,0x0
14670,1234,master,0x06000464,read,0x20004020,1,0x0
14671,1234,master,0x06000464,read,0x20004020,1,0x0
14672,1234,master,0x06000464,read,0x20004020,1,0x0
14673,1234,master,0x06000464,read,0x20004020,1,0x0
14674,1234,master,0x06000464,read,0x20004020,1,0x0
14675,1234,master,0x06000464,read,0x20004020,1,0x0
14676,1234,master,0x06000464,read,0x20004020,1,0x0
14677,1234,master,0x06000464,read,0x20004020,1,0x0
14678,1234,master,0x06000464,read,0x20004020,1,0x1
14679,1234,master,0x0600046A,read,0x20004021,1,0x22
14680,1234,master,0x06000464,read,0x20004020,1,0x0
14681,1234,master,0x06000464,read,0x20004020,1,0x0
14682,1234,master,0x06000464,read,0x20004020,1,0x0
14683,1234,master,0x06000464,read,0x20004020,1,0x0
14684,1234,master,0x06000464,read,0x20004020,1,0x0
14685,1234,master,0x06000464,read,0x20004020,1,0x0
14686,1234,master,0x06000464,read,0x20004020,1,0x0
14687,1234,master,0x06000464,read,0x20004020,1,0x0
14688,1234,master,0x06000464,read,0x20004020,1,0x0
14689,1234,master,0x06000464,read,0x20004020,1,0x1
14690,1234,master,0x0600046A,read,0x20004021,1,0x22
14691,1234,master,0x06000464,read,0x20004020,1,0x0
14692,1234,master,0x06000464,read,0x20004020,1,0x0
14693,1234,master,0x06000464,read,0x20004020,1,0x0
14694,1234,master,0x06000464,read,0x20004020,1,0x0
14695,1234,master,0x06000464,read,0x20004020,1,0x0
14696,1234,master,0x06000464,read,0x20004020,1,0x0
14697,1234,master,0x06000464,read,0x20004020,1,0x0
14698,1234,master,0x06000464,read,0x20004020,1,0x0
14699,1234,master,0x06000464,read,0x20004020,1,0x0
14700,1234,master,0x06000464,read,0x20004020,1,0x1
14701,1234,master,0x0600046A,read,0x20004021,1,0x22
14702,1234,master,0x06000464,read,0x20004020,1,0x0
14703,1234,master,0x06000464,read,0x20004020,1,0x0
14704,1234,master,0x06000464,read,0x20004020,1,0x0
14705,1234,master,0x06000464,read,0x20004020,1,0x0
14706,1234,master,0x06000464,read,0x20004020,1,0x0
14707,1234,master,0x06000464,read,0x20004020,1,0x0
14708,1234,master,0x06000464,read,0x20004020,1,0x0
14709,1234,master,0x06000464,read,0x20004020,1,0x0
14710,1234,master,0x06000464,read,0x20004020,1,0x0
14711,1234,master,0x06000464,read,0x20004020,1,0x1
14712,1234,master,0x0600046A,read,0x20004021,1,0x22
14713,1234,master,0x06000464,read,0x20004020,1,0x0
14714,1234,master,0x06000464,read,0x20004020,1,0x0
14715,1234,master,0x06000464,read,0x20004020,1,0x0
14716,1234,master,0x06000464,read,0x20004020,1,0x0
14717,1234,master,0x06000464,read,0x20004020,1,0x0
14718,1234,master,0x06000464,read,0x20004020,1,0x0
14719,1234,master,0x06000464,read,0x20004020,1,0x0
14720,1234,master,0x06000464,read,0x20004020,1,0x0
14721,1234,master,0x06000464,read,0x20004020,1,0x0
14722,1234,master,0x06000464,read,0x20004020,1,0x1
14723,1234,master,0x0600046A,read,0x20004021,1,0x22
14724,1234,master,0x06000464,read,0x20004020,1,0x0
14725,1234,master,0x06000464,read,0x20004020,1,0x0
14726,1234,master,0x06000464,read,0x20004020,1,0x0
14727,1234,master,0x06000464,read,0x20004020,1,0x0
14728,1234,master,0x06000464,read,0x20004020,1,0x0
14729,1234,master,0x06000464,read,0x20004020,1,0x0
14730,1234,master,0x06000464,read,0x20004020,1,0x0
14731,1234,master,0x06000464,read,0x20004020,1,0x0
14732,1234,master,0x06000464,read,0x20004020,1,0x0
14733,1234,master,0x06000464,read,0x20004020,1,0x1
14734,1234,master,0x0600046A,read,0x20004021,1,0x22
14735,1234,master,0x06000464,read,0x20004020,1,0x0
14736,1234,master,0x06000464,read,0x20004020,1,0x0
14737,1234,master,0x06000464,read,0x20004020,1,0x0
14738,1234,master,0x06000464,read,0x20004020,1,0x0
14739,1234,master,0x06000464,read,0x20004020,1,0x0
14740,1234,master,0x06000464,read,0x20004020,1,0x0
14741,1234,master,0x06000464,read,0x20004020,1,0x0
14742,1234,master,0x06000464,read,0x20004020,1,0x0
14743,1234,master,0x06000464,read,0x20004020,1,0x0
14744,1234,master,0x06000464,read,0x20004020,1,0x1
14745,1234,master,0x0600046A,read,0x20004021,1,0x22
14746,1234,master,0x06000464,read,0x20004020,1,0x0
14747,1234,master,0x06000464,read,0x20004020,1,0x0
14748,1234,master,0x06000464,read,0x20004020,1,0x0
14749,1234,master,0x06000464,read,0x20004020,1,0x0
14750,1234,master,0x06000464,read,0x20004020,1,0x0
14751,1234,master,0x06000464,read,0x20004020,1,0x0
14752,1234,master,0x06000464,read,0x20004020,1,0x0
14753,1234,master,0x06000464,read,0x20004020,1,0x0
14754,1234,master,0x06000464,read,0x20004020,1,0x0
14755,1235,master,0x06000464,read,0x20004020,1,0x0
14756,1235,master,0x06000464,read,0x20004020,1,0x0
14757,1235,master,0x06000464,read,0x20004020,1,0x0
14758,1235,master,0x06000464,read,0x20004020,1,0x0
14759,1235,master,0x06000464,read,0x20004020,1,0x0
14760,1235,master,0x06000464,read,0x20004020,1,0x0
14761,1235,master,0x06000464,read,0x20004020,1,0x0
14762,1235,master,0x06000464,read,0x20004020,1,0x0
14763,1235,master,0x06000464,read,0x20004020,1,0x0
14764,1235,master,0x06000464,read,0x20004020,1,0x0
14765,1237,master,0x06000464,read,0x20004020,1,0x1
14766,1237,master,0x0600046A,read,0x20004021,1,0x3
14767,1237,master,0x06000464,read,0x20004020,1,0x0
14768,1237,master,0x06000464,read,0x20004020,1,0x0
14769,1237,master,0x06000464,read,0x20004020,1,0x0
14770,1237,master,0x06000464,read,0x20004020,1,0x0
14771,1237,master,0x06000464,read,0x20004020,1,0x0
14772,1237,master,0x06000464,read,0x20004020,1,0x0
14773,1237,master,0x06000464,read,0x20004020,1,0x0
14774,1237,master,0x06000464,read,0x20004020,1,0x0
14775,1237,master,0x06000464,read,0x20004020,1,0x0
14776,1237,master,0x06000464,read,0x20004020,1,0x0
14777,1255,master,0x06000464,read,0x20004020,1,0x0
14778,1255,master,0x06000464,read,0x20004020,1,0x0
14779,1255,master,0x06000464,read,0x20004020,1,0x0
14780,1255,master,0x06000464,read,0x20004020,1,0x0
14781,1255,master,0x06000464,read,0x20004020,1,0x0
14782,1255,master,0x06000464,read,0x20004020,1,0x0
14783,1255,master,0x06000464,read,0x20004020,1,0x0
14784,1255,master,0x06000464,read,0x20004020,1,0x0
14785,1255,master,0x06000464,read,0x20004020,1,0x0
14786,1255,master,0x06000464,read,0x20004020,1,0x0
14787,1257,master,0x06000464,read,0x20004020,1,0x1
14788,1257,master,0x0600046A,read,0x20004021,1,0x2
14789,1260,m68k,0x0001C8DA,write,0x00A15126,1,0x0
14790,1260,m68k,0x0001C70A,write,0x00A15110,2,0xA0
14791,1260,m68k,0x0001C712,write,0x00A15107,1,0x4
14792,1260,m68k,0x0001C71C,write,0x00A15120,1,0x0
14793,1260,m68k,0x0001C724,write,0x00A15121,1,0x3E
14794,1260,m68k,0x0001C72C,write,0x00A15120,1,0x1
14795,1260,m68k,0x0001C73C,read,0x00A15123,1,0x0
14796,1260,m68k,0x0001C71C,write,0x00A15120,1,0x0
14797,1260,m68k,0x0001C724,write,0x00A15121,1,0x3E
14798,1260,m68k,0x0001C72C,write,0x00A15120,1,0x1
14799,1260,master,0x06000464,read,0x20004020,1,0x0
14800,1260,master,0x06000464,read,0x20004020,1,0x0
14801,1260,master,0x06000464,read,0x20004020,1,0x0
14802,1260,master,0x06000464,read,0x20004020,1,0x0
14803,1260,master,0x06000464,read,0x20004020,1,0x0
14804,1260,m68k,0x0001C73C,read,0x00A15123,1,0x1
14805,1260,m68k,0x0001C71C,write,0x00A15120,1,0x0
14806,1260,m68k,0x0001C724,write,0x00A15121,1,0x3E
14807,1260,master,0x06000464,read,0x20004020,1,0x0
14808,1260,master,0x06000464,read,0x20004020,1,0x0
14809,1260,master,0x06000464,read,0x20004020,1,0x0
14810,1260,master,0x06000464,read,0x20004020,1,0x0
14811,1260,master,0x06000464,read,0x20004020,1,0x0
14812,1260,m68k,0x0001C72C,write,0x00A15120,1,0x1
14813,1260,master,0x06000464,read,0x20004020,1,0x1
14814,1260,master,0x0600046A,read,0x20004021,1,0x3E
14815,1260,master,0x023016B4,write,0x2600FC00,4,0x20004020
14816,1260,master,0x023016B6,write,0x0600FF7C,4,0x6000474
14817,1260,master,0x023016B8,read,0x20004026,1,0x0
14818,1260,master,0x023016C2,write,0xFFFFFF80,4,0x20004012
14819,1260,master,0x023016C8,write,0xFFFFFF84,4,0x600F20C
14820,1260,master,0x023016CE,write,0xFFFFFF88,4,0xA0
14821,1260,master,0x02301706,write,0xFFFFFF8C,4,0x44E5
14822,1260,master,0x0230170C,write,0xFFFFFFB0,4,0x1
14823,1260,master,0x0230170E,read,0x20004023,1,0x1
14824,1260,master,0x02301716,read,0x20004010,2,0xA0
14825,1260,master,0x02301716,read,0x20004010,2,0xA0
14826,1260,master,0x02301716,read,0x20004010,2,0xA0
14827,1260,master,0x02301716,read,0x20004010,2,0xA0
14828,1260,master,0x02301716,read,0x20004010,2,0xA0
14829,1260,master,0x02301716,read,0x20004010,2,0xA0
14830,1260,master,0x02301716,read,0x20004010,2,0xA0
14831,1260,master,0x02301716,read,0x20004010,2,0xA0
14832,1260,master,0x02301716,read,0x20004010,2,0xA0
14833,1260,master,0x02301716,read,0x20004010,2,0xA0
14834,1260,master,0x02301716,read,0x20004010,2,0xA0
14835,1260,master,0x02301716,read,0x20004010,2,0xA0
14836,1260,master,0x02301716,read,0x20004010,2,0xA0
14837,1260,master,0x02301716,read,0x20004010,2,0xA0
14838,1260,master,0x02301716,read,0x20004010,2,0xA0
14839,1260,master,0x02301716,read,0x20004010,2,0xA0
14840,1260,master,0x02301716,read,0x20004010,2,0xA0
14841,1260,master,0x02301716,read,0x20004010,2,0xA0
14842,1260,master,0x02301716,read,0x20004010,2,0xA0
14843,1260,master,0x02301716,read,0x20004010,2,0xA0
14844,1260,master,0x02301716,read,0x20004010,2,0xA0
14845,1260,master,0x02301716,read,0x20004010,2,0xA0
14846,1260,master,0x02301716,read,0x20004010,2,0xA0
14847,1260,master,0x02301716,read,0x20004010,2,0xA0
14848,1260,master,0x02301716,read,0x20004010,2,0xA0
14849,1260,master,0x02301716,read,0x20004010,2,0xA0
14850,1260,master,0x02301716,read,0x20004010,2,0xA0
14851,1260,master,0x02301716,read,0x20004010,2,0xA0
14852,1260,master,0x02301716,read,0x20004010,2,0xA0
14853,1260,master,0x02301716,read,0x20004010,2,0xA0
14854,1260,master,0x02301716,read,0x20004010,2,0xA0
14855,1260,master,0x02301716,read,0x20004010,2,0xA0
14856,1260,master,0x02301716,read,0x20004010,2,0xA0
14857,1260,master,0x02301716,read,0x20004010,2,0xA0
14858,1260,master,0x02301716,read,0x20004010,2,0xA0
14859,1260,master,0x02301716,read,0x20004010,2,0xA0
14860,1260,master,0x02301716,read,0x20004010,2,0xA0
14861,1260,master,0x02301716,read,0x20004010,2,0xA0
14862,1260,master,0x02301716,read,0x20004010,2,0xA0
14863,1260,master,0x02301716,read,0x20004010,2,0xA0
14864,1260,master,0x02301716,read,0x20004010,2,0xA0
14865,1260,master,0x02301716,read,0x20004010,2,0xA0
14866,1260,master,0x02301716,read,0x20004010,2,0xA0
14867,1260,master,0x02301716,read,0x20004010,2,0xA0
14868,1260,master,0x02301716,read,0x20004010,2,0xA0
14869,1260,master,0x02301716,read,0x20004010,2,0xA0
14870,1260,master,0x02301716,read,0x20004010,2,0xA0
14871,1260,master,0x02301716,read,0x20004010,2,0xA0
14872,1260,master,0x02301716,read,0x20004010,2,0xA0
14873,1260,master,0x02301716,read,0x20004010,2,0xA0
14874,1260,master,0x02301716,read,0x20004010,2,0xA0
14875,1260,master,0x02301716,read,0x20004010,2,0xA0
14876,1260,master,0x02301716,read,0x20004010,2,0xA0
14877,1260,master,0x02301716,read,0x20004010,2,0xA0
14878,1260,master,0x02301716,read,0x20004010,2,0xA0
14879,1260,master,0x02301716,read,0x20004010,2,0xA0
14880,1260,master,0x02301716,read,0x20004010,2,0xA0
14881,1260,master,0x02301716,read,0x20004010,2,0xA0
14882,1260,master,0x02301716,read,0x20004010,2,0xA0
14883,1260,master,0x02301716,read,0x20004010,2,0xA0
14884,1260,master,0x02301716,read,0x20004010,2,0xA0
14885,1260,master,0x02301716,read,0x20004010,2,0xA0
14886,1260,master,0x02301716,read,0x20004010,2,0xA0
14887,1260,master,0x02301716,read,0x20004010,2,0xA0
14888,1260,master,0x02301716,read,0x20004010,2,0xA0
14889,1260,master,0x02301716,read,0x20004010,2,0xA0
14890,1260,master,0x02301716,read,0x20004010,2,0xA0
14891,1260,master,0x02301716,read,0x20004010,2,0xA0
14892,1260,master,0x02301716,read,0x20004010,2,0xA0
14893,1260,master,0x02301716,read,0x20004010,2,0xA0
14894,1260,master,0x02301716,read,0x20004010,2,0xA0
14895,1260,master,0x02301716,read,0x20004010,2,0xA0
14896,1260,master,0x02301716,read,0x20004010,2,0xA0
14897,1260,master,0x02301716,read,0x20004010,2,0xA0
14898,1260,master,0x02301716,read,0x20004010,2,0xA0
14899,1260,master,0x02301716,read,0x20004010,2,0xA0
14900,1260,master,0x02301716,read,0x20004010,2,0xA0
14901,1260,master,0x02301716,read,0x20004010,2,0xA0
14902,1260,master,0x02301716,read,0x20004010,2,0xA0
14903,1260,master,0x02301716,read,0x20004010,2,0xA0
14904,1260,master,0x02301716,read,0x20004010,2,0xA0
14905,1260,master,0x02301716,read,0x20004010,2,0xA0
14906,1260,master,0x02301716,read,0x20004010,2,0xA0
14907,1260,master,0x02301716,read,0x20004010,2,0xA0
14908,1260,master,0x02301716,read,0x20004010,2,0xA0
14909,1260,master,0x02301716,read,0x20004010,2,0xA0
14910,1260,master,0x02301716,read,0x20004010,2,0xA0
14911,1260,master,0x02301716,read,0x20004010,2,0xA0
14912,1260,master,0x02301716,read,0x20004010,2,0xA0
14913,1260,master,0x02301716,read,0x20004010,2,0xA0
14914,1260,master,0x02301716,read,0x20004010,2,0xA0
14915,1260,master,0x02301716,read,0x20004010,2,0xA0
14916,1260,master,0x02301716,read,0x20004010,2,0xA0
14917,1260,master,0x02301716,read,0x20004010,2,0xA0
14918,1260,master,0x02301716,read,0x20004010,2,0xA0
14919,1260,master,0x02301716,read,0x20004010,2,0xA0
14920,1260,master,0x02301716,read,0x20004010,2,0xA0
14921,1260,master,0x02301716,read,0x20004010,2,0xA0
14922,1260,master,0x02301716,read,0x20004010,2,0xA0
14923,1260,master,0x02301716,read,0x20004010,2,0xA0
14924,1260,master,0x02301716,read,0x20004010,2,0xA0
14925,1260,master,0x02301716,read,0x20004010,2,0xA0
14926,1260,master,0x02301716,read,0x20004010,2,0xA0
14927,1260,master,0x02301716,read,0x20004010,2,0xA0
14928,1260,master,0x02301716,read,0x20004010,2,0xA0
14929,1260,master,0x02301716,read,0x20004010,2,0xA0
14930,1260,master,0x02301716,read,0x20004010,2,0xA0
14931,1260,master,0x02301716,read,0x20004010,2,0xA0
14932,1260,master,0x02301716,read,0x20004010,2,0xA0
14933,1260,master,0x02301716,read,0x20004010,2,0xA0
14934,1260,master,0x02301716,read,0x20004010,2,0xA0
14935,1260,master,0x02301716,read,0x20004010,2,0xA0
14936,1260,master,0x02301716,read,0x20004010,2,0xA0
14937,1260,master,0x02301716,read,0x20004010,2,0xA0
14938,1260,master,0x02301716,read,0x20004010,2,0xA0
14939,1260,master,0x02301716,read,0x20004010,2,0xA0
14940,1260,master,0x02301716,read,0x20004010,2,0xA0
14941,1260,master,0x02301716,read,0x20004010,2,0xA0
14942,1260,master,0x02301716,read,0x20004010,2,0xA0
14943,1260,master,0x02301716,read,0x20004010,2,0xA0
14944,1260,master,0x02301716,read,0x20004010,2,0xA0
14945,1260,master,0x02301716,read,0x20004010,2,0xA0
14946,1260,master,0x02301716,read,0x20004010,2,0xA0
14947,1260,master,0x02301716,read,0x20004010,2,0xA0
14948,1260,master,0x02301716,read,0x20004010,2,0xA0
14949,1260,master,0x02301716,read,0x20004010,2,0xA0
14950,1260,master,0x02301716,read,0x20004010,2,0xA0
14951,1260,master,0x02301716,read,0x20004010,2,0xA0
14952,1260,master,0x02301716,read,0x20004010,2,0xA0
14953,1260,master,0x02301716,read,0x20004010,2,0xA0
14954,1260,master,0x02301716,read,0x20004010,2,0xA0
14955,1260,master,0x02301716,read,0x20004010,2,0xA0
14956,1260,master,0x02301716,read,0x20004010,2,0xA0
14957,1260,master,0x02301716,read,0x20004010,2,0xA0
14958,1260,master,0x02301716,read,0x20004010,2,0xA0
14959,1260,master,0x02301716,read,0x20004010,2,0xA0
14960,1260,master,0x02301716,read,0x20004010,2,0xA0
14961,1260,master,0x02301716,read,0x20004010,2,0xA0
14962,1260,master,0x02301716,read,0x20004010,2,0xA0
14963,1260,master,0x02301716,read,0x20004010,2,0xA0
14964,1260,master,0x02301716,read,0x20004010,2,0xA0
14965,1260,master,0x02301716,read,0x20004010,2,0xA0
14966,1260,master,0x02301716,read,0x20004010,2,0xA0
14967,1260,master,0x02301716,read,0x20004010,2,0xA0
14968,1260,master,0x02301716,read,0x20004010,2,0xA0
14969,1260,master,0x02301716,read,0x20004010,2,0xA0
14970,1260,master,0x02301716,read,0x20004010,2,0xA0
14971,1260,master,0x02301716,read,0x20004010,2,0xA0
14972,1260,master,0x02301716,read,0x20004010,2,0xA0
14973,1260,master,0x02301716,read,0x20004010,2,0xA0
14974,1260,master,0x02301716,read,0x20004010,2,0xA0
14975,1260,master,0x02301716,read,0x20004010,2,0xA0
14976,1260,master,0x02301716,read,0x20004010,2,0xA0
14977,1260,master,0x02301716,read,0x20004010,2,0xA0
14978,1260,master,0x02301716,read,0x20004010,2,0xA0
14979,1260,master,0x02301716,read,0x20004010,2,0xA0
14980,1260,master,0x02301716,read,0x20004010,2,0xA0
14981,1260,master,0x02301716,read,0x20004010,2,0xA0
14982,1260,master,0x02301716,read,0x20004010,2,0xA0
14983,1260,master,0x02301716,read,0x20004010,2,0xA0
14984,1260,master,0x02301716,read,0x20004010,2,0xA0
14985,1260,master,0x02301716,read,0x20004010,2,0xA0
14986,1260,master,0x02301716,read,0x20004010,2,0xA0
14987,1260,master,0x02301716,read,0x20004010,2,0xA0
14988,1260,master,0x02301716,read,0x20004010,2,0xA0
14989,1260,master,0x02301716,read,0x20004010,2,0xA0
14990,1260,master,0x02301716,read,0x20004010,2,0xA0
14991,1260,master,0x02301716,read,0x20004010,2,0xA0
14992,1260,master,0x02301716,read,0x20004010,2,0xA0
14993,1260,master,0x02301716,read,0x20004010,2,0xA0
14994,1260,master,0x02301716,read,0x20004010,2,0xA0
14995,1260,master,0x02301716,read,0x20004010,2,0xA0
14996,1260,master,0x02301716,read,0x20004010,2,0xA0
14997,1260,master,0x02301716,read,0x20004010,2,0xA0
14998,1260,master,0x02301716,read,0x20004010,2,0xA0
14999,1260,master,0x02301716,read,0x20004010,2,0xA0
15000,1260,master,0x02301716,read,0x20004010,2,0xA0
15001,1260,master,0x02301716,read,0x20004010,2,0xA0
15002,1260,master,0x02301716,read,0x20004010,2,0xA0
15003,1260,master,0x02301716,read,0x20004010,2,0xA0
15004,1260,master,0x02301716,read,0x20004010,2,0xA0
15005,1260,master,0x02301716,read,0x20004010,2,0xA0
15006,1260,master,0x02301716,read,0x20004010,2,0xA0
15007,1260,master,0x02301716,read,0x20004010,2,0xA0
15008,1260,master,0x02301716,read,0x20004010,2,0xA0
15009,1260,master,0x02301716,read,0x20004010,2,0xA0
15010,1260,master,0x02301716,read,0x20004010,2,0xA0
15011,1260,master,0x02301716,read,0x20004010,2,0xA0
15012,1260,master,0x02301716,read,0x20004010,2,0xA0
15013,1260,master,0x02301716,read,0x20004010,2,0xA0
15014,1260,master,0x02301716,read,0x20004010,2,0xA0
15015,1260,master,0x02301716,read,0x20004010,2,0xA0
15016,1260,master,0x02301716,read,0x20004010,2,0xA0
15017,1260,master,0x02301716,read,0x20004010,2,0xA0
15018,1260,master,0x02301716,read,0x20004010,2,0xA0
15019,1260,master,0x02301716,read,0x20004010,2,0xA0
15020,1260,master,0x02301716,read,0x20004010,2,0xA0
15021,1260,master,0x02301716,read,0x20004010,2,0xA0
15022,1260,master,0x02301716,read,0x20004010,2,0xA0
15023,1260,master,0x02301716,read,0x20004010,2,0xA0
15024,1260,master,0x02301716,read,0x20004010,2,0xA0
15025,1260,master,0x02301716,read,0x20004010,2,0xA0
15026,1260,master,0x02301716,read,0x20004010,2,0xA0
15027,1260,master,0x02301716,read,0x20004010,2,0xA0
15028,1260,master,0x02301716,read,0x20004010,2,0xA0
15029,1260,master,0x02301716,read,0x20004010,2,0xA0
15030,1260,master,0x02301716,read,0x20004010,2,0xA0
15031,1260,master,0x02301716,read,0x20004010,2,0xA0
15032,1260,master,0x02301716,read,0x20004010,2,0xA0
15033,1260,master,0x02301716,read,0x20004010,2,0xA0
15034,1260,master,0x02301716,read,0x20004010,2,0xA0
15035,1260,master,0x02301716,read,0x20004010,2,0xA0
15036,1260,master,0x02301716,read,0x20004010,2,0xA0
15037,1260,master,0x02301716,read,0x20004010,2,0xA0
15038,1260,master,0x02301716,read,0x20004010,2,0xA0
15039,1260,master,0x02301716,read,0x20004010,2,0xA0
15040,1260,master,0x02301716,read,0x20004010,2,0xA0
15041,1260,master,0x02301716,read,0x20004010,2,0xA0
15042,1260,master,0x02301716,read,0x20004010,2,0xA0
15043,1260,master,0x02301716,read,0x20004010,2,0xA0
15044,1260,master,0x02301716,read,0x20004010,2,0xA0
15045,1260,master,0x02301716,read,0x20004010,2,0xA0
15046,1260,master,0x02301716,read,0x20004010,2,0xA0
15047,1260,master,0x02301716,read,0x20004010,2,0xA0
15048,1260,master,0x02301716,read,0x20004010,2,0xA0
15049,1260,master,0x02301716,read,0x20004010,2,0xA0
15050,1260,master,0x02301716,read,0x20004010,2,0xA0
15051,1260,master,0x02301716,read,0x20004010,2,0xA0
15052,1260,master,0x02301716,read,0x20004010,2,0xA0
15053,1260,master,0x02301716,read,0x20004010,2,0xA0
15054,1260,master,0x02301716,read,0x20004010,2,0xA0
15055,1260,master,0x02301716,read,0x20004010,2,0xA0
15056,1260,master,0x02301716,read,0x20004010,2,0xA0
15057,1260,master,0x02301716,read,0x20004010,2,0xA0
15058,1260,master,0x02301716,read,0x20004010,2,0xA0
15059,1260,master,0x02301716,read,0x20004010,2,0xA0
15060,1260,master,0x02301716,read,0x20004010,2,0xA0
15061,1260,master,0x02301716,read,0x20004010,2,0xA0
15062,1260,master,0x02301716,read,0x20004010,2,0xA0
15063,1260,master,0x02301716,read,0x20004010,2,0xA0
15064,1260,master,0x02301716,read,0x20004010,2,0xA0
15065,1260,master,0x02301716,read,0x20004010,2,0xA0
15066,1260,master,0x02301716,read,0x20004010,2,0xA0
15067,1260,master,0x02301716,read,0x20004010,2,0xA0
15068,1260,master,0x02301716,read,0x20004010,2,0xA0
15069,1260,master,0x02301716,read,0x20004010,2,0xA0
15070,1260,master,0x02301716,read,0x20004010,2,0xA0
15071,1260,master,0x02301716,read,0x20004010,2,0xA0
15072,1260,master,0x02301716,read,0x20004010,2,0xA0
15073,1260,master,0x02301716,read,0x20004010,2,0xA0
15074,1260,master,0x02301716,read,0x20004010,2,0xA0
15075,1260,master,0x02301716,read,0x20004010,2,0xA0
15076,1260,master,0x02301716,read,0x20004010,2,0xA0
15077,1260,master,0x02301716,read,0x20004010,2,0xA0
15078,1260,master,0x02301716,read,0x20004010,2,0xA0
15079,1260,master,0x02301716,read,0x20004010,2,0xA0
15080,1260,master,0x02301716,read,0x20004010,2,0xA0
15081,1260,master,0x02301716,read,0x20004010,2,0xA0
15082,1260,master,0x02301716,read,0x20004010,2,0xA0
15083,1260,master,0x02301716,read,0x20004010,2,0xA0
15084,1260,master,0x02301716,read,0x20004010,2,0xA0
15085,1260,master,0x02301716,read,0x20004010,2,0xA0
15086,1260,master,0x02301716,read,0x20004010,2,0xA0
15087,1260,master,0x02301716,read,0x20004010,2,0xA0
15088,1260,master,0x02301716,read,0x20004010,2,0xA0
15089,1260,master,0x02301716,read,0x20004010,2,0xA0
15090,1260,master,0x02301716,read,0x20004010,2,0xA0
15091,1260,master,0x02301716,read,0x20004010,2,0xA0
15092,1260,master,0x02301716,read,0x20004010,2,0xA0
15093,1260,master,0x02301716,read,0x20004010,2,0xA0
15094,1260,master,0x02301716,read,0x20004010,2,0xA0
15095,1260,master,0x02301716,read,0x20004010,2,0xA0
15096,1260,master,0x02301716,read,0x20004010,2,0xA0
15097,1260,master,0x02301716,read,0x20004010,2,0xA0
15098,1260,master,0x02301716,read,0x20004010,2,0xA0
15099,1260,master,0x02301716,read,0x20004010,2,0xA0
15100,1260,master,0x02301716,read,0x20004010,2,0xA0
15101,1260,master,0x02301716,read,0x20004010,2,0xA0
15102,1260,master,0x02301716,read,0x20004010,2,0xA0
15103,1260,master,0x02301716,read,0x20004010,2,0xA0
15104,1260,master,0x02301716,read,0x20004010,2,0xA0
15105,1260,master,0x02301716,read,0x20004010,2,0xA0
15106,1260,master,0x02301716,read,0x20004010,2,0xA0
15107,1260,master,0x02301716,read,0x20004010,2,0xA0
15108,1260,master,0x02301716,read,0x20004010,2,0xA0
15109,1260,master,0x02301716,read,0x20004010,2,0xA0
15110,1260,master,0x02301716,read,0x20004010,2,0xA0
15111,1260,master,0x02301716,read,0x20004010,2,0xA0
15112,1260,master,0x02301716,read,0x20004010,2,0xA0
15113,1260,master,0x02301716,read,0x20004010,2,0xA0
15114,1260,master,0x02301716,read,0x20004010,2,0xA0
15115,1260,master,0x02301716,read,0x20004010,2,0xA0
15116,1260,master,0x02301716,read,0x20004010,2,0xA0
15117,1260,master,0x02301716,read,0x20004010,2,0xA0
15118,1260,master,0x02301716,read,0x20004010,2,0xA0
15119,1260,master,0x02301716,read,0x20004010,2,0xA0
15120,1260,master,0x02301716,read,0x20004010,2,0xA0
15121,1260,master,0x02301716,read,0x20004010,2,0xA0
15122,1260,master,0x02301716,read,0x20004010,2,0xA0
15123,1260,master,0x02301716,read,0x20004010,2,0xA0
15124,1260,master,0x02301716,read,0x20004010,2,0xA0
15125,1260,master,0x02301716,read,0x20004010,2,0xA0
15126,1260,master,0x02301716,read,0x20004010,2,0xA0
15127,1260,master,0x02301716,read,0x20004010,2,0xA0
15128,1260,master,0x02301716,read,0x20004010,2,0xA0
15129,1260,master,0x02301716,read,0x20004010,2,0xA0
15130,1260,master,0x02301716,read,0x20004010,2,0xA0
15131,1260,master,0x02301716,read,0x20004010,2,0xA0
15132,1260,master,0x02301716,read,0x20004010,2,0xA0
15133,1260,master,0x02301716,read,0x20004010,2,0xA0
15134,1260,master,0x02301716,read,0x20004010,2,0xA0
15135,1260,master,0x02301716,read,0x20004010,2,0xA0
15136,1260,master,0x02301716,read,0x20004010,2,0xA0
15137,1260,master,0x02301716,read,0x20004010,2,0xA0
15138,1260,master,0x02301716,read,0x20004010,2,0xA0
15139,1260,master,0x02301716,read,0x20004010,2,0xA0
15140,1260,master,0x02301716,read,0x20004010,2,0xA0
15141,1260,master,0x02301716,read,0x20004010,2,0xA0
15142,1260,master,0x02301716,read,0x20004010,2,0xA0
15143,1260,master,0x02301716,read,0x20004010,2,0xA0
15144,1260,master,0x02301716,read,0x20004010,2,0xA0
15145,1260,master,0x02301716,read,0x20004010,2,0xA0
15146,1260,master,0x02301716,read,0x20004010,2,0xA0
15147,1260,master,0x02301716,read,0x20004010,2,0xA0
15148,1260,master,0x02301716,read,0x20004010,2,0xA0
15149,1260,master,0x02301716,read,0x20004010,2,0xA0
15150,1260,master,0x02301716,read,0x20004010,2,0xA0
15151,1260,master,0x02301716,read,0x20004010,2,0xA0
15152,1260,master,0x02301716,read,0x20004010,2,0xA0
15153,1260,master,0x02301716,read,0x20004010,2,0xA0
15154,1260,master,0x02301716,read,0x20004010,2,0xA0
15155,1260,master,0x02301716,read,0x20004010,2,0xA0
15156,1260,master,0x02301716,read,0x20004010,2,0xA0
15157,1260,master,0x02301716,read,0x20004010,2,0xA0
15158,1260,master,0x02301716,read,0x20004010,2,0xA0
15159,1260,master,0x02301716,read,0x20004010,2,0xA0
15160,1260,master,0x02301716,read,0x20004010,2,0xA0
15161,1260,master,0x02301716,read,0x20004010,2,0xA0
15162,1260,master,0x02301716,read,0x20004010,2,0xA0
15163,1260,master,0x02301716,read,0x20004010,2,0xA0
15164,1260,master,0x02301716,read,0x20004010,2,0xA0
15165,1260,master,0x02301716,read,0x20004010,2,0xA0
15166,1260,master,0x02301716,read,0x20004010,2,0xA0
15167,1260,master,0x02301716,read,0x20004010,2,0xA0
15168,1260,master,0x02301716,read,0x20004010,2,0xA0
15169,1260,master,0x02301716,read,0x20004010,2,0xA0
15170,1260,master,0x02301716,read,0x20004010,2,0xA0
15171,1260,master,0x02301716,read,0x20004010,2,0xA0
15172,1260,master,0x02301716,read,0x20004010,2,0xA0
15173,1260,master,0x02301716,read,0x20004010,2,0xA0
15174,1260,master,0x02301716,read,0x20004010,2,0xA0
15175,1260,master,0x02301716,read,0x20004010,2,0xA0
15176,1260,master,0x02301716,read,0x20004010,2,0xA0
15177,1260,master,0x02301716,read,0x20004010,2,0xA0
15178,1260,m68k,0x0001C73C,read,0x00A15123,1,0x3
15179,1260,m68k,0x0001C74C,read,0x00A15123,1,0x3
15180,1260,m68k,0x0001C74C,write,0x00A15123,1,0x1
15181,1260,master,0x02301716,read,0x20004010,2,0x9C
15182,1260,master,0x02301716,read,0x20004010,2,0x9C
15183,1260,master,0x02301716,read,0x20004010,2,0x9C
15184,1260,master,0x02301716,read,0x20004010,2,0x9C
15185,1260,master,0x02301716,read,0x20004010,2,0x9C
15186,1260,master,0x02301716,read,0x20004010,2,0x9C
15187,1260,master,0x02301716,read,0x20004010,2,0x9C
15188,1260,master,0x02301716,read,0x20004010,2,0x9C
15189,1260,master,0x02301716,read,0x20004010,2,0x9C
15190,1260,master,0x02301716,read,0x20004010,2,0x9C
15191,1260,master,0x02301716,read,0x20004010,2,0x9C
15192,1260,master,0x02301716,read,0x20004010,2,0x9C
15193,1260,master,0x02301716,read,0x20004010,2,0x9C
15194,1260,master,0x02301716,read,0x20004010,2,0x9C
15195,1260,master,0x02301716,read,0x20004010,2,0x9C
15196,1260,master,0x02301716,read,0x20004010,2,0x9C
15197,1260,master,0x02301716,read,0x20004010,2,0x9C
15198,1260,master,0x02301716,read,0x20004010,2,0x9C
15199,1260,master,0x02301716,read,0x20004010,2,0x9C
15200,1260,master,0x02301716,read,0x20004010,2,0x9C
15201,1260,master,0x02301716,read,0x20004010,2,0x9C
15202,1260,master,0x02301716,read,0x20004010,2,0x9C
15203,1260,master,0x02301716,read,0x20004010,2,0x9C
15204,1260,master,0x02301716,read,0x20004010,2,0x9C
15205,1260,master,0x02301716,read,0x20004010,2,0x9C
15206,1260,master,0x02301716,read,0x20004010,2,0x9C
15207,1260,master,0x02301716,read,0x20004010,2,0x9C
15208,1260,master,0x02301716,read,0x20004010,2,0x9C
15209,1260,master,0x02301716,read,0x20004010,2,0x9C
15210,1260,master,0x02301716,read,0x20004010,2,0x9C
15211,1260,master,0x02301716,read,0x20004010,2,0x9C
15212,1260,master,0x02301716,read,0x20004010,2,0x9C
15213,1260,master,0x02301716,read,0x20004010,2,0x9C
15214,1260,master,0x02301716,read,0x20004010,2,0x9C
15215,1260,master,0x02301716,read,0x20004010,2,0x9C
15216,1260,master,0x02301716,read,0x20004010,2,0x9C
15217,1260,master,0x02301716,read,0x20004010,2,0x9C
15218,1260,master,0x02301716,read,0x20004010,2,0x9C
15219,1260,master,0x02301716,read,0x20004010,2,0x9C
15220,1260,master,0x02301716,read,0x20004010,2,0x9C
15221,1260,master,0x02301716,read,0x20004010,2,0x9C
15222,1260,master,0x02301716,read,0x20004010,2,0x9C
15223,1260,master,0x02301716,read,0x20004010,2,0x9C
15224,1260,master,0x02301714,write,0x0600F20C,2,0x0
15225,1260,master,0x02301714,write,0x0600F20E,2,0x0
15226,1260,master,0x02301714,write,0x0600F210,2,0x0
15227,1260,master,0x02301714,write,0x0600F212,2,0x0
15228,1260,master,0x02301714,write,0x0600F214,2,0x0
15229,1260,master,0x02301714,write,0x0600F216,2,0x48F
15230,1260,master,0x02301714,write,0x0600F218,2,0x0
15231,1260,master,0x02301714,write,0x0600F21A,2,0x0
15232,1260,master,0x02301714,write,0x0600F21C,2,0x0
15233,1260,master,0x02301714,write,0x0600F21E,2,0x0
15234,1260,master,0x02301714,write,0x0600F220,2,0x0
15235,1260,master,0x02301714,write,0x0600F222,2,0x0
15236,1260,master,0x02301714,write,0x0600F224,2,0x96
15237,1260,master,0x02301714,write,0x0600F226,2,0x542C
15238,1260,master,0x02301714,write,0x0600F228,2,0xA6
15239,1260,master,0x02301714,write,0x0600F22A,2,0x0
15240,1260,master,0x02301714,write,0x0600F22C,2,0xF1E7
15241,1260,master,0x02301714,write,0x0600F22E,2,0xF300
15242,1260,master,0x02301714,write,0x0600F230,2,0x5
15243,1260,master,0x02301714,write,0x0600F232,2,0x5
15244,1260,master,0x02301714,write,0x0600F234,2,0x5
15245,1260,master,0x02301714,write,0x0600F236,2,0x1
15246,1260,master,0x02301714,write,0x0600F238,2,0x0
15247,1260,master,0x02301714,write,0x0600F23A,2,0x0
15248,1260,master,0x02301714,write,0x0600F23C,2,0xF190
15249,1260,master,0x02301714,write,0x0600F23E,2,0x9FB
15250,1260,master,0x02301714,write,0x0600F240,2,0xF1F0
15251,1260,master,0x02301714,write,0x0600F242,2,0xF190
15252,1260,master,0x02301714,write,0x0600F244,2,0xF1F0
15253,1260,master,0x02301714,write,0x0600F246,2,0x0
15254,1260,master,0x02301714,write,0x0600F248,2,0x0
15255,1260,master,0x02301714,write,0x0600F24A,2,0x0
15256,1260,master,0x02301714,write,0x0600F24C,2,0x0
15257,1260,master,0x02301714,write,0x0600F24E,2,0x0
15258,1260,master,0x02301714,write,0x0600F250,2,0x0
15259,1260,master,0x02301714,write,0x0600F252,2,0x0
15260,1260,master,0x02301714,write,0x0600F254,2,0x0
15261,1260,master,0x02301714,write,0x0600F256,2,0x0
15262,1260,master,0x02301714,write,0x0600F258,2,0x0
15263,1260,master,0x02301714,write,0x0600F25A,2,0x0
15264,1260,master,0x02301714,write,0x0600F25C,2,0x0
15265,1260,master,0x02301714,write,0x0600F25E,2,0x0
15266,1260,master,0x02301714,write,0x0600F260,2,0x2
15267,1260,master,0x02301714,write,0x0600F262,2,0x202
15268,1260,master,0x02301714,write,0x0600F264,2,0x202
15269,1260,master,0x02301714,write,0x0600F266,2,0x77C
15270,1260,master,0x02301714,write,0x0600F268,2,0x77C
15271,1260,master,0x02301714,write,0x0600F26A,2,0x77C
15272,1260,master,0x02301714,write,0x0600F26C,2,0x0
15273,1260,master,0x02301714,write,0x0600F26E,2,0x0
15274,1260,master,0x02301714,write,0x0600F270,2,0x0
15275,1260,master,0x02301714,write,0x0600F272,2,0x0
15276,1260,master,0x02301714,write,0x0600F274,2,0x0
15277,1260,master,0x02301714,write,0x0600F276,2,0x0
15278,1260,master,0x02301714,write,0x0600F278,2,0x0
15279,1260,master,0x02301714,write,0x0600F27A,2,0x0
15280,1260,master,0x02301714,write,0x0600F27C,2,0x0
15281,1260,master,0x02301714,write,0x0600F27E,2,0xFFA9
15282,1260,master,0x02301714,write,0x0600F280,2,0x0
15283,1260,master,0x02301714,write,0x0600F282,2,0x100
15284,1260,master,0x02301714,write,0x0600F284,2,0x100
15285,1260,master,0x02301714,write,0x0600F286,2,0x0
15286,1260,master,0x02301714,write,0x0600F288,2,0x0
15287,1260,master,0x02301714,write,0x0600F28A,2,0x0
15288,1260,master,0x02301714,write,0x0600F28C,2,0x0
15289,1260,master,0x02301714,write,0x0600F28E,2,0x0
15290,1260,master,0x02301714,write,0x0600F290,2,0x0
15291,1260,master,0x02301714,write,0x0600F292,2,0x0
15292,1260,master,0x02301714,write,0x0600F294,2,0x0
15293,1260,master,0x02301714,write,0x0600F296,2,0x0
15294,1260,master,0x02301714,write,0x0600F298,2,0x0
15295,1260,master,0x02301714,write,0x0600F29A,2,0x0
15296,1260,master,0x02301714,write,0x0600F29C,2,0x0
15297,1260,master,0x02301714,write,0x0600F29E,2,0x0
15298,1260,master,0x02301714,write,0x0600F2A0,2,0x0
15299,1260,master,0x02301714,write,0x0600F2A2,2,0x0
15300,1260,master,0x02301714,write,0x0600F2A4,2,0x0
15301,1260,master,0x02301714,write,0x0600F2A6,2,0x0
15302,1260,master,0x02301714,write,0x0600F2A8,2,0x0
15303,1260,master,0x02301714,write,0x0600F2AA,2,0x0
15304,1260,master,0x02301714,write,0x0600F2AC,2,0x0
15305,1260,master,0x02301714,write,0x0600F2AE,2,0x0
15306,1260,master,0x02301714,write,0x0600F2B0,2,0xF
15307,1260,master,0x02301714,write,0x0600F2B2,2,0x1
15308,1260,master,0x02301714,write,0x0600F2B4,2,0x0
15309,1260,master,0x02301714,write,0x0600F2B6,2,0x0
15310,1260,master,0x02301714,write,0x0600F2B8,2,0x3
15311,1260,master,0x02301714,write,0x0600F2BA,2,0x0
15312,1260,master,0x02301714,write,0x0600F2BC,2,0x0
15313,1260,master,0x02301714,write,0x0600F2BE,2,0x96
15314,1260,master,0x02301714,write,0x0600F2C0,2,0x44B4
15315,1260,master,0x02301714,write,0x0600F2C2,2,0x0
15316,1260,master,0x02301714,write,0x0600F2C4,2,0x0
15317,1260,master,0x02301714,write,0x0600F2C6,2,0x0
15318,1260,master,0x02301714,write,0x0600F2C8,2,0x0
15319,1260,master,0x02301714,write,0x0600F2CA,2,0x0
15320,1260,master,0x02301714,write,0x0600F2CC,2,0x0
15321,1260,master,0x02301714,write,0x0600F2CE,2,0x0
15322,1260,master,0x02301714,write,0x0600F2D0,2,0x0
15323,1260,master,0x02301714,write,0x0600F2D2,2,0x0
15324,1260,master,0x02301714,write,0x0600F2D4,2,0x0
15325,1260,master,0x02301714,write,0x0600F2D6,2,0x9B0
15326,1260,master,0x02301714,write,0x0600F2D8,2,0x0
15327,1260,master,0x02301714,write,0x0600F2DA,2,0x97
15328,1260,master,0x02301714,write,0x0600F2DC,2,0x7F1A
15329,1260,master,0x02301714,write,0x0600F2DE,2,0x97
15330,1260,master,0x02301714,write,0x0600F2E0,2,0x7F1A
15331,1260,master,0x02301714,write,0x0600F2E2,2,0x97
15332,1260,master,0x02301714,write,0x0600F2E4,2,0x7F1A
15333,1260,master,0x02301714,write,0x0600F2E6,2,0x97
15334,1260,master,0x02301714,write,0x0600F2E8,2,0x7F1A
15335,1260,master,0x02301714,write,0x0600F2EA,2,0x97
15336,1260,master,0x02301714,write,0x0600F2EC,2,0x7F1A
15337,1260,master,0x02301714,write,0x0600F2EE,2,0xFEF0
15338,1260,master,0x02301714,write,0x0600F2F0,2,0x2
15339,1260,master,0x02301714,write,0x0600F2F2,2,0x0
15340,1260,master,0x02301714,write,0x0600F2F4,2,0x0
15341,1260,master,0x02301714,write,0x0600F2F6,2,0x0
15342,1260,master,0x02301714,write,0x0600F2F8,2,0x0
15343,1260,master,0x02301714,write,0x0600F2FA,2,0x0
15344,1260,master,0x02301714,write,0x0600F2FC,2,0x0
15345,1260,master,0x02301714,write,0x0600F2FE,2,0x0
15346,1260,master,0x02301714,write,0x0600F300,2,0x0
15347,1260,master,0x02301714,write,0x0600F302,2,0x0
15348,1260,master,0x02301714,write,0x0600F304,2,0x0
15349,1260,master,0x02301714,write,0x0600F306,2,0x0
15350,1260,master,0x02301714,write,0x0600F308,2,0x0
15351,1260,master,0x02301714,write,0x0600F30A,2,0x0
15352,1260,m68k,0x0001C762,write,0x00A15112,2,0x1E
15353,1260,m68k,0x0001C762,write,0x00A15112,2,0x100
15354,1260,m68k,0x0001C762,write,0x00A15112,2,0xA
15355,1260,master,0x02301714,write,0x0600F30C,2,0x1E
15356,1260,master,0x02301714,write,0x0600F30E,2,0x100
15357,1260,master,0x02301714,write,0x0600F310,2,0xA
15358,1260,master,0x02301714,write,0x0600F312,2,0xFFEE
15359,1260,m68k,0x0001C762,write,0x00A15112,2,0xFFEE
15360,1260,m68k,0x0001C762,write,0x00A15112,2,0x93
15361,1260,m68k,0x0001C762,write,0x00A15112,2,0x925E
15362,1260,m68k,0x0001C762,write,0x00A15112,2,0x1
15363,1260,master,0x02301714,write,0x0600F314,2,0x93
15364,1260,master,0x02301714,write,0x0600F316,2,0x925E
15365,1260,master,0x02301714,write,0x0600F318,2,0x1
15366,1260,master,0x02301714,write,0x0600F31A,2,0x0
15367,1260,m68k,0x0001C762,write,0x00A15112,2,0x0
15368,1260,m68k,0x0001C762,write,0x00A15112,2,0x300
15369,1260,m68k,0x0001C762,write,0x00A15112,2,0x0
15370,1260,m68k,0x0001C762,write,0x00A15112,2,0x0
15371,1260,master,0x02301714,write,0x0600F31C,2,0x300
15372,1260,master,0x02301714,write,0x0600F31E,2,0x0
15373,1260,master,0x02301714,write,0x0600F320,2,0x0
15374,1260,master,0x02301714,write,0x0600F322,2,0x0
15375,1260,m68k,0x0001C762,write,0x00A15112,2,0x0
15376,1260,m68k,0x0001C762,write,0x00A15112,2,0xFFFF
15377,1260,m68k,0x0001C762,write,0x00A15112,2,0x0
15378,1260,m68k,0x0001C762,write,0x00A15112,2,0x0
15379,1260,master,0x02301714,write,0x0600F324,2,0xFFFF
15380,1260,master,0x02301714,write,0x0600F326,2,0x0
15381,1260,master,0x02301714,write,0x0600F328,2,0x0
15382,1260,master,0x02301714,write,0x0600F32A,2,0x0
15383,1260,m68k,0x0001C762,write,0x00A15112,2,0x0
15384,1260,m68k,0x0001C762,write,0x00A15112,2,0x0
15385,1260,m68k,0x0001C762,write,0x00A15112,2,0x0
15386,1260,m68k,0x0001C762,write,0x00A15112,2,0x0
15387,1260,master,0x02301714,write,0x0600F32C,2,0x0
15388,1260,master,0x02301714,write,0x0600F32E,2,0x0
15389,1260,master,0x02301714,write,0x0600F330,2,0x0
15390,1260,master,0x02301714,write,0x0600F332,2,0x0
15391,1260,m68k,0x0001C762,write,0x00A15112,2,0x0
15392,1260,m68k,0x0001C762,write,0x00A15112,2,0x0
15393,1260,m68k,0x0001C762,write,0x00A15112,2,0x0
15394,1260,m68k,0x0001C762,write,0x00A15112,2,0x0
15395,1260,master,0x02301714,write,0x0600F334,2,0x0
15396,1260,master,0x02301714,write,0x0600F336,2,0x0
15397,1260,master,0x02301714,write,0x0600F338,2,0x0
15398,1260,master,0x02301714,write,0x0600F33A,2,0x0
15399,1260,m68k,0x0001C762,write,0x00A15112,2,0x0
15400,1260,m68k,0x0001C762,write,0x00A15112,2,0x0
15401,1260,m68k,0x0001C762,write,0x00A15112,2,0x0
15402,1260,m68k,0x0001C762,write,0x00A15112,2,0x0
15403,1260,master,0x02301714,write,0x0600F33C,2,0x0
15404,1260,master,0x02301714,write,0x0600F33E,2,0x0
15405,1260,master,0x02301714,write,0x0600F340,2,0x0
15406,1260,master,0x02301714,write,0x0600F342,2,0x0
15407,1260,m68k,0x0001C762,write,0x00A15112,2,0x0
15408,1260,m68k,0x0001C762,write,0x00A15112,2,0x0
15409,1260,m68k,0x0001C762,write,0x00A15112,2,0x20B
15410,1260,m68k,0x0001C762,write,0x00A15112,2,0x61E
15411,1260,master,0x02301714,write,0x0600F344,2,0x0
15412,1260,master,0x02301714,write,0x0600F346,2,0x20B
15413,1260,master,0x02301714,write,0x0600F348,2,0x61E
15414,1260,master,0x02301714,write,0x0600F34A,2,0x0
15415,1260,m68k,0x0001C762,write,0x00A15112,2,0x0
15416,1260,master,0x02301716,read,0x20004010,2,0x0
15417,1260,master,0x06000464,read,0x20004020,1,0x0
15418,1260,master,0x06000464,read,0x20004020,1,0x0
15419,1260,master,0x06000464,read,0x20004020,1,0x0
15420,1260,master,0x06000464,read,0x20004020,1,0x0
15421,1260,master,0x06000464,read,0x20004020,1,0x0
15422,1260,master,0x06000464,read,0x20004020,1,0x0
15423,1260,master,0x06000464,read,0x20004020,1,0x0
15424,1260,master,0x06000464,read,0x20004020,1,0x0
15425,1260,master,0x06000464,read,0x20004020,1,0x0
15426,1260,master,0x06000464,read,0x20004020,1,0x0
15427,1260,master,0x06000464,read,0x20004020,1,0x0
15428,1260,master,0x06000464,read,0x20004020,1,0x0
15429,1260,master,0x06000464,read,0x20004020,1,0x0
15430,1260,master,0x06000464,read,0x20004020,1,0x0
15431,1260,master,0x06000464,read,0x20004020,1,0x0
15432,1260,master,0x06000464,read,0x20004020,1,0x0
15433,1260,master,0x06000464,read,0x20004020,1,0x0
15434,1260,master,0x06000464,read,0x20004020,1,0x0
15435,1260,master,0x06000464,read,0x20004020,1,0x0
15436,1260,master,0x06000464,read,0x20004020,1,0x0
15437,1260,master,0x06000464,read,0x20004020,1,0x1
15438,1260,master,0x0600046A,read,0x20004021,1,0x2
15439,1263,m68k,0x0001C93E,read,0x00A15103,1,0x0
15440,1263,m68k,0x0001C948,read,0x00A15107,1,0x0
15441,1263,m68k,0x0001C950,read,0x00A15110,2,0x0
15442,1263,m68k,0x0001C958,read,0x00A15120,1,0x1
15443,1263,m68k,0x0001C958,read,0x00A15120,1,0x1
15444,1263,m68k,0x0001C958,read,0x00A15120,1,0x1
15445,1263,m68k,0x0001C958,read,0x00A15120,1,0x1
15446,1263,m68k,0x0001C958,read,0x00A15120,1,0x1
15447,1263,m68k,0x0001C958,read,0x00A15120,1,0x1
15448,1263,m68k,0x0001C958,read,0x00A15120,1,0x1
15449,1263,m68k,0x0001C958,read,0x00A15120,1,0x1
15450,1263,m68k,0x0001C958,read,0x00A15120,1,0x1
15451,1263,m68k,0x0001C958,read,0x00A15120,1,0x1
15452,1263,m68k,0x0001C958,read,0x00A15120,1,0x1
15453,1263,m68k,0x0001C958,read,0x00A15120,1,0x1
15454,1263,master,0x06000464,read,0x20004020,1,0x0
15455,1263,master,0x06000464,read,0x20004020,1,0x0
15456,1263,master,0x06000464,read,0x20004020,1,0x0
15457,1263,master,0x06000464,read,0x20004020,1,0x0
15458,1263,master,0x06000464,read,0x20004020,1,0x0
15459,1263,master,0x06000464,read,0x20004020,1,0x0
15460,1263,master,0x06000464,read,0x20004020,1,0x0
15461,1263,master,0x06000464,read,0x20004020,1,0x0
15462,1263,master,0x06000464,read,0x20004020,1,0x0
15463,1263,master,0x06000464,read,0x20004020,1,0x0
15464,1263,m68k,0x0001C958,read,0x00A15120,1,0x0
15465,1263,m68k,0x0001C96A,read,0x00A15103,1,0x0
15466,1263,master,0x06000464,write,0x0600FF7C,4,0x21
15467,1263,master,0x06000464,write,0x0600FF78,4,0x6000464
15468,1263,m68k,0x0001C96A,write,0x00A15103,1,0x1
15469,1263,m68k,0x0001C972,read,0x00A15103,1,0x1
15470,1263,m68k,0x0001C972,read,0x00A15103,1,0x1
15471,1263,master,0x02304002,write,0x0600FF74,4,0x6000474
15472,1263,master,0x02304004,write,0x0600FF70,4,0x600F400
15473,1263,master,0x02304006,write,0x0600FF6C,4,0xFFFFFFFF
15474,1263,master,0x02304008,write,0x0600FF68,4,0x555C
15475,1263,master,0x0230400A,write,0x0600FF64,4,0x0
15476,1263,master,0x0230400C,write,0x0600FF60,4,0x20004023
15477,1263,master,0x0230400E,write,0x0600FF5C,4,0x0
15478,1263,master,0x02304010,write,0x0600FF58,4,0x2601AEC0
15479,1263,master,0x02304012,write,0x0600FF54,4,0xCF
15480,1263,master,0x02304014,write,0x0600FF50,4,0xFFFFFEC7
15481,1263,master,0x02304016,write,0x0600FF4C,4,0x2
15482,1263,master,0x02304018,write,0x0600FF48,4,0x0
15483,1263,master,0x0230401A,write,0x0600FF44,4,0x20004020
15484,1263,master,0x0230401C,write,0x0600FF40,4,0x4032EFC
15485,1263,master,0x0230401E,write,0x0600FF3C,4,0x6007B88
15486,1263,master,0x02304020,write,0x0600FF38,4,0x8
15487,1263,master,0x02304022,write,0x0600FF34,4,0x0
15488,1263,master,0x02304024,write,0x0600FF30,4,0x200
15489,1263,master,0x02304026,write,0x0600FF2C,4,0x600CA00
15490,1263,master,0x0230402A,read,0xFFFFFE17,1,0xE2
15491,1263,master,0x0230402E,write,0xFFFFFE17,1,0xE0
15492,1263,master,0x023040B0,read,0x20004006,2,0x4000
15493,1263,master,0x023040BE,read,0x20004010,2,0x0
15494,1263,master,0x02304114,read,0x20004020,1,0x0
15495,1263,master,0x0230412C,write,0x2600BC68,4,0x1
15496,1263,master,0x02304130,write,0x2600BC70,4,0x6000464
15497,1263,master,0x02304134,write,0x2600BC74,4,0x600FF80
15498,1263,master,0x0230413A,write,0x2600BC64,4,0x1
15499,1263,master,0x02304140,write,0x0600FF78,4,0x2304500
15500,1263,master,0x023041F0,read,0x20004000,2,0x8202
15501,1263,master,0x023041FA,write,0x20004000,2,0x8200
15502,1263,master,0x023041FC,read,0x20004000,2,0x8200
15503,1263,master,0x02304206,write,0x2000401A,2,0x0
15504,1263,master,0x02304208,read,0x2000401A,2,0x0
15505,1263,master,0x02304210,write,0x20004000,2,0x8202
15506,1263,master,0x02304212,read,0x20004000,2,0x8202
15507,1263,m68k,0x0001C972,read,0x00A15103,1,0x0
15508,1263,m68k,0x0001C97A,write,0x00A15120,2,0x0
15509,1263,m68k,0x0001C980,read,0x00A15120,2,0x0
15510,1263,m68k,0x0001C98A,write,0x00A15120,2,0x13F
15511,1263,m68k,0x0001C992,read,0x00A15103,1,0x0
15512,1263,master,0x02304500,write,0x0600FF7C,4,0x21
15513,1263,master,0x02304500,write,0x0600FF78,4,0x2304500
15514,1263,m68k,0x0001C992,write,0x00A15103,1,0x1
15515,1263,m68k,0x0001C99A,read,0x00A15103,1,0x1
15516,1263,m68k,0x0001C99A,read,0x00A15103,1,0x1
15517,1263,master,0x02304002,write,0x0600FF74,4,0x6000474
15518,1263,master,0x02304004,write,0x0600FF70,4,0x600F400
15519,1263,master,0x02304006,write,0x0600FF6C,4,0xFFFFFFFF
15520,1263,master,0x02304008,write,0x0600FF68,4,0x555C
15521,1263,master,0x0230400A,write,0x0600FF64,4,0x0
15522,1263,master,0x0230400C,write,0x0600FF60,4,0x20004023
15523,1263,master,0x0230400E,write,0x0600FF5C,4,0x0
15524,1263,master,0x02304010,write,0x0600FF58,4,0x2601AEC0
15525,1263,master,0x02304012,write,0x0600FF54,4,0xCF
15526,1263,master,0x02304014,write,0x0600FF50,4,0xFFFFFEC7
15527,1263,master,0x02304016,write,0x0600FF4C,4,0x2
15528,1263,master,0x02304018,write,0x0600FF48,4,0x0
15529,1263,master,0x0230401A,write,0x0600FF44,4,0x20004020
15530,1263,master,0x0230401C,write,0x0600FF40,4,0x4032EFC
15531,1263,master,0x0230401E,write,0x0600FF3C,4,0x6007B88
15532,1263,master,0x02304020,write,0x0600FF38,4,0x8
15533,1263,master,0x02304022,write,0x0600FF34,4,0x0
15534,1263,master,0x02304024,write,0x0600FF30,4,0x200
15535,1263,master,0x02304026,write,0x0600FF2C,4,0x600CA00
15536,1263,master,0x0230402A,read,0xFFFFFE17,1,0xE0
15537,1263,master,0x0230402E,write,0xFFFFFE17,1,0xE2
15538,1263,master,0x023040B0,read,0x20004006,2,0x4000
15539,1263,master,0x023040BE,read,0x20004010,2,0x0
15540,1263,master,0x02304164,read,0x20004020,2,0x13F
15541,1263,master,0x02304174,write,0x2600FB64,4,0x5132374B
15542,1263,master,0x0230417E,read,0x20004000,2,0x8202
15543,1263,master,0x02304182,write,0x2600BC80,4,0x8202
15544,1263,master,0x0230418C,write,0x20004000,2,0x8200
15545,1263,master,0x0230418E,read,0x20004000,2,0x8200
15546,1263,master,0x02304196,write,0x2600BC68,4,0x2
15547,1263,master,0x0230419A,write,0x2600BC78,4,0x2304500
15548,1263,master,0x023041A0,write,0x2600BC7C,4,0x600FF80
15549,1263,master,0x023041BA,write,0x20004020,2,0x0
15550,1263,master,0x023041BC,read,0x20004020,2,0x0
15551,1263,master,0x023041C4,write,0x2600BC8C,4,0x51323753
15552,1263,master,0x023041CA,write,0x2600BC64,4,0x4
15553,1263,master,0x023041D2,write,0x2000401A,2,0x0
15554,1263,master,0x023041D4,read,0x2000401A,2,0x0
15555,1263,master,0x023041DC,write,0x20004000,2,0x8202
15556,1263,master,0x023041DE,read,0x20004000,2,0x8202
15557,1263,master,0x023041E8,write,0x0600FF78,4,0x6000460
15558,1263,m68k,0x0001C99A,read,0x00A15103,1,0x0
15559,1263,master,0x06000464,read,0x20004020,1,0x0
15560,1263,master,0x06000464,read,0x20004020,1,0x0
15561,1263,master,0x06000464,read,0x20004020,1,0x0
15562,1263,master,0x06000464,read,0x20004020,1,0x0
15563,1263,master,0x06000464,read,0x20004020,1,0x0
15564,1263,master,0x06000464,read,0x20004020,1,0x0
15565,1263,master,0x06000464,read,0x20004020,1,0x0
15566,1263,master,0x06000464,read,0x20004020,1,0x0
15567,1263,master,0x06000464,read,0x20004020,1,0x0
15568,1263,master,0x06000464,read,0x20004020,1,0x0
15569,1263,master,0x06000464,read,0x20004020,1,0x0
15570,1263,master,0x06000464,read,0x20004020,1,0x0
15571,1263,master,0x06000464,read,0x20004020,1,0x0
15572,1263,master,0x06000464,read,0x20004020,1,0x0
15573,1263,master,0x06000464,read,0x20004020,1,0x0
15574,1263,master,0x06000464,read,0x20004020,1,0x0
15575,1263,master,0x06000464,read,0x20004020,1,0x0
15576,1263,master,0x06000464,read,0x20004020,1,0x0
15577,1263,master,0x06000464,read,0x20004020,1,0x0
15578,1263,master,0x06000464,read,0x20004020,1,0x0
15579,1263,master,0x06000464,read,0x20004020,1,0x1
15580,1263,master,0x0600046A,read,0x20004021,1,0x2
15581,1266,master,0x06000464,read,0x20004020,1,0x0
15582,1266,master,0x06000464,read,0x20004020,1,0x0
15583,1266,master,0x06000464,read,0x20004020,1,0x0
15584,1266,master,0x06000464,read,0x20004020,1,0x0
15585,1266,master,0x06000464,read,0x20004020,1,0x0
15586,1266,master,0x06000464,read,0x20004020,1,0x0
15587,1266,master,0x06000464,read,0x20004020,1,0x0
15588,1266,master,0x06000464,read,0x20004020,1,0x0
15589,1266,master,0x06000464,read,0x20004020,1,0x0
15590,1266,master,0x06000464,read,0x20004020,1,0x0
15591,1266,master,0x06000464,read,0x20004020,1,0x0
15592,1266,master,0x06000464,read,0x20004020,1,0x0
15593,1266,master,0x06000464,read,0x20004020,1,0x0
15594,1266,master,0x06000464,read,0x20004020,1,0x0
15595,1266,master,0x06000464,read,0x20004020,1,0x0
15596,1266,master,0x06000464,read,0x20004020,1,0x0
15597,1266,master,0x06000464,read,0x20004020,1,0x0
15598,1266,master,0x06000464,read,0x20004020,1,0x0
15599,1266,master,0x06000464,read,0x20004020,1,0x0
15600,1266,master,0x06000464,read,0x20004020,1,0x0
15601,1266,master,0x06000464,read,0x20004020,1,0x1
15602,1266,master,0x0600046A,read,0x20004021,1,0x2
15603,1269,master,0x06000464,read,0x20004020,1,0x0
15604,1269,master,0x06000464,read,0x20004020,1,0x0
15605,1269,master,0x06000464,read,0x20004020,1,0x0
15606,1269,master,0x06000464,read,0x20004020,1,0x0
15607,1269,master,0x06000464,read,0x20004020,1,0x0
15608,1269,master,0x06000464,read,0x20004020,1,0x0
15609,1269,master,0x06000464,read,0x20004020,1,0x0
15610,1269,master,0x06000464,read,0x20004020,1,0x0
15611,1269,master,0x06000464,read,0x20004020,1,0x0
15612,1269,master,0x06000464,read,0x20004020,1,0x0
15613,1269,master,0x06000464,read,0x20004020,1,0x0
15614,1269,master,0x06000464,read,0x20004020,1,0x0
15615,1269,master,0x06000464,read,0x20004020,1,0x0
15616,1269,master,0x06000464,read,0x20004020,1,0x0
15617,1269,master,0x06000464,read,0x20004020,1,0x0
15618,1269,master,0x06000464,read,0x20004020,1,0x0
15619,1269,master,0x06000464,read,0x20004020,1,0x0
15620,1269,master,0x06000464,read,0x20004020,1,0x0
15621,1269,master,0x06000464,read,0x20004020,1,0x0
15622,1269,master,0x06000464,read,0x20004020,1,0x0
15623,1269,master,0x06000464,read,0x20004020,1,0x1
15624,1269,master,0x0600046A,read,0x20004021,1,0x2
15625,1272,master,0x06000464,read,0x20004020,1,0x0
15626,1272,master,0x06000464,read,0x20004020,1,0x0
15627,1272,master,0x06000464,read,0x20004020,1,0x0
15628,1272,master,0x06000464,read,0x20004020,1,0x0
15629,1272,master,0x06000464,read,0x20004020,1,0x0
15630,1272,master,0x06000464,read,0x20004020,1,0x0
15631,1272,master,0x06000464,read,0x20004020,1,0x0
15632,1272,master,0x06000464,read,0x20004020,1,0x0
15633,1272,master,0x06000464,read,0x20004020,1,0x0
15634,1272,master,0x06000464,read,0x20004020,1,0x0
15635,1272,master,0x06000464,read,0x20004020,1,0x0
15636,1272,master,0x06000464,read,0x20004020,1,0x0
15637,1272,master,0x06000464,read,0x20004020,1,0x0
15638,1272,master,0x06000464,read,0x20004020,1,0x0
15639,1272,master,0x06000464,read,0x20004020,1,0x0
15640,1272,master,0x06000464,read,0x20004020,1,0x0
15641,1272,master,0x06000464,read,0x20004020,1,0x0
15642,1272,master,0x06000464,read,0x20004020,1,0x0
15643,1272,master,0x06000464,read,0x20004020,1,0x0
15644,1272,master,0x06000464,read,0x20004020,1,0x0
15645,1272,master,0x06000464,read,0x20004020,1,0x1
15646,1272,master,0x0600046A,read,0x20004021,1,0x2
15647,1275,master,0x06000464,read,0x20004020,1,0x0
15648,1275,master,0x06000464,read,0x20004020,1,0x0
15649,1275,master,0x06000464,read,0x20004020,1,0x0
15650,1275,master,0x06000464,read,0x20004020,1,0x0
15651,1275,master,0x06000464,read,0x20004020,1,0x0
15652,1275,master,0x06000464,read,0x20004020,1,0x0
15653,1275,master,0x06000464,read,0x20004020,1,0x0
15654,1275,master,0x06000464,read,0x20004020,1,0x0
15655,1275,master,0x06000464,read,0x20004020,1,0x0
15656,1275,master,0x06000464,read,0x20004020,1,0x0
15657,1275,master,0x06000464,read,0x20004020,1,0x0
15658,1275,master,0x06000464,read,0x20004020,1,0x0
15659,1275,master,0x06000464,read,0x20004020,1,0x0
15660,1275,master,0x06000464,read,0x20004020,1,0x0
15661,1275,master,0x06000464,read,0x20004020,1,0x0
15662,1275,master,0x06000464,read,0x20004020,1,0x0
15663,1275,master,0x06000464,read,0x20004020,1,0x0
15664,1275,master,0x06000464,read,0x20004020,1,0x0
15665,1275,master,0x06000464,read,0x20004020,1,0x0
15666,1275,master,0x06000464,read,0x20004020,1,0x0
15667,1275,master,0x06000464,read,0x20004020,1,0x1
15668,1275,master,0x0600046A,read,0x20004021,1,0x2
15669,1278,master,0x06000464,read,0x20004020,1,0x0
15670,1278,master,0x06000464,read,0x20004020,1,0x0
15671,1278,master,0x06000464,read,0x20004020,1,0x0
15672,1278,master,0x06000464,read,0x20004020,1,0x0
15673,1278,master,0x06000464,read,0x20004020,1,0x0
15674,1278,master,0x06000464,read,0x20004020,1,0x0
15675,1278,master,0x06000464,read,0x20004020,1,0x0
15676,1278,master,0x06000464,read,0x20004020,1,0x0
15677,1278,master,0x06000464,read,0x20004020,1,0x0
15678,1278,master,0x06000464,read,0x20004020,1,0x0
15679,1278,master,0x06000464,read,0x20004020,1,0x0
15680,1278,master,0x06000464,read,0x20004020,1,0x0
15681,1278,master,0x06000464,read,0x20004020,1,0x0
15682,1278,master,0x06000464,read,0x20004020,1,0x0
15683,1278,master,0x06000464,read,0x20004020,1,0x0
15684,1278,master,0x06000464,read,0x20004020,1,0x0
15685,1278,master,0x06000464,read,0x20004020,1,0x0
15686,1278,master,0x06000464,read,0x20004020,1,0x0
15687,1278,master,0x06000464,read,0x20004020,1,0x0
15688,1278,master,0x06000464,read,0x20004020,1,0x0
15689,1278,master,0x06000464,read,0x20004020,1,0x1
15690,1278,master,0x0600046A,read,0x20004021,1,0x2
# COMPLETE frames=1280 events=15691 recorded=15691 dropped=0 errors=0 overflow=0 raw_m68k=198988 raw_master=14380481 pc_rejected_m68k=198910 pc_rejected_master=14364868 direct_m68k=1 direct_master=1 observer_detached=1 q026_edge_snapshots=0 q026_comm_pre=0000/0000/0000 q026_comm_post=0000/0000/0000 q027_edge_snapshots=1 q027_regs=0 q027_regs_errors=0 q027_dispatch_mask=0000 q027_handler_entry=0 q027_handler_exit=0 q027_comm_pre=0002/0101/003A/0030/2401/8010/0010/0000 q027_comm_post=0000/0101/003A/0030/2401/8010/0010/0000 pc_allowlist=m68k:0x0001C6FE-0x0001C76C|0x0001C8B0-0x0001C930|0x0001C930-0x0001CB0E;master:0x06000460-0x06000478|0x02301500-0x023025E0|0x02304000-0x02304314|0x02304500-0x02304504|0x02304600-0x0230466C
