# VRD_MMIO_TRACE version=3 capacity=1048576 sh2_drc=1 profile_pc=0 profile_pc_env=0 m68k_batching=normal instruction_start_hook=1 m68k_direct=1 master_direct=1 coverage_from_start=1 pc_allowlist=m68k:0x0001C922-0x0001C9CC;master:0x02303B00-0x02303F1C
# FILTER mode1_direct=1 m68k=0x00A15103|0x00A15107|0x00A1510C|0x00A1510E|0x00A15110|0x00A15112|0x00A15120-0x00A1512F master_system=0x20004000-0x2000403F master_peripheral=0xFFFFFE00-0xFFFFFFFF
sequence,frame,cpu,pc,op,address,width,value
0,1259,m68k,0x0001C92E,read,0x00A15103,1,0x0
1,1259,m68k,0x0001C938,read,0x00A15107,1,0x0
2,1259,m68k,0x0001C940,read,0x00A15110,2,0x0
3,1259,m68k,0x0001C94A,write,0x00A1510C,2,0x1
4,1259,m68k,0x0001C952,write,0x00A1510E,2,0x0
5,1259,m68k,0x0001C95A,write,0x00A15110,2,0x780
6,1259,m68k,0x0001C962,write,0x00A15107,1,0x4
7,1259,m68k,0x0001C96A,read,0x00A15103,1,0x0
8,1259,m68k,0x0001C96A,write,0x00A15103,1,0x1
9,1259,m68k,0x0001C972,read,0x00A15103,1,0x1
10,1259,m68k,0x0001C972,read,0x00A15103,1,0x1
11,1259,master,0x02303B00,read,0xFFFFFE17,1,0xE2
12,1259,master,0x02303B00,write,0xFFFFFE17,1,0xE0
13,1259,master,0x02303B6A,read,0x20004006,2,0x4004
14,1259,master,0x02303B6A,read,0x20004010,2,0x780
15,1259,master,0x02303CEE,read,0x2000400C,2,0x1
16,1259,master,0x02303CEE,read,0x2000400E,2,0x0
17,1259,master,0x02303D5C,read,0xFFFFFF88,4,0x0
18,1259,master,0x02303B9E,read,0xFFFFFF8C,4,0x44E3
19,1259,master,0x02303B9E,write,0xFFFFFF8C,4,0x44E0
20,1259,master,0x02303B9E,read,0xFFFFFF8C,4,0x44E0
21,1259,master,0x02303B9E,write,0xFFFFFF80,4,0x20004012
22,1259,master,0x02303B9E,write,0xFFFFFF84,4,0x6010000
23,1259,master,0x02303B9E,write,0xFFFFFF88,4,0x780
24,1259,master,0x02303B9E,write,0xFFFFFF8C,4,0x44E1
25,1259,master,0x02303B9E,write,0xFFFFFFB0,4,0x1
26,1259,master,0x02303B9E,read,0xFFFFFFB0,4,0x1
27,1259,m68k,0x0001C972,read,0x00A15103,1,0x1
28,1259,m68k,0x0001C972,read,0x00A15103,1,0x1
29,1259,m68k,0x0001C972,read,0x00A15103,1,0x1
30,1259,master,0x02303CB8,read,0x20004000,2,0x8202
31,1259,master,0x02303CB8,write,0x20004000,2,0x8200
32,1259,master,0x02303CB8,read,0x20004000,2,0x8200
33,1259,master,0x02303CB8,write,0x2000401A,2,0x0
34,1259,master,0x02303CB8,read,0x2000401A,2,0x0
35,1259,master,0x02303CB8,write,0x20004000,2,0x8202
36,1259,master,0x02303CB8,read,0x20004000,2,0x8202
37,1259,m68k,0x0001C972,read,0x00A15103,1,0x0
38,1259,m68k,0x0001C98C,read,0x00A15107,1,0x4
39,1259,m68k,0x0001C992,write,0x00A15112,2,0x0
40,1259,m68k,0x0001C992,write,0x00A15112,2,0x0
41,1259,m68k,0x0001C992,write,0x00A15112,2,0x0
42,1259,m68k,0x0001C992,write,0x00A15112,2,0x0
43,1259,m68k,0x0001C98C,read,0x00A15107,1,0x4
44,1259,m68k,0x0001C992,write,0x00A15112,2,0x0
45,1259,m68k,0x0001C992,write,0x00A15112,2,0x480
46,1259,m68k,0x0001C992,write,0x00A15112,2,0x0
47,1259,m68k,0x0001C992,write,0x00A15112,2,0x0
48,1259,m68k,0x0001C98C,read,0x00A15107,1,0x4
49,1259,m68k,0x0001C992,write,0x00A15112,2,0x0
50,1259,m68k,0x0001C992,write,0x00A15112,2,0x0
51,1259,m68k,0x0001C992,write,0x00A15112,2,0x0
52,1259,m68k,0x0001C992,write,0x00A15112,2,0x0
53,1259,m68k,0x0001C98C,read,0x00A15107,1,0x4
54,1259,m68k,0x0001C992,write,0x00A15112,2,0x96
55,1259,m68k,0x0001C992,write,0x00A15112,2,0x44B4
56,1259,m68k,0x0001C992,write,0x00A15112,2,0xA0
57,1259,m68k,0x0001C992,write,0x00A15112,2,0x1100
58,1259,m68k,0x0001C98C,read,0x00A15107,1,0x4
59,1259,m68k,0x0001C992,write,0x00A15112,2,0xF39A
60,1259,m68k,0x0001C992,write,0x00A15112,2,0xE327
61,1259,m68k,0x0001C992,write,0x00A15112,2,0xA0
62,1259,m68k,0x0001C992,write,0x00A15112,2,0x0
63,1259,m68k,0x0001C98C,read,0x00A15107,1,0x4
64,1259,m68k,0x0001C992,write,0x00A15112,2,0x0
65,1259,m68k,0x0001C992,write,0x00A15112,2,0x2
66,1259,m68k,0x0001C992,write,0x00A15112,2,0xFFFF
67,1259,m68k,0x0001C992,write,0x00A15112,2,0xFFFF
68,1259,m68k,0x0001C98C,read,0x00A15107,1,0x4
69,1259,m68k,0x0001C992,write,0x00A15112,2,0xF3E3
70,1259,m68k,0x0001C992,write,0x00A15112,2,0x9F1
71,1259,m68k,0x0001C992,write,0x00A15112,2,0xE33F
72,1259,m68k,0x0001C992,write,0x00A15112,2,0x0
73,1259,m68k,0x0001C98C,read,0x00A15107,1,0x4
74,1259,m68k,0x0001C992,write,0x00A15112,2,0x0
75,1259,m68k,0x0001C992,write,0x00A15112,2,0x0
76,1259,m68k,0x0001C992,write,0x00A15112,2,0x0
77,1259,m68k,0x0001C992,write,0x00A15112,2,0x280
78,1259,m68k,0x0001C98C,read,0x00A15107,1,0x4
79,1259,m68k,0x0001C992,write,0x00A15112,2,0x0
80,1259,m68k,0x0001C992,write,0x00A15112,2,0x0
81,1259,m68k,0x0001C992,write,0x00A15112,2,0x0
82,1259,m68k,0x0001C992,write,0x00A15112,2,0x0
83,1259,m68k,0x0001C98C,read,0x00A15107,1,0x4
84,1259,m68k,0x0001C992,write,0x00A15112,2,0x0
85,1259,m68k,0x0001C992,write,0x00A15112,2,0x0
86,1259,m68k,0x0001C992,write,0x00A15112,2,0x0
87,1259,m68k,0x0001C992,write,0x00A15112,2,0x0
88,1259,m68k,0x0001C98C,read,0x00A15107,1,0x4
89,1259,m68k,0x0001C992,write,0x00A15112,2,0x0
90,1259,m68k,0x0001C992,write,0x00A15112,2,0x0
91,1259,m68k,0x0001C992,write,0x00A15112,2,0x2
92,1259,m68k,0x0001C992,write,0x00A15112,2,0x0
93,1259,m68k,0x0001C98C,read,0x00A15107,1,0x4
94,1259,m68k,0x0001C992,write,0x00A15112,2,0x0
95,1259,m68k,0x0001C992,write,0x00A15112,2,0x0
96,1259,m68k,0x0001C992,write,0x00A15112,2,0x0
97,1259,m68k,0x0001C992,write,0x00A15112,2,0x0
98,1259,m68k,0x0001C98C,read,0x00A15107,1,0x4
99,1259,m68k,0x0001C992,write,0x00A15112,2,0x0
100,1259,m68k,0x0001C992,write,0x00A15112,2,0x0
101,1259,m68k,0x0001C992,write,0x00A15112,2,0x0
102,1259,m68k,0x0001C992,write,0x00A15112,2,0x0
103,1259,m68k,0x0001C98C,read,0x00A15107,1,0x4
104,1259,m68k,0x0001C992,write,0x00A15112,2,0x0
105,1259,m68k,0x0001C992,write,0x00A15112,2,0x0
106,1259,m68k,0x0001C992,write,0x00A15112,2,0x0
107,1259,m68k,0x0001C992,write,0x00A15112,2,0x0
108,1259,m68k,0x0001C98C,read,0x00A15107,1,0x4
109,1259,m68k,0x0001C992,write,0x00A15112,2,0x0
110,1259,m68k,0x0001C992,write,0x00A15112,2,0xF3E3
111,1259,m68k,0x0001C992,write,0x00A15112,2,0x0
112,1259,m68k,0x0001C992,write,0x00A15112,2,0x0
113,1259,m68k,0x0001C98C,read,0x00A15107,1,0x4
114,1259,m68k,0x0001C992,write,0x00A15112,2,0x0
115,1259,m68k,0x0001C992,write,0x00A15112,2,0x0
116,1259,m68k,0x0001C992,write,0x00A15112,2,0x0
117,1259,m68k,0x0001C992,write,0x00A15112,2,0x0
118,1259,m68k,0x0001C98C,read,0x00A15107,1,0x4
119,1259,m68k,0x0001C992,write,0x00A15112,2,0x0
120,1259,m68k,0x0001C992,write,0x00A15112,2,0x0
121,1259,m68k,0x0001C992,write,0x00A15112,2,0x0
122,1259,m68k,0x0001C992,write,0x00A15112,2,0x0
123,1259,m68k,0x0001C98C,read,0x00A15107,1,0x4
124,1259,m68k,0x0001C992,write,0x00A15112,2,0x0
125,1259,m68k,0x0001C992,write,0x00A15112,2,0x0
126,1259,m68k,0x0001C992,write,0x00A15112,2,0x0
127,1259,m68k,0x0001C992,write,0x00A15112,2,0x0
128,1259,m68k,0x0001C98C,read,0x00A15107,1,0x4
129,1259,m68k,0x0001C992,write,0x00A15112,2,0x0
130,1259,m68k,0x0001C992,write,0x00A15112,2,0x0
131,1259,m68k,0x0001C992,write,0x00A15112,2,0x0
132,1259,m68k,0x0001C992,write,0x00A15112,2,0x0
133,1259,m68k,0x0001C98C,read,0x00A15107,1,0x4
134,1259,m68k,0x0001C992,write,0x00A15112,2,0x0
135,1259,m68k,0x0001C992,write,0x00A15112,2,0x0
136,1259,m68k,0x0001C992,write,0x00A15112,2,0x0
137,1259,m68k,0x0001C992,write,0x00A15112,2,0x0
138,1259,m68k,0x0001C98C,read,0x00A15107,1,0x4
139,1259,m68k,0x0001C992,write,0x00A15112,2,0x0
140,1259,m68k,0x0001C992,write,0x00A15112,2,0x0
141,1259,m68k,0x0001C992,write,0x00A15112,2,0x0
142,1259,m68k,0x0001C992,write,0x00A15112,2,0x2
143,1259,m68k,0x0001C98C,read,0x00A15107,1,0x4
144,1259,m68k,0x0001C992,write,0x00A15112,2,0x0
145,1259,m68k,0x0001C992,write,0x00A15112,2,0x0
146,1259,m68k,0x0001C992,write,0x00A15112,2,0x0
147,1259,m68k,0x0001C992,write,0x00A15112,2,0x0
148,1259,m68k,0x0001C98C,read,0x00A15107,1,0x4
149,1259,m68k,0x0001C992,write,0x00A15112,2,0x0
150,1259,m68k,0x0001C992,write,0x00A15112,2,0x0
151,1259,m68k,0x0001C992,write,0x00A15112,2,0x0
152,1259,m68k,0x0001C992,write,0x00A15112,2,0x480
153,1259,m68k,0x0001C98C,read,0x00A15107,1,0x4
154,1259,m68k,0x0001C992,write,0x00A15112,2,0x0
155,1259,m68k,0x0001C992,write,0x00A15112,2,0x0
156,1259,m68k,0x0001C992,write,0x00A15112,2,0x0
157,1259,m68k,0x0001C992,write,0x00A15112,2,0x0
158,1259,m68k,0x0001C98C,read,0x00A15107,1,0x4
159,1259,m68k,0x0001C992,write,0x00A15112,2,0x3
160,1259,m68k,0x0001C992,write,0x00A15112,2,0x0
161,1259,m68k,0x0001C992,write,0x00A15112,2,0x0
162,1259,m68k,0x0001C992,write,0x00A15112,2,0x9F1
163,1259,m68k,0x0001C98C,read,0x00A15107,1,0x4
164,1259,m68k,0x0001C992,write,0x00A15112,2,0x9F1
165,1259,m68k,0x0001C992,write,0x00A15112,2,0x0
166,1259,m68k,0x0001C992,write,0x00A15112,2,0x0
167,1259,m68k,0x0001C992,write,0x00A15112,2,0x97
168,1259,m68k,0x0001C98C,read,0x00A15107,1,0x4
169,1259,m68k,0x0001C992,write,0x00A15112,2,0x3CD8
170,1259,m68k,0x0001C992,write,0x00A15112,2,0x0
171,1259,m68k,0x0001C992,write,0x00A15112,2,0x0
172,1259,m68k,0x0001C992,write,0x00A15112,2,0x0
173,1259,m68k,0x0001C98C,read,0x00A15107,1,0x4
174,1259,m68k,0x0001C992,write,0x00A15112,2,0x0
175,1259,m68k,0x0001C992,write,0x00A15112,2,0x0
176,1259,m68k,0x0001C992,write,0x00A15112,2,0x0
177,1259,m68k,0x0001C992,write,0x00A15112,2,0x0
178,1259,m68k,0x0001C98C,read,0x00A15107,1,0x4
179,1259,m68k,0x0001C992,write,0x00A15112,2,0x0
180,1259,m68k,0x0001C992,write,0x00A15112,2,0xE33F
181,1259,m68k,0x0001C992,write,0x00A15112,2,0x0
182,1259,m68k,0x0001C992,write,0x00A15112,2,0x0
183,1259,m68k,0x0001C98C,read,0x00A15107,1,0x4
184,1259,m68k,0x0001C992,write,0x00A15112,2,0x0
185,1259,m68k,0x0001C992,write,0x00A15112,2,0x0
186,1259,m68k,0x0001C992,write,0x00A15112,2,0x0
187,1259,m68k,0x0001C992,write,0x00A15112,2,0x0
188,1259,m68k,0x0001C98C,read,0x00A15107,1,0x4
189,1259,m68k,0x0001C992,write,0x00A15112,2,0x0
190,1259,m68k,0x0001C992,write,0x00A15112,2,0x0
191,1259,m68k,0x0001C992,write,0x00A15112,2,0x0
192,1259,m68k,0x0001C992,write,0x00A15112,2,0x0
193,1259,m68k,0x0001C98C,read,0x00A15107,1,0x4
194,1259,m68k,0x0001C992,write,0x00A15112,2,0x0
195,1259,m68k,0x0001C992,write,0x00A15112,2,0x0
196,1259,m68k,0x0001C992,write,0x00A15112,2,0x0
197,1259,m68k,0x0001C992,write,0x00A15112,2,0x0
198,1259,m68k,0x0001C98C,read,0x00A15107,1,0x4
199,1259,m68k,0x0001C992,write,0x00A15112,2,0x0
200,1259,m68k,0x0001C992,write,0x00A15112,2,0x0
201,1259,m68k,0x0001C992,write,0x00A15112,2,0x0
202,1259,m68k,0x0001C992,write,0x00A15112,2,0x0
203,1259,m68k,0x0001C98C,read,0x00A15107,1,0x4
204,1259,m68k,0x0001C992,write,0x00A15112,2,0x0
205,1259,m68k,0x0001C992,write,0x00A15112,2,0x46B
206,1259,m68k,0x0001C992,write,0x00A15112,2,0x0
207,1259,m68k,0x0001C992,write,0x00A15112,2,0x0
208,1259,m68k,0x0001C98C,read,0x00A15107,1,0x4
209,1259,m68k,0x0001C992,write,0x00A15112,2,0x0
210,1259,m68k,0x0001C992,write,0x00A15112,2,0x0
211,1259,m68k,0x0001C992,write,0x00A15112,2,0x0
212,1259,m68k,0x0001C992,write,0x00A15112,2,0x0
213,1259,m68k,0x0001C98C,read,0x00A15107,1,0x4
214,1259,m68k,0x0001C992,write,0x00A15112,2,0x96
215,1259,m68k,0x0001C992,write,0x00A15112,2,0x4892
216,1259,m68k,0x0001C992,write,0x00A15112,2,0xA0
217,1259,m68k,0x0001C992,write,0x00A15112,2,0x1100
218,1259,m68k,0x0001C98C,read,0x00A15107,1,0x4
219,1259,m68k,0x0001C992,write,0x00A15112,2,0xF39A
220,1259,m68k,0x0001C992,write,0x00A15112,2,0xE327
221,1259,m68k,0x0001C992,write,0x00A15112,2,0xA0
222,1259,m68k,0x0001C992,write,0x00A15112,2,0x0
223,1259,m68k,0x0001C98C,read,0x00A15107,1,0x4
224,1259,m68k,0x0001C992,write,0x00A15112,2,0x0
225,1259,m68k,0x0001C992,write,0x00A15112,2,0x3
226,1259,m68k,0x0001C992,write,0x00A15112,2,0xFFFF
227,1259,m68k,0x0001C992,write,0x00A15112,2,0xFFFF
228,1259,m68k,0x0001C98C,read,0x00A15107,1,0x4
229,1259,m68k,0x0001C992,write,0x00A15112,2,0xF463
230,1259,m68k,0x0001C992,write,0x00A15112,2,0x9F1
231,1259,m68k,0x0001C992,write,0x00A15112,2,0xE2F8
232,1259,m68k,0x0001C992,write,0x00A15112,2,0x0
233,1259,m68k,0x0001C98C,read,0x00A15107,1,0x4
234,1259,m68k,0x0001C992,write,0x00A15112,2,0x0
235,1259,m68k,0x0001C992,write,0x00A15112,2,0x0
236,1259,m68k,0x0001C992,write,0x00A15112,2,0x0
237,1259,m68k,0x0001C992,write,0x00A15112,2,0x280
238,1259,m68k,0x0001C98C,read,0x00A15107,1,0x4
239,1259,m68k,0x0001C992,write,0x00A15112,2,0x0
240,1259,m68k,0x0001C992,write,0x00A15112,2,0x0
241,1259,m68k,0x0001C992,write,0x00A15112,2,0x0
242,1259,m68k,0x0001C992,write,0x00A15112,2,0x0
243,1259,m68k,0x0001C98C,read,0x00A15107,1,0x4
244,1259,m68k,0x0001C992,write,0x00A15112,2,0x0
245,1259,m68k,0x0001C992,write,0x00A15112,2,0x0
246,1259,m68k,0x0001C992,write,0x00A15112,2,0x0
247,1259,m68k,0x0001C992,write,0x00A15112,2,0x0
248,1259,m68k,0x0001C98C,read,0x00A15107,1,0x4
249,1259,m68k,0x0001C992,write,0x00A15112,2,0x0
250,1259,m68k,0x0001C992,write,0x00A15112,2,0x0
251,1259,m68k,0x0001C992,write,0x00A15112,2,0x2
252,1259,m68k,0x0001C992,write,0x00A15112,2,0x0
253,1259,m68k,0x0001C98C,read,0x00A15107,1,0x4
254,1259,m68k,0x0001C992,write,0x00A15112,2,0x0
255,1259,m68k,0x0001C992,write,0x00A15112,2,0x0
256,1259,m68k,0x0001C992,write,0x00A15112,2,0x0
257,1259,m68k,0x0001C992,write,0x00A15112,2,0x0
258,1259,m68k,0x0001C98C,read,0x00A15107,1,0x4
259,1259,m68k,0x0001C992,write,0x00A15112,2,0x0
260,1259,m68k,0x0001C992,write,0x00A15112,2,0x0
261,1259,m68k,0x0001C992,write,0x00A15112,2,0x0
262,1259,m68k,0x0001C992,write,0x00A15112,2,0x0
263,1259,m68k,0x0001C98C,read,0x00A15107,1,0x4
264,1259,m68k,0x0001C992,write,0x00A15112,2,0x0
265,1259,m68k,0x0001C992,write,0x00A15112,2,0x0
266,1259,m68k,0x0001C992,write,0x00A15112,2,0x0
267,1259,m68k,0x0001C992,write,0x00A15112,2,0x0
268,1259,m68k,0x0001C98C,read,0x00A15107,1,0x4
269,1259,m68k,0x0001C992,write,0x00A15112,2,0x0
270,1259,m68k,0x0001C992,write,0x00A15112,2,0xF463
271,1259,m68k,0x0001C992,write,0x00A15112,2,0x0
272,1259,m68k,0x0001C992,write,0x00A15112,2,0x0
273,1259,m68k,0x0001C98C,read,0x00A15107,1,0x4
274,1259,m68k,0x0001C992,write,0x00A15112,2,0x0
275,1259,m68k,0x0001C992,write,0x00A15112,2,0x0
276,1259,m68k,0x0001C992,write,0x00A15112,2,0x0
277,1259,m68k,0x0001C992,write,0x00A15112,2,0x0
278,1259,m68k,0x0001C98C,read,0x00A15107,1,0x4
279,1259,m68k,0x0001C992,write,0x00A15112,2,0x0
280,1259,m68k,0x0001C992,write,0x00A15112,2,0x0
281,1259,m68k,0x0001C992,write,0x00A15112,2,0x0
282,1259,m68k,0x0001C992,write,0x00A15112,2,0x0
283,1259,m68k,0x0001C98C,read,0x00A15107,1,0x4
284,1259,m68k,0x0001C992,write,0x00A15112,2,0x0
285,1259,m68k,0x0001C992,write,0x00A15112,2,0x0
286,1259,m68k,0x0001C992,write,0x00A15112,2,0x0
287,1259,m68k,0x0001C992,write,0x00A15112,2,0x0
288,1259,m68k,0x0001C98C,read,0x00A15107,1,0x4
289,1259,m68k,0x0001C992,write,0x00A15112,2,0x0
290,1259,m68k,0x0001C992,write,0x00A15112,2,0x0
291,1259,m68k,0x0001C992,write,0x00A15112,2,0x0
292,1259,m68k,0x0001C992,write,0x00A15112,2,0x0
293,1259,m68k,0x0001C98C,read,0x00A15107,1,0x4
294,1259,m68k,0x0001C992,write,0x00A15112,2,0x0
295,1259,m68k,0x0001C992,write,0x00A15112,2,0x0
296,1259,m68k,0x0001C992,write,0x00A15112,2,0x0
297,1259,m68k,0x0001C992,write,0x00A15112,2,0x0
298,1259,m68k,0x0001C98C,read,0x00A15107,1,0x4
299,1259,m68k,0x0001C992,write,0x00A15112,2,0x0
300,1259,m68k,0x0001C992,write,0x00A15112,2,0x0
301,1259,m68k,0x0001C992,write,0x00A15112,2,0x1
302,1259,m68k,0x0001C992,write,0x00A15112,2,0x3
303,1259,m68k,0x0001C98C,read,0x00A15107,1,0x4
304,1259,m68k,0x0001C992,write,0x00A15112,2,0x0
305,1259,m68k,0x0001C992,write,0x00A15112,2,0x0
306,1259,m68k,0x0001C992,write,0x00A15112,2,0x0
307,1259,m68k,0x0001C992,write,0x00A15112,2,0x0
308,1259,m68k,0x0001C98C,read,0x00A15107,1,0x4
309,1259,m68k,0x0001C992,write,0x00A15112,2,0x0
310,1259,m68k,0x0001C992,write,0x00A15112,2,0x0
311,1259,m68k,0x0001C992,write,0x00A15112,2,0x0
312,1259,m68k,0x0001C992,write,0x00A15112,2,0x46B
313,1259,m68k,0x0001C98C,read,0x00A15107,1,0x4
314,1259,m68k,0x0001C992,write,0x00A15112,2,0x0
315,1259,m68k,0x0001C992,write,0x00A15112,2,0x0
316,1259,m68k,0x0001C992,write,0x00A15112,2,0x0
317,1259,m68k,0x0001C992,write,0x00A15112,2,0x0
318,1259,m68k,0x0001C98C,read,0x00A15107,1,0x4
319,1259,m68k,0x0001C992,write,0x00A15112,2,0x3
320,1259,m68k,0x0001C992,write,0x00A15112,2,0x0
321,1259,m68k,0x0001C992,write,0x00A15112,2,0x0
322,1259,m68k,0x0001C992,write,0x00A15112,2,0x9F1
323,1259,m68k,0x0001C98C,read,0x00A15107,1,0x4
324,1259,m68k,0x0001C992,write,0x00A15112,2,0x9F1
325,1259,m68k,0x0001C992,write,0x00A15112,2,0x0
326,1259,m68k,0x0001C992,write,0x00A15112,2,0x0
327,1259,m68k,0x0001C992,write,0x00A15112,2,0x97
328,1259,m68k,0x0001C98C,read,0x00A15107,1,0x4
329,1259,m68k,0x0001C992,write,0x00A15112,2,0x3DBA
330,1259,m68k,0x0001C992,write,0x00A15112,2,0x0
331,1259,m68k,0x0001C992,write,0x00A15112,2,0x0
332,1259,m68k,0x0001C992,write,0x00A15112,2,0x0
333,1259,m68k,0x0001C98C,read,0x00A15107,1,0x4
334,1259,m68k,0x0001C992,write,0x00A15112,2,0x0
335,1259,m68k,0x0001C992,write,0x00A15112,2,0x0
336,1259,m68k,0x0001C992,write,0x00A15112,2,0x0
337,1259,m68k,0x0001C992,write,0x00A15112,2,0x0
338,1259,m68k,0x0001C98C,read,0x00A15107,1,0x4
339,1259,m68k,0x0001C992,write,0x00A15112,2,0x0
340,1259,m68k,0x0001C992,write,0x00A15112,2,0xE2F8
341,1259,m68k,0x0001C992,write,0x00A15112,2,0x0
342,1259,m68k,0x0001C992,write,0x00A15112,2,0x0
343,1259,m68k,0x0001C98C,read,0x00A15107,1,0x4
344,1259,m68k,0x0001C992,write,0x00A15112,2,0x0
345,1259,m68k,0x0001C992,write,0x00A15112,2,0x0
346,1259,m68k,0x0001C992,write,0x00A15112,2,0x0
347,1259,m68k,0x0001C992,write,0x00A15112,2,0x0
348,1259,m68k,0x0001C98C,read,0x00A15107,1,0x4
349,1259,m68k,0x0001C992,write,0x00A15112,2,0x0
350,1259,m68k,0x0001C992,write,0x00A15112,2,0x0
351,1259,m68k,0x0001C992,write,0x00A15112,2,0x0
352,1259,m68k,0x0001C992,write,0x00A15112,2,0x0
353,1259,m68k,0x0001C98C,read,0x00A15107,1,0x4
354,1259,m68k,0x0001C992,write,0x00A15112,2,0x0
355,1259,m68k,0x0001C992,write,0x00A15112,2,0x0
356,1259,m68k,0x0001C992,write,0x00A15112,2,0x0
357,1259,m68k,0x0001C992,write,0x00A15112,2,0x0
358,1259,m68k,0x0001C98C,read,0x00A15107,1,0x4
359,1259,m68k,0x0001C992,write,0x00A15112,2,0x0
360,1259,m68k,0x0001C992,write,0x00A15112,2,0x0
361,1259,m68k,0x0001C992,write,0x00A15112,2,0x0
362,1259,m68k,0x0001C992,write,0x00A15112,2,0x0
363,1259,m68k,0x0001C98C,read,0x00A15107,1,0x4
364,1259,m68k,0x0001C992,write,0x00A15112,2,0x0
365,1259,m68k,0x0001C992,write,0x00A15112,2,0x463
366,1259,m68k,0x0001C992,write,0x00A15112,2,0x0
367,1259,m68k,0x0001C992,write,0x00A15112,2,0x0
368,1259,m68k,0x0001C98C,read,0x00A15107,1,0x4
369,1259,m68k,0x0001C992,write,0x00A15112,2,0x0
370,1259,m68k,0x0001C992,write,0x00A15112,2,0x0
371,1259,m68k,0x0001C992,write,0x00A15112,2,0x0
372,1259,m68k,0x0001C992,write,0x00A15112,2,0x0
373,1259,m68k,0x0001C98C,read,0x00A15107,1,0x4
374,1259,m68k,0x0001C992,write,0x00A15112,2,0x96
375,1259,m68k,0x0001C992,write,0x00A15112,2,0x4C70
376,1259,m68k,0x0001C992,write,0x00A15112,2,0x9E
377,1259,m68k,0x0001C992,write,0x00A15112,2,0x700
378,1259,m68k,0x0001C98C,read,0x00A15107,1,0x4
379,1259,m68k,0x0001C992,write,0x00A15112,2,0xF3E7
380,1259,m68k,0x0001C992,write,0x00A15112,2,0xDF6D
381,1259,m68k,0x0001C992,write,0x00A15112,2,0x9E
382,1259,m68k,0x0001C992,write,0x00A15112,2,0x0
383,1259,m68k,0x0001C98C,read,0x00A15107,1,0x4
384,1259,m68k,0x0001C992,write,0x00A15112,2,0x0
385,1259,m68k,0x0001C992,write,0x00A15112,2,0x4
386,1259,m68k,0x0001C992,write,0x00A15112,2,0xFFFF
387,1259,m68k,0x0001C992,write,0x00A15112,2,0xFFFF
388,1259,m68k,0x0001C98C,read,0x00A15107,1,0x4
389,1259,m68k,0x0001C992,write,0x00A15112,2,0xF464
390,1259,m68k,0x0001C992,write,0x00A15112,2,0x9F4
391,1259,m68k,0x0001C992,write,0x00A15112,2,0xDF9E
392,1259,m68k,0x0001C992,write,0x00A15112,2,0x0
393,1259,m68k,0x0001C98C,read,0x00A15107,1,0x4
394,1259,m68k,0x0001C992,write,0x00A15112,2,0x0
395,1259,m68k,0x0001C992,write,0x00A15112,2,0x0
396,1259,m68k,0x0001C992,write,0x00A15112,2,0x0
397,1259,m68k,0x0001C992,write,0x00A15112,2,0x278
398,1259,m68k,0x0001C98C,read,0x00A15107,1,0x4
399,1259,m68k,0x0001C992,write,0x00A15112,2,0x0
400,1259,m68k,0x0001C992,write,0x00A15112,2,0x0
401,1259,m68k,0x0001C992,write,0x00A15112,2,0x0
402,1259,m68k,0x0001C992,write,0x00A15112,2,0x0
403,1259,m68k,0x0001C98C,read,0x00A15107,1,0x4
404,1259,m68k,0x0001C992,write,0x00A15112,2,0x0
405,1259,m68k,0x0001C992,write,0x00A15112,2,0x0
406,1259,m68k,0x0001C992,write,0x00A15112,2,0x0
407,1259,m68k,0x0001C992,write,0x00A15112,2,0x0
408,1259,m68k,0x0001C98C,read,0x00A15107,1,0x4
409,1259,m68k,0x0001C992,write,0x00A15112,2,0x0
410,1259,m68k,0x0001C992,write,0x00A15112,2,0x0
411,1259,m68k,0x0001C992,write,0x00A15112,2,0x2
412,1259,m68k,0x0001C992,write,0x00A15112,2,0x0
413,1259,m68k,0x0001C98C,read,0x00A15107,1,0x4
414,1259,m68k,0x0001C992,write,0x00A15112,2,0x0
415,1259,m68k,0x0001C992,write,0x00A15112,2,0x0
416,1259,m68k,0x0001C992,write,0x00A15112,2,0x0
417,1259,m68k,0x0001C992,write,0x00A15112,2,0x0
418,1259,m68k,0x0001C98C,read,0x00A15107,1,0x4
419,1259,m68k,0x0001C992,write,0x00A15112,2,0x0
420,1259,m68k,0x0001C992,write,0x00A15112,2,0x0
421,1259,m68k,0x0001C992,write,0x00A15112,2,0x0
422,1259,m68k,0x0001C992,write,0x00A15112,2,0x0
423,1259,m68k,0x0001C98C,read,0x00A15107,1,0x4
424,1259,m68k,0x0001C992,write,0x00A15112,2,0x0
425,1259,m68k,0x0001C992,write,0x00A15112,2,0x0
426,1259,m68k,0x0001C992,write,0x00A15112,2,0x0
427,1259,m68k,0x0001C992,write,0x00A15112,2,0x0
428,1259,m68k,0x0001C98C,read,0x00A15107,1,0x4
429,1259,m68k,0x0001C992,write,0x00A15112,2,0x0
430,1259,m68k,0x0001C992,write,0x00A15112,2,0xF464
431,1259,m68k,0x0001C992,write,0x00A15112,2,0x0
432,1259,m68k,0x0001C992,write,0x00A15112,2,0x0
433,1259,m68k,0x0001C98C,read,0x00A15107,1,0x4
434,1259,m68k,0x0001C992,write,0x00A15112,2,0x0
435,1259,m68k,0x0001C992,write,0x00A15112,2,0x0
436,1259,m68k,0x0001C992,write,0x00A15112,2,0x0
437,1259,m68k,0x0001C992,write,0x00A15112,2,0x0
438,1259,m68k,0x0001C98C,read,0x00A15107,1,0x4
439,1259,m68k,0x0001C992,write,0x00A15112,2,0x0
440,1259,m68k,0x0001C992,write,0x00A15112,2,0x0
441,1259,m68k,0x0001C992,write,0x00A15112,2,0x0
442,1259,m68k,0x0001C992,write,0x00A15112,2,0x0
443,1259,m68k,0x0001C98C,read,0x00A15107,1,0x4
444,1259,m68k,0x0001C992,write,0x00A15112,2,0x0
445,1259,m68k,0x0001C992,write,0x00A15112,2,0x0
446,1259,m68k,0x0001C992,write,0x00A15112,2,0x0
447,1259,m68k,0x0001C992,write,0x00A15112,2,0x0
448,1259,m68k,0x0001C98C,read,0x00A15107,1,0x4
449,1259,m68k,0x0001C992,write,0x00A15112,2,0x0
450,1259,m68k,0x0001C992,write,0x00A15112,2,0x0
451,1259,m68k,0x0001C992,write,0x00A15112,2,0x0
452,1259,m68k,0x0001C992,write,0x00A15112,2,0x0
453,1259,m68k,0x0001C98C,read,0x00A15107,1,0x4
454,1259,m68k,0x0001C992,write,0x00A15112,2,0x0
455,1259,m68k,0x0001C992,write,0x00A15112,2,0x0
456,1259,m68k,0x0001C992,write,0x00A15112,2,0x0
457,1259,m68k,0x0001C992,write,0x00A15112,2,0x0
458,1259,m68k,0x0001C98C,read,0x00A15107,1,0x4
459,1259,m68k,0x0001C992,write,0x00A15112,2,0x0
460,1259,m68k,0x0001C992,write,0x00A15112,2,0x0
461,1259,m68k,0x0001C992,write,0x00A15112,2,0x2
462,1259,m68k,0x0001C992,write,0x00A15112,2,0x4
463,1259,m68k,0x0001C98C,read,0x00A15107,1,0x4
464,1259,m68k,0x0001C992,write,0x00A15112,2,0x0
465,1259,m68k,0x0001C992,write,0x00A15112,2,0x0
466,1259,m68k,0x0001C992,write,0x00A15112,2,0x0
467,1259,m68k,0x0001C992,write,0x00A15112,2,0x0
468,1259,m68k,0x0001C98C,read,0x00A15107,1,0x4
469,1259,m68k,0x0001C992,write,0x00A15112,2,0x0
470,1259,m68k,0x0001C992,write,0x00A15112,2,0x0
471,1259,m68k,0x0001C992,write,0x00A15112,2,0x0
472,1259,m68k,0x0001C992,write,0x00A15112,2,0x463
473,1259,m68k,0x0001C98C,read,0x00A15107,1,0x4
474,1259,m68k,0x0001C992,write,0x00A15112,2,0x0
475,1259,m68k,0x0001C992,write,0x00A15112,2,0x0
476,1259,m68k,0x0001C992,write,0x00A15112,2,0x0
477,1259,m68k,0x0001C992,write,0x00A15112,2,0x0
478,1259,m68k,0x0001C98C,read,0x00A15107,1,0x4
479,1259,m68k,0x0001C992,write,0x00A15112,2,0x0
480,1259,m68k,0x0001C992,write,0x00A15112,2,0x0
481,1259,m68k,0x0001C992,write,0x00A15112,2,0x0
482,1259,m68k,0x0001C992,write,0x00A15112,2,0x9F4
483,1259,m68k,0x0001C98C,read,0x00A15107,1,0x4
484,1259,m68k,0x0001C992,write,0x00A15112,2,0x9F4
485,1259,m68k,0x0001C992,write,0x00A15112,2,0x0
486,1259,m68k,0x0001C992,write,0x00A15112,2,0x0
487,1259,m68k,0x0001C992,write,0x00A15112,2,0x97
488,1259,m68k,0x0001C98C,read,0x00A15107,1,0x4
489,1259,m68k,0x0001C992,write,0x00A15112,2,0x2850
490,1259,m68k,0x0001C992,write,0x00A15112,2,0x0
491,1259,m68k,0x0001C992,write,0x00A15112,2,0x0
492,1259,m68k,0x0001C992,write,0x00A15112,2,0x0
493,1259,m68k,0x0001C98C,read,0x00A15107,1,0x4
494,1259,m68k,0x0001C992,write,0x00A15112,2,0x0
495,1259,m68k,0x0001C992,write,0x00A15112,2,0x0
496,1259,m68k,0x0001C992,write,0x00A15112,2,0x0
497,1259,m68k,0x0001C992,write,0x00A15112,2,0x0
498,1259,m68k,0x0001C98C,read,0x00A15107,1,0x4
499,1259,m68k,0x0001C992,write,0x00A15112,2,0x0
500,1259,m68k,0x0001C992,write,0x00A15112,2,0xDF9E
501,1259,m68k,0x0001C992,write,0x00A15112,2,0x0
502,1259,m68k,0x0001C992,write,0x00A15112,2,0x0
503,1259,m68k,0x0001C98C,read,0x00A15107,1,0x4
504,1259,m68k,0x0001C992,write,0x00A15112,2,0x0
505,1259,m68k,0x0001C992,write,0x00A15112,2,0x0
506,1259,m68k,0x0001C992,write,0x00A15112,2,0x0
507,1259,m68k,0x0001C992,write,0x00A15112,2,0x0
508,1259,m68k,0x0001C98C,read,0x00A15107,1,0x4
509,1259,m68k,0x0001C992,write,0x00A15112,2,0x0
510,1259,m68k,0x0001C992,write,0x00A15112,2,0x0
511,1259,m68k,0x0001C992,write,0x00A15112,2,0x0
512,1259,m68k,0x0001C992,write,0x00A15112,2,0x0
513,1259,m68k,0x0001C98C,read,0x00A15107,1,0x4
514,1259,m68k,0x0001C992,write,0x00A15112,2,0x0
515,1259,m68k,0x0001C992,write,0x00A15112,2,0x0
516,1259,m68k,0x0001C992,write,0x00A15112,2,0x0
517,1259,m68k,0x0001C992,write,0x00A15112,2,0x0
518,1259,m68k,0x0001C98C,read,0x00A15107,1,0x4
519,1259,m68k,0x0001C992,write,0x00A15112,2,0x0
520,1259,m68k,0x0001C992,write,0x00A15112,2,0x0
521,1259,m68k,0x0001C992,write,0x00A15112,2,0x0
522,1259,m68k,0x0001C992,write,0x00A15112,2,0x0
523,1259,m68k,0x0001C98C,read,0x00A15107,1,0x4
524,1259,m68k,0x0001C992,write,0x00A15112,2,0x0
525,1259,m68k,0x0001C992,write,0x00A15112,2,0x45F
526,1259,m68k,0x0001C992,write,0x00A15112,2,0x0
527,1259,m68k,0x0001C992,write,0x00A15112,2,0x0
528,1259,m68k,0x0001C98C,read,0x00A15107,1,0x4
529,1259,m68k,0x0001C992,write,0x00A15112,2,0x0
530,1259,m68k,0x0001C992,write,0x00A15112,2,0x0
531,1259,m68k,0x0001C992,write,0x00A15112,2,0x0
532,1259,m68k,0x0001C992,write,0x00A15112,2,0x0
533,1259,m68k,0x0001C98C,read,0x00A15107,1,0x4
534,1259,m68k,0x0001C992,write,0x00A15112,2,0x96
535,1259,m68k,0x0001C992,write,0x00A15112,2,0x504E
536,1259,m68k,0x0001C992,write,0x00A15112,2,0x9C
537,1259,m68k,0x0001C992,write,0x00A15112,2,0xFF00
538,1259,m68k,0x0001C98C,read,0x00A15107,1,0x4
539,1259,m68k,0x0001C992,write,0x00A15112,2,0xF44C
540,1259,m68k,0x0001C992,write,0x00A15112,2,0xDCBF
541,1259,m68k,0x0001C992,write,0x00A15112,2,0x9C
542,1259,m68k,0x0001C992,write,0x00A15112,2,0x0
543,1259,m68k,0x0001C98C,read,0x00A15107,1,0x4
544,1259,m68k,0x0001C992,write,0x00A15112,2,0x0
545,1259,m68k,0x0001C992,write,0x00A15112,2,0x5
546,1259,m68k,0x0001C992,write,0x00A15112,2,0xFFFF
547,1259,m68k,0x0001C992,write,0x00A15112,2,0xFFFF
548,1259,m68k,0x0001C98C,read,0x00A15107,1,0x4
549,1259,m68k,0x0001C992,write,0x00A15112,2,0xF473
550,1259,m68k,0x0001C992,write,0x00A15112,2,0x9F4
551,1259,m68k,0x0001C992,write,0x00A15112,2,0xDC39
552,1259,m68k,0x0001C992,write,0x00A15112,2,0x0
553,1259,m68k,0x0001C98C,read,0x00A15107,1,0x4
554,1259,m68k,0x0001C992,write,0x00A15112,2,0x0
555,1259,m68k,0x0001C992,write,0x00A15112,2,0x0
556,1259,m68k,0x0001C992,write,0x00A15112,2,0x0
557,1259,m68k,0x0001C992,write,0x00A15112,2,0x270
558,1259,m68k,0x0001C98C,read,0x00A15107,1,0x4
559,1259,m68k,0x0001C992,write,0x00A15112,2,0x0
560,1259,m68k,0x0001C992,write,0x00A15112,2,0x0
561,1259,m68k,0x0001C992,write,0x00A15112,2,0x0
562,1259,m68k,0x0001C992,write,0x00A15112,2,0x0
563,1259,m68k,0x0001C98C,read,0x00A15107,1,0x4
564,1259,m68k,0x0001C992,write,0x00A15112,2,0x0
565,1259,m68k,0x0001C992,write,0x00A15112,2,0x0
566,1259,m68k,0x0001C992,write,0x00A15112,2,0x0
567,1259,m68k,0x0001C992,write,0x00A15112,2,0x0
568,1259,m68k,0x0001C98C,read,0x00A15107,1,0x4
569,1259,m68k,0x0001C992,write,0x00A15112,2,0x0
570,1259,m68k,0x0001C992,write,0x00A15112,2,0x0
571,1259,m68k,0x0001C992,write,0x00A15112,2,0x2
572,1259,m68k,0x0001C992,write,0x00A15112,2,0x0
573,1259,m68k,0x0001C98C,read,0x00A15107,1,0x4
574,1259,m68k,0x0001C992,write,0x00A15112,2,0x0
575,1259,m68k,0x0001C992,write,0x00A15112,2,0x0
576,1259,m68k,0x0001C992,write,0x00A15112,2,0x0
577,1259,m68k,0x0001C992,write,0x00A15112,2,0x0
578,1259,m68k,0x0001C98C,read,0x00A15107,1,0x4
579,1259,m68k,0x0001C992,write,0x00A15112,2,0x0
580,1259,m68k,0x0001C992,write,0x00A15112,2,0x0
581,1259,m68k,0x0001C992,write,0x00A15112,2,0x0
582,1259,m68k,0x0001C992,write,0x00A15112,2,0x0
583,1259,m68k,0x0001C98C,read,0x00A15107,1,0x4
584,1259,m68k,0x0001C992,write,0x00A15112,2,0x0
585,1259,m68k,0x0001C992,write,0x00A15112,2,0x0
586,1259,m68k,0x0001C992,write,0x00A15112,2,0x0
587,1259,m68k,0x0001C992,write,0x00A15112,2,0x0
588,1259,m68k,0x0001C98C,read,0x00A15107,1,0x4
589,1259,m68k,0x0001C992,write,0x00A15112,2,0x0
590,1259,m68k,0x0001C992,write,0x00A15112,2,0xF473
591,1259,m68k,0x0001C992,write,0x00A15112,2,0x0
592,1259,m68k,0x0001C992,write,0x00A15112,2,0x0
593,1259,m68k,0x0001C98C,read,0x00A15107,1,0x4
594,1259,m68k,0x0001C992,write,0x00A15112,2,0x0
595,1259,m68k,0x0001C992,write,0x00A15112,2,0x0
596,1259,m68k,0x0001C992,write,0x00A15112,2,0x0
597,1259,m68k,0x0001C992,write,0x00A15112,2,0x0
598,1259,m68k,0x0001C98C,read,0x00A15107,1,0x4
599,1259,m68k,0x0001C992,write,0x00A15112,2,0x0
600,1259,m68k,0x0001C992,write,0x00A15112,2,0x0
601,1259,m68k,0x0001C992,write,0x00A15112,2,0x0
602,1259,m68k,0x0001C992,write,0x00A15112,2,0x0
603,1259,m68k,0x0001C98C,read,0x00A15107,1,0x4
604,1259,m68k,0x0001C992,write,0x00A15112,2,0x0
605,1259,m68k,0x0001C992,write,0x00A15112,2,0x0
606,1259,m68k,0x0001C992,write,0x00A15112,2,0x0
607,1259,m68k,0x0001C992,write,0x00A15112,2,0x0
608,1259,m68k,0x0001C98C,read,0x00A15107,1,0x4
609,1259,m68k,0x0001C992,write,0x00A15112,2,0x0
610,1259,m68k,0x0001C992,write,0x00A15112,2,0x0
611,1259,m68k,0x0001C992,write,0x00A15112,2,0x0
612,1259,m68k,0x0001C992,write,0x00A15112,2,0x0
613,1259,m68k,0x0001C98C,read,0x00A15107,1,0x4
614,1259,m68k,0x0001C992,write,0x00A15112,2,0x0
615,1259,m68k,0x0001C992,write,0x00A15112,2,0x0
616,1259,m68k,0x0001C992,write,0x00A15112,2,0x0
617,1259,m68k,0x0001C992,write,0x00A15112,2,0x0
618,1259,m68k,0x0001C98C,read,0x00A15107,1,0x4
619,1259,m68k,0x0001C992,write,0x00A15112,2,0x0
620,1259,m68k,0x0001C992,write,0x00A15112,2,0x0
621,1259,m68k,0x0001C992,write,0x00A15112,2,0x3
622,1259,m68k,0x0001C992,write,0x00A15112,2,0x5
623,1259,m68k,0x0001C98C,read,0x00A15107,1,0x4
624,1259,m68k,0x0001C992,write,0x00A15112,2,0x0
625,1259,m68k,0x0001C992,write,0x00A15112,2,0x0
626,1259,m68k,0x0001C992,write,0x00A15112,2,0x0
627,1259,m68k,0x0001C992,write,0x00A15112,2,0x0
628,1259,m68k,0x0001C98C,read,0x00A15107,1,0x4
629,1259,m68k,0x0001C992,write,0x00A15112,2,0x0
630,1259,m68k,0x0001C992,write,0x00A15112,2,0x0
631,1259,m68k,0x0001C992,write,0x00A15112,2,0x0
632,1259,m68k,0x0001C992,write,0x00A15112,2,0x45F
633,1259,m68k,0x0001C98C,read,0x00A15107,1,0x4
634,1259,m68k,0x0001C992,write,0x00A15112,2,0x0
635,1259,m68k,0x0001C992,write,0x00A15112,2,0x0
636,1259,m68k,0x0001C992,write,0x00A15112,2,0x0
637,1259,m68k,0x0001C992,write,0x00A15112,2,0x0
638,1259,m68k,0x0001C98C,read,0x00A15107,1,0x4
639,1259,m68k,0x0001C992,write,0x00A15112,2,0x0
640,1259,m68k,0x0001C992,write,0x00A15112,2,0x0
641,1259,m68k,0x0001C992,write,0x00A15112,2,0x0
642,1259,m68k,0x0001C992,write,0x00A15112,2,0x9F4
643,1259,m68k,0x0001C98C,read,0x00A15107,1,0x4
644,1259,m68k,0x0001C992,write,0x00A15112,2,0x9F4
645,1259,m68k,0x0001C992,write,0x00A15112,2,0x0
646,1259,m68k,0x0001C992,write,0x00A15112,2,0x0
647,1259,m68k,0x0001C992,write,0x00A15112,2,0x97
648,1259,m68k,0x0001C98C,read,0x00A15107,1,0x4
649,1259,m68k,0x0001C992,write,0x00A15112,2,0x23AA
650,1259,m68k,0x0001C992,write,0x00A15112,2,0x0
651,1259,m68k,0x0001C992,write,0x00A15112,2,0x0
652,1259,m68k,0x0001C992,write,0x00A15112,2,0x0
653,1259,m68k,0x0001C98C,read,0x00A15107,1,0x4
654,1259,m68k,0x0001C992,write,0x00A15112,2,0x0
655,1259,m68k,0x0001C992,write,0x00A15112,2,0x0
656,1259,m68k,0x0001C992,write,0x00A15112,2,0x0
657,1259,m68k,0x0001C992,write,0x00A15112,2,0x0
658,1259,m68k,0x0001C98C,read,0x00A15107,1,0x4
659,1259,m68k,0x0001C992,write,0x00A15112,2,0x0
660,1259,m68k,0x0001C992,write,0x00A15112,2,0xDC39
661,1259,m68k,0x0001C992,write,0x00A15112,2,0x0
662,1259,m68k,0x0001C992,write,0x00A15112,2,0x0
663,1259,m68k,0x0001C98C,read,0x00A15107,1,0x4
664,1259,m68k,0x0001C992,write,0x00A15112,2,0x0
665,1259,m68k,0x0001C992,write,0x00A15112,2,0x0
666,1259,m68k,0x0001C992,write,0x00A15112,2,0x0
667,1259,m68k,0x0001C992,write,0x00A15112,2,0x0
668,1259,m68k,0x0001C98C,read,0x00A15107,1,0x4
669,1259,m68k,0x0001C992,write,0x00A15112,2,0x0
670,1259,m68k,0x0001C992,write,0x00A15112,2,0x0
671,1259,m68k,0x0001C992,write,0x00A15112,2,0x0
672,1259,m68k,0x0001C992,write,0x00A15112,2,0x0
673,1259,m68k,0x0001C98C,read,0x00A15107,1,0x4
674,1259,m68k,0x0001C992,write,0x00A15112,2,0x0
675,1259,m68k,0x0001C992,write,0x00A15112,2,0x0
676,1259,m68k,0x0001C992,write,0x00A15112,2,0x0
677,1259,m68k,0x0001C992,write,0x00A15112,2,0x0
678,1259,m68k,0x0001C98C,read,0x00A15107,1,0x4
679,1259,m68k,0x0001C992,write,0x00A15112,2,0x0
680,1259,m68k,0x0001C992,write,0x00A15112,2,0x0
681,1259,m68k,0x0001C992,write,0x00A15112,2,0x0
682,1259,m68k,0x0001C992,write,0x00A15112,2,0x0
683,1259,m68k,0x0001C98C,read,0x00A15107,1,0x4
684,1259,m68k,0x0001C992,write,0x00A15112,2,0x0
685,1259,m68k,0x0001C992,write,0x00A15112,2,0x450
686,1259,m68k,0x0001C992,write,0x00A15112,2,0x0
687,1259,m68k,0x0001C992,write,0x00A15112,2,0x0
688,1259,m68k,0x0001C98C,read,0x00A15107,1,0x4
689,1259,m68k,0x0001C992,write,0x00A15112,2,0x0
690,1259,m68k,0x0001C992,write,0x00A15112,2,0x0
691,1259,m68k,0x0001C992,write,0x00A15112,2,0x0
692,1259,m68k,0x0001C992,write,0x00A15112,2,0x0
693,1259,m68k,0x0001C98C,read,0x00A15107,1,0x4
694,1259,m68k,0x0001C992,write,0x00A15112,2,0x96
695,1259,m68k,0x0001C992,write,0x00A15112,2,0x44B4
696,1259,m68k,0x0001C992,write,0x00A15112,2,0x99
697,1259,m68k,0x0001C992,write,0x00A15112,2,0x100
698,1259,m68k,0x0001C98C,read,0x00A15107,1,0x4
699,1259,m68k,0x0001C992,write,0x00A15112,2,0xF454
700,1259,m68k,0x0001C992,write,0x00A15112,2,0xD878
701,1259,m68k,0x0001C992,write,0x00A15112,2,0x99
702,1259,m68k,0x0001C992,write,0x00A15112,2,0x0
703,1259,m68k,0x0001C98C,read,0x00A15107,1,0x4
704,1259,m68k,0x0001C992,write,0x00A15112,2,0x0
705,1259,m68k,0x0001C992,write,0x00A15112,2,0x6
706,1259,m68k,0x0001C992,write,0x00A15112,2,0xFFFF
707,1259,m68k,0x0001C992,write,0x00A15112,2,0xFFFF
708,1259,m68k,0x0001C98C,read,0x00A15107,1,0x4
709,1259,m68k,0x0001C992,write,0x00A15112,2,0xF46C
710,1259,m68k,0x0001C992,write,0x00A15112,2,0x9F4
711,1259,m68k,0x0001C992,write,0x00A15112,2,0xD8E3
712,1259,m68k,0x0001C992,write,0x00A15112,2,0x0
713,1259,m68k,0x0001C98C,read,0x00A15107,1,0x4
714,1259,m68k,0x0001C992,write,0x00A15112,2,0x0
715,1259,m68k,0x0001C992,write,0x00A15112,2,0x0
716,1259,m68k,0x0001C992,write,0x00A15112,2,0x0
717,1259,m68k,0x0001C992,write,0x00A15112,2,0x264
718,1259,m68k,0x0001C98C,read,0x00A15107,1,0x4
719,1259,m68k,0x0001C992,write,0x00A15112,2,0x0
720,1259,m68k,0x0001C992,write,0x00A15112,2,0x0
721,1259,m68k,0x0001C992,write,0x00A15112,2,0x0
722,1259,m68k,0x0001C992,write,0x00A15112,2,0x0
723,1259,m68k,0x0001C98C,read,0x00A15107,1,0x4
724,1259,m68k,0x0001C992,write,0x00A15112,2,0x0
725,1259,m68k,0x0001C992,write,0x00A15112,2,0x0
726,1259,m68k,0x0001C992,write,0x00A15112,2,0x0
727,1259,m68k,0x0001C992,write,0x00A15112,2,0x0
728,1259,m68k,0x0001C98C,read,0x00A15107,1,0x4
729,1259,m68k,0x0001C992,write,0x00A15112,2,0x0
730,1259,m68k,0x0001C992,write,0x00A15112,2,0x0
731,1259,m68k,0x0001C992,write,0x00A15112,2,0x2
732,1259,m68k,0x0001C992,write,0x00A15112,2,0x0
733,1259,m68k,0x0001C98C,read,0x00A15107,1,0x4
734,1259,m68k,0x0001C992,write,0x00A15112,2,0x0
735,1259,m68k,0x0001C992,write,0x00A15112,2,0x0
736,1259,m68k,0x0001C992,write,0x00A15112,2,0x0
737,1259,m68k,0x0001C992,write,0x00A15112,2,0x0
738,1259,m68k,0x0001C98C,read,0x00A15107,1,0x4
739,1259,m68k,0x0001C992,write,0x00A15112,2,0x0
740,1259,m68k,0x0001C992,write,0x00A15112,2,0x0
741,1259,m68k,0x0001C992,write,0x00A15112,2,0x0
742,1259,m68k,0x0001C992,write,0x00A15112,2,0x0
743,1259,m68k,0x0001C98C,read,0x00A15107,1,0x4
744,1259,m68k,0x0001C992,write,0x00A15112,2,0x0
745,1259,m68k,0x0001C992,write,0x00A15112,2,0x0
746,1259,m68k,0x0001C992,write,0x00A15112,2,0x0
747,1259,m68k,0x0001C992,write,0x00A15112,2,0x0
748,1259,m68k,0x0001C98C,read,0x00A15107,1,0x4
749,1259,m68k,0x0001C992,write,0x00A15112,2,0x0
750,1259,m68k,0x0001C992,write,0x00A15112,2,0xF46C
751,1259,m68k,0x0001C992,write,0x00A15112,2,0x0
752,1259,m68k,0x0001C992,write,0x00A15112,2,0x0
753,1259,m68k,0x0001C98C,read,0x00A15107,1,0x4
754,1259,m68k,0x0001C992,write,0x00A15112,2,0x0
755,1259,m68k,0x0001C992,write,0x00A15112,2,0x0
756,1259,m68k,0x0001C992,write,0x00A15112,2,0x0
757,1259,m68k,0x0001C992,write,0x00A15112,2,0x0
758,1259,m68k,0x0001C98C,read,0x00A15107,1,0x4
759,1259,m68k,0x0001C992,write,0x00A15112,2,0x0
760,1259,m68k,0x0001C992,write,0x00A15112,2,0x0
761,1259,m68k,0x0001C992,write,0x00A15112,2,0x0
762,1259,m68k,0x0001C992,write,0x00A15112,2,0x0
763,1259,m68k,0x0001C98C,read,0x00A15107,1,0x4
764,1259,m68k,0x0001C992,write,0x00A15112,2,0x0
765,1259,m68k,0x0001C992,write,0x00A15112,2,0x0
766,1259,m68k,0x0001C992,write,0x00A15112,2,0x0
767,1259,m68k,0x0001C992,write,0x00A15112,2,0x0
768,1259,m68k,0x0001C98C,read,0x00A15107,1,0x4
769,1259,m68k,0x0001C992,write,0x00A15112,2,0x0
770,1259,m68k,0x0001C992,write,0x00A15112,2,0x0
771,1259,m68k,0x0001C992,write,0x00A15112,2,0x0
772,1259,m68k,0x0001C992,write,0x00A15112,2,0x0
773,1259,m68k,0x0001C98C,read,0x00A15107,1,0x4
774,1259,m68k,0x0001C992,write,0x00A15112,2,0x0
775,1259,m68k,0x0001C992,write,0x00A15112,2,0x0
776,1259,m68k,0x0001C992,write,0x00A15112,2,0x0
777,1259,m68k,0x0001C992,write,0x00A15112,2,0x0
778,1259,m68k,0x0001C98C,read,0x00A15107,1,0x4
779,1259,m68k,0x0001C992,write,0x00A15112,2,0x0
780,1259,m68k,0x0001C992,write,0x00A15112,2,0x0
781,1259,m68k,0x0001C992,write,0x00A15112,2,0x4
782,1259,m68k,0x0001C992,write,0x00A15112,2,0x6
783,1259,m68k,0x0001C98C,read,0x00A15107,1,0x4
784,1259,m68k,0x0001C992,write,0x00A15112,2,0x0
785,1259,m68k,0x0001C992,write,0x00A15112,2,0x0
786,1259,m68k,0x0001C992,write,0x00A15112,2,0x0
787,1259,m68k,0x0001C992,write,0x00A15112,2,0x0
788,1259,m68k,0x0001C98C,read,0x00A15107,1,0x4
789,1259,m68k,0x0001C992,write,0x00A15112,2,0x0
790,1259,m68k,0x0001C992,write,0x00A15112,2,0x0
791,1259,m68k,0x0001C992,write,0x00A15112,2,0x0
792,1259,m68k,0x0001C992,write,0x00A15112,2,0x450
793,1259,m68k,0x0001C98C,read,0x00A15107,1,0x4
794,1259,m68k,0x0001C992,write,0x00A15112,2,0x0
795,1259,m68k,0x0001C992,write,0x00A15112,2,0x0
796,1259,m68k,0x0001C992,write,0x00A15112,2,0x0
797,1259,m68k,0x0001C992,write,0x00A15112,2,0x0
798,1259,m68k,0x0001C98C,read,0x00A15107,1,0x4
799,1259,m68k,0x0001C992,write,0x00A15112,2,0x0
800,1259,m68k,0x0001C992,write,0x00A15112,2,0x10
801,1259,m68k,0x0001C992,write,0x00A15112,2,0x0
802,1259,m68k,0x0001C992,write,0x00A15112,2,0x9F4
803,1259,m68k,0x0001C98C,read,0x00A15107,1,0x4
804,1259,m68k,0x0001C992,write,0x00A15112,2,0x9F4
805,1259,m68k,0x0001C992,write,0x00A15112,2,0x0
806,1259,m68k,0x0001C992,write,0x00A15112,2,0x0
807,1259,m68k,0x0001C992,write,0x00A15112,2,0x97
808,1259,m68k,0x0001C98C,read,0x00A15107,1,0x4
809,1259,m68k,0x0001C992,write,0x00A15112,2,0x16DC
810,1259,m68k,0x0001C992,write,0x00A15112,2,0x0
811,1259,m68k,0x0001C992,write,0x00A15112,2,0x0
812,1259,m68k,0x0001C992,write,0x00A15112,2,0x0
813,1259,m68k,0x0001C98C,read,0x00A15107,1,0x4
814,1259,m68k,0x0001C992,write,0x00A15112,2,0x0
815,1259,m68k,0x0001C992,write,0x00A15112,2,0x0
816,1259,m68k,0x0001C992,write,0x00A15112,2,0x0
817,1259,m68k,0x0001C992,write,0x00A15112,2,0x0
818,1259,m68k,0x0001C98C,read,0x00A15107,1,0x4
819,1259,m68k,0x0001C992,write,0x00A15112,2,0x0
820,1259,m68k,0x0001C992,write,0x00A15112,2,0xD8E3
821,1259,m68k,0x0001C992,write,0x00A15112,2,0x0
822,1259,m68k,0x0001C992,write,0x00A15112,2,0x0
823,1259,m68k,0x0001C98C,read,0x00A15107,1,0x4
824,1259,m68k,0x0001C992,write,0x00A15112,2,0x0
825,1259,m68k,0x0001C992,write,0x00A15112,2,0x0
826,1259,m68k,0x0001C992,write,0x00A15112,2,0x0
827,1259,m68k,0x0001C992,write,0x00A15112,2,0x0
828,1259,m68k,0x0001C98C,read,0x00A15107,1,0x4
829,1259,m68k,0x0001C992,write,0x00A15112,2,0x0
830,1259,m68k,0x0001C992,write,0x00A15112,2,0x0
831,1259,m68k,0x0001C992,write,0x00A15112,2,0x0
832,1259,m68k,0x0001C992,write,0x00A15112,2,0x0
833,1259,m68k,0x0001C98C,read,0x00A15107,1,0x4
834,1259,m68k,0x0001C992,write,0x00A15112,2,0x0
835,1259,m68k,0x0001C992,write,0x00A15112,2,0x0
836,1259,m68k,0x0001C992,write,0x00A15112,2,0x0
837,1259,m68k,0x0001C992,write,0x00A15112,2,0x0
838,1259,m68k,0x0001C98C,read,0x00A15107,1,0x4
839,1259,m68k,0x0001C992,write,0x00A15112,2,0x0
840,1259,m68k,0x0001C992,write,0x00A15112,2,0x0
841,1259,m68k,0x0001C992,write,0x00A15112,2,0x0
842,1259,m68k,0x0001C992,write,0x00A15112,2,0x0
843,1259,m68k,0x0001C98C,read,0x00A15107,1,0x4
844,1259,m68k,0x0001C992,write,0x00A15112,2,0x0
845,1259,m68k,0x0001C992,write,0x00A15112,2,0x441
846,1259,m68k,0x0001C992,write,0x00A15112,2,0x0
847,1259,m68k,0x0001C992,write,0x00A15112,2,0x0
848,1259,m68k,0x0001C98C,read,0x00A15107,1,0x4
849,1259,m68k,0x0001C992,write,0x00A15112,2,0x0
850,1259,m68k,0x0001C992,write,0x00A15112,2,0x0
851,1259,m68k,0x0001C992,write,0x00A15112,2,0x0
852,1259,m68k,0x0001C992,write,0x00A15112,2,0x0
853,1259,m68k,0x0001C98C,read,0x00A15107,1,0x4
854,1259,m68k,0x0001C992,write,0x00A15112,2,0x96
855,1259,m68k,0x0001C992,write,0x00A15112,2,0x4892
856,1259,m68k,0x0001C992,write,0x00A15112,2,0x97
857,1259,m68k,0x0001C992,write,0x00A15112,2,0x1500
858,1259,m68k,0x0001C98C,read,0x00A15107,1,0x4
859,1259,m68k,0x0001C992,write,0x00A15112,2,0xF51D
860,1259,m68k,0x0001C992,write,0x00A15112,2,0xD58A
861,1259,m68k,0x0001C992,write,0x00A15112,2,0x97
862,1259,m68k,0x0001C992,write,0x00A15112,2,0x0
863,1259,m68k,0x0001C98C,read,0x00A15107,1,0x4
864,1259,m68k,0x0001C992,write,0x00A15112,2,0x0
865,1259,m68k,0x0001C992,write,0x00A15112,2,0x7
866,1259,m68k,0x0001C992,write,0x00A15112,2,0xFFFF
867,1259,m68k,0x0001C992,write,0x00A15112,2,0xFFFF
868,1259,m68k,0x0001C98C,read,0x00A15107,1,0x4
869,1259,m68k,0x0001C992,write,0x00A15112,2,0xF4FE
870,1259,m68k,0x0001C992,write,0x00A15112,2,0x9F4
871,1259,m68k,0x0001C992,write,0x00A15112,2,0xD5EA
872,1259,m68k,0x0001C992,write,0x00A15112,2,0x0
873,1259,m68k,0x0001C98C,read,0x00A15107,1,0x4
874,1259,m68k,0x0001C992,write,0x00A15112,2,0x0
875,1259,m68k,0x0001C992,write,0x00A15112,2,0x0
876,1259,m68k,0x0001C992,write,0x00A15112,2,0x0
877,1259,m68k,0x0001C992,write,0x00A15112,2,0x25C
878,1259,m68k,0x0001C98C,read,0x00A15107,1,0x4
879,1259,m68k,0x0001C992,write,0x00A15112,2,0x0
880,1259,m68k,0x0001C992,write,0x00A15112,2,0x0
881,1259,m68k,0x0001C992,write,0x00A15112,2,0x0
882,1259,m68k,0x0001C992,write,0x00A15112,2,0x0
883,1259,m68k,0x0001C98C,read,0x00A15107,1,0x4
884,1259,m68k,0x0001C992,write,0x00A15112,2,0x0
885,1259,m68k,0x0001C992,write,0x00A15112,2,0x0
886,1259,m68k,0x0001C992,write,0x00A15112,2,0x0
887,1259,m68k,0x0001C992,write,0x00A15112,2,0x0
888,1259,m68k,0x0001C98C,read,0x00A15107,1,0x4
889,1259,m68k,0x0001C992,write,0x00A15112,2,0x0
890,1259,m68k,0x0001C992,write,0x00A15112,2,0x0
891,1259,m68k,0x0001C992,write,0x00A15112,2,0x2
892,1259,m68k,0x0001C992,write,0x00A15112,2,0x0
893,1259,m68k,0x0001C98C,read,0x00A15107,1,0x4
894,1259,m68k,0x0001C992,write,0x00A15112,2,0x0
895,1259,m68k,0x0001C992,write,0x00A15112,2,0x0
896,1259,m68k,0x0001C992,write,0x00A15112,2,0x0
897,1259,m68k,0x0001C992,write,0x00A15112,2,0x0
898,1259,m68k,0x0001C98C,read,0x00A15107,1,0x4
899,1259,m68k,0x0001C992,write,0x00A15112,2,0x0
900,1259,m68k,0x0001C992,write,0x00A15112,2,0x0
901,1259,m68k,0x0001C992,write,0x00A15112,2,0x0
902,1259,m68k,0x0001C992,write,0x00A15112,2,0x0
903,1259,m68k,0x0001C98C,read,0x00A15107,1,0x4
904,1259,m68k,0x0001C992,write,0x00A15112,2,0x0
905,1259,m68k,0x0001C992,write,0x00A15112,2,0x0
906,1259,m68k,0x0001C992,write,0x00A15112,2,0x0
907,1259,m68k,0x0001C992,write,0x00A15112,2,0x0
908,1259,m68k,0x0001C98C,read,0x00A15107,1,0x4
909,1259,m68k,0x0001C992,write,0x00A15112,2,0x0
910,1259,m68k,0x0001C992,write,0x00A15112,2,0xF4FE
911,1259,m68k,0x0001C992,write,0x00A15112,2,0x0
912,1259,m68k,0x0001C992,write,0x00A15112,2,0x0
913,1259,m68k,0x0001C98C,read,0x00A15107,1,0x4
914,1259,m68k,0x0001C992,write,0x00A15112,2,0x0
915,1259,m68k,0x0001C992,write,0x00A15112,2,0x0
916,1259,m68k,0x0001C992,write,0x00A15112,2,0x0
917,1259,m68k,0x0001C992,write,0x00A15112,2,0x0
918,1259,m68k,0x0001C98C,read,0x00A15107,1,0x4
919,1259,m68k,0x0001C992,write,0x00A15112,2,0x0
920,1259,m68k,0x0001C992,write,0x00A15112,2,0x0
921,1259,m68k,0x0001C992,write,0x00A15112,2,0x0
922,1259,m68k,0x0001C992,write,0x00A15112,2,0x0
923,1259,m68k,0x0001C98C,read,0x00A15107,1,0x4
924,1259,m68k,0x0001C992,write,0x00A15112,2,0x0
925,1259,m68k,0x0001C992,write,0x00A15112,2,0x0
926,1259,m68k,0x0001C992,write,0x00A15112,2,0x0
927,1259,m68k,0x0001C992,write,0x00A15112,2,0x0
928,1259,m68k,0x0001C98C,read,0x00A15107,1,0x4
929,1259,m68k,0x0001C992,write,0x00A15112,2,0x0
930,1259,m68k,0x0001C992,write,0x00A15112,2,0x0
931,1259,m68k,0x0001C992,write,0x00A15112,2,0x0
932,1259,m68k,0x0001C992,write,0x00A15112,2,0x0
933,1259,m68k,0x0001C98C,read,0x00A15107,1,0x4
934,1259,m68k,0x0001C992,write,0x00A15112,2,0x0
935,1259,m68k,0x0001C992,write,0x00A15112,2,0x0
936,1259,m68k,0x0001C992,write,0x00A15112,2,0x0
937,1259,m68k,0x0001C992,write,0x00A15112,2,0x0
938,1259,m68k,0x0001C98C,read,0x00A15107,1,0x4
939,1259,m68k,0x0001C992,write,0x00A15112,2,0x0
940,1259,m68k,0x0001C992,write,0x00A15112,2,0x0
941,1259,m68k,0x0001C992,write,0x00A15112,2,0x5
942,1259,m68k,0x0001C992,write,0x00A15112,2,0x7
943,1259,m68k,0x0001C98C,read,0x00A15107,1,0x4
944,1259,m68k,0x0001C992,write,0x00A15112,2,0x0
945,1259,m68k,0x0001C992,write,0x00A15112,2,0x0
946,1259,m68k,0x0001C992,write,0x00A15112,2,0x0
947,1259,m68k,0x0001C992,write,0x00A15112,2,0x0
948,1259,m68k,0x0001C98C,read,0x00A15107,1,0x4
949,1259,m68k,0x0001C992,write,0x00A15112,2,0x0
950,1259,m68k,0x0001C992,write,0x00A15112,2,0x0
951,1259,m68k,0x0001C992,write,0x00A15112,2,0x0
952,1259,m68k,0x0001C992,write,0x00A15112,2,0x441
953,1259,m68k,0x0001C98C,read,0x00A15107,1,0x4
954,1259,m68k,0x0001C992,write,0x00A15112,2,0x0
955,1259,m68k,0x0001C992,write,0x00A15112,2,0x0
956,1259,m68k,0x0001C992,write,0x00A15112,2,0x0
957,1259,m68k,0x0001C992,write,0x00A15112,2,0x0
958,1259,m68k,0x0001C98C,read,0x00A15107,1,0x4
959,1259,m68k,0x0001C992,write,0x00A15112,2,0x0
960,1259,m68k,0x0001C992,write,0x00A15112,2,0x10
961,1259,m68k,0x0001C992,write,0x00A15112,2,0x0
962,1259,m68k,0x0001C992,write,0x00A15112,2,0x9F4
963,1259,m68k,0x0001C98C,read,0x00A15107,1,0x4
964,1259,m68k,0x0001C992,write,0x00A15112,2,0x9F4
965,1259,m68k,0x0001C992,write,0x00A15112,2,0x0
966,1259,m68k,0x0001C992,write,0x00A15112,2,0x0
967,1259,m68k,0x0001C992,write,0x00A15112,2,0x97
968,1259,m68k,0x0001C98C,read,0x00A15107,1,0x4
969,1259,m68k,0x0001C992,write,0x00A15112,2,0x6AA
970,1259,m68k,0x0001C992,write,0x00A15112,2,0x0
971,1259,m68k,0x0001C992,write,0x00A15112,2,0x0
972,1259,m68k,0x0001C992,write,0x00A15112,2,0x0
973,1259,m68k,0x0001C98C,read,0x00A15107,1,0x4
974,1259,m68k,0x0001C992,write,0x00A15112,2,0x0
975,1259,m68k,0x0001C992,write,0x00A15112,2,0x0
976,1259,m68k,0x0001C992,write,0x00A15112,2,0x0
977,1259,m68k,0x0001C992,write,0x00A15112,2,0x0
978,1259,m68k,0x0001C98C,read,0x00A15107,1,0x4
979,1259,m68k,0x0001C992,write,0x00A15112,2,0x0
980,1259,m68k,0x0001C992,write,0x00A15112,2,0xD5EA
981,1259,m68k,0x0001C992,write,0x00A15112,2,0x0
982,1259,m68k,0x0001C992,write,0x00A15112,2,0x0
983,1259,m68k,0x0001C98C,read,0x00A15107,1,0x4
984,1259,m68k,0x0001C992,write,0x00A15112,2,0x0
985,1259,m68k,0x0001C992,write,0x00A15112,2,0x0
986,1259,m68k,0x0001C992,write,0x00A15112,2,0x0
987,1259,m68k,0x0001C992,write,0x00A15112,2,0x0
988,1259,m68k,0x0001C98C,read,0x00A15107,1,0x4
989,1259,m68k,0x0001C992,write,0x00A15112,2,0x0
990,1259,m68k,0x0001C992,write,0x00A15112,2,0x0
991,1259,m68k,0x0001C992,write,0x00A15112,2,0x0
992,1259,m68k,0x0001C992,write,0x00A15112,2,0x0
993,1259,m68k,0x0001C98C,read,0x00A15107,1,0x4
994,1259,m68k,0x0001C992,write,0x00A15112,2,0x0
995,1259,m68k,0x0001C992,write,0x00A15112,2,0x0
996,1259,m68k,0x0001C992,write,0x00A15112,2,0x0
997,1259,m68k,0x0001C992,write,0x00A15112,2,0x0
998,1259,m68k,0x0001C98C,read,0x00A15107,1,0x4
999,1259,m68k,0x0001C992,write,0x00A15112,2,0x0
1000,1259,m68k,0x0001C992,write,0x00A15112,2,0x0
1001,1259,m68k,0x0001C992,write,0x00A15112,2,0x0
1002,1259,m68k,0x0001C992,write,0x00A15112,2,0x0
1003,1259,m68k,0x0001C98C,read,0x00A15107,1,0x4
1004,1259,m68k,0x0001C992,write,0x00A15112,2,0x0
1005,1259,m68k,0x0001C992,write,0x00A15112,2,0x432
1006,1259,m68k,0x0001C992,write,0x00A15112,2,0x0
1007,1259,m68k,0x0001C992,write,0x00A15112,2,0x0
1008,1259,m68k,0x0001C98C,read,0x00A15107,1,0x4
1009,1259,m68k,0x0001C992,write,0x00A15112,2,0x0
1010,1259,m68k,0x0001C992,write,0x00A15112,2,0x0
1011,1259,m68k,0x0001C992,write,0x00A15112,2,0x0
1012,1259,m68k,0x0001C992,write,0x00A15112,2,0x0
1013,1259,m68k,0x0001C98C,read,0x00A15107,1,0x4
1014,1259,m68k,0x0001C992,write,0x00A15112,2,0x96
1015,1259,m68k,0x0001C992,write,0x00A15112,2,0x4C70
1016,1259,m68k,0x0001C992,write,0x00A15112,2,0x95
1017,1259,m68k,0x0001C992,write,0x00A15112,2,0x3300
1018,1259,m68k,0x0001C98C,read,0x00A15107,1,0x4
1019,1259,m68k,0x0001C992,write,0x00A15112,2,0xF7B7
1020,1259,m68k,0x0001C992,write,0x00A15112,2,0xD382
1021,1259,m68k,0x0001C992,write,0x00A15112,2,0x95
1022,1259,m68k,0x0001C992,write,0x00A15112,2,0x0
1023,1259,m68k,0x0001C98C,read,0x00A15107,1,0x4
1024,1259,m68k,0x0001C992,write,0x00A15112,2,0x0
1025,1259,m68k,0x0001C992,write,0x00A15112,2,0x8
1026,1259,m68k,0x0001C992,write,0x00A15112,2,0xFFFF
1027,1259,m68k,0x0001C992,write,0x00A15112,2,0xFFFF
1028,1259,m68k,0x0001C98C,read,0x00A15107,1,0x4
1029,1259,m68k,0x0001C992,write,0x00A15112,2,0xF7B1
1030,1259,m68k,0x0001C992,write,0x00A15112,2,0x9F4
1031,1259,m68k,0x0001C992,write,0x00A15112,2,0xD3BF
1032,1259,m68k,0x0001C992,write,0x00A15112,2,0x0
1033,1259,m68k,0x0001C98C,read,0x00A15107,1,0x4
1034,1259,m68k,0x0001C992,write,0x00A15112,2,0x0
1035,1259,m68k,0x0001C992,write,0x00A15112,2,0x0
1036,1259,m68k,0x0001C992,write,0x00A15112,2,0x3400
1037,1259,m68k,0x0001C992,write,0x00A15112,2,0x254
1038,1259,m68k,0x0001C98C,read,0x00A15107,1,0x4
1039,1259,m68k,0x0001C992,write,0x00A15112,2,0x3400
1040,1259,m68k,0x0001C992,write,0x00A15112,2,0x0
1041,1259,m68k,0x0001C992,write,0x00A15112,2,0x0
1042,1259,m68k,0x0001C992,write,0x00A15112,2,0x0
1043,1259,m68k,0x0001C98C,read,0x00A15107,1,0x4
1044,1259,m68k,0x0001C992,write,0x00A15112,2,0x0
1045,1259,m68k,0x0001C992,write,0x00A15112,2,0x0
1046,1259,m68k,0x0001C992,write,0x00A15112,2,0x0
1047,1259,m68k,0x0001C992,write,0x00A15112,2,0x0
1048,1259,m68k,0x0001C98C,read,0x00A15107,1,0x4
1049,1259,m68k,0x0001C992,write,0x00A15112,2,0x0
1050,1259,m68k,0x0001C992,write,0x00A15112,2,0x0
1051,1259,m68k,0x0001C992,write,0x00A15112,2,0x2
1052,1259,m68k,0x0001C992,write,0x00A15112,2,0x0
1053,1259,m68k,0x0001C98C,read,0x00A15107,1,0x4
1054,1259,m68k,0x0001C992,write,0x00A15112,2,0x0
1055,1259,m68k,0x0001C992,write,0x00A15112,2,0x0
1056,1259,m68k,0x0001C992,write,0x00A15112,2,0x0
1057,1259,m68k,0x0001C992,write,0x00A15112,2,0x0
1058,1259,m68k,0x0001C98C,read,0x00A15107,1,0x4
1059,1259,m68k,0x0001C992,write,0x00A15112,2,0x0
1060,1259,m68k,0x0001C992,write,0x00A15112,2,0x0
1061,1259,m68k,0x0001C992,write,0x00A15112,2,0x0
1062,1259,m68k,0x0001C992,write,0x00A15112,2,0x0
1063,1259,m68k,0x0001C98C,read,0x00A15107,1,0x4
1064,1259,m68k,0x0001C992,write,0x00A15112,2,0x0
1065,1259,m68k,0x0001C992,write,0x00A15112,2,0x0
1066,1259,m68k,0x0001C992,write,0x00A15112,2,0x0
1067,1259,m68k,0x0001C992,write,0x00A15112,2,0x0
1068,1259,m68k,0x0001C98C,read,0x00A15107,1,0x4
1069,1259,m68k,0x0001C992,write,0x00A15112,2,0x0
1070,1259,m68k,0x0001C992,write,0x00A15112,2,0xF7B1
1071,1259,m68k,0x0001C992,write,0x00A15112,2,0x0
1072,1259,m68k,0x0001C992,write,0x00A15112,2,0x0
1073,1259,m68k,0x0001C98C,read,0x00A15107,1,0x4
1074,1259,m68k,0x0001C992,write,0x00A15112,2,0x0
1075,1259,m68k,0x0001C992,write,0x00A15112,2,0x0
1076,1259,m68k,0x0001C992,write,0x00A15112,2,0x0
1077,1259,m68k,0x0001C992,write,0x00A15112,2,0x0
1078,1259,m68k,0x0001C98C,read,0x00A15107,1,0x4
1079,1259,m68k,0x0001C992,write,0x00A15112,2,0x0
1080,1259,m68k,0x0001C992,write,0x00A15112,2,0x0
1081,1259,m68k,0x0001C992,write,0x00A15112,2,0x0
1082,1259,m68k,0x0001C992,write,0x00A15112,2,0x0
1083,1259,m68k,0x0001C98C,read,0x00A15107,1,0x4
1084,1259,m68k,0x0001C992,write,0x00A15112,2,0x0
1085,1259,m68k,0x0001C992,write,0x00A15112,2,0x0
1086,1259,m68k,0x0001C992,write,0x00A15112,2,0x0
1087,1259,m68k,0x0001C992,write,0x00A15112,2,0x0
1088,1259,m68k,0x0001C98C,read,0x00A15107,1,0x4
1089,1259,m68k,0x0001C992,write,0x00A15112,2,0x0
1090,1259,m68k,0x0001C992,write,0x00A15112,2,0x0
1091,1259,m68k,0x0001C992,write,0x00A15112,2,0x0
1092,1259,m68k,0x0001C992,write,0x00A15112,2,0x0
1093,1259,m68k,0x0001C98C,read,0x00A15107,1,0x4
1094,1259,m68k,0x0001C992,write,0x00A15112,2,0x0
1095,1259,m68k,0x0001C992,write,0x00A15112,2,0x0
1096,1259,m68k,0x0001C992,write,0x00A15112,2,0x0
1097,1259,m68k,0x0001C992,write,0x00A15112,2,0x0
1098,1259,m68k,0x0001C98C,read,0x00A15107,1,0x4
1099,1259,m68k,0x0001C992,write,0x00A15112,2,0x0
1100,1259,m68k,0x0001C992,write,0x00A15112,2,0x0
1101,1259,m68k,0x0001C992,write,0x00A15112,2,0x6
1102,1259,m68k,0x0001C992,write,0x00A15112,2,0x8
1103,1259,m68k,0x0001C98C,read,0x00A15107,1,0x4
1104,1259,m68k,0x0001C992,write,0x00A15112,2,0x0
1105,1259,m68k,0x0001C992,write,0x00A15112,2,0x0
1106,1259,m68k,0x0001C992,write,0x00A15112,2,0x0
1107,1259,m68k,0x0001C992,write,0x00A15112,2,0x0
1108,1259,m68k,0x0001C98C,read,0x00A15107,1,0x4
1109,1259,m68k,0x0001C992,write,0x00A15112,2,0x0
1110,1259,m68k,0x0001C992,write,0x00A15112,2,0x0
1111,1259,m68k,0x0001C992,write,0x00A15112,2,0x0
1112,1259,m68k,0x0001C992,write,0x00A15112,2,0x432
1113,1259,m68k,0x0001C98C,read,0x00A15107,1,0x4
1114,1259,m68k,0x0001C992,write,0x00A15112,2,0x0
1115,1259,m68k,0x0001C992,write,0x00A15112,2,0x0
1116,1259,m68k,0x0001C992,write,0x00A15112,2,0x0
1117,1259,m68k,0x0001C992,write,0x00A15112,2,0x0
1118,1259,m68k,0x0001C98C,read,0x00A15107,1,0x4
1119,1259,m68k,0x0001C992,write,0x00A15112,2,0x0
1120,1259,m68k,0x0001C992,write,0x00A15112,2,0x10
1121,1259,m68k,0x0001C992,write,0x00A15112,2,0x0
1122,1259,m68k,0x0001C992,write,0x00A15112,2,0x9F4
1123,1259,m68k,0x0001C98C,read,0x00A15107,1,0x4
1124,1259,m68k,0x0001C992,write,0x00A15112,2,0x9F4
1125,1259,m68k,0x0001C992,write,0x00A15112,2,0x0
1126,1259,m68k,0x0001C992,write,0x00A15112,2,0x0
1127,1259,m68k,0x0001C992,write,0x00A15112,2,0x97
1128,1259,m68k,0x0001C98C,read,0x00A15107,1,0x4
1129,1259,m68k,0x0001C992,write,0x00A15112,2,0x206
1130,1259,m68k,0x0001C992,write,0x00A15112,2,0x0
1131,1259,m68k,0x0001C992,write,0x00A15112,2,0x0
1132,1259,m68k,0x0001C992,write,0x00A15112,2,0x0
1133,1259,m68k,0x0001C98C,read,0x00A15107,1,0x4
1134,1259,m68k,0x0001C992,write,0x00A15112,2,0x0
1135,1259,m68k,0x0001C992,write,0x00A15112,2,0x0
1136,1259,m68k,0x0001C992,write,0x00A15112,2,0x0
1137,1259,m68k,0x0001C992,write,0x00A15112,2,0x0
1138,1259,m68k,0x0001C98C,read,0x00A15107,1,0x4
1139,1259,m68k,0x0001C992,write,0x00A15112,2,0x0
1140,1259,m68k,0x0001C992,write,0x00A15112,2,0xD3BF
1141,1259,m68k,0x0001C992,write,0x00A15112,2,0x0
1142,1259,m68k,0x0001C992,write,0x00A15112,2,0x0
1143,1259,m68k,0x0001C98C,read,0x00A15107,1,0x4
1144,1259,m68k,0x0001C992,write,0x00A15112,2,0x0
1145,1259,m68k,0x0001C992,write,0x00A15112,2,0x0
1146,1259,m68k,0x0001C992,write,0x00A15112,2,0x0
1147,1259,m68k,0x0001C992,write,0x00A15112,2,0x0
1148,1259,m68k,0x0001C98C,read,0x00A15107,1,0x4
1149,1259,m68k,0x0001C992,write,0x00A15112,2,0x0
1150,1259,m68k,0x0001C992,write,0x00A15112,2,0x0
1151,1259,m68k,0x0001C992,write,0x00A15112,2,0x0
1152,1259,m68k,0x0001C992,write,0x00A15112,2,0x0
1153,1259,m68k,0x0001C98C,read,0x00A15107,1,0x4
1154,1259,m68k,0x0001C992,write,0x00A15112,2,0x0
1155,1259,m68k,0x0001C992,write,0x00A15112,2,0x0
1156,1259,m68k,0x0001C992,write,0x00A15112,2,0x0
1157,1259,m68k,0x0001C992,write,0x00A15112,2,0x0
1158,1259,m68k,0x0001C98C,read,0x00A15107,1,0x4
1159,1259,m68k,0x0001C992,write,0x00A15112,2,0x0
1160,1259,m68k,0x0001C992,write,0x00A15112,2,0x0
1161,1259,m68k,0x0001C992,write,0x00A15112,2,0x0
1162,1259,m68k,0x0001C992,write,0x00A15112,2,0x0
1163,1259,m68k,0x0001C98C,read,0x00A15107,1,0x4
1164,1259,m68k,0x0001C992,write,0x00A15112,2,0x0
1165,1259,m68k,0x0001C992,write,0x00A15112,2,0x425
1166,1259,m68k,0x0001C992,write,0x00A15112,2,0x0
1167,1259,m68k,0x0001C992,write,0x00A15112,2,0x0
1168,1259,m68k,0x0001C98C,read,0x00A15107,1,0x4
1169,1259,m68k,0x0001C992,write,0x00A15112,2,0x0
1170,1259,m68k,0x0001C992,write,0x00A15112,2,0x0
1171,1259,m68k,0x0001C992,write,0x00A15112,2,0x0
1172,1259,m68k,0x0001C992,write,0x00A15112,2,0x0
1173,1259,m68k,0x0001C98C,read,0x00A15107,1,0x4
1174,1259,m68k,0x0001C992,write,0x00A15112,2,0x96
1175,1259,m68k,0x0001C992,write,0x00A15112,2,0x504E
1176,1259,m68k,0x0001C992,write,0x00A15112,2,0x93
1177,1259,m68k,0x0001C992,write,0x00A15112,2,0x5200
1178,1259,m68k,0x0001C98C,read,0x00A15107,1,0x4
1179,1259,m68k,0x0001C992,write,0x00A15112,2,0xFACB
1180,1259,m68k,0x0001C992,write,0x00A15112,2,0xD3B7
1181,1259,m68k,0x0001C992,write,0x00A15112,2,0x93
1182,1259,m68k,0x0001C992,write,0x00A15112,2,0x0
1183,1259,m68k,0x0001C98C,read,0x00A15107,1,0x4
1184,1259,m68k,0x0001C992,write,0x00A15112,2,0x0
1185,1259,m68k,0x0001C992,write,0x00A15112,2,0x9
1186,1259,m68k,0x0001C992,write,0x00A15112,2,0xFFFF
1187,1259,m68k,0x0001C992,write,0x00A15112,2,0xFFFF
1188,1259,m68k,0x0001C98C,read,0x00A15107,1,0x4
1189,1259,m68k,0x0001C992,write,0x00A15112,2,0xFADF
1190,1259,m68k,0x0001C992,write,0x00A15112,2,0x9F4
1191,1259,m68k,0x0001C992,write,0x00A15112,2,0xD44B
1192,1259,m68k,0x0001C992,write,0x00A15112,2,0x0
1193,1259,m68k,0x0001C98C,read,0x00A15107,1,0x4
1194,1259,m68k,0x0001C992,write,0x00A15112,2,0x0
1195,1259,m68k,0x0001C992,write,0x00A15112,2,0x0
1196,1259,m68k,0x0001C992,write,0x00A15112,2,0x5000
1197,1259,m68k,0x0001C992,write,0x00A15112,2,0x24C
1198,1259,m68k,0x0001C98C,read,0x00A15107,1,0x4
1199,1259,m68k,0x0001C992,write,0x00A15112,2,0x5000
1200,1259,m68k,0x0001C992,write,0x00A15112,2,0x0
1201,1259,m68k,0x0001C992,write,0x00A15112,2,0x0
1202,1259,m68k,0x0001C992,write,0x00A15112,2,0x0
1203,1259,m68k,0x0001C98C,read,0x00A15107,1,0x4
1204,1259,m68k,0x0001C992,write,0x00A15112,2,0x0
1205,1259,m68k,0x0001C992,write,0x00A15112,2,0x0
1206,1259,m68k,0x0001C992,write,0x00A15112,2,0x0
1207,1259,m68k,0x0001C992,write,0x00A15112,2,0x0
1208,1259,m68k,0x0001C98C,read,0x00A15107,1,0x4
1209,1259,m68k,0x0001C992,write,0x00A15112,2,0x0
1210,1259,m68k,0x0001C992,write,0x00A15112,2,0x0
1211,1259,m68k,0x0001C992,write,0x00A15112,2,0x2
1212,1259,m68k,0x0001C992,write,0x00A15112,2,0x0
1213,1259,m68k,0x0001C98C,read,0x00A15107,1,0x4
1214,1259,m68k,0x0001C992,write,0x00A15112,2,0x0
1215,1259,m68k,0x0001C992,write,0x00A15112,2,0x0
1216,1259,m68k,0x0001C992,write,0x00A15112,2,0x0
1217,1259,m68k,0x0001C992,write,0x00A15112,2,0x0
1218,1259,m68k,0x0001C98C,read,0x00A15107,1,0x4
1219,1259,m68k,0x0001C992,write,0x00A15112,2,0x0
1220,1259,m68k,0x0001C992,write,0x00A15112,2,0x0
1221,1259,m68k,0x0001C992,write,0x00A15112,2,0x0
1222,1259,m68k,0x0001C992,write,0x00A15112,2,0x0
1223,1259,m68k,0x0001C98C,read,0x00A15107,1,0x4
1224,1259,m68k,0x0001C992,write,0x00A15112,2,0x0
1225,1259,m68k,0x0001C992,write,0x00A15112,2,0x0
1226,1259,m68k,0x0001C992,write,0x00A15112,2,0x0
1227,1259,m68k,0x0001C992,write,0x00A15112,2,0x0
1228,1259,m68k,0x0001C98C,read,0x00A15107,1,0x4
1229,1259,m68k,0x0001C992,write,0x00A15112,2,0x0
1230,1259,m68k,0x0001C992,write,0x00A15112,2,0xFADF
1231,1259,m68k,0x0001C992,write,0x00A15112,2,0x0
1232,1259,m68k,0x0001C992,write,0x00A15112,2,0x0
1233,1259,m68k,0x0001C98C,read,0x00A15107,1,0x4
1234,1259,m68k,0x0001C992,write,0x00A15112,2,0x0
1235,1259,m68k,0x0001C992,write,0x00A15112,2,0x0
1236,1259,m68k,0x0001C992,write,0x00A15112,2,0x0
1237,1259,m68k,0x0001C992,write,0x00A15112,2,0x0
1238,1259,m68k,0x0001C98C,read,0x00A15107,1,0x4
1239,1259,m68k,0x0001C992,write,0x00A15112,2,0x0
1240,1259,m68k,0x0001C992,write,0x00A15112,2,0x0
1241,1259,m68k,0x0001C992,write,0x00A15112,2,0x0
1242,1259,m68k,0x0001C992,write,0x00A15112,2,0x0
1243,1259,m68k,0x0001C98C,read,0x00A15107,1,0x4
1244,1259,m68k,0x0001C992,write,0x00A15112,2,0x0
1245,1259,m68k,0x0001C992,write,0x00A15112,2,0x0
1246,1259,m68k,0x0001C992,write,0x00A15112,2,0x0
1247,1259,m68k,0x0001C992,write,0x00A15112,2,0x0
1248,1259,m68k,0x0001C98C,read,0x00A15107,1,0x4
1249,1259,m68k,0x0001C992,write,0x00A15112,2,0x0
1250,1259,m68k,0x0001C992,write,0x00A15112,2,0x0
1251,1259,m68k,0x0001C992,write,0x00A15112,2,0x0
1252,1259,m68k,0x0001C992,write,0x00A15112,2,0x0
1253,1259,m68k,0x0001C98C,read,0x00A15107,1,0x4
1254,1259,m68k,0x0001C992,write,0x00A15112,2,0x0
1255,1259,m68k,0x0001C992,write,0x00A15112,2,0x0
1256,1259,m68k,0x0001C992,write,0x00A15112,2,0x0
1257,1259,m68k,0x0001C992,write,0x00A15112,2,0x0
1258,1259,m68k,0x0001C98C,read,0x00A15107,1,0x4
1259,1259,m68k,0x0001C992,write,0x00A15112,2,0x0
1260,1259,m68k,0x0001C992,write,0x00A15112,2,0x0
1261,1259,m68k,0x0001C992,write,0x00A15112,2,0x7
1262,1259,m68k,0x0001C992,write,0x00A15112,2,0x9
1263,1259,m68k,0x0001C98C,read,0x00A15107,1,0x4
1264,1259,m68k,0x0001C992,write,0x00A15112,2,0x0
1265,1259,m68k,0x0001C992,write,0x00A15112,2,0x0
1266,1259,m68k,0x0001C992,write,0x00A15112,2,0x0
1267,1259,m68k,0x0001C992,write,0x00A15112,2,0x0
1268,1259,m68k,0x0001C98C,read,0x00A15107,1,0x4
1269,1259,m68k,0x0001C992,write,0x00A15112,2,0x0
1270,1259,m68k,0x0001C992,write,0x00A15112,2,0x0
1271,1259,m68k,0x0001C992,write,0x00A15112,2,0x0
1272,1259,m68k,0x0001C992,write,0x00A15112,2,0x425
1273,1259,m68k,0x0001C98C,read,0x00A15107,1,0x4
1274,1259,m68k,0x0001C992,write,0x00A15112,2,0x0
1275,1259,m68k,0x0001C992,write,0x00A15112,2,0x0
1276,1259,m68k,0x0001C992,write,0x00A15112,2,0x0
1277,1259,m68k,0x0001C992,write,0x00A15112,2,0x0
1278,1259,m68k,0x0001C98C,read,0x00A15107,1,0x4
1279,1259,m68k,0x0001C992,write,0x00A15112,2,0x0
1280,1259,m68k,0x0001C992,write,0x00A15112,2,0x10
1281,1259,m68k,0x0001C992,write,0x00A15112,2,0x0
1282,1259,m68k,0x0001C992,write,0x00A15112,2,0x9F4
1283,1259,m68k,0x0001C98C,read,0x00A15107,1,0x4
1284,1259,m68k,0x0001C992,write,0x00A15112,2,0x9F4
1285,1259,m68k,0x0001C992,write,0x00A15112,2,0x0
1286,1259,m68k,0x0001C992,write,0x00A15112,2,0x0
1287,1259,m68k,0x0001C992,write,0x00A15112,2,0x97
1288,1259,m68k,0x0001C98C,read,0x00A15107,1,0x4
1289,1259,m68k,0x0001C992,write,0x00A15112,2,0xA4C
1290,1259,m68k,0x0001C992,write,0x00A15112,2,0x0
1291,1259,m68k,0x0001C992,write,0x00A15112,2,0x0
1292,1259,m68k,0x0001C992,write,0x00A15112,2,0x0
1293,1259,m68k,0x0001C98C,read,0x00A15107,1,0x4
1294,1259,m68k,0x0001C992,write,0x00A15112,2,0x0
1295,1259,m68k,0x0001C992,write,0x00A15112,2,0x0
1296,1259,m68k,0x0001C992,write,0x00A15112,2,0x0
1297,1259,m68k,0x0001C992,write,0x00A15112,2,0x0
1298,1259,m68k,0x0001C98C,read,0x00A15107,1,0x4
1299,1259,m68k,0x0001C992,write,0x00A15112,2,0x0
1300,1259,m68k,0x0001C992,write,0x00A15112,2,0xD44B
1301,1259,m68k,0x0001C992,write,0x00A15112,2,0x0
1302,1259,m68k,0x0001C992,write,0x00A15112,2,0x0
1303,1259,m68k,0x0001C98C,read,0x00A15107,1,0x4
1304,1259,m68k,0x0001C992,write,0x00A15112,2,0x0
1305,1259,m68k,0x0001C992,write,0x00A15112,2,0x0
1306,1259,m68k,0x0001C992,write,0x00A15112,2,0x0
1307,1259,m68k,0x0001C992,write,0x00A15112,2,0x0
1308,1259,m68k,0x0001C98C,read,0x00A15107,1,0x4
1309,1259,m68k,0x0001C992,write,0x00A15112,2,0x0
1310,1259,m68k,0x0001C992,write,0x00A15112,2,0x0
1311,1259,m68k,0x0001C992,write,0x00A15112,2,0x0
1312,1259,m68k,0x0001C992,write,0x00A15112,2,0x0
1313,1259,m68k,0x0001C98C,read,0x00A15107,1,0x4
1314,1259,m68k,0x0001C992,write,0x00A15112,2,0x0
1315,1259,m68k,0x0001C992,write,0x00A15112,2,0x0
1316,1259,m68k,0x0001C992,write,0x00A15112,2,0x0
1317,1259,m68k,0x0001C992,write,0x00A15112,2,0x0
1318,1259,m68k,0x0001C98C,read,0x00A15107,1,0x4
1319,1259,m68k,0x0001C992,write,0x00A15112,2,0x0
1320,1259,m68k,0x0001C992,write,0x00A15112,2,0x0
1321,1259,m68k,0x0001C992,write,0x00A15112,2,0x0
1322,1259,m68k,0x0001C992,write,0x00A15112,2,0x0
1323,1259,m68k,0x0001C98C,read,0x00A15107,1,0x4
1324,1259,m68k,0x0001C992,write,0x00A15112,2,0x0
1325,1259,m68k,0x0001C992,write,0x00A15112,2,0x41C
1326,1259,m68k,0x0001C992,write,0x00A15112,2,0x0
1327,1259,m68k,0x0001C992,write,0x00A15112,2,0x0
1328,1259,m68k,0x0001C98C,read,0x00A15107,1,0x4
1329,1259,m68k,0x0001C992,write,0x00A15112,2,0x0
1330,1259,m68k,0x0001C992,write,0x00A15112,2,0x0
1331,1259,m68k,0x0001C992,write,0x00A15112,2,0x0
1332,1259,m68k,0x0001C992,write,0x00A15112,2,0x0
1333,1259,m68k,0x0001C98C,read,0x00A15107,1,0x4
1334,1259,m68k,0x0001C992,write,0x00A15112,2,0x96
1335,1259,m68k,0x0001C992,write,0x00A15112,2,0x44B4
1336,1259,m68k,0x0001C992,write,0x00A15112,2,0x91
1337,1259,m68k,0x0001C992,write,0x00A15112,2,0x6E00
1338,1259,m68k,0x0001C98C,read,0x00A15107,1,0x4
1339,1259,m68k,0x0001C992,write,0x00A15112,2,0xFCE9
1340,1259,m68k,0x0001C992,write,0x00A15112,2,0xD5DD
1341,1259,m68k,0x0001C992,write,0x00A15112,2,0x91
1342,1259,m68k,0x0001C992,write,0x00A15112,2,0x0
1343,1259,m68k,0x0001C98C,read,0x00A15107,1,0x4
1344,1259,m68k,0x0001C992,write,0x00A15112,2,0x0
1345,1259,m68k,0x0001C992,write,0x00A15112,2,0xA
1346,1259,m68k,0x0001C992,write,0x00A15112,2,0xFFFF
1347,1259,m68k,0x0001C992,write,0x00A15112,2,0xFFFF
1348,1259,m68k,0x0001C98C,read,0x00A15107,1,0x4
1349,1259,m68k,0x0001C992,write,0x00A15112,2,0xFCB0
1350,1259,m68k,0x0001C992,write,0x00A15112,2,0x9F4
1351,1259,m68k,0x0001C992,write,0x00A15112,2,0xD69D
1352,1259,m68k,0x0001C992,write,0x00A15112,2,0x0
1353,1259,m68k,0x0001C98C,read,0x00A15107,1,0x4
1354,1259,m68k,0x0001C992,write,0x00A15112,2,0x0
1355,1259,m68k,0x0001C992,write,0x00A15112,2,0x0
1356,1259,m68k,0x0001C992,write,0x00A15112,2,0x8000
1357,1259,m68k,0x0001C992,write,0x00A15112,2,0x244
1358,1259,m68k,0x0001C98C,read,0x00A15107,1,0x4
1359,1259,m68k,0x0001C992,write,0x00A15112,2,0x8000
1360,1259,m68k,0x0001C992,write,0x00A15112,2,0x0
1361,1259,m68k,0x0001C992,write,0x00A15112,2,0x0
1362,1259,m68k,0x0001C992,write,0x00A15112,2,0x0
1363,1259,m68k,0x0001C98C,read,0x00A15107,1,0x4
1364,1259,m68k,0x0001C992,write,0x00A15112,2,0x0
1365,1259,m68k,0x0001C992,write,0x00A15112,2,0x0
1366,1259,m68k,0x0001C992,write,0x00A15112,2,0x0
1367,1259,m68k,0x0001C992,write,0x00A15112,2,0x0
1368,1259,m68k,0x0001C98C,read,0x00A15107,1,0x4
1369,1259,m68k,0x0001C992,write,0x00A15112,2,0x0
1370,1259,m68k,0x0001C992,write,0x00A15112,2,0x0
1371,1259,m68k,0x0001C992,write,0x00A15112,2,0x2
1372,1259,m68k,0x0001C992,write,0x00A15112,2,0x0
1373,1259,m68k,0x0001C98C,read,0x00A15107,1,0x4
1374,1259,m68k,0x0001C992,write,0x00A15112,2,0x0
1375,1259,m68k,0x0001C992,write,0x00A15112,2,0x0
1376,1259,m68k,0x0001C992,write,0x00A15112,2,0x0
1377,1259,m68k,0x0001C992,write,0x00A15112,2,0x0
1378,1259,m68k,0x0001C98C,read,0x00A15107,1,0x4
1379,1259,m68k,0x0001C992,write,0x00A15112,2,0x0
1380,1259,m68k,0x0001C992,write,0x00A15112,2,0x0
1381,1259,m68k,0x0001C992,write,0x00A15112,2,0x0
1382,1259,m68k,0x0001C992,write,0x00A15112,2,0x0
1383,1259,m68k,0x0001C98C,read,0x00A15107,1,0x4
1384,1259,m68k,0x0001C992,write,0x00A15112,2,0x0
1385,1259,m68k,0x0001C992,write,0x00A15112,2,0x0
1386,1259,m68k,0x0001C992,write,0x00A15112,2,0x0
1387,1259,m68k,0x0001C992,write,0x00A15112,2,0x0
1388,1259,m68k,0x0001C98C,read,0x00A15107,1,0x4
1389,1259,m68k,0x0001C992,write,0x00A15112,2,0x0
1390,1259,m68k,0x0001C992,write,0x00A15112,2,0xFCB0
1391,1259,m68k,0x0001C992,write,0x00A15112,2,0x0
1392,1259,m68k,0x0001C992,write,0x00A15112,2,0x0
1393,1259,m68k,0x0001C98C,read,0x00A15107,1,0x4
1394,1259,m68k,0x0001C992,write,0x00A15112,2,0x0
1395,1259,m68k,0x0001C992,write,0x00A15112,2,0x0
1396,1259,m68k,0x0001C992,write,0x00A15112,2,0x0
1397,1259,m68k,0x0001C992,write,0x00A15112,2,0x0
1398,1259,m68k,0x0001C98C,read,0x00A15107,1,0x4
1399,1259,m68k,0x0001C992,write,0x00A15112,2,0x0
1400,1259,m68k,0x0001C992,write,0x00A15112,2,0x0
1401,1259,m68k,0x0001C992,write,0x00A15112,2,0x0
1402,1259,m68k,0x0001C992,write,0x00A15112,2,0x0
1403,1259,m68k,0x0001C98C,read,0x00A15107,1,0x4
1404,1259,m68k,0x0001C992,write,0x00A15112,2,0x0
1405,1259,m68k,0x0001C992,write,0x00A15112,2,0x0
1406,1259,m68k,0x0001C992,write,0x00A15112,2,0x0
1407,1259,m68k,0x0001C992,write,0x00A15112,2,0x0
1408,1259,m68k,0x0001C98C,read,0x00A15107,1,0x4
1409,1259,m68k,0x0001C992,write,0x00A15112,2,0x0
1410,1259,m68k,0x0001C992,write,0x00A15112,2,0x0
1411,1259,m68k,0x0001C992,write,0x00A15112,2,0x0
1412,1259,m68k,0x0001C992,write,0x00A15112,2,0x0
1413,1259,m68k,0x0001C98C,read,0x00A15107,1,0x4
1414,1259,m68k,0x0001C992,write,0x00A15112,2,0x0
1415,1259,m68k,0x0001C992,write,0x00A15112,2,0x0
1416,1259,m68k,0x0001C992,write,0x00A15112,2,0x0
1417,1259,m68k,0x0001C992,write,0x00A15112,2,0x0
1418,1259,m68k,0x0001C98C,read,0x00A15107,1,0x4
1419,1259,m68k,0x0001C992,write,0x00A15112,2,0x0
1420,1259,m68k,0x0001C992,write,0x00A15112,2,0x0
1421,1259,m68k,0x0001C992,write,0x00A15112,2,0x8
1422,1259,m68k,0x0001C992,write,0x00A15112,2,0xA
1423,1259,m68k,0x0001C98C,read,0x00A15107,1,0x4
1424,1259,m68k,0x0001C992,write,0x00A15112,2,0x0
1425,1259,m68k,0x0001C992,write,0x00A15112,2,0x0
1426,1259,m68k,0x0001C992,write,0x00A15112,2,0x0
1427,1259,m68k,0x0001C992,write,0x00A15112,2,0x0
1428,1259,m68k,0x0001C98C,read,0x00A15107,1,0x4
1429,1259,m68k,0x0001C992,write,0x00A15112,2,0x0
1430,1259,m68k,0x0001C992,write,0x00A15112,2,0x0
1431,1259,m68k,0x0001C992,write,0x00A15112,2,0x0
1432,1259,m68k,0x0001C992,write,0x00A15112,2,0x41C
1433,1259,m68k,0x0001C98C,read,0x00A15107,1,0x4
1434,1259,m68k,0x0001C992,write,0x00A15112,2,0x0
1435,1259,m68k,0x0001C992,write,0x00A15112,2,0x0
1436,1259,m68k,0x0001C992,write,0x00A15112,2,0x0
1437,1259,m68k,0x0001C992,write,0x00A15112,2,0x0
1438,1259,m68k,0x0001C98C,read,0x00A15107,1,0x4
1439,1259,m68k,0x0001C992,write,0x00A15112,2,0x0
1440,1259,m68k,0x0001C992,write,0x00A15112,2,0x20
1441,1259,m68k,0x0001C992,write,0x00A15112,2,0x0
1442,1259,m68k,0x0001C992,write,0x00A15112,2,0x9F4
1443,1259,m68k,0x0001C98C,read,0x00A15107,1,0x4
1444,1259,m68k,0x0001C992,write,0x00A15112,2,0x9F4
1445,1259,m68k,0x0001C992,write,0x00A15112,2,0x0
1446,1259,m68k,0x0001C992,write,0x00A15112,2,0x0
1447,1259,m68k,0x0001C992,write,0x00A15112,2,0x97
1448,1259,m68k,0x0001C98C,read,0x00A15107,1,0x4
1449,1259,m68k,0x0001C992,write,0x00A15112,2,0x1338
1450,1259,m68k,0x0001C992,write,0x00A15112,2,0x0
1451,1259,m68k,0x0001C992,write,0x00A15112,2,0x0
1452,1259,m68k,0x0001C992,write,0x00A15112,2,0x0
1453,1259,m68k,0x0001C98C,read,0x00A15107,1,0x4
1454,1259,m68k,0x0001C992,write,0x00A15112,2,0x0
1455,1259,m68k,0x0001C992,write,0x00A15112,2,0x0
1456,1259,m68k,0x0001C992,write,0x00A15112,2,0x0
1457,1259,m68k,0x0001C992,write,0x00A15112,2,0x0
1458,1259,m68k,0x0001C98C,read,0x00A15107,1,0x4
1459,1259,m68k,0x0001C992,write,0x00A15112,2,0x0
1460,1259,m68k,0x0001C992,write,0x00A15112,2,0xD69D
1461,1259,m68k,0x0001C992,write,0x00A15112,2,0x0
1462,1259,m68k,0x0001C992,write,0x00A15112,2,0x0
1463,1259,m68k,0x0001C98C,read,0x00A15107,1,0x4
1464,1259,m68k,0x0001C992,write,0x00A15112,2,0x0
1465,1259,m68k,0x0001C992,write,0x00A15112,2,0x0
1466,1259,m68k,0x0001C992,write,0x00A15112,2,0x0
1467,1259,m68k,0x0001C992,write,0x00A15112,2,0x0
1468,1259,m68k,0x0001C98C,read,0x00A15107,1,0x4
1469,1259,m68k,0x0001C992,write,0x00A15112,2,0x0
1470,1259,m68k,0x0001C992,write,0x00A15112,2,0x0
1471,1259,m68k,0x0001C992,write,0x00A15112,2,0x0
1472,1259,m68k,0x0001C992,write,0x00A15112,2,0x0
1473,1259,m68k,0x0001C98C,read,0x00A15107,1,0x4
1474,1259,m68k,0x0001C992,write,0x00A15112,2,0x0
1475,1259,m68k,0x0001C992,write,0x00A15112,2,0x0
1476,1259,m68k,0x0001C992,write,0x00A15112,2,0x0
1477,1259,m68k,0x0001C992,write,0x00A15112,2,0x0
1478,1259,m68k,0x0001C98C,read,0x00A15107,1,0x4
1479,1259,m68k,0x0001C992,write,0x00A15112,2,0x0
1480,1259,m68k,0x0001C992,write,0x00A15112,2,0x0
1481,1259,m68k,0x0001C992,write,0x00A15112,2,0x0
1482,1259,m68k,0x0001C992,write,0x00A15112,2,0x0
1483,1259,m68k,0x0001C98C,read,0x00A15107,1,0x4
1484,1259,m68k,0x0001C992,write,0x00A15112,2,0x0
1485,1259,m68k,0x0001C992,write,0x00A15112,2,0x408
1486,1259,m68k,0x0001C992,write,0x00A15112,2,0x0
1487,1259,m68k,0x0001C992,write,0x00A15112,2,0x0
1488,1259,m68k,0x0001C98C,read,0x00A15107,1,0x4
1489,1259,m68k,0x0001C992,write,0x00A15112,2,0x0
1490,1259,m68k,0x0001C992,write,0x00A15112,2,0x0
1491,1259,m68k,0x0001C992,write,0x00A15112,2,0x0
1492,1259,m68k,0x0001C992,write,0x00A15112,2,0x0
1493,1259,m68k,0x0001C98C,read,0x00A15107,1,0x4
1494,1259,m68k,0x0001C992,write,0x00A15112,2,0x96
1495,1259,m68k,0x0001C992,write,0x00A15112,2,0x4892
1496,1259,m68k,0x0001C992,write,0x00A15112,2,0x8E
1497,1259,m68k,0x0001C992,write,0x00A15112,2,0x7800
1498,1259,m68k,0x0001C98C,read,0x00A15107,1,0x4
1499,1259,m68k,0x0001C992,write,0x00A15112,2,0xFD55
1500,1259,m68k,0x0001C992,write,0x00A15112,2,0xD9FA
1501,1259,m68k,0x0001C992,write,0x00A15112,2,0x8E
1502,1259,m68k,0x0001C992,write,0x00A15112,2,0x0
1503,1259,m68k,0x0001C98C,read,0x00A15107,1,0x4
1504,1259,m68k,0x0001C992,write,0x00A15112,2,0x0
1505,1259,m68k,0x0001C992,write,0x00A15112,2,0xB
1506,1259,m68k,0x0001C992,write,0x00A15112,2,0xFFFF
1507,1259,m68k,0x0001C992,write,0x00A15112,2,0xFFFF
1508,1259,m68k,0x0001C98C,read,0x00A15107,1,0x4
1509,1259,m68k,0x0001C992,write,0x00A15112,2,0xFD61
1510,1259,m68k,0x0001C992,write,0x00A15112,2,0x9F5
1511,1259,m68k,0x0001C992,write,0x00A15112,2,0xD993
1512,1259,m68k,0x0001C992,write,0x00A15112,2,0x0
1513,1259,m68k,0x0001C98C,read,0x00A15107,1,0x4
1514,1259,m68k,0x0001C992,write,0x00A15112,2,0x0
1515,1259,m68k,0x0001C992,write,0x00A15112,2,0x0
1516,1259,m68k,0x0001C992,write,0x00A15112,2,0x8000
1517,1259,m68k,0x0001C992,write,0x00A15112,2,0x238
1518,1259,m68k,0x0001C98C,read,0x00A15107,1,0x4
1519,1259,m68k,0x0001C992,write,0x00A15112,2,0x8000
1520,1259,m68k,0x0001C992,write,0x00A15112,2,0x0
1521,1259,m68k,0x0001C992,write,0x00A15112,2,0x0
1522,1259,m68k,0x0001C992,write,0x00A15112,2,0x0
1523,1259,m68k,0x0001C98C,read,0x00A15107,1,0x4
1524,1259,m68k,0x0001C992,write,0x00A15112,2,0x0
1525,1259,m68k,0x0001C992,write,0x00A15112,2,0x0
1526,1259,m68k,0x0001C992,write,0x00A15112,2,0x0
1527,1259,m68k,0x0001C992,write,0x00A15112,2,0x0
1528,1259,m68k,0x0001C98C,read,0x00A15107,1,0x4
1529,1259,m68k,0x0001C992,write,0x00A15112,2,0x0
1530,1259,m68k,0x0001C992,write,0x00A15112,2,0x0
1531,1259,m68k,0x0001C992,write,0x00A15112,2,0x2
1532,1259,m68k,0x0001C992,write,0x00A15112,2,0x0
1533,1259,m68k,0x0001C98C,read,0x00A15107,1,0x4
1534,1259,m68k,0x0001C992,write,0x00A15112,2,0x0
1535,1259,m68k,0x0001C992,write,0x00A15112,2,0x0
1536,1259,m68k,0x0001C992,write,0x00A15112,2,0x0
1537,1259,m68k,0x0001C992,write,0x00A15112,2,0x0
1538,1259,m68k,0x0001C98C,read,0x00A15107,1,0x4
1539,1259,m68k,0x0001C992,write,0x00A15112,2,0x0
1540,1259,m68k,0x0001C992,write,0x00A15112,2,0x0
1541,1259,m68k,0x0001C992,write,0x00A15112,2,0x0
1542,1259,m68k,0x0001C992,write,0x00A15112,2,0x0
1543,1259,m68k,0x0001C98C,read,0x00A15107,1,0x4
1544,1259,m68k,0x0001C992,write,0x00A15112,2,0x0
1545,1259,m68k,0x0001C992,write,0x00A15112,2,0x0
1546,1259,m68k,0x0001C992,write,0x00A15112,2,0x0
1547,1259,m68k,0x0001C992,write,0x00A15112,2,0x0
1548,1259,m68k,0x0001C98C,read,0x00A15107,1,0x4
1549,1259,m68k,0x0001C992,write,0x00A15112,2,0x0
1550,1259,m68k,0x0001C992,write,0x00A15112,2,0xFD61
1551,1259,m68k,0x0001C992,write,0x00A15112,2,0x0
1552,1259,m68k,0x0001C992,write,0x00A15112,2,0x0
1553,1259,m68k,0x0001C98C,read,0x00A15107,1,0x4
1554,1259,m68k,0x0001C992,write,0x00A15112,2,0x0
1555,1259,m68k,0x0001C992,write,0x00A15112,2,0x0
1556,1259,m68k,0x0001C992,write,0x00A15112,2,0x0
1557,1259,m68k,0x0001C992,write,0x00A15112,2,0x0
1558,1259,m68k,0x0001C98C,read,0x00A15107,1,0x4
1559,1259,m68k,0x0001C992,write,0x00A15112,2,0x0
1560,1259,m68k,0x0001C992,write,0x00A15112,2,0x0
1561,1259,m68k,0x0001C992,write,0x00A15112,2,0x0
1562,1259,m68k,0x0001C992,write,0x00A15112,2,0x0
1563,1259,m68k,0x0001C98C,read,0x00A15107,1,0x4
1564,1259,m68k,0x0001C992,write,0x00A15112,2,0x0
1565,1259,m68k,0x0001C992,write,0x00A15112,2,0x0
1566,1259,m68k,0x0001C992,write,0x00A15112,2,0x0
1567,1259,m68k,0x0001C992,write,0x00A15112,2,0x0
1568,1259,m68k,0x0001C98C,read,0x00A15107,1,0x4
1569,1259,m68k,0x0001C992,write,0x00A15112,2,0x0
1570,1259,m68k,0x0001C992,write,0x00A15112,2,0x0
1571,1259,m68k,0x0001C992,write,0x00A15112,2,0x0
1572,1259,m68k,0x0001C992,write,0x00A15112,2,0x0
1573,1259,m68k,0x0001C98C,read,0x00A15107,1,0x4
1574,1259,m68k,0x0001C992,write,0x00A15112,2,0x0
1575,1259,m68k,0x0001C992,write,0x00A15112,2,0x0
1576,1259,m68k,0x0001C992,write,0x00A15112,2,0x0
1577,1259,m68k,0x0001C992,write,0x00A15112,2,0x0
1578,1259,m68k,0x0001C98C,read,0x00A15107,1,0x4
1579,1259,m68k,0x0001C992,write,0x00A15112,2,0x0
1580,1259,m68k,0x0001C992,write,0x00A15112,2,0x0
1581,1259,m68k,0x0001C992,write,0x00A15112,2,0x9
1582,1259,m68k,0x0001C992,write,0x00A15112,2,0xB
1583,1259,m68k,0x0001C98C,read,0x00A15107,1,0x4
1584,1259,m68k,0x0001C992,write,0x00A15112,2,0x0
1585,1259,m68k,0x0001C992,write,0x00A15112,2,0x0
1586,1259,m68k,0x0001C992,write,0x00A15112,2,0x0
1587,1259,m68k,0x0001C992,write,0x00A15112,2,0x0
1588,1259,m68k,0x0001C98C,read,0x00A15107,1,0x4
1589,1259,m68k,0x0001C992,write,0x00A15112,2,0x0
1590,1259,m68k,0x0001C992,write,0x00A15112,2,0x0
1591,1259,m68k,0x0001C992,write,0x00A15112,2,0x0
1592,1259,m68k,0x0001C992,write,0x00A15112,2,0x408
1593,1259,m68k,0x0001C98C,read,0x00A15107,1,0x4
1594,1259,m68k,0x0001C992,write,0x00A15112,2,0x0
1595,1259,m68k,0x0001C992,write,0x00A15112,2,0x0
1596,1259,m68k,0x0001C992,write,0x00A15112,2,0x0
1597,1259,m68k,0x0001C992,write,0x00A15112,2,0x0
1598,1259,m68k,0x0001C98C,read,0x00A15107,1,0x4
1599,1259,m68k,0x0001C992,write,0x00A15112,2,0x0
1600,1259,m68k,0x0001C992,write,0x00A15112,2,0x20
1601,1259,m68k,0x0001C992,write,0x00A15112,2,0x0
1602,1259,m68k,0x0001C992,write,0x00A15112,2,0x9F5
1603,1259,m68k,0x0001C98C,read,0x00A15107,1,0x4
1604,1259,m68k,0x0001C992,write,0x00A15112,2,0x9F5
1605,1259,m68k,0x0001C992,write,0x00A15112,2,0x0
1606,1259,m68k,0x0001C992,write,0x00A15112,2,0x0
1607,1259,m68k,0x0001C992,write,0x00A15112,2,0x97
1608,1259,m68k,0x0001C98C,read,0x00A15107,1,0x4
1609,1259,m68k,0x0001C992,write,0x00A15112,2,0x19D8
1610,1259,m68k,0x0001C992,write,0x00A15112,2,0x0
1611,1259,m68k,0x0001C992,write,0x00A15112,2,0x0
1612,1259,m68k,0x0001C992,write,0x00A15112,2,0x0
1613,1259,m68k,0x0001C98C,read,0x00A15107,1,0x4
1614,1259,m68k,0x0001C992,write,0x00A15112,2,0x0
1615,1259,m68k,0x0001C992,write,0x00A15112,2,0x0
1616,1259,m68k,0x0001C992,write,0x00A15112,2,0x0
1617,1259,m68k,0x0001C992,write,0x00A15112,2,0x0
1618,1259,m68k,0x0001C98C,read,0x00A15107,1,0x4
1619,1259,m68k,0x0001C992,write,0x00A15112,2,0x0
1620,1259,m68k,0x0001C992,write,0x00A15112,2,0xD993
1621,1259,m68k,0x0001C992,write,0x00A15112,2,0x0
1622,1259,m68k,0x0001C992,write,0x00A15112,2,0x0
1623,1259,m68k,0x0001C98C,read,0x00A15107,1,0x4
1624,1259,m68k,0x0001C992,write,0x00A15112,2,0x0
1625,1259,m68k,0x0001C992,write,0x00A15112,2,0x0
1626,1259,m68k,0x0001C992,write,0x00A15112,2,0x0
1627,1259,m68k,0x0001C992,write,0x00A15112,2,0x0
1628,1259,m68k,0x0001C98C,read,0x00A15107,1,0x4
1629,1259,m68k,0x0001C992,write,0x00A15112,2,0x0
1630,1259,m68k,0x0001C992,write,0x00A15112,2,0x0
1631,1259,m68k,0x0001C992,write,0x00A15112,2,0x0
1632,1259,m68k,0x0001C992,write,0x00A15112,2,0x0
1633,1259,m68k,0x0001C98C,read,0x00A15107,1,0x4
1634,1259,m68k,0x0001C992,write,0x00A15112,2,0x0
1635,1259,m68k,0x0001C992,write,0x00A15112,2,0x0
1636,1259,m68k,0x0001C992,write,0x00A15112,2,0x0
1637,1259,m68k,0x0001C992,write,0x00A15112,2,0x0
1638,1259,m68k,0x0001C98C,read,0x00A15107,1,0x4
1639,1259,m68k,0x0001C992,write,0x00A15112,2,0x0
1640,1259,m68k,0x0001C992,write,0x00A15112,2,0x0
1641,1259,m68k,0x0001C992,write,0x00A15112,2,0x0
1642,1259,m68k,0x0001C992,write,0x00A15112,2,0x0
1643,1259,m68k,0x0001C98C,read,0x00A15107,1,0x4
1644,1259,m68k,0x0001C992,write,0x00A15112,2,0x0
1645,1259,m68k,0x0001C992,write,0x00A15112,2,0x3FC
1646,1259,m68k,0x0001C992,write,0x00A15112,2,0x0
1647,1259,m68k,0x0001C992,write,0x00A15112,2,0x0
1648,1259,m68k,0x0001C98C,read,0x00A15107,1,0x4
1649,1259,m68k,0x0001C992,write,0x00A15112,2,0x0
1650,1259,m68k,0x0001C992,write,0x00A15112,2,0x0
1651,1259,m68k,0x0001C992,write,0x00A15112,2,0x0
1652,1259,m68k,0x0001C992,write,0x00A15112,2,0x0
1653,1259,m68k,0x0001C98C,read,0x00A15107,1,0x4
1654,1259,m68k,0x0001C992,write,0x00A15112,2,0x96
1655,1259,m68k,0x0001C992,write,0x00A15112,2,0x4C70
1656,1259,m68k,0x0001C992,write,0x00A15112,2,0x8C
1657,1259,m68k,0x0001C992,write,0x00A15112,2,0x7F00
1658,1259,m68k,0x0001C98C,read,0x00A15107,1,0x4
1659,1259,m68k,0x0001C992,write,0x00A15112,2,0xFD6B
1660,1259,m68k,0x0001C992,write,0x00A15112,2,0xDCB3
1661,1259,m68k,0x0001C992,write,0x00A15112,2,0x8C
1662,1259,m68k,0x0001C992,write,0x00A15112,2,0x0
1663,1259,m68k,0x0001C98C,read,0x00A15107,1,0x4
1664,1259,m68k,0x0001C992,write,0x00A15112,2,0x0
1665,1259,m68k,0x0001C992,write,0x00A15112,2,0xC
1666,1259,m68k,0x0001C992,write,0x00A15112,2,0xFFFF
1667,1259,m68k,0x0001C992,write,0x00A15112,2,0xFFFF
1668,1259,m68k,0x0001C98C,read,0x00A15107,1,0x4
1669,1259,m68k,0x0001C992,write,0x00A15112,2,0xFDA0
1670,1259,m68k,0x0001C992,write,0x00A15112,2,0xA44
1671,1259,m68k,0x0001C992,write,0x00A15112,2,0xDCF6
1672,1259,m68k,0x0001C992,write,0x00A15112,2,0x0
1673,1259,m68k,0x0001C98C,read,0x00A15107,1,0x4
1674,1259,m68k,0x0001C992,write,0x00A15112,2,0x0
1675,1259,m68k,0x0001C992,write,0x00A15112,2,0x0
1676,1259,m68k,0x0001C992,write,0x00A15112,2,0x8000
1677,1259,m68k,0x0001C992,write,0x00A15112,2,0x230
1678,1259,m68k,0x0001C98C,read,0x00A15107,1,0x4
1679,1259,m68k,0x0001C992,write,0x00A15112,2,0x8000
1680,1259,m68k,0x0001C992,write,0x00A15112,2,0x0
1681,1259,m68k,0x0001C992,write,0x00A15112,2,0x0
1682,1259,m68k,0x0001C992,write,0x00A15112,2,0x0
1683,1259,m68k,0x0001C98C,read,0x00A15107,1,0x4
1684,1259,m68k,0x0001C992,write,0x00A15112,2,0x0
1685,1259,m68k,0x0001C992,write,0x00A15112,2,0x0
1686,1259,m68k,0x0001C992,write,0x00A15112,2,0x0
1687,1259,m68k,0x0001C992,write,0x00A15112,2,0x0
1688,1259,m68k,0x0001C98C,read,0x00A15107,1,0x4
1689,1259,m68k,0x0001C992,write,0x00A15112,2,0x0
1690,1259,m68k,0x0001C992,write,0x00A15112,2,0x0
1691,1259,m68k,0x0001C992,write,0x00A15112,2,0x2
1692,1259,m68k,0x0001C992,write,0x00A15112,2,0x0
1693,1259,m68k,0x0001C98C,read,0x00A15107,1,0x4
1694,1259,m68k,0x0001C992,write,0x00A15112,2,0x0
1695,1259,m68k,0x0001C992,write,0x00A15112,2,0x0
1696,1259,m68k,0x0001C992,write,0x00A15112,2,0x0
1697,1259,m68k,0x0001C992,write,0x00A15112,2,0x0
1698,1259,m68k,0x0001C98C,read,0x00A15107,1,0x4
1699,1259,m68k,0x0001C992,write,0x00A15112,2,0x0
1700,1259,m68k,0x0001C992,write,0x00A15112,2,0x0
1701,1259,m68k,0x0001C992,write,0x00A15112,2,0x0
1702,1259,m68k,0x0001C992,write,0x00A15112,2,0x0
1703,1259,m68k,0x0001C98C,read,0x00A15107,1,0x4
1704,1259,m68k,0x0001C992,write,0x00A15112,2,0x0
1705,1259,m68k,0x0001C992,write,0x00A15112,2,0x0
1706,1259,m68k,0x0001C992,write,0x00A15112,2,0x0
1707,1259,m68k,0x0001C992,write,0x00A15112,2,0x0
1708,1259,m68k,0x0001C98C,read,0x00A15107,1,0x4
1709,1259,m68k,0x0001C992,write,0x00A15112,2,0x0
1710,1259,m68k,0x0001C992,write,0x00A15112,2,0xFDA0
1711,1259,m68k,0x0001C992,write,0x00A15112,2,0x0
1712,1259,m68k,0x0001C992,write,0x00A15112,2,0x0
1713,1259,m68k,0x0001C98C,read,0x00A15107,1,0x4
1714,1259,m68k,0x0001C992,write,0x00A15112,2,0x0
1715,1259,m68k,0x0001C992,write,0x00A15112,2,0x0
1716,1259,m68k,0x0001C992,write,0x00A15112,2,0x0
1717,1259,m68k,0x0001C992,write,0x00A15112,2,0x0
1718,1259,m68k,0x0001C98C,read,0x00A15107,1,0x4
1719,1259,m68k,0x0001C992,write,0x00A15112,2,0x0
1720,1259,m68k,0x0001C992,write,0x00A15112,2,0x0
1721,1259,m68k,0x0001C992,write,0x00A15112,2,0x0
1722,1259,m68k,0x0001C992,write,0x00A15112,2,0x0
1723,1259,m68k,0x0001C98C,read,0x00A15107,1,0x4
1724,1259,m68k,0x0001C992,write,0x00A15112,2,0x0
1725,1259,m68k,0x0001C992,write,0x00A15112,2,0x0
1726,1259,m68k,0x0001C992,write,0x00A15112,2,0x0
1727,1259,m68k,0x0001C992,write,0x00A15112,2,0x0
1728,1259,m68k,0x0001C98C,read,0x00A15107,1,0x4
1729,1259,m68k,0x0001C992,write,0x00A15112,2,0x0
1730,1259,m68k,0x0001C992,write,0x00A15112,2,0x0
1731,1259,m68k,0x0001C992,write,0x00A15112,2,0x0
1732,1259,m68k,0x0001C992,write,0x00A15112,2,0x0
1733,1259,m68k,0x0001C98C,read,0x00A15107,1,0x4
1734,1259,m68k,0x0001C992,write,0x00A15112,2,0x0
1735,1259,m68k,0x0001C992,write,0x00A15112,2,0x0
1736,1259,m68k,0x0001C992,write,0x00A15112,2,0x0
1737,1259,m68k,0x0001C992,write,0x00A15112,2,0x0
1738,1259,m68k,0x0001C98C,read,0x00A15107,1,0x4
1739,1259,m68k,0x0001C992,write,0x00A15112,2,0x0
1740,1259,m68k,0x0001C992,write,0x00A15112,2,0x0
1741,1259,m68k,0x0001C992,write,0x00A15112,2,0xA
1742,1259,m68k,0x0001C992,write,0x00A15112,2,0xC
1743,1259,m68k,0x0001C98C,read,0x00A15107,1,0x4
1744,1259,m68k,0x0001C992,write,0x00A15112,2,0x0
1745,1259,m68k,0x0001C992,write,0x00A15112,2,0x0
1746,1259,m68k,0x0001C992,write,0x00A15112,2,0x0
1747,1259,m68k,0x0001C992,write,0x00A15112,2,0x0
1748,1259,m68k,0x0001C98C,read,0x00A15107,1,0x4
1749,1259,m68k,0x0001C992,write,0x00A15112,2,0x0
1750,1259,m68k,0x0001C992,write,0x00A15112,2,0x0
1751,1259,m68k,0x0001C992,write,0x00A15112,2,0x0
1752,1259,m68k,0x0001C992,write,0x00A15112,2,0x3FC
1753,1259,m68k,0x0001C98C,read,0x00A15107,1,0x4
1754,1259,m68k,0x0001C992,write,0x00A15112,2,0x0
1755,1259,m68k,0x0001C992,write,0x00A15112,2,0x0
1756,1259,m68k,0x0001C992,write,0x00A15112,2,0x0
1757,1259,m68k,0x0001C992,write,0x00A15112,2,0x0
1758,1259,m68k,0x0001C98C,read,0x00A15107,1,0x4
1759,1259,m68k,0x0001C992,write,0x00A15112,2,0x0
1760,1259,m68k,0x0001C992,write,0x00A15112,2,0x20
1761,1259,m68k,0x0001C992,write,0x00A15112,2,0x0
1762,1259,m68k,0x0001C992,write,0x00A15112,2,0xA44
1763,1259,m68k,0x0001C98C,read,0x00A15107,1,0x4
1764,1259,m68k,0x0001C992,write,0x00A15112,2,0xA44
1765,1259,m68k,0x0001C992,write,0x00A15112,2,0x0
1766,1259,m68k,0x0001C992,write,0x00A15112,2,0x0
1767,1259,m68k,0x0001C992,write,0x00A15112,2,0x97
1768,1259,m68k,0x0001C98C,read,0x00A15107,1,0x4
1769,1259,m68k,0x0001C992,write,0x00A15112,2,0x25E0
1770,1259,m68k,0x0001C992,write,0x00A15112,2,0x0
1771,1259,m68k,0x0001C992,write,0x00A15112,2,0x0
1772,1259,m68k,0x0001C992,write,0x00A15112,2,0x0
1773,1259,m68k,0x0001C98C,read,0x00A15107,1,0x4
1774,1259,m68k,0x0001C992,write,0x00A15112,2,0x0
1775,1259,m68k,0x0001C992,write,0x00A15112,2,0x0
1776,1259,m68k,0x0001C992,write,0x00A15112,2,0x0
1777,1259,m68k,0x0001C992,write,0x00A15112,2,0x0
1778,1259,m68k,0x0001C98C,read,0x00A15107,1,0x4
1779,1259,m68k,0x0001C992,write,0x00A15112,2,0x0
1780,1259,m68k,0x0001C992,write,0x00A15112,2,0xDCF6
1781,1259,m68k,0x0001C992,write,0x00A15112,2,0x0
1782,1259,m68k,0x0001C992,write,0x00A15112,2,0x0
1783,1259,m68k,0x0001C98C,read,0x00A15107,1,0x4
1784,1259,m68k,0x0001C992,write,0x00A15112,2,0x0
1785,1259,m68k,0x0001C992,write,0x00A15112,2,0x0
1786,1259,m68k,0x0001C992,write,0x00A15112,2,0x0
1787,1259,m68k,0x0001C992,write,0x00A15112,2,0x0
1788,1259,m68k,0x0001C98C,read,0x00A15107,1,0x4
1789,1259,m68k,0x0001C992,write,0x00A15112,2,0x0
1790,1259,m68k,0x0001C992,write,0x00A15112,2,0x0
1791,1259,m68k,0x0001C992,write,0x00A15112,2,0x0
1792,1259,m68k,0x0001C992,write,0x00A15112,2,0x0
1793,1259,m68k,0x0001C98C,read,0x00A15107,1,0x4
1794,1259,m68k,0x0001C992,write,0x00A15112,2,0x0
1795,1259,m68k,0x0001C992,write,0x00A15112,2,0x0
1796,1259,m68k,0x0001C992,write,0x00A15112,2,0x0
1797,1259,m68k,0x0001C992,write,0x00A15112,2,0x0
1798,1259,m68k,0x0001C98C,read,0x00A15107,1,0x4
1799,1259,m68k,0x0001C992,write,0x00A15112,2,0x0
1800,1259,m68k,0x0001C992,write,0x00A15112,2,0x0
1801,1259,m68k,0x0001C992,write,0x00A15112,2,0x0
1802,1259,m68k,0x0001C992,write,0x00A15112,2,0x0
1803,1259,m68k,0x0001C98C,read,0x00A15107,1,0x4
1804,1259,m68k,0x0001C992,write,0x00A15112,2,0x0
1805,1259,m68k,0x0001C992,write,0x00A15112,2,0x3F3
1806,1259,m68k,0x0001C992,write,0x00A15112,2,0x0
1807,1259,m68k,0x0001C992,write,0x00A15112,2,0x0
1808,1259,m68k,0x0001C98C,read,0x00A15107,1,0x4
1809,1259,m68k,0x0001C992,write,0x00A15112,2,0x0
1810,1259,m68k,0x0001C992,write,0x00A15112,2,0x0
1811,1259,m68k,0x0001C992,write,0x00A15112,2,0x0
1812,1259,m68k,0x0001C992,write,0x00A15112,2,0x0
1813,1259,m68k,0x0001C98C,read,0x00A15107,1,0x4
1814,1259,m68k,0x0001C992,write,0x00A15112,2,0x96
1815,1259,m68k,0x0001C992,write,0x00A15112,2,0x504E
1816,1259,m68k,0x0001C992,write,0x00A15112,2,0x8A
1817,1259,m68k,0x0001C992,write,0x00A15112,2,0x7F00
1818,1259,m68k,0x0001C98C,read,0x00A15107,1,0x4
1819,1259,m68k,0x0001C992,write,0x00A15112,2,0xFD6B
1820,1259,m68k,0x0001C992,write,0x00A15112,2,0xDFB3
1821,1259,m68k,0x0001C992,write,0x00A15112,2,0x8A
1822,1259,m68k,0x0001C992,write,0x00A15112,2,0x0
1823,1259,m68k,0x0001C98C,read,0x00A15107,1,0x4
1824,1259,m68k,0x0001C992,write,0x00A15112,2,0x0
1825,1259,m68k,0x0001C992,write,0x00A15112,2,0xD
1826,1259,m68k,0x0001C992,write,0x00A15112,2,0xFFFF
1827,1259,m68k,0x0001C992,write,0x00A15112,2,0xFFFF
1828,1259,m68k,0x0001C98C,read,0x00A15107,1,0x4
1829,1259,m68k,0x0001C992,write,0x00A15112,2,0xFDB9
1830,1259,m68k,0x0001C992,write,0x00A15112,2,0xAFE
1831,1259,m68k,0x0001C992,write,0x00A15112,2,0xE050
1832,1259,m68k,0x0001C992,write,0x00A15112,2,0x0
1833,1259,m68k,0x0001C98C,read,0x00A15107,1,0x4
1834,1259,m68k,0x0001C992,write,0x00A15112,2,0x0
1835,1259,m68k,0x0001C992,write,0x00A15112,2,0x0
1836,1259,m68k,0x0001C992,write,0x00A15112,2,0x8000
1837,1259,m68k,0x0001C992,write,0x00A15112,2,0x228
1838,1259,m68k,0x0001C98C,read,0x00A15107,1,0x4
1839,1259,m68k,0x0001C992,write,0x00A15112,2,0x8000
1840,1259,m68k,0x0001C992,write,0x00A15112,2,0x0
1841,1259,m68k,0x0001C992,write,0x00A15112,2,0x0
1842,1259,m68k,0x0001C992,write,0x00A15112,2,0x0
1843,1259,m68k,0x0001C98C,read,0x00A15107,1,0x4
1844,1259,m68k,0x0001C992,write,0x00A15112,2,0x0
1845,1259,m68k,0x0001C992,write,0x00A15112,2,0x0
1846,1259,m68k,0x0001C992,write,0x00A15112,2,0x0
1847,1259,m68k,0x0001C992,write,0x00A15112,2,0x0
1848,1259,m68k,0x0001C98C,read,0x00A15107,1,0x4
1849,1259,m68k,0x0001C992,write,0x00A15112,2,0x0
1850,1259,m68k,0x0001C992,write,0x00A15112,2,0x0
1851,1259,m68k,0x0001C992,write,0x00A15112,2,0x2
1852,1259,m68k,0x0001C992,write,0x00A15112,2,0x0
1853,1259,m68k,0x0001C98C,read,0x00A15107,1,0x4
1854,1259,m68k,0x0001C992,write,0x00A15112,2,0x0
1855,1259,m68k,0x0001C992,write,0x00A15112,2,0x0
1856,1259,m68k,0x0001C992,write,0x00A15112,2,0x0
1857,1259,m68k,0x0001C992,write,0x00A15112,2,0x0
1858,1259,m68k,0x0001C98C,read,0x00A15107,1,0x4
1859,1259,m68k,0x0001C992,write,0x00A15112,2,0x0
1860,1259,m68k,0x0001C992,write,0x00A15112,2,0x0
1861,1259,m68k,0x0001C992,write,0x00A15112,2,0x0
1862,1259,m68k,0x0001C992,write,0x00A15112,2,0x0
1863,1259,m68k,0x0001C98C,read,0x00A15107,1,0x4
1864,1259,m68k,0x0001C992,write,0x00A15112,2,0x0
1865,1259,m68k,0x0001C992,write,0x00A15112,2,0x0
1866,1259,m68k,0x0001C992,write,0x00A15112,2,0x0
1867,1259,m68k,0x0001C992,write,0x00A15112,2,0x0
1868,1259,m68k,0x0001C98C,read,0x00A15107,1,0x4
1869,1259,m68k,0x0001C992,write,0x00A15112,2,0x0
1870,1259,m68k,0x0001C992,write,0x00A15112,2,0xFDB9
1871,1259,m68k,0x0001C992,write,0x00A15112,2,0x0
1872,1259,m68k,0x0001C992,write,0x00A15112,2,0x0
1873,1259,m68k,0x0001C98C,read,0x00A15107,1,0x4
1874,1259,m68k,0x0001C992,write,0x00A15112,2,0x0
1875,1259,m68k,0x0001C992,write,0x00A15112,2,0x0
1876,1259,m68k,0x0001C992,write,0x00A15112,2,0x0
1877,1259,m68k,0x0001C992,write,0x00A15112,2,0x0
1878,1259,m68k,0x0001C98C,read,0x00A15107,1,0x4
1879,1259,m68k,0x0001C992,write,0x00A15112,2,0x0
1880,1259,m68k,0x0001C992,write,0x00A15112,2,0x0
1881,1259,m68k,0x0001C992,write,0x00A15112,2,0x0
1882,1259,m68k,0x0001C992,write,0x00A15112,2,0x0
1883,1259,m68k,0x0001C98C,read,0x00A15107,1,0x4
1884,1259,m68k,0x0001C992,write,0x00A15112,2,0x0
1885,1259,m68k,0x0001C992,write,0x00A15112,2,0x0
1886,1259,m68k,0x0001C992,write,0x00A15112,2,0x0
1887,1259,m68k,0x0001C992,write,0x00A15112,2,0x0
1888,1259,m68k,0x0001C98C,read,0x00A15107,1,0x4
1889,1259,m68k,0x0001C992,write,0x00A15112,2,0x0
1890,1259,m68k,0x0001C992,write,0x00A15112,2,0x0
1891,1259,m68k,0x0001C992,write,0x00A15112,2,0x0
1892,1259,m68k,0x0001C992,write,0x00A15112,2,0x0
1893,1259,m68k,0x0001C98C,read,0x00A15107,1,0x4
1894,1259,m68k,0x0001C992,write,0x00A15112,2,0x0
1895,1259,m68k,0x0001C992,write,0x00A15112,2,0x0
1896,1259,m68k,0x0001C992,write,0x00A15112,2,0x0
1897,1259,m68k,0x0001C992,write,0x00A15112,2,0x0
1898,1259,m68k,0x0001C98C,read,0x00A15107,1,0x4
1899,1259,m68k,0x0001C992,write,0x00A15112,2,0x0
1900,1259,m68k,0x0001C992,write,0x00A15112,2,0x0
1901,1259,m68k,0x0001C992,write,0x00A15112,2,0xB
1902,1259,m68k,0x0001C992,write,0x00A15112,2,0xD
1903,1259,m68k,0x0001C98C,read,0x00A15107,1,0x4
1904,1259,m68k,0x0001C992,write,0x00A15112,2,0x0
1905,1259,m68k,0x0001C992,write,0x00A15112,2,0x0
1906,1259,m68k,0x0001C992,write,0x00A15112,2,0x0
1907,1259,m68k,0x0001C992,write,0x00A15112,2,0x0
1908,1259,m68k,0x0001C98C,read,0x00A15107,1,0x4
1909,1259,m68k,0x0001C992,write,0x00A15112,2,0x0
1910,1259,m68k,0x0001C992,write,0x00A15112,2,0x0
1911,1259,m68k,0x0001C992,write,0x00A15112,2,0x0
1912,1259,m68k,0x0001C992,write,0x00A15112,2,0x3F3
1913,1259,m68k,0x0001C98C,read,0x00A15107,1,0x4
1914,1259,m68k,0x0001C992,write,0x00A15112,2,0x0
1915,1259,m68k,0x0001C992,write,0x00A15112,2,0x0
1916,1259,m68k,0x0001C992,write,0x00A15112,2,0x0
1917,1259,m68k,0x0001C992,write,0x00A15112,2,0x0
1918,1259,m68k,0x0001C98C,read,0x00A15107,1,0x4
1919,1259,m68k,0x0001C992,write,0x00A15112,2,0x0
1920,1259,m68k,0x0001C992,write,0x00A15112,2,0x20
1921,1259,m68k,0x0001C992,write,0x00A15112,2,0x0
1922,1259,m68k,0x0001C992,write,0x00A15112,2,0xAFE
1923,1259,m68k,0x0001C98C,read,0x00A15107,1,0x4
1924,1259,m68k,0x0001C992,write,0x00A15112,2,0xAFE
1925,1259,m68k,0x0001C992,write,0x00A15112,2,0x0
1926,1259,m68k,0x0001C992,write,0x00A15112,2,0x0
1927,1259,m68k,0x0001C992,write,0x00A15112,2,0x97
1928,1259,m68k,0x0001C98C,read,0x00A15107,1,0x4
1929,1259,m68k,0x0001C992,write,0x00A15112,2,0x31F0
1930,1259,m68k,0x0001C992,write,0x00A15112,2,0x0
1931,1259,m68k,0x0001C992,write,0x00A15112,2,0x0
1932,1259,m68k,0x0001C992,write,0x00A15112,2,0x0
1933,1259,m68k,0x0001C98C,read,0x00A15107,1,0x4
1934,1259,m68k,0x0001C992,write,0x00A15112,2,0x0
1935,1259,m68k,0x0001C992,write,0x00A15112,2,0x0
1936,1259,m68k,0x0001C992,write,0x00A15112,2,0x0
1937,1259,m68k,0x0001C992,write,0x00A15112,2,0x0
1938,1259,m68k,0x0001C98C,read,0x00A15107,1,0x4
1939,1259,m68k,0x0001C992,write,0x00A15112,2,0x0
1940,1259,m68k,0x0001C992,write,0x00A15112,2,0xE050
1941,1259,m68k,0x0001C992,write,0x00A15112,2,0x0
1942,1259,m68k,0x0001C992,write,0x00A15112,2,0x0
1943,1259,m68k,0x0001C98C,read,0x00A15107,1,0x4
1944,1259,m68k,0x0001C992,write,0x00A15112,2,0x0
1945,1259,m68k,0x0001C992,write,0x00A15112,2,0x0
1946,1259,m68k,0x0001C992,write,0x00A15112,2,0x0
1947,1259,m68k,0x0001C992,write,0x00A15112,2,0x0
1948,1259,m68k,0x0001C98C,read,0x00A15107,1,0x4
1949,1259,m68k,0x0001C992,write,0x00A15112,2,0x0
1950,1259,m68k,0x0001C992,write,0x00A15112,2,0x0
1951,1259,m68k,0x0001C992,write,0x00A15112,2,0x0
1952,1259,m68k,0x0001C992,write,0x00A15112,2,0x0
1953,1259,m68k,0x0001C98C,read,0x00A15107,1,0x4
1954,1259,m68k,0x0001C992,write,0x00A15112,2,0x0
1955,1259,m68k,0x0001C992,write,0x00A15112,2,0x0
1956,1259,m68k,0x0001C992,write,0x00A15112,2,0x0
1957,1259,m68k,0x0001C992,write,0x00A15112,2,0x0
1958,1259,m68k,0x0001C98C,read,0x00A15107,1,0x4
1959,1259,m68k,0x0001C992,write,0x00A15112,2,0x0
1960,1259,m68k,0x0001C992,write,0x00A15112,2,0x0
1961,1259,m68k,0x0001C992,write,0x00A15112,2,0x0
1962,1259,m68k,0x0001C992,write,0x00A15112,2,0x0
1963,1259,m68k,0x0001C98C,read,0x00A15107,1,0x4
1964,1259,m68k,0x0001C992,write,0x00A15112,2,0x0
1965,1259,m68k,0x0001C992,write,0x00A15112,2,0x3DE
1966,1259,m68k,0x0001C992,write,0x00A15112,2,0x0
1967,1259,m68k,0x0001C992,write,0x00A15112,2,0x0
1968,1259,m68k,0x0001C98C,read,0x00A15107,1,0x4
1969,1259,m68k,0x0001C992,write,0x00A15112,2,0x0
1970,1259,m68k,0x0001C992,write,0x00A15112,2,0x0
1971,1259,m68k,0x0001C992,write,0x00A15112,2,0x0
1972,1259,m68k,0x0001C992,write,0x00A15112,2,0x0
1973,1259,m68k,0x0001C98C,read,0x00A15107,1,0x4
1974,1259,m68k,0x0001C992,write,0x00A15112,2,0x96
1975,1259,m68k,0x0001C992,write,0x00A15112,2,0x44B4
1976,1259,m68k,0x0001C992,write,0x00A15112,2,0x87
1977,1259,m68k,0x0001C992,write,0x00A15112,2,0x7300
1978,1259,m68k,0x0001C98C,read,0x00A15107,1,0x4
1979,1259,m68k,0x0001C992,write,0x00A15112,2,0xFDC7
1980,1259,m68k,0x0001C992,write,0x00A15112,2,0xE3F4
1981,1259,m68k,0x0001C992,write,0x00A15112,2,0x87
1982,1259,m68k,0x0001C992,write,0x00A15112,2,0x0
1983,1259,m68k,0x0001C98C,read,0x00A15107,1,0x4
1984,1259,m68k,0x0001C992,write,0x00A15112,2,0x0
1985,1259,m68k,0x0001C992,write,0x00A15112,2,0xE
1986,1259,m68k,0x0001C992,write,0x00A15112,2,0xFFFF
1987,1259,m68k,0x0001C992,write,0x00A15112,2,0xFFFF
1988,1259,m68k,0x0001C98C,read,0x00A15107,1,0x4
1989,1259,m68k,0x0001C992,write,0x00A15112,2,0xFE0E
1990,1259,m68k,0x0001C992,write,0x00A15112,2,0xAF0
1991,1259,m68k,0x0001C992,write,0x00A15112,2,0xE38C
1992,1259,m68k,0x0001C992,write,0x00A15112,2,0x0
1993,1259,m68k,0x0001C98C,read,0x00A15107,1,0x4
1994,1259,m68k,0x0001C992,write,0x00A15112,2,0x0
1995,1259,m68k,0x0001C992,write,0x00A15112,2,0x0
1996,1259,m68k,0x0001C992,write,0x00A15112,2,0x7000
1997,1259,m68k,0x0001C992,write,0x00A15112,2,0x21C
1998,1259,m68k,0x0001C98C,read,0x00A15107,1,0x4
1999,1259,m68k,0x0001C992,write,0x00A15112,2,0x7000
2000,1259,m68k,0x0001C992,write,0x00A15112,2,0x0
2001,1259,m68k,0x0001C992,write,0x00A15112,2,0x0
2002,1259,m68k,0x0001C992,write,0x00A15112,2,0x0
2003,1259,m68k,0x0001C98C,read,0x00A15107,1,0x4
2004,1259,m68k,0x0001C992,write,0x00A15112,2,0x0
2005,1259,m68k,0x0001C992,write,0x00A15112,2,0x0
2006,1259,m68k,0x0001C992,write,0x00A15112,2,0x0
2007,1259,m68k,0x0001C992,write,0x00A15112,2,0x0
2008,1259,m68k,0x0001C98C,read,0x00A15107,1,0x4
2009,1259,m68k,0x0001C992,write,0x00A15112,2,0x0
2010,1259,m68k,0x0001C992,write,0x00A15112,2,0x0
2011,1259,m68k,0x0001C992,write,0x00A15112,2,0x2
2012,1259,m68k,0x0001C992,write,0x00A15112,2,0x0
2013,1259,m68k,0x0001C98C,read,0x00A15107,1,0x4
2014,1259,m68k,0x0001C992,write,0x00A15112,2,0x0
2015,1259,m68k,0x0001C992,write,0x00A15112,2,0x0
2016,1259,m68k,0x0001C992,write,0x00A15112,2,0x0
2017,1259,m68k,0x0001C992,write,0x00A15112,2,0x0
2018,1259,m68k,0x0001C98C,read,0x00A15107,1,0x4
2019,1259,m68k,0x0001C992,write,0x00A15112,2,0x0
2020,1259,m68k,0x0001C992,write,0x00A15112,2,0x0
2021,1259,m68k,0x0001C992,write,0x00A15112,2,0x0
2022,1259,m68k,0x0001C992,write,0x00A15112,2,0x0
2023,1259,m68k,0x0001C98C,read,0x00A15107,1,0x4
2024,1259,m68k,0x0001C992,write,0x00A15112,2,0x0
2025,1259,m68k,0x0001C992,write,0x00A15112,2,0x0
2026,1259,m68k,0x0001C992,write,0x00A15112,2,0x0
2027,1259,m68k,0x0001C992,write,0x00A15112,2,0x0
2028,1259,m68k,0x0001C98C,read,0x00A15107,1,0x4
2029,1259,m68k,0x0001C992,write,0x00A15112,2,0x0
2030,1259,m68k,0x0001C992,write,0x00A15112,2,0xFE0E
2031,1259,m68k,0x0001C992,write,0x00A15112,2,0x0
2032,1259,m68k,0x0001C992,write,0x00A15112,2,0x0
2033,1259,m68k,0x0001C98C,read,0x00A15107,1,0x4
2034,1259,m68k,0x0001C992,write,0x00A15112,2,0x0
2035,1259,m68k,0x0001C992,write,0x00A15112,2,0x0
2036,1259,m68k,0x0001C992,write,0x00A15112,2,0x0
2037,1259,m68k,0x0001C992,write,0x00A15112,2,0x0
2038,1259,m68k,0x0001C98C,read,0x00A15107,1,0x4
2039,1259,m68k,0x0001C992,write,0x00A15112,2,0x0
2040,1259,m68k,0x0001C992,write,0x00A15112,2,0x0
2041,1259,m68k,0x0001C992,write,0x00A15112,2,0x0
2042,1259,m68k,0x0001C992,write,0x00A15112,2,0x0
2043,1259,m68k,0x0001C98C,read,0x00A15107,1,0x4
2044,1259,m68k,0x0001C992,write,0x00A15112,2,0x0
2045,1259,m68k,0x0001C992,write,0x00A15112,2,0x0
2046,1259,m68k,0x0001C992,write,0x00A15112,2,0x0
2047,1259,m68k,0x0001C992,write,0x00A15112,2,0x0
2048,1259,m68k,0x0001C98C,read,0x00A15107,1,0x4
2049,1259,m68k,0x0001C992,write,0x00A15112,2,0x0
2050,1259,m68k,0x0001C992,write,0x00A15112,2,0x0
2051,1259,m68k,0x0001C992,write,0x00A15112,2,0x0
2052,1259,m68k,0x0001C992,write,0x00A15112,2,0x0
2053,1259,m68k,0x0001C98C,read,0x00A15107,1,0x4
2054,1259,m68k,0x0001C992,write,0x00A15112,2,0x0
2055,1259,m68k,0x0001C992,write,0x00A15112,2,0x0
2056,1259,m68k,0x0001C992,write,0x00A15112,2,0x0
2057,1259,m68k,0x0001C992,write,0x00A15112,2,0x0
2058,1259,m68k,0x0001C98C,read,0x00A15107,1,0x4
2059,1259,m68k,0x0001C992,write,0x00A15112,2,0x0
2060,1259,m68k,0x0001C992,write,0x00A15112,2,0x0
2061,1259,m68k,0x0001C992,write,0x00A15112,2,0xC
2062,1259,m68k,0x0001C992,write,0x00A15112,2,0xE
2063,1259,m68k,0x0001C98C,read,0x00A15107,1,0x4
2064,1259,m68k,0x0001C992,write,0x00A15112,2,0x0
2065,1259,m68k,0x0001C992,write,0x00A15112,2,0x0
2066,1259,m68k,0x0001C992,write,0x00A15112,2,0x0
2067,1259,m68k,0x0001C992,write,0x00A15112,2,0x0
2068,1259,m68k,0x0001C98C,read,0x00A15107,1,0x4
2069,1259,m68k,0x0001C992,write,0x00A15112,2,0x0
2070,1259,m68k,0x0001C992,write,0x00A15112,2,0x0
2071,1259,m68k,0x0001C992,write,0x00A15112,2,0x0
2072,1259,m68k,0x0001C992,write,0x00A15112,2,0x3DE
2073,1259,m68k,0x0001C98C,read,0x00A15107,1,0x4
2074,1259,m68k,0x0001C992,write,0x00A15112,2,0x0
2075,1259,m68k,0x0001C992,write,0x00A15112,2,0x0
2076,1259,m68k,0x0001C992,write,0x00A15112,2,0x0
2077,1259,m68k,0x0001C992,write,0x00A15112,2,0x0
2078,1259,m68k,0x0001C98C,read,0x00A15107,1,0x4
2079,1259,m68k,0x0001C992,write,0x00A15112,2,0x3
2080,1259,m68k,0x0001C992,write,0x00A15112,2,0x30
2081,1259,m68k,0x0001C992,write,0x00A15112,2,0x0
2082,1259,m68k,0x0001C992,write,0x00A15112,2,0xAF0
2083,1259,m68k,0x0001C98C,read,0x00A15107,1,0x4
2084,1259,m68k,0x0001C992,write,0x00A15112,2,0xAF0
2085,1259,m68k,0x0001C992,write,0x00A15112,2,0x0
2086,1259,m68k,0x0001C992,write,0x00A15112,2,0x0
2087,1259,m68k,0x0001C992,write,0x00A15112,2,0x97
2088,1259,m68k,0x0001C98C,read,0x00A15107,1,0x4
2089,1259,m68k,0x0001C992,write,0x00A15112,2,0x407C
2090,1259,m68k,0x0001C992,write,0x00A15112,2,0x0
2091,1259,m68k,0x0001C992,write,0x00A15112,2,0x0
2092,1259,m68k,0x0001C992,write,0x00A15112,2,0x0
2093,1259,m68k,0x0001C98C,read,0x00A15107,1,0x4
2094,1259,m68k,0x0001C992,write,0x00A15112,2,0x0
2095,1259,m68k,0x0001C992,write,0x00A15112,2,0x0
2096,1259,m68k,0x0001C992,write,0x00A15112,2,0x0
2097,1259,m68k,0x0001C992,write,0x00A15112,2,0x0
2098,1259,m68k,0x0001C98C,read,0x00A15107,1,0x4
2099,1259,m68k,0x0001C992,write,0x00A15112,2,0x0
2100,1259,m68k,0x0001C992,write,0x00A15112,2,0xE38C
2101,1259,m68k,0x0001C992,write,0x00A15112,2,0x0
2102,1259,m68k,0x0001C992,write,0x00A15112,2,0x0
2103,1259,m68k,0x0001C98C,read,0x00A15107,1,0x4
2104,1259,m68k,0x0001C992,write,0x00A15112,2,0x0
2105,1259,m68k,0x0001C992,write,0x00A15112,2,0x0
2106,1259,m68k,0x0001C992,write,0x00A15112,2,0x0
2107,1259,m68k,0x0001C992,write,0x00A15112,2,0x0
2108,1259,m68k,0x0001C98C,read,0x00A15107,1,0x4
2109,1259,m68k,0x0001C992,write,0x00A15112,2,0x0
2110,1259,m68k,0x0001C992,write,0x00A15112,2,0x0
2111,1259,m68k,0x0001C992,write,0x00A15112,2,0x0
2112,1259,m68k,0x0001C992,write,0x00A15112,2,0x0
2113,1259,m68k,0x0001C98C,read,0x00A15107,1,0x4
2114,1259,m68k,0x0001C992,write,0x00A15112,2,0x0
2115,1259,m68k,0x0001C992,write,0x00A15112,2,0x0
2116,1259,m68k,0x0001C992,write,0x00A15112,2,0x0
2117,1259,m68k,0x0001C992,write,0x00A15112,2,0x0
2118,1259,m68k,0x0001C98C,read,0x00A15107,1,0x4
2119,1259,m68k,0x0001C992,write,0x00A15112,2,0x0
2120,1259,m68k,0x0001C992,write,0x00A15112,2,0x0
2121,1259,m68k,0x0001C992,write,0x00A15112,2,0x0
2122,1259,m68k,0x0001C992,write,0x00A15112,2,0x0
2123,1259,m68k,0x0001C98C,read,0x00A15107,1,0x4
2124,1259,m68k,0x0001C992,write,0x00A15112,2,0x0
2125,1259,m68k,0x0001C992,write,0x00A15112,2,0x3D8
2126,1259,m68k,0x0001C992,write,0x00A15112,2,0x0
2127,1259,m68k,0x0001C992,write,0x00A15112,2,0x0
2128,1259,m68k,0x0001C98C,read,0x00A15107,1,0x4
2129,1259,m68k,0x0001C992,write,0x00A15112,2,0x0
2130,1259,m68k,0x0001C992,write,0x00A15112,2,0x0
2131,1259,m68k,0x0001C992,write,0x00A15112,2,0x0
2132,1259,m68k,0x0001C992,write,0x00A15112,2,0x0
2133,1259,m68k,0x0001C98C,read,0x00A15107,1,0x4
2134,1259,m68k,0x0001C992,write,0x00A15112,2,0x96
2135,1259,m68k,0x0001C992,write,0x00A15112,2,0x4892
2136,1259,m68k,0x0001C992,write,0x00A15112,2,0x85
2137,1259,m68k,0x0001C992,write,0x00A15112,2,0x5800
2138,1259,m68k,0x0001C98C,read,0x00A15107,1,0x4
2139,1259,m68k,0x0001C992,write,0x00A15112,2,0xFF5A
2140,1259,m68k,0x0001C992,write,0x00A15112,2,0xE624
2141,1259,m68k,0x0001C992,write,0x00A15112,2,0x85
2142,1259,m68k,0x0001C992,write,0x00A15112,2,0x0
2143,1259,m68k,0x0001C98C,read,0x00A15107,1,0x4
2144,1259,m68k,0x0001C992,write,0x00A15112,2,0x0
2145,1259,m68k,0x0001C992,write,0x00A15112,2,0xF
2146,1259,m68k,0x0001C992,write,0x00A15112,2,0xFFFF
2147,1259,m68k,0x0001C992,write,0x00A15112,2,0xFFFF
2148,1259,m68k,0x0001C98C,read,0x00A15107,1,0x4
2149,1259,m68k,0x0001C992,write,0x00A15112,2,0xFFBB
2150,1259,m68k,0x0001C992,write,0x00A15112,2,0xB53
2151,1259,m68k,0x0001C992,write,0x00A15112,2,0xE60A
2152,1259,m68k,0x0001C992,write,0x00A15112,2,0x0
2153,1259,m68k,0x0001C98C,read,0x00A15107,1,0x4
2154,1259,m68k,0x0001C992,write,0x00A15112,2,0x0
2155,1259,m68k,0x0001C992,write,0x00A15112,2,0x0
2156,1259,m68k,0x0001C992,write,0x00A15112,2,0x6000
2157,1259,m68k,0x0001C992,write,0x00A15112,2,0x214
2158,1259,m68k,0x0001C98C,read,0x00A15107,1,0x4
2159,1259,m68k,0x0001C992,write,0x00A15112,2,0x6000
2160,1259,m68k,0x0001C992,write,0x00A15112,2,0x0
2161,1259,m68k,0x0001C992,write,0x00A15112,2,0x0
2162,1259,m68k,0x0001C992,write,0x00A15112,2,0x0
2163,1259,m68k,0x0001C98C,read,0x00A15107,1,0x4
2164,1259,m68k,0x0001C992,write,0x00A15112,2,0x0
2165,1259,m68k,0x0001C992,write,0x00A15112,2,0x0
2166,1259,m68k,0x0001C992,write,0x00A15112,2,0x0
2167,1259,m68k,0x0001C992,write,0x00A15112,2,0x0
2168,1259,m68k,0x0001C98C,read,0x00A15107,1,0x4
2169,1259,m68k,0x0001C992,write,0x00A15112,2,0x0
2170,1259,m68k,0x0001C992,write,0x00A15112,2,0x0
2171,1259,m68k,0x0001C992,write,0x00A15112,2,0x2
2172,1259,m68k,0x0001C992,write,0x00A15112,2,0x0
2173,1259,m68k,0x0001C98C,read,0x00A15107,1,0x4
2174,1259,m68k,0x0001C992,write,0x00A15112,2,0x0
2175,1259,m68k,0x0001C992,write,0x00A15112,2,0x0
2176,1259,m68k,0x0001C992,write,0x00A15112,2,0x0
2177,1259,m68k,0x0001C992,write,0x00A15112,2,0x0
2178,1259,m68k,0x0001C98C,read,0x00A15107,1,0x4
2179,1259,m68k,0x0001C992,write,0x00A15112,2,0x0
2180,1259,m68k,0x0001C992,write,0x00A15112,2,0x0
2181,1259,m68k,0x0001C992,write,0x00A15112,2,0x0
2182,1259,m68k,0x0001C992,write,0x00A15112,2,0x0
2183,1259,m68k,0x0001C98C,read,0x00A15107,1,0x4
2184,1259,m68k,0x0001C992,write,0x00A15112,2,0x0
2185,1259,m68k,0x0001C992,write,0x00A15112,2,0x0
2186,1259,m68k,0x0001C992,write,0x00A15112,2,0x0
2187,1259,m68k,0x0001C992,write,0x00A15112,2,0x0
2188,1259,m68k,0x0001C98C,read,0x00A15107,1,0x4
2189,1259,m68k,0x0001C992,write,0x00A15112,2,0x0
2190,1259,m68k,0x0001C992,write,0x00A15112,2,0xFFBB
2191,1259,m68k,0x0001C992,write,0x00A15112,2,0x0
2192,1259,m68k,0x0001C992,write,0x00A15112,2,0x0
2193,1259,m68k,0x0001C98C,read,0x00A15107,1,0x4
2194,1259,m68k,0x0001C992,write,0x00A15112,2,0x0
2195,1259,m68k,0x0001C992,write,0x00A15112,2,0x0
2196,1259,m68k,0x0001C992,write,0x00A15112,2,0x0
2197,1259,m68k,0x0001C992,write,0x00A15112,2,0x0
2198,1259,m68k,0x0001C98C,read,0x00A15107,1,0x4
2199,1259,m68k,0x0001C992,write,0x00A15112,2,0x0
2200,1259,m68k,0x0001C992,write,0x00A15112,2,0x0
2201,1259,m68k,0x0001C992,write,0x00A15112,2,0x0
2202,1259,m68k,0x0001C992,write,0x00A15112,2,0x0
2203,1259,m68k,0x0001C98C,read,0x00A15107,1,0x4
2204,1259,m68k,0x0001C992,write,0x00A15112,2,0x0
2205,1259,m68k,0x0001C992,write,0x00A15112,2,0x0
2206,1259,m68k,0x0001C992,write,0x00A15112,2,0x0
2207,1259,m68k,0x0001C992,write,0x00A15112,2,0x0
2208,1259,m68k,0x0001C98C,read,0x00A15107,1,0x4
2209,1259,m68k,0x0001C992,write,0x00A15112,2,0x0
2210,1259,m68k,0x0001C992,write,0x00A15112,2,0x0
2211,1259,m68k,0x0001C992,write,0x00A15112,2,0x0
2212,1259,m68k,0x0001C992,write,0x00A15112,2,0x0
2213,1259,m68k,0x0001C98C,read,0x00A15107,1,0x4
2214,1259,m68k,0x0001C992,write,0x00A15112,2,0x0
2215,1259,m68k,0x0001C992,write,0x00A15112,2,0x0
2216,1259,m68k,0x0001C992,write,0x00A15112,2,0x0
2217,1259,m68k,0x0001C992,write,0x00A15112,2,0x0
2218,1259,m68k,0x0001C98C,read,0x00A15107,1,0x4
2219,1259,m68k,0x0001C992,write,0x00A15112,2,0x0
2220,1259,m68k,0x0001C992,write,0x00A15112,2,0x0
2221,1259,m68k,0x0001C992,write,0x00A15112,2,0xD
2222,1259,m68k,0x0001C992,write,0x00A15112,2,0xF
2223,1259,m68k,0x0001C98C,read,0x00A15107,1,0x4
2224,1259,m68k,0x0001C992,write,0x00A15112,2,0x0
2225,1259,m68k,0x0001C992,write,0x00A15112,2,0x0
2226,1259,m68k,0x0001C992,write,0x00A15112,2,0x0
2227,1259,m68k,0x0001C992,write,0x00A15112,2,0x0
2228,1259,m68k,0x0001C98C,read,0x00A15107,1,0x4
2229,1259,m68k,0x0001C992,write,0x00A15112,2,0x0
2230,1259,m68k,0x0001C992,write,0x00A15112,2,0x0
2231,1259,m68k,0x0001C992,write,0x00A15112,2,0x0
2232,1259,m68k,0x0001C992,write,0x00A15112,2,0x3D8
2233,1259,m68k,0x0001C98C,read,0x00A15107,1,0x4
2234,1259,m68k,0x0001C992,write,0x00A15112,2,0x0
2235,1259,m68k,0x0001C992,write,0x00A15112,2,0x0
2236,1259,m68k,0x0001C992,write,0x00A15112,2,0x0
2237,1259,m68k,0x0001C992,write,0x00A15112,2,0x0
2238,1259,m68k,0x0001C98C,read,0x00A15107,1,0x4
2239,1259,m68k,0x0001C992,write,0x00A15112,2,0x3
2240,1259,m68k,0x0001C992,write,0x00A15112,2,0x30
2241,1259,m68k,0x0001C992,write,0x00A15112,2,0x0
2242,1259,m68k,0x0001C992,write,0x00A15112,2,0xB53
2243,1259,m68k,0x0001C98C,read,0x00A15107,1,0x4
2244,1259,m68k,0x0001C992,write,0x00A15112,2,0xB53
2245,1259,m68k,0x0001C992,write,0x00A15112,2,0x0
2246,1259,m68k,0x0001C992,write,0x00A15112,2,0x0
2247,1259,m68k,0x0001C992,write,0x00A15112,2,0x97
2248,1259,m68k,0x0001C98C,read,0x00A15107,1,0x4
2249,1259,m68k,0x0001C992,write,0x00A15112,2,0x6032
2250,1259,m68k,0x0001C992,write,0x00A15112,2,0x0
2251,1259,m68k,0x0001C992,write,0x00A15112,2,0x0
2252,1259,m68k,0x0001C992,write,0x00A15112,2,0x0
2253,1259,m68k,0x0001C98C,read,0x00A15107,1,0x4
2254,1259,m68k,0x0001C992,write,0x00A15112,2,0x0
2255,1259,m68k,0x0001C992,write,0x00A15112,2,0x0
2256,1259,m68k,0x0001C992,write,0x00A15112,2,0x0
2257,1259,m68k,0x0001C992,write,0x00A15112,2,0x0
2258,1259,m68k,0x0001C98C,read,0x00A15107,1,0x4
2259,1259,m68k,0x0001C992,write,0x00A15112,2,0x0
2260,1259,m68k,0x0001C992,write,0x00A15112,2,0xE60A
2261,1259,m68k,0x0001C992,write,0x00A15112,2,0x0
2262,1259,m68k,0x0001C992,write,0x00A15112,2,0x0
2263,1259,m68k,0x0001C98C,read,0x00A15107,1,0x4
2264,1259,m68k,0x0001C992,write,0x00A15112,2,0x0
2265,1259,m68k,0x0001C992,write,0x00A15112,2,0x0
2266,1259,m68k,0x0001C992,write,0x00A15112,2,0x0
2267,1259,m68k,0x0001C992,write,0x00A15112,2,0x0
2268,1259,m68k,0x0001C98C,read,0x00A15107,1,0x4
2269,1259,m68k,0x0001C992,write,0x00A15112,2,0x0
2270,1259,m68k,0x0001C992,write,0x00A15112,2,0x0
2271,1259,m68k,0x0001C992,write,0x00A15112,2,0x0
2272,1259,m68k,0x0001C992,write,0x00A15112,2,0x0
2273,1259,m68k,0x0001C98C,read,0x00A15107,1,0x4
2274,1259,m68k,0x0001C992,write,0x00A15112,2,0x0
2275,1259,m68k,0x0001C992,write,0x00A15112,2,0x0
2276,1259,m68k,0x0001C992,write,0x00A15112,2,0x0
2277,1259,m68k,0x0001C992,write,0x00A15112,2,0x0
2278,1259,m68k,0x0001C98C,read,0x00A15107,1,0x4
2279,1259,m68k,0x0001C992,write,0x00A15112,2,0x0
2280,1259,m68k,0x0001C992,write,0x00A15112,2,0x0
2281,1259,m68k,0x0001C992,write,0x00A15112,2,0x0
2282,1259,m68k,0x0001C992,write,0x00A15112,2,0x0
2283,1259,m68k,0x0001C98C,read,0x00A15107,1,0x4
2284,1259,m68k,0x0001C992,write,0x00A15112,2,0x0
2285,1259,m68k,0x0001C992,write,0x00A15112,2,0x3C0
2286,1259,m68k,0x0001C992,write,0x00A15112,2,0x0
2287,1259,m68k,0x0001C992,write,0x00A15112,2,0x0
2288,1259,m68k,0x0001C98C,read,0x00A15107,1,0x4
2289,1259,m68k,0x0001C992,write,0x00A15112,2,0x0
2290,1259,m68k,0x0001C992,write,0x00A15112,2,0x0
2291,1259,m68k,0x0001C992,write,0x00A15112,2,0x0
2292,1259,m68k,0x0001C992,write,0x00A15112,2,0x0
2293,1259,m68k,0x0001C98C,read,0x00A15107,1,0x4
2294,1259,m68k,0x0001C992,write,0x00A15112,2,0x96
2295,1259,m68k,0x0001C992,write,0x00A15112,2,0x4C70
2296,1259,m68k,0x0001C992,write,0x00A15112,2,0x82
2297,1259,m68k,0x0001C992,write,0x00A15112,2,0x3A00
2298,1259,m68k,0x0001C98C,read,0x00A15107,1,0x4
2299,1259,m68k,0x0001C992,write,0x00A15112,2,0x29A
2300,1259,m68k,0x0001C992,write,0x00A15112,2,0xE6EC
2301,1259,m68k,0x0001C992,write,0x00A15112,2,0x82
2302,1259,m68k,0x0001C992,write,0x00A15112,2,0x0
2303,1259,m68k,0x0001C98C,read,0x00A15107,1,0x4
2304,1259,m68k,0x0001C992,write,0x00A15112,2,0x0
2305,1259,m68k,0x0001C992,write,0x00A15112,2,0x10
2306,1259,m68k,0x0001C992,write,0x00A15112,2,0xFFFF
2307,1259,m68k,0x0001C992,write,0x00A15112,2,0xFFFF
2308,1259,m68k,0x0001C98C,read,0x00A15107,1,0x4
2309,1259,m68k,0x0001C992,write,0x00A15112,2,0x2BE
2310,1259,m68k,0x0001C992,write,0x00A15112,2,0xB3F
2311,1259,m68k,0x0001C992,write,0x00A15112,2,0xE698
2312,1259,m68k,0x0001C992,write,0x00A15112,2,0x0
2313,1259,m68k,0x0001C98C,read,0x00A15107,1,0x4
2314,1259,m68k,0x0001C992,write,0x00A15112,2,0x0
2315,1259,m68k,0x0001C992,write,0x00A15112,2,0x0
2316,1259,m68k,0x0001C992,write,0x00A15112,2,0x4000
2317,1259,m68k,0x0001C992,write,0x00A15112,2,0x208
2318,1259,m68k,0x0001C98C,read,0x00A15107,1,0x4
2319,1259,m68k,0x0001C992,write,0x00A15112,2,0x4000
2320,1259,m68k,0x0001C992,write,0x00A15112,2,0x0
2321,1259,m68k,0x0001C992,write,0x00A15112,2,0x0
2322,1259,m68k,0x0001C992,write,0x00A15112,2,0x0
2323,1259,m68k,0x0001C98C,read,0x00A15107,1,0x4
2324,1259,m68k,0x0001C992,write,0x00A15112,2,0x0
2325,1259,m68k,0x0001C992,write,0x00A15112,2,0x0
2326,1259,m68k,0x0001C992,write,0x00A15112,2,0x0
2327,1259,m68k,0x0001C992,write,0x00A15112,2,0x0
2328,1259,m68k,0x0001C98C,read,0x00A15107,1,0x4
2329,1259,m68k,0x0001C992,write,0x00A15112,2,0x0
2330,1259,m68k,0x0001C992,write,0x00A15112,2,0x0
2331,1259,m68k,0x0001C992,write,0x00A15112,2,0x2
2332,1259,m68k,0x0001C992,write,0x00A15112,2,0x0
2333,1259,m68k,0x0001C98C,read,0x00A15107,1,0x4
2334,1259,m68k,0x0001C992,write,0x00A15112,2,0x0
2335,1259,m68k,0x0001C992,write,0x00A15112,2,0x0
2336,1259,m68k,0x0001C992,write,0x00A15112,2,0x0
2337,1259,m68k,0x0001C992,write,0x00A15112,2,0x0
2338,1259,m68k,0x0001C98C,read,0x00A15107,1,0x4
2339,1259,m68k,0x0001C992,write,0x00A15112,2,0x0
2340,1259,m68k,0x0001C992,write,0x00A15112,2,0x0
2341,1259,m68k,0x0001C992,write,0x00A15112,2,0x0
2342,1259,m68k,0x0001C992,write,0x00A15112,2,0x0
2343,1259,m68k,0x0001C98C,read,0x00A15107,1,0x4
2344,1259,m68k,0x0001C992,write,0x00A15112,2,0x0
2345,1259,m68k,0x0001C992,write,0x00A15112,2,0x0
2346,1259,m68k,0x0001C992,write,0x00A15112,2,0x0
2347,1259,m68k,0x0001C992,write,0x00A15112,2,0x0
2348,1259,m68k,0x0001C98C,read,0x00A15107,1,0x4
2349,1259,m68k,0x0001C992,write,0x00A15112,2,0x0
2350,1259,m68k,0x0001C992,write,0x00A15112,2,0x2BE
2351,1259,m68k,0x0001C992,write,0x00A15112,2,0x0
2352,1259,m68k,0x0001C992,write,0x00A15112,2,0x0
2353,1259,m68k,0x0001C98C,read,0x00A15107,1,0x4
2354,1259,m68k,0x0001C992,write,0x00A15112,2,0x0
2355,1259,m68k,0x0001C992,write,0x00A15112,2,0x0
2356,1259,m68k,0x0001C992,write,0x00A15112,2,0x0
2357,1259,m68k,0x0001C992,write,0x00A15112,2,0x0
2358,1259,m68k,0x0001C98C,read,0x00A15107,1,0x4
2359,1259,m68k,0x0001C992,write,0x00A15112,2,0x0
2360,1259,m68k,0x0001C992,write,0x00A15112,2,0x0
2361,1259,m68k,0x0001C992,write,0x00A15112,2,0x0
2362,1259,m68k,0x0001C992,write,0x00A15112,2,0x0
2363,1259,m68k,0x0001C98C,read,0x00A15107,1,0x4
2364,1259,m68k,0x0001C992,write,0x00A15112,2,0x0
2365,1259,m68k,0x0001C992,write,0x00A15112,2,0x0
2366,1259,m68k,0x0001C992,write,0x00A15112,2,0x0
2367,1259,m68k,0x0001C992,write,0x00A15112,2,0x0
2368,1259,m68k,0x0001C98C,read,0x00A15107,1,0x4
2369,1259,m68k,0x0001C992,write,0x00A15112,2,0x0
2370,1259,m68k,0x0001C992,write,0x00A15112,2,0x0
2371,1259,m68k,0x0001C992,write,0x00A15112,2,0x0
2372,1259,m68k,0x0001C992,write,0x00A15112,2,0x0
2373,1259,m68k,0x0001C98C,read,0x00A15107,1,0x4
2374,1259,m68k,0x0001C992,write,0x00A15112,2,0x0
2375,1259,m68k,0x0001C992,write,0x00A15112,2,0x0
2376,1259,m68k,0x0001C992,write,0x00A15112,2,0x0
2377,1259,m68k,0x0001C992,write,0x00A15112,2,0x0
2378,1259,m68k,0x0001C98C,read,0x00A15107,1,0x4
2379,1259,m68k,0x0001C992,write,0x00A15112,2,0x0
2380,1259,m68k,0x0001C992,write,0x00A15112,2,0x0
2381,1259,m68k,0x0001C992,write,0x00A15112,2,0xE
2382,1259,m68k,0x0001C992,write,0x00A15112,2,0x0
2383,1259,m68k,0x0001C98C,read,0x00A15107,1,0x4
2384,1259,m68k,0x0001C992,write,0x00A15112,2,0x0
2385,1259,m68k,0x0001C992,write,0x00A15112,2,0x0
2386,1259,m68k,0x0001C992,write,0x00A15112,2,0x0
2387,1259,m68k,0x0001C992,write,0x00A15112,2,0x0
2388,1259,m68k,0x0001C98C,read,0x00A15107,1,0x4
2389,1259,m68k,0x0001C992,write,0x00A15112,2,0x0
2390,1259,m68k,0x0001C992,write,0x00A15112,2,0x0
2391,1259,m68k,0x0001C992,write,0x00A15112,2,0x0
2392,1259,m68k,0x0001C992,write,0x00A15112,2,0x3C0
2393,1259,m68k,0x0001C98C,read,0x00A15107,1,0x4
2394,1259,m68k,0x0001C992,write,0x00A15112,2,0x0
2395,1259,m68k,0x0001C992,write,0x00A15112,2,0x0
2396,1259,m68k,0x0001C992,write,0x00A15112,2,0x0
2397,1259,m68k,0x0001C992,write,0x00A15112,2,0x0
2398,1259,m68k,0x0001C98C,read,0x00A15107,1,0x4
2399,1259,m68k,0x0001C992,write,0x00A15112,2,0x0
2400,1259,m68k,0x0001C992,write,0x00A15112,2,0x30
2401,1259,m68k,0x0001C992,write,0x00A15112,2,0x0
2402,1259,m68k,0x0001C992,write,0x00A15112,2,0xB3F
2403,1259,m68k,0x0001C98C,read,0x00A15107,1,0x4
2404,1259,m68k,0x0001C992,write,0x00A15112,2,0xB3F
2405,1259,m68k,0x0001C992,write,0x00A15112,2,0x0
2406,1259,m68k,0x0001C992,write,0x00A15112,2,0x0
2407,1259,m68k,0x0001C992,write,0x00A15112,2,0x97
2408,1259,m68k,0x0001C98C,read,0x00A15107,1,0x4
2409,1259,m68k,0x0001C992,write,0x00A15112,2,0x6362
2410,1259,m68k,0x0001C992,write,0x00A15112,2,0x0
2411,1259,m68k,0x0001C992,write,0x00A15112,2,0x0
2412,1259,m68k,0x0001C992,write,0x00A15112,2,0x0
2413,1259,m68k,0x0001C98C,read,0x00A15107,1,0x4
2414,1259,m68k,0x0001C992,write,0x00A15112,2,0x0
2415,1259,m68k,0x0001C992,write,0x00A15112,2,0x0
2416,1259,m68k,0x0001C992,write,0x00A15112,2,0x0
2417,1259,m68k,0x0001C992,write,0x00A15112,2,0x0
2418,1259,m68k,0x0001C98C,read,0x00A15107,1,0x4
2419,1259,m68k,0x0001C992,write,0x00A15112,2,0x0
2420,1259,m68k,0x0001C992,write,0x00A15112,2,0xE698
2421,1259,m68k,0x0001C992,write,0x00A15112,2,0x0
2422,1259,m68k,0x0001C992,write,0x00A15112,2,0x0
2423,1259,m68k,0x0001C98C,read,0x00A15107,1,0x4
2424,1259,m68k,0x0001C992,write,0x00A15112,2,0x0
2425,1259,m68k,0x0001C992,write,0x00A15112,2,0x0
2426,1259,m68k,0x0001C992,write,0x00A15112,2,0x0
2427,1259,m68k,0x0001C992,write,0x00A15112,2,0x0
2428,1259,m68k,0x0001C98C,read,0x00A15107,1,0x4
2429,1259,m68k,0x0001C992,write,0x00A15112,2,0x0
2430,1259,m68k,0x0001C992,write,0x00A15112,2,0x0
2431,1259,m68k,0x0001C992,write,0x00A15112,2,0x0
2432,1259,m68k,0x0001C992,write,0x00A15112,2,0x0
2433,1259,m68k,0x0001C98C,read,0x00A15107,1,0x4
2434,1259,m68k,0x0001C992,write,0x00A15112,2,0x0
2435,1259,m68k,0x0001C992,write,0x00A15112,2,0x0
2436,1259,m68k,0x0001C992,write,0x00A15112,2,0x0
2437,1259,m68k,0x0001C992,write,0x00A15112,2,0x0
2438,1259,m68k,0x0001C9A0,read,0x00A15110,2,0x0
2439,1259,m68k,0x0001C9AA,read,0x00A15107,1,0x0
2440,1259,m68k,0x0001C9B4,read,0x00A15103,1,0x0
2441,1259,m68k,0x0001C9BE,read,0x00A15103,1,0x0
2442,1259,m68k,0x0001C9BE,write,0x00A15103,1,0x1
2443,1259,m68k,0x0001C9C6,read,0x00A15103,1,0x1
2444,1259,m68k,0x0001C9C6,read,0x00A15103,1,0x1
2445,1259,master,0x02303B00,read,0xFFFFFE17,1,0xE0
2446,1259,master,0x02303B00,write,0xFFFFFE17,1,0xE2
2447,1259,master,0x02303B6A,read,0x20004006,2,0x4000
2448,1259,master,0x02303B6A,read,0x20004010,2,0x0
2449,1259,master,0x02303B6A,read,0x2000400C,2,0x1
2450,1259,master,0x02303B6A,read,0x2000400E,2,0x0
2451,1259,master,0x02303D0E,read,0xFFFFFF80,4,0x20004012
2452,1259,master,0x02303D0E,read,0xFFFFFF84,4,0x6010F00
2453,1259,master,0x02303D0E,read,0xFFFFFF88,4,0x0
2454,1259,master,0x02303D0E,read,0xFFFFFF8C,4,0x44E3
2455,1259,master,0x02303D0E,read,0xFFFFFFB0,4,0x1
2456,1259,master,0x02303BC0,read,0xFFFFFF8C,4,0x44E3
2457,1259,master,0x02303BC0,read,0xFFFFFF88,4,0x0
2458,1259,master,0x02303BC0,read,0xFFFFFF84,4,0x6010F00
2459,1259,master,0x02303BC0,write,0xFFFFFF8C,4,0x44E0
2460,1259,master,0x02303BC0,read,0xFFFFFF8C,4,0x44E0
2461,1259,master,0x02303BC0,read,0x20004000,2,0x8202
2462,1259,master,0x02303BC0,write,0x20004000,2,0x8200
2463,1259,master,0x02303BC0,read,0x20004000,2,0x8200
2464,1259,m68k,0x0001C9C6,read,0x00A15103,1,0x1
2465,1259,m68k,0x0001C9C6,read,0x00A15103,1,0x1
2466,1259,m68k,0x0001C9C6,read,0x00A15103,1,0x1
2467,1259,master,0x02303CD0,write,0x2000401A,2,0x0
2468,1259,master,0x02303CD0,read,0x2000401A,2,0x0
2469,1259,master,0x02303CD0,write,0x20004000,2,0x8202
2470,1259,master,0x02303CD0,read,0x20004000,2,0x8202
2471,1259,m68k,0x0001C9C6,read,0x00A15103,1,0x0
# COMPLETE frames=1260 events=2472 recorded=2472 dropped=0 errors=0 overflow=0 raw_m68k=191558 raw_master=6214629 pc_rejected_m68k=189132 pc_rejected_master=6214583 direct_m68k=1 direct_master=1 observer_detached=1 pc_allowlist=m68k:0x0001C922-0x0001C9CC;master:0x02303B00-0x02303F1C
