cpu,pc,opcode_hash,flags,width,count,first_sequence,first_frame,last_frame,sample_raw,sample_value,min_slot,max_slot
2,0xc00006ba,0x00000000,9,2,1508,135427540,398,1339,0xc00006ba,0x00004518,0,0
1,0xc00006ba,0x00000000,9,2,6955,270039133,743,1232,0xc00006ba,0x00004518,0,0
1,0xc00001d0,0x00000000,9,2,47606,135141587,398,1339,0xc00001d0,0x00004018,0,0
2,0xc00001d0,0x00000000,9,2,61980,135147061,398,1339,0xc00001d0,0x00004018,0,0
0,0x008b13e2,0x00000000,9,2,13,134217423,395,774,0x008b13e2,0x000008ed,0,0
0,0x008b0ef8,0x00000000,9,2,466,281348568,774,1234,0x008b0ef8,0x00008001,0,0
0,0x008b12f6,0x00000000,6,4,25,134211469,395,1255,0x00ffffdc,0x008b12fa,0,0
0,0x008b003a,0x00000000,9,2,1115,3122081,15,1339,0x008b003a,0x00006a04,0,0
1,0xc0000640,0x00000000,9,2,4290,135248407,398,1339,0xc0000640,0x0000354c,0,0
2,0xc0000640,0x00000000,9,2,20,179796810,506,512,0xc0000640,0x0000354c,0,0
0,0x0088d640,0x00000000,6,4,1,404556162,1112,1112,0x00fffff8,0x0088d644,0,0
1,0xc0000156,0x00000000,9,2,106116,135141627,398,1339,0xc0000156,0x00001605,0,0
2,0xc0000156,0x00000000,9,2,54142,135147101,398,1339,0xc0000156,0x00001605,0,0
0,0x008989b0,0x00000000,6,2,1411,134172765,394,1339,0x00a15112,0x00000000,1,1
0,0x008b0e7e,0x00000000,9,2,72,134217312,395,1234,0x008b0e7e,0x00001a1c,0,0
1,0xc00005c6,0x00000000,9,2,16,155330559,446,1115,0xc00005c6,0x0000b021,0,0
1,0xc00000dc,0x00000000,9,2,7562,135186506,398,1339,0xc00000dc,0x0000aff4,0,0
2,0xc00000dc,0x00000000,9,2,18121,135264651,398,1339,0xc00000dc,0x0000aff4,0,0
0,0x00898936,0x00000000,6,2,1411,134171136,394,1339,0x00a15112,0x00000000,1,1
2,0xc0000102,0x00000000,10,2,17119,135589073,398,1338,0x0601802a,0x00000068,0,0
1,0xc0000102,0x00000000,10,4,140630,135176800,398,1339,0x06018004,0xffe589e7,0,0
2,0xc0000102,0x00000000,10,4,66478,135184639,398,1339,0x0601c044,0x0005d1a7,0,0
0,0x008b0e04,0x00000000,9,2,3,134205689,394,743,0x008b0e04,0x000066f6,0,0
0,0x008b1314,0x00000000,10,2,2,451790301,1234,1234,0x00ff0004,0x0000d864,1,2
0,0x008989a8,0x00000000,9,2,1411,134172655,394,1339,0x008989a8,0x00003499,0,0
0,0x008989ce,0x00000000,10,2,1411,134173207,394,1339,0x00ff60e2,0x00000000,0,0
0,0x0088e966,0x00000000,9,2,30,318746763,881,1096,0x0088e966,0x00004eba,0,0
1,0xc000054c,0x00000000,9,2,798,135253075,398,1339,0xc000054c,0x0000e320,0,0
2,0xc000054c,0x00000000,9,2,3,179796837,506,512,0xc000054c,0x0000e320,0,0
1,0xc0000062,0x00000000,9,2,18107,135176794,398,1339,0xc0000062,0x0000e700,0,0
2,0xc0000062,0x00000000,9,2,46607,135184633,398,1339,0xc0000062,0x0000e700,0,0
0,0x008b082e,0x00000000,6,1,4,305106200,841,1255,0x00ff87a7,0x000000c0,0,0
0,0x0089892e,0x00000000,9,2,1411,134171030,394,1339,0x0089892e,0x00003499,0,0
0,0x00898954,0x00000000,10,2,1411,134171562,394,1339,0x00ff6068,0x00000000,0,0
0,0x008b03dc,0x00000000,10,1,248,169944988,482,1339,0x00ff8598,0x00000000,0,0
1,0xc00004d2,0x00000000,9,2,373,160282575,458,1339,0xc00004d2,0x0000e310,0,0
0,0x008821fa,0x00000000,10,2,1,457739097,1256,1256,0xffffc8c8,0x00000000,0,0
0,0x008b0d10,0x00000000,9,2,895,1312419,9,1339,0x008b0d10,0x00000810,0,0
0,0x008b0826,0x00000000,9,2,4,305106195,841,1255,0x008b0826,0x00001b46,0,0
1,0xc0000458,0x00000000,9,2,8,159041877,455,1115,0xc0000458,0x0000e110,0,0
0,0x008b0250,0x00000000,6,1,604,134466215,395,1234,0x00ff86d8,0x0000000f,1,1
0,0x008b1180,0x00000000,9,2,1,457494917,1255,1255,0x008b1180,0x0000101c,0,0
0,0x008b0c96,0x00000000,9,2,217,133677210,392,1255,0x008b0c96,0x00007028,0,0
0,0x008b07ac,0x00000000,9,2,4,305106114,841,1255,0x008b07ac,0x00003219,0,0
1,0xc00003de,0x00000000,9,2,60,166068679,473,1339,0xc00003de,0x00003463,0,0
2,0xc00003de,0x00000000,9,2,114,179799257,506,1339,0xc00003de,0x00003463,0,0
0,0x008b06c0,0x00000000,6,2,3,133677064,392,742,0x00a11100,0x00000000,0,0
0,0x008b01d6,0x00000000,6,1,485,134212494,395,1339,0x00ff857e,0x00000000,1,1
0,0x008b0c1c,0x00000000,9,2,1306,1046482,8,14,0x008b0c1c,0x000012d8,0,0
0,0x008b0732,0x00000000,9,2,18,133677164,392,742,0x008b0732,0x0000d2c6,0,0
0,0x008b0248,0x00000000,9,2,3414,134465949,395,1234,0x008b0248,0x00006746,0,0
0,0x008b026e,0x00000000,10,1,93,148319301,429,1233,0x008b8354,0x00000003,0,0
2,0xc0000364,0x00000000,9,2,3780,135187553,398,1339,0xc0000364,0x0000000b,0,0
1,0xc0000364,0x00000000,9,2,9629,135248561,398,1339,0xc0000364,0x0000000b,0,0
0,0x008b015c,0x00000000,6,4,418,134205784,394,1339,0x00ffffe0,0x008b0160,0,0
0,0x008b0ba2,0x00000000,9,2,5,1311461,9,1235,0x008b0ba2,0x0000204e,0,0
0,0x008b06b8,0x00000000,9,2,3,133677035,392,742,0x008b06b8,0x00004eba,0,0
0,0x008b01ce,0x00000000,9,2,36,134212488,395,1223,0x008b01ce,0x0000426d,0,0
0,0x008b06de,0x00000000,10,1,9,133677076,392,742,0x008b0794,0x00000080,0,0
0,0x008b01f4,0x00000000,10,1,401,134212508,395,1255,0x00ff857a,0x00000000,0,0
1,0xc00002ea,0x00000000,9,2,4572,135262038,398,1339,0xc00002ea,0x00006093,0,0
2,0xc00002ea,0x00000000,9,2,312,179799300,506,1339,0xc00002ea,0x00006093,0,0
2,0xc0000310,0x00000000,10,2,11222,135187030,398,1339,0x0600f60c,0x0000003c,0,0
1,0xc0000310,0x00000000,10,2,26814,135248512,398,1339,0x0600f45c,0x000008c6,0,0
0,0x008b14fc,0x00000000,9,2,13,134217255,395,1203,0x008b14fc,0x00001b5c,0,0
0,0x008b063e,0x00000000,9,2,3,133676826,392,742,0x008b063e,0x00001d6c,0,0
0,0x008b0154,0x00000000,9,2,702,134205779,394,1339,0x008b0154,0x00001a1c,0,0
0,0x008b0068,0x00000000,6,1,1114,3531851,15,1339,0x00ff850e,0x00000080,0,0
0,0x0088592a,0x00000000,9,2,142,134466358,395,1339,0x0088592a,0x000073f8,0,0
0,0x008b008e,0x00000000,9,2,3342,3531873,15,1339,0x008b008e,0x000051cf,0,0
2,0xc0000694,0x00000000,9,2,1508,135427509,398,1339,0xc0000694,0x0000054f,0,0
1,0xc0000694,0x00000000,9,2,6955,270039102,743,1232,0xc0000694,0x0000054f,0,0
2,0xc00001aa,0x00000000,9,2,262159,135588932,398,1338,0xc00001aa,0x00008f03,0,0
0,0x008b13bc,0x00000000,9,2,40,308801259,851,1258,0x008b13bc,0x000051cd,0,0
0,0x008b0ed2,0x00000000,9,2,1148,134466177,395,1233,0x008b0ed2,0x00006738,0,0
0,0x008b09e8,0x00000000,9,2,12,95429622,241,349,0x008b09e8,0x0000dafc,0,0
0,0x00ff0014,0x00000000,9,2,753,125199057,360,1339,0x00ff0014,0x000073f6,0,0
1,0xc000010a,0x00000000,6,4,140630,135176808,398,1339,0x0600f404,0xffe589e7,0,0
2,0xc000010a,0x00000000,6,4,66478,135184647,398,1339,0x0600f604,0x0005d1a7,0,0
1,0xc000061a,0x00000000,9,2,4290,135248378,398,1339,0xc000061a,0x00001700,0,0
2,0xc000061a,0x00000000,9,2,20,179796781,506,512,0xc000061a,0x00001700,0,0
1,0xc0000130,0x00000000,9,2,896,135141574,398,1339,0xc0000130,0x000057e2,0,0
2,0xc0000130,0x00000000,9,2,38588,135147048,398,1339,0xc0000130,0x000057e2,0,0
0,0x008928fc,0x00000000,6,4,1,268784805,740,740,0x00fffff8,0x00892900,0,0
0,0x008b0a5a,0x00000000,10,4,2,95429662,241,349,0x00ffffe4,0x008b0a64,0,0
0,0x008b0086,0x00000000,10,1,3342,3531871,15,1339,0x00ff87b0,0x00000000,0,0
0,0x008989d6,0x00000000,6,2,1411,134173312,394,1339,0x00a15112,0x00000000,1,1
1,0xc00005a0,0x00000000,9,2,10,155336335,446,869,0xc00005a0,0x0000b02d,0,0
1,0xc00000b6,0x00000000,9,2,37882,135177137,398,1339,0xc00000b6,0x000081e1,0,0
2,0xc00000b6,0x00000000,9,2,301458,135184986,398,1339,0xc00000b6,0x000081e1,0,0
0,0x008b12c8,0x00000000,9,2,22,134211451,395,1255,0x008b12c8,0x00001b40,0,0
0,0x0089895c,0x00000000,6,2,1411,134171671,394,1339,0x00a15112,0x00000000,1,1
0,0x00898982,0x00000000,9,2,1411,134172124,394,1339,0x00898982,0x00003499,0,0
1,0xc0000526,0x00000000,9,2,493,135253666,398,1339,0xc0000526,0x0000aeae,0,0
2,0xc0000526,0x00000000,9,2,3,181178677,509,512,0xc0000526,0x0000aeae,0,0
1,0xc000003c,0x00000000,9,2,7562,135186520,398,1339,0xc000003c,0x0000e703,0,0
2,0xc000003c,0x00000000,9,2,39504,135264665,398,1339,0xc000003c,0x0000e703,0,0
0,0x00898908,0x00000000,9,2,1411,134170479,394,1339,0x00898908,0x00003499,0,0
1,0xc00004ac,0x00000000,9,2,32,162723625,464,1339,0xc00004ac,0x0000b0ae,0,0
0,0x0089897a,0x00000000,10,2,1411,134171999,394,1339,0x00ff608e,0x00000000,0,0
2,0xc0000034,0x00000000,10,4,37668,135588786,398,1338,0xc000008c,0x060048d0,0,0
0,0x008b0800,0x00000000,9,2,4,305106140,841,1255,0x008b0800,0x0000700b,0,0
1,0xc0000432,0x00000000,9,2,20365,135248579,398,1339,0xc0000432,0x00004409,0,0
2,0xc0000432,0x00000000,9,2,3427,135425939,398,1339,0xc0000432,0x00004409,0,0
0,0x0088b7a2,0x00000000,9,2,7,487150054,1319,1337,0x0088b7a2,0x00006656,0,0
0,0x00898900,0x00000000,10,2,1411,134170374,394,1339,0x00ff6014,0x0000220a,0,0
0,0x008b115a,0x00000000,9,2,1,458560991,1258,1258,0x008b115a,0x00007200,0,0
0,0x008b029c,0x00000000,9,2,36,134212559,395,1223,0x008b029c,0x00004e75,0,0
1,0xc00003b8,0x00000000,9,2,4573,135261993,398,1339,0xc00003b8,0x00000123,0,0
2,0xc00003b8,0x00000000,9,2,312,179799249,506,1339,0xc00003b8,0x00000123,0,0
0,0x008b0ce2,0x00000000,10,2,4,273912477,753,1235,0x00ff0004,0x00002a40,0,1
0,0x0088ddfe,0x00000000,9,2,39,407427678,1120,1234,0x0088ddfe,0x000073f8,0,0
0,0x008b06e6,0x00000000,6,1,9,133677081,392,742,0x00ff869d,0x00000030,0,0
1,0xc000042a,0x00000000,10,4,20365,135248574,398,1339,0xc0000730,0x06020000,0,0
2,0xc000042a,0x00000000,10,4,3427,135425934,398,1339,0xc0000730,0x06020010,0,0
0,0x008b0bf6,0x00000000,9,2,2,1046473,8,14,0x008b0bf6,0x00004df9,0,0
0,0x008b0692,0x00000000,9,2,18,133676868,392,742,0x008b0692,0x000051cf,0,0
0,0x008b01a8,0x00000000,9,2,164,169944810,482,1255,0x008b01a8,0x0000e16d,0,0
2,0xc00002c4,0x00000000,9,2,12221,135184911,398,1339,0xc00002c4,0x00001b34,0,0
1,0xc00002c4,0x00000000,9,2,28869,135248619,398,1339,0xc00002c4,0x00001b34,0,0
0,0x008b021a,0x00000000,10,1,3414,134465934,395,1234,0x00ff8582,0x00000000,0,0
0,0x00881adc,0x00000000,9,2,139,136193891,400,1338,0x00881adc,0x000073f6,0,0
0,0x008b0b02,0x00000000,9,2,673,134205626,394,1235,0x008b0b02,0x00006416,0,0
0,0x008b0108,0x00000000,6,4,35,134205737,394,1234,0x00ffffe4,0x008b010c,0,0
0,0x008b012e,0x00000000,9,2,284,134212551,395,1339,0x008b012e,0x00004eba,0,0
0,0x008b0f72,0x00000000,9,2,601,281348610,774,1234,0x008b0f72,0x00008c2d,0,0
2,0xc00002bc,0x00000000,10,4,12221,135184904,398,1339,0x0600f63c,0x006a0005,0,0
1,0xc00002bc,0x00000000,10,4,28869,135248612,398,1339,0x0600f48c,0x0052ffea,0,0
2,0xc0000694,0x00000000,10,4,3016,135427510,398,1339,0xc0000784,0xffff4b9c,0,1
1,0xc0000694,0x00000000,10,4,13910,270039103,743,1232,0xc0000784,0xffff4b80,0,1
0,0x008989de,0x00000000,6,2,1411,134173422,394,1339,0x00a15112,0x00000000,1,1
0,0x008b0100,0x00000000,9,2,37,134205733,394,1234,0x008b0100,0x0000661c,0,0
0,0x008854b2,0x00000000,9,2,1,132691496,389,389,0x008854b2,0x00004eba,0,0
1,0x0000021c,0x00000000,9,2,1,284574,5,5,0x0000021c,0x0000482b,0,0
2,0x0000021c,0x00000000,9,2,1,284819,5,5,0x0000021c,0x00000009,0,0
1,0xc000021c,0x00000000,9,2,389,135432072,398,1339,0xc000021c,0x0000000b,0,0
2,0xc000021c,0x00000000,9,2,2662,135795021,399,1339,0xc000021c,0x00003033,0,0
0,0x0088dade,0x00000000,6,4,40,405870081,1115,1232,0x00fffff8,0x0088dae2,0,0
0,0x008b142e,0x00000000,9,2,8,170041762,483,1234,0x008b142e,0x00004eba,0,0
0,0x008b0f44,0x00000000,9,2,71,137171087,402,480,0x008b0f44,0x00000c00,0,0
0,0x00898964,0x00000000,6,2,1411,134171777,394,1339,0x00a15112,0x00000000,1,1
1,0xc0000130,0x00000000,10,4,896,135141575,398,1339,0xc0000708,0x00000070,0,0
2,0xc0000130,0x00000000,10,4,920,135147049,398,1339,0xc0000708,0x00000070,0,0
0,0x008b0a5a,0x00000000,9,2,2,95429661,241,349,0x008b0a5a,0x00004e75,0,0
0,0x008b0570,0x00000000,9,2,1118,3032229,14,1339,0x008b0570,0x00006700,0,0
0,0x008b0086,0x00000000,9,2,3342,3531870,15,1339,0x008b0086,0x00004a15,0,0
2,0xc000068c,0x00000000,9,2,1508,135427501,398,1339,0xc000068c,0x00000028,0,0
1,0xc000068c,0x00000000,9,2,6955,270039094,743,1232,0xc000068c,0x00000028,0,0
1,0xc00001a2,0x00000000,9,2,895,135176762,398,1339,0xc00001a2,0x0000000b,0,0
2,0xc00001a2,0x00000000,9,2,123405,135184601,398,1339,0xc00001a2,0x0000000b,0,0
0,0x00892810,0x00000000,6,4,1,268516015,739,739,0x00fffff8,0x00892814,0,0
0,0x008b13b4,0x00000000,9,2,10,308801280,851,1258,0x008b13b4,0x0000d203,0,0
1,0xc0000612,0x00000000,9,2,4290,135248372,398,1339,0xc0000612,0x000033cc,0,0
2,0xc0000612,0x00000000,9,2,20,179796775,506,512,0xc0000612,0x000033cc,0,0
1,0xc0000128,0x00000000,9,2,896,135141566,398,1339,0xc0000128,0x00004f22,0,0
2,0xc0000128,0x00000000,9,2,920,135147040,398,1339,0xc0000128,0x00004f22,0,0
0,0x00898982,0x00000000,10,2,1411,134172125,394,1339,0x00ff6096,0x00000000,0,0
2,0xc000003c,0x00000000,10,2,37668,135588792,398,1338,0x06018004,0x00000068,0,0
1,0xc0000598,0x00000000,9,2,10,155336268,446,869,0xc0000598,0x0000e200,0,0
1,0xc00000ae,0x00000000,9,2,11624,135177074,398,1339,0xc00000ae,0x0000000b,0,0
2,0xc00000ae,0x00000000,9,2,11770,135264254,398,1339,0xc00000ae,0x0000000b,0,0
0,0x00898908,0x00000000,10,2,1411,134170480,394,1339,0x00ff601c,0x0000220b,0,0
0,0x0089897a,0x00000000,9,2,1411,134171998,394,1339,0x0089897a,0x00003499,0,0
1,0xc000051e,0x00000000,9,2,493,135253599,398,1339,0xc000051e,0x0000e130,0,0
2,0xc000051e,0x00000000,9,2,3,181178610,509,512,0xc000051e,0x0000e130,0,0
1,0xc0000034,0x00000000,9,2,48373,135176985,398,1339,0xc0000034,0x00008800,0,0
2,0xc0000034,0x00000000,9,2,61050,135184818,398,1339,0xc0000034,0x00008800,0,0
0,0x008b0204,0x00000000,6,1,157,134217492,395,1234,0x00ff86d9,0x00000001,1,1
0,0x00898900,0x00000000,9,2,1411,134170373,394,1339,0x00898900,0x00003499,0,0
1,0xc00004a4,0x00000000,9,2,32,162723558,464,1339,0xc00004a4,0x0000b0b2,0,0
0,0x008b029c,0x00000000,10,4,36,134212560,395,1223,0x00ffffe4,0x008b0132,0,0
0,0x008b0ce2,0x00000000,9,2,5696,1311410,9,1339,0x008b0ce2,0x000066fa,0,0
1,0xc000042a,0x00000000,9,2,20365,135248573,398,1339,0xc000042a,0x000052ec,0,0
2,0xc000042a,0x00000000,9,2,3427,135425933,398,1339,0xc000042a,0x000052ec,0,0
0,0x008b0fce,0x00000000,6,1,5,1313189,9,1236,0x00c00011,0x0000009f,0,0
0,0x008b1152,0x00000000,9,2,1,458560987,1258,1258,0x008b1152,0x00006a02,0,0
0,0x008b0110,0x00000000,6,1,35,134205750,394,1234,0x00a00ffe,0x00000002,0,0
0,0x008b077e,0x00000000,9,2,3,133677547,392,742,0x008b077e,0x00006608,0,0
1,0xc00003b0,0x00000000,9,2,4573,135261986,398,1339,0xc00003b0,0x0000c702,0,0
2,0xc00003b0,0x00000000,9,2,312,179799242,506,1339,0xc00003b0,0x0000c702,0,0
0,0x008b0a6a,0x00000000,6,1,2,95429666,241,349,0x00ff8504,0x00000005,0,0
0,0x008b0bee,0x00000000,9,2,3,133676808,392,742,0x008b0bee,0x00001d7c,0,0
0,0x008b0704,0x00000000,9,2,9,133677099,392,742,0x008b0704,0x0000d2c6,0,0
2,0xc000069c,0x00000000,6,4,1508,135427516,398,1339,0x0600ffe0,0x0000cd14,0,0
1,0xc000069c,0x00000000,6,4,6955,270039109,743,1232,0x0600ff60,0x00006f16,0,0
0,0x008b021a,0x00000000,9,2,3414,134465933,395,1234,0x008b021a,0x00004a2d,0,0
2,0xc0000336,0x00000000,9,2,11222,135187058,398,1339,0xc0000336,0x00004015,0,0
1,0xc0000336,0x00000000,9,2,26814,135248540,398,1339,0xc0000336,0x00004015,0,0
0,0x008b1548,0x00000000,9,2,6,288569888,794,834,0x008b1548,0x00001b40,0,0
0,0x008b0b74,0x00000000,9,2,60,1312392,9,1236,0x008b0b74,0x00004eba,0,0
0,0x008b01a0,0x00000000,9,2,164,169944807,482,1255,0x008b01a0,0x00004845,0,0
0,0x008b0f72,0x00000000,10,1,601,281348611,774,1234,0x00ff8691,0x00000080,0,0
0,0x00882992,0x00000000,9,2,28,457244072,1254,1338,0x00882992,0x00006600,0,0
2,0xc00002bc,0x00000000,9,2,12221,135184903,398,1339,0xc00002bc,0x000053cf,0,0
1,0xc00002bc,0x00000000,9,2,28869,135248611,398,1339,0xc00002bc,0x000053cf,0,0
0,0x008b0f98,0x00000000,9,2,131,142937499,416,1233,0x008b0f98,0x00006000,0,0
0,0x008b05c4,0x00000000,9,2,2,95429576,241,349,0x008b05c4,0x00006000,0,0
0,0x008b00da,0x00000000,9,2,37,134205707,394,1234,0x008b00da,0x00006a12,0,0
1,0xc00001f6,0x00000000,9,2,55989,135176906,398,1339,0xc00001f6,0x0000e000,0,0
2,0xc00001f6,0x00000000,9,2,27873,135184745,398,1339,0xc00001f6,0x0000e000,0,0
0,0x008b13e2,0x00000000,10,1,13,134217424,395,774,0x00ff86ca,0x00000000,0,0
0,0x008b0060,0x00000000,9,2,1244,134217228,395,1234,0x008b0060,0x00004eba,0,0
0,0x0089898a,0x00000000,6,2,1411,134172328,394,1339,0x00a15112,0x00000000,1,1
1,0xc000017c,0x00000000,9,2,106116,135141662,398,1339,0xc000017c,0x00003937,0,0
2,0xc000017c,0x00000000,9,2,54518,135147136,398,1339,0xc000017c,0x00003937,0,0
0,0x008b0e7e,0x00000000,10,1,72,134217313,395,1234,0x008b835a,0x00000040,0,0
0,0x00898910,0x00000000,6,2,1411,134170589,394,1339,0x00a15112,0x0000220a,1,1
1,0xc00005ec,0x00000000,9,2,1,405604134,1115,1115,0xc00005ec,0x0000e200,0,0
1,0xc0000102,0x00000000,9,2,140630,135176799,398,1339,0xc0000102,0x00005261,0,0
2,0xc0000102,0x00000000,9,2,83597,135184638,398,1339,0xc0000102,0x00005261,0,0
0,0x008b1314,0x00000000,9,2,500,134211513,395,1255,0x008b1314,0x00004eba,0,0
0,0x008b11dc,0x00000000,6,2,1,170040376,483,483,0x00ff861e,0x0000fffb,0,0
0,0x008989a8,0x00000000,10,2,1427,134172656,394,1339,0x00ff60bc,0x00000000,0,3
0,0x008989ce,0x00000000,9,2,1411,134173206,394,1339,0x008989ce,0x00003499,0,0
0,0x008b0808,0x00000000,6,4,4,305106178,841,1255,0x00ff87a0,0x008b9488,0,0
1,0xc0000572,0x00000000,9,2,32,160287196,458,1339,0xc0000572,0x0000b04b,0,0
1,0xc0000088,0x00000000,9,2,12159,135177108,398,1339,0xc0000088,0x0000e620,0,0
2,0xc0000088,0x00000000,9,2,4932,135185246,398,1339,0xc0000088,0x0000e620,0,0
0,0x0089287a,0x00000000,9,2,1,268780158,740,740,0x0089287a,0x00004eba,0,0
0,0x0089892e,0x00000000,10,2,1411,134171031,394,1339,0x00ff6042,0x00000000,0,0
0,0x00898954,0x00000000,9,2,1411,134171561,394,1339,0x00898954,0x00003499,0,0
0,0x008b03dc,0x00000000,9,2,248,169944987,482,1339,0x008b03dc,0x0000102d,0,0
1,0xc00004f8,0x00000000,9,2,7,159053673,455,509,0xc00004f8,0x0000e340,0,0
1,0xc000000e,0x00000000,9,2,56884,135176770,398,1339,0xc000000e,0x00003b03,0,0
2,0xc000000e,0x00000000,9,2,66741,135184609,398,1339,0xc000000e,0x00003b03,0,0
0,0x008821fa,0x00000000,9,2,1,457739096,1256,1256,0x008821fa,0x00004a78,0,0
0,0x008b0d10,0x00000000,10,1,895,1312420,9,1339,0x00a04000,0x00000000,0,0
0,0x008b0d36,0x00000000,9,2,1499,1311402,9,1339,0x008b0d36,0x00006714,0,0
1,0xc000047e,0x00000000,9,2,4,159052546,455,1115,0xc000047e,0x0000b0be,0,0
0,0x008b1180,0x00000000,10,1,1,457494918,1255,1255,0x008b92d0,0x00000000,0,0
0,0x008b07ac,0x00000000,10,2,4,305106115,841,1255,0x008b946e,0x0000001a,0,0
0,0x008b07d2,0x00000000,9,2,4,305106136,841,1255,0x008b07d2,0x00006026,0,0
2,0xc0000404,0x00000000,9,2,12533,135184863,398,1339,0xc0000404,0x00003423,0,0
1,0xc0000404,0x00000000,9,2,33472,135248571,398,1339,0xc0000404,0x00003423,0,0
1,0xc00002cc,0x00000000,6,4,124,135261943,398,1339,0x0600ff60,0xc0000268,0,0
2,0xc00002cc,0x00000000,6,4,2,179799199,506,509,0x0600ffe4,0xc0000230,0,0
0,0x008b0c1c,0x00000000,10,1,1306,1046483,8,14,0x008b1688,0x000000f3,0,0
0,0x008b0c42,0x00000000,9,2,2,1311372,9,15,0x008b0c42,0x00004e71,0,0
0,0x008b026e,0x00000000,9,2,93,148319300,429,1233,0x008b026e,0x00001b68,0,0
0,0x0088e7a4,0x00000000,9,2,1,318220092,880,880,0x0088e7a4,0x00004eba,0,0
2,0xc000038a,0x00000000,9,2,2246,135203520,398,1339,0xc000038a,0x00006463,0,0
1,0xc000038a,0x00000000,9,2,4776,135272237,398,1339,0xc000038a,0x00006463,0,0
0,0x008b0f7a,0x00000000,6,1,601,281348614,774,1234,0x00c00011,0x00000094,0,0
0,0x008b06de,0x00000000,9,2,9,133677075,392,742,0x008b06de,0x0000135a,0,0
0,0x008b01f4,0x00000000,9,2,401,134212507,395,1255,0x008b01f4,0x0000082d,0,0
2,0xc0000310,0x00000000,9,2,11222,135187029,398,1339,0xc0000310,0x0000c506,0,0
1,0xc0000310,0x00000000,9,2,26814,135248511,398,1339,0xc0000310,0x0000c506,0,0
0,0x008b14fc,0x00000000,10,1,13,134217256,395,1203,0x008b8358,0x00000007,0,0
0,0x008b1522,0x00000000,9,2,15,302660417,834,1234,0x008b1522,0x000066de,0,0
0,0x008b063e,0x00000000,10,1,3,133676827,392,742,0x008b811d,0x0000004c,0,0
0,0x008b0f00,0x00000000,6,1,466,281348572,774,1234,0x00c00011,0x00000089,0,0
0,0x008b0154,0x00000000,10,1,702,134205780,394,1339,0x008b8148,0x000000ef,0,0
2,0xc0000296,0x00000000,9,2,12221,135184826,398,1339,0xc0000296,0x0000e10e,0,0
1,0xc0000296,0x00000000,9,2,28899,135248543,398,1339,0xc0000296,0x0000e10e,0,0
1,0xc000015e,0x00000000,6,4,106116,135141635,398,1339,0x06018008,0xff7124ce,0,0
2,0xc000015e,0x00000000,6,4,54142,135147109,398,1339,0x0601c008,0x0036f88e,0,0
1,0xc00002e2,0x00000000,9,2,4573,135262008,398,1339,0xc00002e2,0x000089cd,0,0
2,0xc00002e2,0x00000000,9,2,312,179799270,506,1339,0xc00002e2,0x000089cd,0,0
1,0xc000004c,0x00000000,6,4,895,135213109,398,1339,0xc0000724,0x06010000,0,0
2,0xc000004c,0x00000000,6,4,920,135231328,398,1339,0xc0000724,0x0601353c,0,0
0,0x008b14f4,0x00000000,9,2,3,134217639,395,754,0x008b14f4,0x00004e75,0,0
0,0x00898918,0x00000000,6,2,1411,134170695,394,1339,0x00a15112,0x0000220a,1,1
1,0xc0000268,0x00000000,9,2,1441,135186689,398,1339,0xc0000268,0x00004f26,0,0
2,0xc0000268,0x00000000,9,2,1248,135264834,398,512,0xc0000268,0x00004f26,0,0
0,0x008b0f90,0x00000000,9,2,131,142937493,416,1233,0x008b0f90,0x0000552d,0,0
0,0x008b0fb6,0x00000000,10,2,2,270463366,743,743,0x00ff0004,0x00002a40,0,1
0,0x008b00d2,0x00000000,9,2,7,134205671,394,784,0x008b00d2,0x00004eba,0,0
0,0x008b00f8,0x00000000,10,1,37,134205730,394,1234,0x00ff8550,0x00000082,0,0
1,0xc00001ee,0x00000000,9,2,55989,135176900,398,1339,0xc00001ee,0x000065c3,0,0
2,0xc00001ee,0x00000000,9,2,25218,135184739,398,1339,0xc00001ee,0x000065c3,0,0
0,0x008b1400,0x00000000,9,2,13,134217442,395,774,0x008b1400,0x0000426d,0,0
0,0x008b0f16,0x00000000,9,2,1183,134217363,395,1234,0x008b0f16,0x00001c2d,0,0
0,0x008b1426,0x00000000,10,1,9,170041760,483,1234,0x00ff8508,0x00000000,0,0
0,0x008b0542,0x00000000,9,2,7,133676412,392,1255,0x008b0542,0x00001011,0,0
0,0x008b0058,0x00000000,9,2,3342,3531835,15,1339,0x008b0058,0x0000dafc,0,0
0,0x008b0568,0x00000000,10,4,7,133676430,392,1255,0x00ffffe8,0x008b0030,0,0
1,0xc000065e,0x00000000,9,2,4290,135248427,398,1339,0xc000065e,0x0000000a,0,0
2,0xc000065e,0x00000000,9,2,20,179796830,506,512,0xc000065e,0x0000000a,0,0
1,0xc0000174,0x00000000,9,2,106116,135141652,398,1339,0xc0000174,0x0000054f,0,0
2,0xc0000174,0x00000000,9,2,54559,135147126,398,1339,0xc0000174,0x0000054f,0,0
1,0xc000019a,0x00000000,10,2,106116,135141673,398,1339,0xc000019a,0x00004b10,0,0
2,0xc000019a,0x00000000,10,2,54142,135147157,398,1339,0xc000019a,0x00004b10,0,0
0,0x008b0e9c,0x00000000,9,2,52,281348427,774,1234,0x008b0e9c,0x00000245,0,0
0,0x008b13ac,0x00000000,10,1,40,308801254,851,1258,0x008b13de,0x00000040,0,0
0,0x008b0ec2,0x00000000,10,2,93,134217355,395,1234,0x00ff86a0,0x0000ffff,0,0
1,0xc00005e4,0x00000000,9,2,27,135260445,398,473,0xc00005e4,0x0000e320,0,0
2,0xc00000fa,0x00000000,9,2,247511,135588908,398,1338,0xc00000fa,0x00008fdb,0,0
0,0x008989c6,0x00000000,9,2,1411,134173080,394,1339,0x008989c6,0x00003499,0,0
0,0x008989ec,0x00000000,10,4,1411,134173632,394,1339,0x00fffff4,0x00882906,0,0
1,0xc000056a,0x00000000,9,2,32,160287129,458,1339,0xc000056a,0x0000b04f,0,0
1,0xc0000080,0x00000000,9,2,13396,135177432,398,1339,0xc0000080,0x0000b047,0,0
2,0xc0000080,0x00000000,9,2,20379,135184958,398,1339,0xc0000080,0x0000b047,0,0
0,0x0089894c,0x00000000,9,2,1411,134171455,394,1339,0x0089894c,0x00003499,0,0
0,0x008b03d4,0x00000000,9,2,284,134212563,395,1339,0x008b03d4,0x00000815,0,0
0,0x00898972,0x00000000,10,2,1411,134171893,394,1339,0x00ff6086,0x00000000,0,0
0,0x008b013e,0x00000000,6,4,2266,134465939,395,1234,0x00ffffe4,0x008b0142,0,0
1,0xc00004f0,0x00000000,9,2,2,159050153,455,473,0xc00004f0,0x00004f26,0,0
1,0xc0000006,0x00000000,9,2,896,135141565,398,1339,0xc0000006,0x00007d02,0,0
2,0xc0000006,0x00000000,9,2,41523,135147039,398,1339,0xc0000006,0x00007d02,0,0
1,0xc000025a,0x00000000,6,4,7227,135186591,398,1339,0x0600ff64,0xc0000044,0,0
2,0xc000025a,0x00000000,6,4,1780,135264736,398,1339,0x0600ffe8,0xc0000044,0,0
0,0x0088918a,0x00000000,9,2,112,135942712,399,732,0x0088918a,0x00006600,0,0
0,0x008b0d2e,0x00000000,9,2,1499,1311400,9,1339,0x008b0d2e,0x00000839,0,0
0,0x008b123e,0x00000000,10,4,84,408481318,1122,1339,0x00ffffe0,0x008b0160,0,0
0,0x008b0844,0x00000000,9,2,4,305106205,841,1255,0x008b0844,0x00004a2e,0,0
0,0x008988f8,0x00000000,10,2,1411,134170268,394,1339,0x00ff600c,0x0000220a,0,0
1,0xc0000476,0x00000000,9,2,4,159052435,455,1115,0xc0000476,0x0000e310,0,0
1,0xc00001e0,0x00000000,6,4,47606,135141598,398,1339,0xc0000774,0x0009f800,0,0
2,0xc00001e0,0x00000000,6,4,40838,135147072,398,1339,0xc0000774,0x0009f800,0,0
0,0x008b07ca,0x00000000,9,2,4,305106131,841,1255,0x008b07ca,0x00002a75,0,0
0,0x008b02e0,0x00000000,9,2,799,169944944,482,1339,0x008b02e0,0x00004eba,0,0
0,0x008b0750,0x00000000,9,2,3,133677197,392,742,0x008b0750,0x00004bee,0,0
0,0x008881d8,0x00000000,9,2,28,457243755,1254,1338,0x008881d8,0x00000828,0,0
0,0x008b028c,0x00000000,10,2,540,147906555,428,1233,0x00ff86d0,0x0000ffff,0,0
2,0xc0000382,0x00000000,9,2,7823,135184845,398,1339,0xc0000382,0x00008900,0,0
1,0xc0000382,0x00000000,9,2,12649,135251211,398,1339,0xc0000382,0x00008900,0,0
0,0x008b06d6,0x00000000,9,2,3,133677071,392,742,0x008b06d6,0x000045fa,0,0
0,0x008989b8,0x00000000,6,2,1411,134172871,394,1339,0x00a15112,0x00000090,1,1
0,0x008b06fc,0x00000000,10,1,9,133677094,392,742,0x008b813a,0x00000000,0,0
0,0x008b0126,0x00000000,9,2,292,134205768,394,1339,0x008b0126,0x00000895,0,0
0,0x008b1540,0x00000000,10,4,6,288569885,794,834,0x00ff859c,0x008b2bdc,0,0
2,0xc0000242,0x00000000,9,2,25,140725210,411,489,0xc0000242,0x00002140,0,0
0,0x0089893e,0x00000000,6,2,1411,134171246,394,1339,0x00a15112,0x00000000,1,1
0,0x008b0f6a,0x00000000,9,2,601,281348606,774,1234,0x008b0f6a,0x00006614,0,0
0,0x008b0a80,0x00000000,9,2,10,95675847,242,358,0x008b0a80,0x0000532e,0,0
0,0x0088dcfa,0x00000000,10,2,2,406180360,1116,1116,0x00ff0004,0x0000d864,1,2
2,0xc00006b2,0x00000000,9,2,1508,135427536,398,1339,0xc00006b2,0x0000890b,0,0
1,0xc00006b2,0x00000000,9,2,6955,270039129,743,1232,0xc00006b2,0x0000890b,0,0
2,0xc00001c8,0x00000000,9,2,254321,135421596,398,1339,0xc00001c8,0x00004208,0,0
1,0xc00001c8,0x00000000,9,2,15992,135441756,398,1339,0xc00001c8,0x00004208,0,0
0,0x008b011e,0x00000000,10,4,550,134205754,394,1234,0x00ffffe8,0x008b0040,0,0
1,0xc0000638,0x00000000,9,2,4290,135248402,398,1339,0xc0000638,0x0000040a,0,0
2,0xc0000638,0x00000000,9,2,20,179796805,506,512,0xc0000638,0x0000040a,0,0
1,0xc000014e,0x00000000,9,2,106116,135141621,398,1339,0xc000014e,0x0000338c,0,0
2,0xc000014e,0x00000000,9,2,91434,135147095,398,1339,0xc000014e,0x0000338c,0,0
0,0x00892e2a,0x00000000,9,2,43,270675290,744,870,0x00892e2a,0x00004eba,0,0
0,0x008b02d2,0x00000000,6,4,799,169944910,482,1339,0x00ffffe0,0x008b02d6,0,0
0,0x008b1360,0x00000000,9,2,10,308801215,851,1258,0x008b1360,0x00007000,0,0
2,0xc00006aa,0x00000000,10,4,3016,135427531,398,1339,0x0600ffe0,0x0000cd14,0,1
1,0xc00006aa,0x00000000,10,4,13910,270039124,743,1232,0x0600ff60,0x00006f16,0,1
0,0x008b0e76,0x00000000,9,2,93,134217266,395,1234,0x008b0e76,0x00004a05,0,0
1,0xc00005be,0x00000000,9,2,5,162731897,464,1115,0xc00005be,0x0000ae85,0,0
1,0xc00000d4,0x00000000,9,2,7562,135186499,398,1339,0xc00000d4,0x000037cc,0,0
2,0xc00000d4,0x00000000,9,2,64189,135264644,398,1339,0xc00000d4,0x000037cc,0,0
0,0x0088d630,0x00000000,9,2,1,404491762,1112,1112,0x0088d630,0x00006100,0,0
1,0xc0000630,0x00000000,10,4,4290,135248397,398,1339,0x0600f460,0x000b6000,0,0
2,0xc0000630,0x00000000,10,4,20,179796800,506,512,0x0600f680,0xffdbd084,0,0
0,0x008b0dfc,0x00000000,9,2,3,134205687,394,743,0x008b0dfc,0x00000839,0,0
1,0xc0000146,0x00000000,10,4,106116,135141617,398,1339,0xc000076c,0xff6ab182,0,0
2,0xc0000146,0x00000000,10,4,91434,135147091,398,1339,0xc000076c,0xff6ab182,0,0
0,0x008989a0,0x00000000,9,2,1411,134172549,394,1339,0x008989a0,0x00003499,0,0
1,0xc0000544,0x00000000,9,2,798,135251575,398,1339,0xc0000544,0x0000e330,0,0
2,0xc0000544,0x00000000,9,2,3,179796770,506,512,0xc0000544,0x0000e330,0,0
1,0xc000005a,0x00000000,9,2,18107,135176787,398,1339,0xc000005a,0x000060d5,0,0
2,0xc000005a,0x00000000,9,2,46607,135184626,398,1339,0xc000005a,0x000060d5,0,0
0,0x00898926,0x00000000,9,2,1411,134170904,394,1339,0x00898926,0x00003499,0,0
0,0x008b12de,0x00000000,10,4,4,305106776,841,1255,0x00ff87a0,0x008b9488,0,0
1,0xc00004ca,0x00000000,9,2,373,160282508,458,1339,0xc00004ca,0x0000e320,0,0
0,0x00898998,0x00000000,10,2,1411,134172442,394,1339,0x00ff60ac,0x00000000,0,0
0,0x00881ce2,0x00000000,9,2,115,272056088,748,1236,0x00881ce2,0x000077f6,0,0
2,0xc000053c,0x00000000,10,4,1,179799197,506,506,0x0600ffe4,0xc0000230,0,0
1,0xc000053c,0x00000000,10,4,1,405494538,1115,1115,0x0600ff60,0xc0000230,0,0
0,0x008b0d08,0x00000000,9,2,2765,1312397,9,1339,0x008b0d08,0x000066fa,0,0
1,0xc0000450,0x00000000,9,2,8,159041683,455,1115,0xc0000450,0x0000b0dc,0,0
0,0x0089891e,0x00000000,10,2,1411,134170799,394,1339,0x00ff6032,0x00001f8e,0,0
1,0xc00004c2,0x00000000,10,4,32,162723766,464,1339,0x0600ff58,0xc0000230,0,0
0,0x008b0c8e,0x00000000,9,2,310,133677206,392,1339,0x008b0c8e,0x00006610,0,0
0,0x008b07a4,0x00000000,9,2,4,305106110,841,1255,0x008b07a4,0x00002670,0,0
0,0x008b02ba,0x00000000,9,2,799,169944903,482,1339,0x008b02ba,0x00004a2e,0,0
0,0x008b1418,0x00000000,6,1,12,170041752,483,1234,0x00ff8630,0x00000000,1,1
1,0xc00003d6,0x00000000,9,2,1585,135262004,398,1339,0xc00003d6,0x0000245d,0,0
2,0xc00003d6,0x00000000,9,2,86,458276580,1258,1339,0xc00003d6,0x0000245d,0,0
0,0x008b10fe,0x00000000,9,2,13,273875869,753,834,0x008b10fe,0x00006000,0,0
0,0x008b0240,0x00000000,9,2,3414,134465936,395,1234,0x008b0240,0x00004e75,0,0
0,0x0088d9a4,0x00000000,10,2,2,449468685,1228,1228,0x00ff0004,0x0000d864,0,1
0,0x008b0eb4,0x00000000,6,2,20,134217276,395,1223,0x00ff86a0,0x0000ffff,0,0
2,0xc000035c,0x00000000,9,2,3780,135187549,398,1339,0xc000035c,0x0000345c,0,0
1,0xc000035c,0x00000000,9,2,9629,135248557,398,1339,0xc000035c,0x0000345c,0,0
0,0x008b156e,0x00000000,9,2,1,457493917,1255,1255,0x008b156e,0x00001d40,0,0
0,0x008b0b9a,0x00000000,9,2,5,1311425,9,1235,0x008b0b9a,0x00007027,0,0
0,0x008b06b0,0x00000000,9,2,3,133677033,392,742,0x008b06b0,0x0000103c,0,0
1,0xc0000000,0x00000000,6,4,896,135141561,398,1339,0x0600ff68,0x06002472,0,0
2,0xc0000000,0x00000000,6,4,41523,135147035,398,1339,0x0600ffec,0x060024ba,0,0
0,0x008b06fc,0x00000000,9,2,9,133677093,392,742,0x008b06fc,0x0000135c,0,0
2,0xc000032e,0x00000000,9,2,11222,135187051,398,1339,0xc000032e,0x00002105,0,0
1,0xc000032e,0x00000000,9,2,26814,135248533,398,1339,0xc000032e,0x00002105,0,0
0,0x008b1540,0x00000000,9,2,6,288569884,794,834,0x008b1540,0x00002875,0,0
0,0x008b0126,0x00000000,10,1,292,134205769,394,1339,0x00ff8570,0x00000080,0,0
0,0x008b0b6c,0x00000000,9,2,5,1312359,9,1235,0x008b0b6c,0x00007602,0,0
0,0x008b0682,0x00000000,9,2,18,133676858,392,742,0x008b0682,0x00007000,0,0
0,0x008b0198,0x00000000,9,2,164,169944804,482,1255,0x008b0198,0x000041fa,0,0
2,0xc00002b4,0x00000000,9,2,12221,135184895,398,1339,0xc00002b4,0x000081b1,0,0
1,0xc00002b4,0x00000000,9,2,28869,135248603,398,1339,0xc00002b4,0x000081b1,0,0
0,0x008b0a80,0x00000000,10,1,10,95675848,242,358,0x00ff8506,0x00000001,0,0
0,0x0088dcfa,0x00000000,9,2,40,406180187,1116,1233,0x0088dcfa,0x00006100,0,0
0,0x008b0af2,0x00000000,9,2,24,95928244,243,357,0x008b0af2,0x000051cf,0,0
0,0x008b011e,0x00000000,9,2,550,134205753,394,1234,0x008b011e,0x00004e75,0,0
2,0xc000023a,0x00000000,9,2,24,140725436,411,477,0xc000023a,0x00006048,0,0
0,0x008b144c,0x00000000,9,2,3,315758487,871,1234,0x008b144c,0x000041fa,0,0
2,0xc000014e,0x00000000,10,4,37292,135588852,398,1338,0xc000015c,0xc0000188,0,0
0,0x008b0a78,0x00000000,9,2,1118,3032218,14,1339,0x008b0a78,0x0000670a,0,0
2,0xc00006aa,0x00000000,9,2,1508,135427530,398,1339,0xc00006aa,0x00000f5f,0,0
1,0xc00006aa,0x00000000,9,2,6955,270039123,743,1232,0xc00006aa,0x00000f5f,0,0
2,0xc00001c0,0x00000000,9,2,254321,135421591,398,1339,0xc00001c0,0x00004108,0,0
1,0xc00001c0,0x00000000,9,2,15992,135441751,398,1339,0xc00001c0,0x00004108,0,0
1,0xc0000302,0x00000000,6,4,4572,135262055,398,1339,0x060100d0,0x0187ffea,0,0
2,0xc0000302,0x00000000,6,4,312,179799317,506,1339,0x06013800,0xe40d006a,0,0
0,0x008b0ee8,0x00000000,9,2,466,281348564,774,1234,0x008b0ee8,0x00000c00,0,0
0,0x008b002a,0x00000000,9,2,1118,3032223,14,1339,0x008b002a,0x00006704,0,0
1,0xc0000630,0x00000000,9,2,4290,135248396,398,1339,0xc0000630,0x00005510,0,0
2,0xc0000630,0x00000000,9,2,20,179796799,506,512,0xc0000630,0x00005510,0,0
0,0x008b0dfc,0x00000000,10,1,3,134205688,394,743,0x00a11100,0x000000b2,0,0
1,0xc0000146,0x00000000,9,2,106116,135141616,398,1339,0xc0000146,0x00006846,0,0
2,0xc0000146,0x00000000,9,2,91434,135147090,398,1339,0xc0000146,0x00006846,0,0
0,0x008989a0,0x00000000,10,2,1411,134172550,394,1339,0x00ff60b4,0x00000000,0,0
0,0x008b0e6e,0x00000000,9,2,161,134217248,395,1234,0x008b0e6e,0x00006506,0,0
1,0xc000005a,0x00000000,10,2,18107,135176788,398,1339,0x220ae0b4,0x00000e00,0,0
2,0xc000005a,0x00000000,10,2,8939,135184627,398,1339,0x220b1cd6,0x00000c00,0,0
1,0xc00005b6,0x00000000,9,2,5,162731830,464,1115,0xc00005b6,0x0000e100,0,0
1,0xc00000cc,0x00000000,9,2,55989,135176888,398,1339,0xc00000cc,0x00008b08,0,0
2,0xc00000cc,0x00000000,9,2,28153,135184727,398,1339,0xc00000cc,0x00008b08,0,0
0,0x00898926,0x00000000,10,2,1411,134170905,394,1339,0x00ff603a,0x0000e62e,0,0
0,0x008b00f2,0x00000000,6,4,37,134205727,394,1234,0x00ff8544,0x008b841b,0,0
0,0x008b12de,0x00000000,9,2,4,305106775,841,1255,0x008b12de,0x0000226d,0,0
0,0x008b0df4,0x00000000,9,2,3,134205685,394,743,0x008b0df4,0x000033fc,0,0
0,0x00898998,0x00000000,9,2,1411,134172441,394,1339,0x00898998,0x00003499,0,0
2,0xc000053c,0x00000000,9,2,1,179799196,506,506,0xc000053c,0x00004f26,0,0
1,0xc000053c,0x00000000,9,2,1,405494537,1115,1115,0xc000053c,0x00004f26,0,0
2,0xc0000052,0x00000000,9,2,43017,135588806,398,1338,0xc0000052,0x000089f8,0,0
0,0x008b0078,0x00000000,6,4,177,305106736,841,1339,0x00ffffe8,0x008b007c,0,0
0,0x0088d5ae,0x00000000,9,2,1,403514776,1110,1110,0x0088d5ae,0x00004eba,0,0
2,0xc0000194,0x00000000,6,2,38260,135147152,398,1339,0x0601c00c,0x0000006a,0,0
1,0xc0000194,0x00000000,6,2,78299,135213624,398,1339,0x0601804c,0x0000017d,0,0
0,0x0089891e,0x00000000,9,2,1411,134170798,394,1339,0x0089891e,0x00003499,0,0
1,0xc00004c2,0x00000000,9,2,32,162723765,464,1339,0xc00004c2,0x00004f26,0,0
0,0x008b07a4,0x00000000,10,4,4,305106111,841,1255,0x008b9170,0x008b946e,0,0
0,0x008b02ba,0x00000000,10,1,799,169944904,482,1339,0x00ff850f,0x00000000,0,0
1,0xc0000604,0x00000000,6,4,124,155336342,446,1339,0x0600f488,0x0000c964,0,0
0,0x008b0816,0x00000000,9,2,4,305106187,841,1255,0x008b0816,0x0000d08b,0,0
0,0x008b0e42,0x00000000,6,4,96,134217238,395,1234,0x00ffffe4,0x008b0e46,0,0
1,0xc0000448,0x00000000,9,2,8,159041616,455,1115,0xc0000448,0x0000b0e0,0,0
0,0x008989e6,0x00000000,6,2,1411,134173528,394,1339,0x00a15112,0x00000000,1,1
0,0x008b0240,0x00000000,10,4,3414,134465937,395,1234,0x00ffffe4,0x008b013e,0,0
0,0x0088d9a4,0x00000000,9,2,2719,405368098,1114,1231,0x0088d9a4,0x000073f6,0,0
0,0x008b02b2,0x00000000,9,2,806,169944883,482,1339,0x008b02b2,0x00006600,0,0
1,0xc00003ce,0x00000000,9,2,1585,135262000,398,1339,0xc00003ce,0x0000340d,0,0
2,0xc00003ce,0x00000000,9,2,86,458276576,1258,1339,0xc00003ce,0x0000340d,0,0
0,0x0089896c,0x00000000,6,2,1411,134171885,394,1339,0x00a15112,0x00000000,1,1
0,0x008b01ec,0x00000000,9,2,401,134212503,395,1255,0x008b01ec,0x0000422d,0,0
0,0x0088e722,0x00000000,9,2,1,317357902,878,878,0x0088e722,0x00004eba,0,0
1,0xc0000308,0x00000000,9,2,4572,135262060,398,1339,0xc0000308,0x0000000b,0,0
2,0xc0000308,0x00000000,9,2,312,179799322,506,1339,0xc0000308,0x0000000b,0,0
0,0x008b14f4,0x00000000,10,4,3,134217640,395,754,0x00ffffe0,0x008b0e74,0,0
0,0x008b151a,0x00000000,9,2,4,302660412,834,1214,0x008b151a,0x00001b81,0,0
0,0x008988f2,0x00000000,6,2,1411,134170260,394,1339,0x00a15112,0x0000c7c4,1,1
0,0x008b065c,0x00000000,9,2,3,133676840,392,742,0x008b065c,0x00007c30,0,0
0,0x008b0172,0x00000000,9,2,59,292004150,804,1234,0x008b0172,0x0000534c,0,0
1,0xc0000268,0x00000000,10,4,1441,135186690,398,1339,0x0600ff64,0xc0000044,0,0
2,0xc0000268,0x00000000,10,4,1248,135264835,398,512,0x0600ffe8,0xc0000044,0,0
2,0xc000028e,0x00000000,9,2,10800,135187024,398,1339,0xc000028e,0x0000b03d,0,0
1,0xc000028e,0x00000000,9,2,23593,135248506,398,1339,0xc000028e,0x0000b03d,0,0
0,0x008b0f90,0x00000000,10,1,131,142937494,416,1233,0x00ff86fc,0x00000017,0,0
0,0x008b0fb6,0x00000000,9,2,163,133677501,392,1233,0x008b0fb6,0x0000660e,0,0
0,0x008b00f8,0x00000000,9,2,37,134205729,394,1234,0x008b00f8,0x0000102d,0,0
0,0x008828ea,0x00000000,9,2,1264,134168704,394,1338,0x008828ea,0x000077f6,0,0
1,0x00000214,0x00000000,9,2,65536,87850,3,5,0x00000214,0x000089fc,0,0
2,0x00000214,0x00000000,9,2,1,284569,5,5,0x00000214,0x00008b0a,0,0
1,0xc0000214,0x00000000,9,2,215206,135176923,398,1339,0xc0000214,0x00008ff0,0,0
2,0xc0000214,0x00000000,9,2,101474,135184761,398,1339,0xc0000214,0x00008ff0,0,0
0,0x008b0f16,0x00000000,10,2,2,420482025,1153,1153,0x00ff0004,0x0000d864,1,2
0,0x008b0f16,0x00000000,10,1,1183,134217364,395,1234,0x00ff8699,0x00000001,0,0
0,0x008b0c5a,0x00000000,6,2,2,1311385,9,15,0x00a11200,0x00000100,0,0
0,0x008b1426,0x00000000,9,2,9,170041759,483,1234,0x008b1426,0x00004a2e,0,0
0,0x00881a2c,0x00000000,9,2,216,125445450,361,1256,0x00881a2c,0x000073f6,0,0
0,0x008b0f3c,0x00000000,9,2,1178,134217382,395,1234,0x008b0f3c,0x00006a18,0,0
0,0x008b0542,0x00000000,10,1,7,133676413,392,1255,0x00ff850a,0x0000009b,0,0
0,0x008b0568,0x00000000,9,2,7,133676429,392,1255,0x008b0568,0x00004e75,0,0
1,0xc0000174,0x00000000,10,4,212232,135141653,398,1339,0xc0000770,0xff1a5800,0,1
2,0xc0000174,0x00000000,10,4,108284,135147127,398,1339,0xc0000770,0xff0db800,0,1
2,0xc0000174,0x00000000,10,2,417,135794993,399,1337,0x2000410a,0x00004000,0,0
2,0xc0000684,0x00000000,9,2,1508,135427497,398,1339,0xc0000684,0x00007404,0,0
1,0xc0000684,0x00000000,9,2,6955,270039090,743,1232,0xc0000684,0x00007404,0,0
1,0xc000019a,0x00000000,9,2,106116,135141672,398,1339,0xc000019a,0x00004b10,0,0
2,0xc000019a,0x00000000,9,2,604601,135147156,398,1339,0xc000019a,0x00004b10,0,0
0,0x008b13ac,0x00000000,9,2,40,308801253,851,1258,0x008b13ac,0x0000101a,0,0
0,0x008b0ec2,0x00000000,9,2,93,134217354,395,1234,0x008b0ec2,0x00003c2d,0,0
2,0xc0000328,0x00000000,6,2,11222,135187047,398,1339,0xc0000796,0x00000000,0,0
1,0xc0000328,0x00000000,6,2,26814,135248529,398,1339,0xc0000796,0x0000f77b,0,0
0,0x008b0004,0x00000000,9,2,1,1046472,8,8,0x008b0004,0x00004efa,0,0
1,0xc000060a,0x00000000,9,2,124,155336346,446,1339,0xc000060a,0x00001203,0,0
1,0xc0000120,0x00000000,9,2,51278,135177123,398,1339,0xc0000120,0x00001721,0,0
2,0xc0000120,0x00000000,9,2,39212,135184950,398,1339,0xc0000120,0x00001721,0,0
0,0x008b1332,0x00000000,9,2,40,134212288,395,1255,0x008b1332,0x0000d203,0,0
0,0x008989c6,0x00000000,10,2,1411,134173081,394,1339,0x00ff60da,0x00000000,0,0
0,0x008b095e,0x00000000,9,2,2,95429618,241,349,0x008b095e,0x00007c05,0,0
0,0x008989ec,0x00000000,9,2,1411,134173631,394,1339,0x008989ec,0x00004e75,0,0
1,0xc0000590,0x00000000,9,2,10,155336201,446,869,0xc0000590,0x0000e220,0,0
1,0xc00000a6,0x00000000,9,2,46496,135177008,398,1339,0xc00000a6,0x00001603,0,0
2,0xc00000a6,0x00000000,9,2,31813,135264188,398,1339,0xc00000a6,0x00001603,0,0
0,0x008b0fd6,0x00000000,6,1,5,1313193,9,1236,0x00c00011,0x000000df,0,0
0,0x0089894c,0x00000000,10,2,1411,134171456,394,1339,0x00ff6060,0x00000000,0,0
0,0x008b03d4,0x00000000,10,1,284,134212564,395,1339,0x00ff8570,0x00000082,0,0
0,0x00898972,0x00000000,9,2,1411,134171892,394,1339,0x00898972,0x00003499,0,0
0,0x008b03fa,0x00000000,9,2,1477,170325290,483,1234,0x008b03fa,0x0000e348,0,0
1,0xc00004f0,0x00000000,10,4,2,159050154,455,473,0x0600ff58,0xc0000230,0,0
1,0xc0000516,0x00000000,9,2,493,135253532,398,1339,0xc0000516,0x0000e100,0,0
2,0xc0000516,0x00000000,9,2,3,181178543,509,512,0xc0000516,0x0000e100,0,0
1,0xc000002c,0x00000000,9,2,48427,135176896,398,1339,0xc000002c,0x0000b0de,0,0
2,0xc000002c,0x00000000,9,2,77087,135184735,398,1339,0xc000002c,0x0000b0de,0,0
0,0x008b0d2e,0x00000000,10,1,1499,1311401,9,1339,0x00a00fff,0x00000000,0,0
0,0x008b123e,0x00000000,9,2,84,408481317,1122,1339,0x008b123e,0x00004e75,0,0
0,0x008b0844,0x00000000,10,1,4,305106206,841,1255,0x00ff8810,0x00000000,0,0
0,0x008988f8,0x00000000,9,2,1411,134170267,394,1339,0x008988f8,0x00003499,0,0
1,0xc000049c,0x00000000,9,2,318,135248498,398,1339,0xc000049c,0x0000aef3,0,0
2,0xc000049c,0x00000000,9,2,2,181178107,509,512,0xc000049c,0x0000aef3,0,0
0,0x008b11c4,0x00000000,9,2,7,169945076,482,784,0x008b11c4,0x00000200,0,0
0,0x008b07ca,0x00000000,10,4,4,305106132,841,1255,0x008b085e,0x00ff8630,0,0
2,0xc0000422,0x00000000,9,2,12533,135184881,398,1339,0xc0000422,0x000002b5,0,0
1,0xc0000422,0x00000000,9,2,33441,135248589,398,1339,0xc0000422,0x000002b5,0,0
0,0x008881d8,0x00000000,10,1,28,457243756,1254,1338,0xffff9002,0x00000000,0,0
0,0x008b028c,0x00000000,9,2,540,147906554,428,1233,0x008b028c,0x0000dc6d,0,0
0,0x00898992,0x00000000,6,2,1411,134172434,394,1339,0x00a15112,0x00000000,1,1
1,0xc0000510,0x00000000,9,2,7,159053948,455,509,0xc0000510,0x0000e220,0,0
0,0x008b01ec,0x00000000,6,1,401,134212504,395,1255,0x00ff8596,0x00000000,0,0
1,0xc0000026,0x00000000,9,2,56168,135176893,398,1339,0xc0000026,0x00006093,0,0
2,0xc0000026,0x00000000,9,2,78923,135184732,398,1339,0xc0000026,0x00006093,0,0
0,0x0088e722,0x00000000,6,4,1,317357903,878,878,0x00fffff8,0x0088e726,0,0
0,0x008b0d4e,0x00000000,9,2,1118,3032201,14,1339,0x008b0d4e,0x00004a2e,0,0
0,0x008b151a,0x00000000,6,1,4,302660413,834,1214,0x00ff871a,0x00000010,0,0
0,0x008988f2,0x00000000,9,2,1411,134169765,394,1339,0x008988f2,0x00003499,0,0
0,0x00898918,0x00000000,10,2,1411,134170694,394,1339,0x00ff602c,0x0000220a,0,0
1,0xc0000496,0x00000000,9,2,318,135248432,398,1339,0xc0000496,0x0000e230,0,0
2,0xc0000496,0x00000000,9,2,2,181178041,509,512,0xc0000496,0x0000e230,0,0
0,0x008b11be,0x00000000,9,2,7,169945073,482,784,0x008b11be,0x00006b16,0,0
0,0x008b0cd4,0x00000000,9,2,1433,134211491,395,1234,0x008b0cd4,0x0000d02d,0,0
2,0xc000041c,0x00000000,9,2,12533,135184878,398,1339,0xc000041c,0x00004408,0,0
1,0xc000041c,0x00000000,9,2,33441,135248586,398,1339,0xc000041c,0x00004408,0,0
0,0x008b1144,0x00000000,9,2,83,458028990,1258,1339,0x008b1144,0x00007000,0,0
0,0x008b0c5a,0x00000000,9,2,2,1311384,9,15,0x008b0c5a,0x000033fc,0,0
2,0xc00003a2,0x00000000,9,2,656,135330382,398,1339,0xc00003a2,0x0000d115,0,0
1,0xc00003a2,0x00000000,9,2,755,135373931,398,1339,0xc00003a2,0x0000d115,0,0
0,0x00892b94,0x00000000,9,2,322,269946366,742,868,0x00892b94,0x000077f6,0,0
0,0x008b0be0,0x00000000,9,2,3,133676446,392,742,0x008b0be0,0x000041ee,0,0
0,0x008b020c,0x00000000,9,2,157,134217496,395,1234,0x008b020c,0x00001018,0,0
2,0xc0000328,0x00000000,9,2,11222,135187046,398,1339,0xc0000328,0x00002105,0,0
1,0xc0000328,0x00000000,9,2,26814,135248528,398,1339,0xc0000328,0x00002105,0,0
2,0xc000034e,0x00000000,10,4,12221,135184839,398,1339,0x0600f608,0x004ac0ee,0,0
1,0xc000034e,0x00000000,10,4,28899,135248556,398,1339,0x0600f458,0x00009000,0,0
1,0xc000060a,0x00000000,6,4,124,155336347,446,1339,0x0600f48c,0xfab3fddf,0,0
0,0x008b153a,0x00000000,9,2,6,288569881,794,834,0x008b153a,0x00007000,0,0
1,0xc0000120,0x00000000,6,4,51278,135177124,398,1339,0x0600f404,0xffe87927,0,0
2,0xc0000120,0x00000000,6,4,22524,135184951,398,1339,0x0600f604,0x0002e267,0,0
2,0xc00002ae,0x00000000,9,2,1508,135427468,398,1339,0xc00002ae,0x00000028,0,0
1,0xc00002ae,0x00000000,9,2,6171,270039061,743,1232,0xc00002ae,0x00000028,0,0
1,0xc00000a6,0x00000000,6,4,46496,135177009,398,1339,0x0600f45c,0x00000000,0,0
2,0xc00000a6,0x00000000,6,4,26724,135264189,398,1339,0x0600f65c,0x00260005,0,0
0,0x008b0fd6,0x00000000,9,2,5,1313192,9,1236,0x008b0fd6,0x000010bc,0,0
0,0x008b14e6,0x00000000,10,1,3,134217634,395,754,0x00ff86f0,0x00000080,0,0
0,0x00887ba0,0x00000000,9,2,83,135942254,399,732,0x00887ba0,0x00006622,0,0
0,0x00898972,0x00000000,6,2,1411,134171988,394,1339,0x00a15112,0x00000000,1,1
1,0xc0000234,0x00000000,9,2,10183,135177089,398,1339,0xc0000234,0x00007cb0,0,0
2,0xc0000234,0x00000000,9,2,5482,135264269,398,1339,0xc0000234,0x00007cb0,0,0
0,0x008b1446,0x00000000,9,2,3,315758484,871,1234,0x008b1446,0x0000102d,0,0
0,0x008b0f5c,0x00000000,9,2,976,134217385,395,1234,0x008b0f5c,0x00006502,0,0
0,0x008b146c,0x00000000,10,4,3,315758494,871,1234,0x008b085e,0x00ff8630,0,0
0,0x008b0a72,0x00000000,9,2,1118,3032215,14,1339,0x008b0a72,0x00007000,0,0
0,0x008b0588,0x00000000,9,2,10,95429560,241,1255,0x008b0588,0x00006300,0,0
0,0x008b0a98,0x00000000,10,1,8,95928205,243,357,0x00ff8540,0x00000000,0,0
0,0x008b009e,0x00000000,9,2,2228,3531888,15,1339,0x008b009e,0x00004a15,0,0
0,0x0088a1fc,0x00000000,9,2,2,132691498,389,1251,0x0088a1fc,0x00003038,0,0
2,0xc00006a4,0x00000000,9,2,1508,135427522,398,1339,0xc00006a4,0x0000d508,0,0
1,0xc00006a4,0x00000000,9,2,6955,270039115,743,1232,0xc00006a4,0x0000d508,0,0
0,0x008988f8,0x00000000,6,2,1411,134170269,394,1339,0x00a15112,0x0000220a,1,1
0,0x008b00c4,0x00000000,10,4,38,134205665,394,1234,0x00ff8544,0x008b8417,0,0
2,0xc00001ba,0x00000000,9,2,275463,135421587,398,1339,0xc00001ba,0x000062d5,0,0
1,0xc00001ba,0x00000000,9,2,15992,135441747,398,1339,0xc00001ba,0x000062d5,0,0
0,0x008b09f8,0x00000000,9,2,2,95429656,241,349,0x008b09f8,0x00006a2a,0,0
1,0xc000062a,0x00000000,9,2,4290,135248391,398,1339,0xc000062a,0x00004028,0,0
2,0xc000062a,0x00000000,9,2,20,179796794,506,512,0xc000062a,0x00004028,0,0
0,0x008b004a,0x00000000,10,1,6684,3122087,15,1339,0x00ff8570,0x00000000,0,0
1,0xc0000140,0x00000000,9,2,106116,135141609,398,1339,0xc0000140,0x0000054f,0,0
2,0xc0000140,0x00000000,9,2,91434,135147083,398,1339,0xc0000140,0x0000054f,0,0
1,0xc0000650,0x00000000,10,4,4290,135248418,398,1339,0x0600f474,0xfffd8283,0,0
2,0xc0000650,0x00000000,10,4,20,179796821,506,512,0x0600f654,0xfffcfe75,0,0
2,0xc0000422,0x00000000,6,2,12533,135184882,398,1339,0x06028ad0,0x00003000,0,0
1,0xc0000422,0x00000000,6,2,33441,135248590,398,1339,0x06021fc0,0x00000000,0,0
1,0xc0000166,0x00000000,10,4,106116,135141644,398,1339,0xc000074c,0xff423000,0,0
2,0xc0000166,0x00000000,10,4,54142,135147118,398,1339,0xc000074c,0xff423000,0,0
0,0x008b0e68,0x00000000,9,2,161,134217245,395,1234,0x008b0e68,0x00001a1c,0,0
1,0xc00005b0,0x00000000,9,2,5,162731764,464,1115,0xc00005b0,0x0000e220,0,0
0,0x000000c6,0x00000000,9,2,1,285284,5,5,0x000000c6,0x00004e71,0,0
1,0xc00000c6,0x00000000,9,2,48427,135176865,398,1339,0xc00000c6,0x000066d5,0,0
2,0xc00000c6,0x00000000,9,2,23382,135184704,398,1339,0xc00000c6,0x000066d5,0,0
0,0x008b12d8,0x00000000,9,2,22,134211458,395,1255,0x008b12d8,0x00004a2e,0,0
0,0x00898992,0x00000000,9,2,1411,134172338,394,1339,0x00898992,0x00003499,0,0
1,0xc0000000,0x00000000,9,2,896,135141560,398,1339,0xc0000000,0x00004f22,0,0
2,0xc0000000,0x00000000,9,2,41523,135147034,398,1339,0xc0000000,0x00004f22,0,0
0,0x008989b8,0x00000000,10,2,1415,134172870,394,1339,0x00ff60cc,0x00000090,0,3
0,0x008b06fc,0x00000000,6,1,9,133677095,392,742,0x00ff869a,0x00000000,1,1
2,0xc000032e,0x00000000,6,2,11222,135187052,398,1339,0xc0000794,0x0000fffa,0,0
1,0xc000032e,0x00000000,6,2,26814,135248534,398,1339,0xc0000794,0x0000ff9c,0,0
1,0xc0000470,0x00000000,9,2,4,159052432,455,1115,0xc0000470,0x0000e110,0,0
0,0x0089893e,0x00000000,10,2,1411,134171245,394,1339,0x00ff6052,0x00000000,0,0
2,0xc00002b4,0x00000000,6,2,12221,135184896,398,1339,0x06013002,0x00000c00,0,0
1,0xc00002b4,0x00000000,6,2,28869,135248604,398,1339,0x06010002,0x0000af00,0,0
0,0x008b07c4,0x00000000,9,2,4,305106129,841,1255,0x008b07c4,0x0000e54b,0,0
0,0x008b02da,0x00000000,9,2,799,169944942,482,1339,0x008b02da,0x00001206,0,0
0,0x0088dcfa,0x00000000,6,4,40,406180188,1116,1233,0x00fffff8,0x0088dcfe,0,0
0,0x008b111e,0x00000000,9,2,167,457494911,1255,1339,0x008b111e,0x0000e548,0,0
2,0xc000037c,0x00000000,9,2,7502,135184850,398,1339,0xc000037c,0x0000000b,0,0
1,0xc000037c,0x00000000,9,2,17685,135251216,398,1339,0xc000037c,0x0000000b,0,0
0,0x008b06d0,0x00000000,9,2,3,133677069,392,742,0x008b06d0,0x00005307,0,0
1,0xc0000302,0x00000000,9,2,4572,135262054,398,1339,0xc0000302,0x00001b12,0,0
2,0xc0000302,0x00000000,9,2,312,179799316,506,1339,0xc0000302,0x00001b12,0,0
0,0x008b1514,0x00000000,9,2,15,302660409,834,1234,0x008b1514,0x00004a35,0,0
2,0xc0000288,0x00000000,9,2,17957,135184822,398,1339,0xc0000288,0x00006093,0,0
1,0xc0000288,0x00000000,9,2,40262,135248503,398,1339,0xc0000288,0x00006093,0,0
1,0xc00002fa,0x00000000,10,4,4572,135262047,398,1339,0x0600f45c,0x29d4fc48,0,0
2,0xc00002fa,0x00000000,10,4,312,179799309,506,1339,0x0600f65c,0xe2260105,0,0
0,0x008b0ac6,0x00000000,9,2,48,95928212,243,357,0x008b0ac6,0x0000dafc,0,0
0,0x008b150c,0x00000000,10,4,112,169945142,482,1339,0x00ffffe0,0x008b0160,0,0
0,0x008b00f2,0x00000000,9,2,37,134205726,394,1234,0x008b00f2,0x00002b4c,0,0
1,0x0000020e,0x00000000,9,2,1,87846,3,3,0x0000020e,0x0000d206,0,0
2,0x0000020e,0x00000000,9,2,1,284564,5,5,0x0000020e,0x0000c400,0,0
1,0xc000020e,0x00000000,9,2,40820,135176919,398,1339,0xc000020e,0x0000206b,0,0
2,0xc000020e,0x00000000,9,2,26762,135264101,398,1339,0xc000020e,0x0000206b,0,0
0,0x008b0df4,0x00000000,6,2,3,134205686,394,743,0x00a11100,0x00000100,0,0
0,0x00898998,0x00000000,6,2,1411,134172443,394,1339,0x00a15112,0x00000000,1,1
0,0x008b1420,0x00000000,9,2,12,170041756,483,1234,0x008b1420,0x00004a2d,0,0
1,0xc0000280,0x00000000,10,4,22210,135177083,398,1339,0x0600ff60,0xc0000230,0,0
2,0xc0000280,0x00000000,10,4,12629,135187061,398,1339,0x0600ffe8,0xc0000036,0,0
0,0x008b0562,0x00000000,9,2,7,133676428,392,1255,0x008b0562,0x00006b04,0,0
0,0x008b0078,0x00000000,9,2,177,305106735,841,1339,0x008b0078,0x00004eba,0,0
2,0xc000067e,0x00000000,9,2,1508,135427488,398,1339,0xc000067e,0x0000054f,0,0
1,0xc000067e,0x00000000,9,2,6955,270039081,743,1232,0xc000067e,0x0000054f,0,0
0,0x0088d5ae,0x00000000,6,4,1,403514777,1110,1110,0x00fffff8,0x0088d5b2,0,0
2,0xc0000194,0x00000000,9,2,358452,135147151,398,1339,0xc0000194,0x000081a6,0,0
1,0xc0000194,0x00000000,9,2,78299,135213623,398,1339,0xc0000194,0x000081a6,0,0
0,0x0089891e,0x00000000,6,2,1411,134170800,394,1339,0x00a15112,0x00001f8e,1,1
0,0x008b13a6,0x00000000,9,2,10,308801240,851,1258,0x008b13a6,0x00007a03,0,0
0,0x008819ac,0x00000000,9,2,6,794781,7,11,0x008819ac,0x000041fa,0,0
2,0x00000206,0x00000000,10,4,1,87799,3,3,0x00000228,0x220003e4,0,0
1,0x00000206,0x00000000,10,1,1,87841,3,3,0x20004000,0x00000002,0,0
0,0x008b1418,0x00000000,10,1,12,170041751,483,1234,0x00ff8630,0x00000080,0,0
1,0xc0000604,0x00000000,9,2,124,155336341,446,1339,0xc0000604,0x00001202,0,0
1,0xc000011a,0x00000000,9,2,51278,135177117,398,1339,0xc000011a,0x00005362,0,0
2,0xc000011a,0x00000000,9,2,39212,135184944,398,1339,0xc000011a,0x00005362,0,0
0,0x008b132c,0x00000000,9,2,100,134212253,395,1255,0x008b132c,0x00001219,0,0
0,0x008b0e42,0x00000000,9,2,96,134217237,395,1234,0x008b0e42,0x00004eba,0,0
2,0xc000018c,0x00000000,10,4,38260,135147147,398,1339,0xffffff1c,0x00020995,0,0
1,0xc000018c,0x00000000,10,4,78299,135213619,398,1339,0xffffff1c,0x00074527,0,0
0,0x008989e6,0x00000000,9,2,1411,134173526,394,1339,0x008989e6,0x00003499,0,0
1,0xc000058a,0x00000000,9,2,13,155331218,446,1115,0xc000058a,0x0000ae7c,0,0
1,0xc00000a0,0x00000000,9,2,46496,135177002,398,1339,0xc00000a0,0x000060c6,0,0
2,0xc00000a0,0x00000000,9,2,31813,135264182,398,1339,0xc00000a0,0x000060c6,0,0
0,0x008b12b2,0x00000000,9,2,27,292004828,804,1234,0x008b12b2,0x00004e75,0,0
1,0xc00005fc,0x00000000,10,4,1,405604269,1115,1115,0x0600ff60,0xc0000268,0,0
0,0x0089896c,0x00000000,9,2,1411,134171883,394,1339,0x0089896c,0x00003499,0,0
0,0x008b03f4,0x00000000,9,2,1477,170325287,483,1234,0x008b03f4,0x00007000,0,0
0,0x008989b8,0x00000000,9,2,1411,134172869,394,1339,0x008989b8,0x00003499,0,0
1,0xc000055c,0x00000000,9,2,5,159048745,455,1115,0xc000055c,0x0000e210,0,0
2,0xc000055c,0x00000000,9,2,1,181179203,509,509,0xc000055c,0x0000e210,0,0
1,0xc0000072,0x00000000,9,2,12327,135180413,398,1339,0xc0000072,0x0000e710,0,0
2,0xc0000072,0x00000000,9,2,42770,135187321,398,1339,0xc0000072,0x0000e710,0,0
0,0x008b0126,0x00000000,6,1,292,134205770,394,1339,0x00ff8570,0x00000080,1,1
2,0xc0000242,0x00000000,6,1,25,140725211,411,489,0x24033ca3,0x00000000,0,0
0,0x0089893e,0x00000000,9,2,1411,134171244,394,1339,0x0089893e,0x00003499,0,0
1,0xc00004e2,0x00000000,9,2,2,159050072,455,473,0xc00004e2,0x0000e230,0,0
0,0x008b0a80,0x00000000,6,1,10,95675849,242,358,0x00ff8506,0x00000000,1,1
2,0xc00001c8,0x00000000,6,2,241017,135588950,398,1338,0x20004106,0x00008334,0,0
0,0x008b034c,0x00000000,9,2,1265,169944898,482,1339,0x008b034c,0x00006a04,0,0
1,0xc0000468,0x00000000,9,2,4,159052365,455,1115,0xc0000468,0x0000e110,0,0
0,0x008b1190,0x00000000,9,2,83,458028969,1258,1339,0x008b1190,0x0000d040,0,0
0,0x008b0ca6,0x00000000,9,2,7,169945084,482,784,0x008b0ca6,0x00006610,0,0
0,0x00892e2a,0x00000000,6,4,43,270675291,744,870,0x00fffff8,0x00892e2e,0,0
0,0x008b02d2,0x00000000,9,2,799,169944909,482,1339,0x008b02d2,0x00004eba,0,0
0,0x008b1116,0x00000000,9,2,1,457493915,1255,1255,0x008b1116,0x00006000,0,0
0,0x008b0c2c,0x00000000,9,2,2,1049096,8,14,0x008b0c2c,0x0000303c,0,0
0,0x008b1514,0x00000000,10,1,15,302660410,834,1234,0x00ff871a,0x00000000,0,0
0,0x0088d630,0x00000000,6,4,1,404491763,1112,1112,0x00fffff8,0x0088d634,0,0
2,0xc0000374,0x00000000,9,2,646,135217076,398,1339,0xc0000374,0x00003453,0,0
1,0xc0000374,0x00000000,9,2,7530,135283586,398,1339,0xc0000374,0x00003453,0,0
0,0x008989a0,0x00000000,6,2,1411,134172551,394,1339,0x00a15112,0x00000000,1,1
0,0x008b06c8,0x00000000,9,2,3,133677065,392,742,0x008b06c8,0x00007e00,0,0
1,0xc00002fa,0x00000000,9,2,4572,135262046,398,1339,0xc00002fa,0x000050c3,0,0
2,0xc00002fa,0x00000000,9,2,312,179799308,506,1339,0xc00002fa,0x000050c3,0,0
0,0x00898926,0x00000000,6,2,1411,134170906,394,1339,0x00a15112,0x0000e62e,1,1
0,0x008b150c,0x00000000,9,2,112,169945141,482,1339,0x008b150c,0x00004e75,0,0
1,0x0000020e,0x00000000,10,4,1,87847,3,3,0x00000228,0x220003e0,0,0
2,0x0000020e,0x00000000,10,1,1,284565,5,5,0x20004000,0x00000002,0,0
0,0x008b1420,0x00000000,10,1,12,170041757,483,1234,0x00ff8631,0x00000005,0,0
1,0xc0000280,0x00000000,9,2,22210,135177082,398,1339,0xc0000280,0x00004f26,0,0
2,0xc0000280,0x00000000,9,2,12629,135187060,398,1339,0xc0000280,0x00004f26,0,0
2,0xc000067e,0x00000000,10,4,3016,135427489,398,1339,0xc000077c,0x00000000,0,1
1,0xc000067e,0x00000000,10,4,13910,270039082,743,1232,0xc000077c,0x00000000,0,1
2,0x00000206,0x00000000,9,2,1,87798,3,3,0x00000206,0x0000d208,0,0
1,0x00000206,0x00000000,9,2,1,87840,3,3,0x00000206,0x0000c400,0,0
1,0xc0000206,0x00000000,9,2,215206,135176915,398,1339,0xc0000206,0x00003313,0,0
2,0xc0000206,0x00000000,9,2,101474,135184754,398,1339,0xc0000206,0x00003313,0,0
0,0x008b1418,0x00000000,9,2,12,170041750,483,1234,0x008b1418,0x00000895,0,0
0,0x008b0f2e,0x00000000,9,2,1178,134217374,395,1234,0x008b0f2e,0x00007000,0,0
1,0xc000011a,0x00000000,10,4,51278,135177118,398,1339,0x0600f428,0xff84ed2e,0,0
2,0xc000011a,0x00000000,10,4,22524,135184945,398,1339,0x0600f638,0x0036f88e,0,0
0,0x008b055a,0x00000000,9,2,7,133676424,392,1255,0x008b055a,0x00001602,0,0
0,0x008b132c,0x00000000,10,1,100,134212254,395,1255,0x008b8533,0x00000007,0,0
0,0x008b0070,0x00000000,9,2,3342,3531853,15,1339,0x008b0070,0x0000dafc,0,0
2,0xc0000676,0x00000000,9,2,1508,135427484,398,1339,0xc0000676,0x0000060a,0,0
1,0xc0000676,0x00000000,9,2,6955,270039077,743,1232,0xc0000676,0x0000060a,0,0
2,0xc000018c,0x00000000,9,2,358452,135147146,398,1339,0xc000018c,0x00005367,0,0
1,0xc000018c,0x00000000,9,2,78299,135213618,398,1339,0xc000018c,0x00005367,0,0
0,0x008989e6,0x00000000,10,2,1411,134173527,394,1339,0x00ff60fa,0x00000000,0,0
0,0x008b0eb4,0x00000000,9,2,20,134217275,395,1223,0x008b0eb4,0x00003b7c,0,0
1,0xc00000a0,0x00000000,10,4,46496,135177003,398,1339,0x0600f408,0xff7124ce,0,0
2,0xc00000a0,0x00000000,10,4,26724,135264183,398,1339,0x0600f608,0xffe7d70e,0,0
0,0x008b156e,0x00000000,6,1,1,457493918,1255,1255,0x00ff8500,0x00000000,0,0
0,0x008b12b2,0x00000000,10,4,27,292004829,804,1234,0x00ffffe0,0x008b0e74,0,0
1,0xc00005fc,0x00000000,9,2,1,405604268,1115,1115,0xc00005fc,0x00004f26,0,0
1,0xc0000112,0x00000000,9,2,51278,135177111,398,1339,0xc0000112,0x000036cc,0,0
2,0xc0000112,0x00000000,9,2,39212,135184938,398,1339,0xc0000112,0x000036cc,0,0
0,0x0089896c,0x00000000,10,2,1411,134171884,394,1339,0x00ff6080,0x00000000,0,0
2,0xc0000026,0x00000000,10,2,53705,135588778,398,1338,0x06018006,0x00000063,0,0
2,0xc0000536,0x00000000,9,2,1,179799130,506,506,0xc0000536,0x0000b069,0,0
1,0xc0000536,0x00000000,9,2,1,405494471,1115,1115,0xc0000536,0x0000b069,0,0
1,0xc000004c,0x00000000,9,2,895,135213108,398,1339,0xc000004c,0x00001eb9,0,0
2,0xc000004c,0x00000000,9,2,43937,135231327,398,1339,0xc000004c,0x00001eb9,0,0
0,0x008b0d4e,0x00000000,10,1,1118,3032202,14,1339,0x00ff8538,0x00000000,0,0
0,0x008988f2,0x00000000,10,2,1411,134169766,394,1339,0x00ff6006,0x0000c7c4,0,0
0,0x00898918,0x00000000,9,2,1411,134170693,394,1339,0x00898918,0x00003499,0,0
1,0xc00004bc,0x00000000,9,2,32,162723751,464,1339,0xc00004bc,0x0000b09f,0,0
0,0x008b0f90,0x00000000,6,1,131,142937495,416,1233,0x00ff86fc,0x00000015,1,1
0,0x008b0cd4,0x00000000,10,1,1433,134211492,395,1234,0x00ff8571,0x00000000,0,0
0,0x008b00d2,0x00000000,6,4,7,134205672,394,784,0x00ffffe4,0x008b00d6,0,0
1,0xc0000442,0x00000000,9,2,31,435801906,1193,1214,0xc0000442,0x00000009,0,0
0,0x008b1400,0x00000000,6,2,13,134217443,395,774,0x00ff86dc,0x00000000,0,0
0,0x008b0c80,0x00000000,9,2,241,169945003,482,1339,0x008b0c80,0x00000001,0,0
2,0xc00003a2,0x00000000,10,4,656,135330383,398,1339,0xc00003f8,0x00180000,0,0
1,0xc00003a2,0x00000000,10,4,755,135373932,398,1339,0xc00003f8,0x00180000,0,0
1,0xc00003c8,0x00000000,9,2,1585,135261996,398,1339,0xc00003c8,0x0000345c,0,0
2,0xc00003c8,0x00000000,9,2,86,458276572,1258,1339,0xc00003c8,0x0000345c,0,0
0,0x008b020c,0x00000000,10,1,157,134217497,395,1234,0x008b8354,0x00000003,0,0
2,0xc000034e,0x00000000,9,2,12221,135184838,398,1339,0xc000034e,0x000054c2,0,0
1,0xc000034e,0x00000000,9,2,28899,135248555,398,1339,0xc000034e,0x000054c2,0,0
0,0x008989c6,0x00000000,6,2,1411,134173082,394,1339,0x00a15112,0x00000000,1,1
0,0x008b01b8,0x00000000,9,2,344,134205718,394,1339,0x008b01b8,0x00005301,0,0
1,0xc00002d4,0x00000000,9,2,3221,135261947,398,1339,0xc00002d4,0x0000b01a,0,0
2,0xc00002d4,0x00000000,9,2,422,179799203,506,1339,0xc00002d4,0x0000b01a,0,0
0,0x008b14e6,0x00000000,9,2,3,134217633,395,754,0x008b14e6,0x00000815,0,0
0,0x0089894c,0x00000000,6,2,1411,134171457,394,1339,0x00a15112,0x00000000,1,1
0,0x008b0628,0x00000000,9,2,3,133676814,392,742,0x008b0628,0x0000e54f,0,0
0,0x008b013e,0x00000000,9,2,2266,134465938,395,1234,0x008b013e,0x00004eba,0,0
1,0xc000025a,0x00000000,9,2,7227,135186590,398,1339,0xc000025a,0x00004f22,0,0
2,0xc000025a,0x00000000,9,2,1780,135264735,398,1339,0xc000025a,0x00004f22,0,0
0,0x008b1446,0x00000000,10,1,3,315758485,871,1234,0x00ff8781,0x00000005,0,0
0,0x008b146c,0x00000000,9,2,3,315758493,871,1234,0x008b146c,0x00002a70,0,0
0,0x008b0a98,0x00000000,9,2,8,95928204,243,357,0x008b0a98,0x00004a15,0,0
0,0x0088a1fc,0x00000000,10,2,2,132691499,389,1251,0xffffc8ca,0x00000000,0,0
0,0x008b009e,0x00000000,10,1,2228,3531889,15,1339,0x00ff8840,0x00000000,0,0
2,0xc00006a4,0x00000000,10,4,1508,135427523,398,1339,0xc00006c8,0xc0000788,0,0
1,0xc00006a4,0x00000000,10,4,6955,270039116,743,1232,0xc00006c8,0xc0000788,0,0
0,0x008b00c4,0x00000000,9,2,38,134205664,394,1234,0x008b00c4,0x0000286d,0,0
2,0xc00001ba,0x00000000,10,2,13304,135421588,398,1339,0x0603d458,0x0000ff99,0,0
1,0xc00001ba,0x00000000,10,2,15992,135441748,398,1339,0x0603c008,0x0000f7ca,0,0
1,0xc00001e0,0x00000000,9,2,47606,135141597,398,1339,0xc00001e0,0x00001511,0,0
2,0xc00001e0,0x00000000,9,2,40838,135147071,398,1339,0xc00001e0,0x00001511,0,0
0,0x008b02e0,0x00000000,6,4,799,169944945,482,1339,0x00ffffe0,0x008b02e4,0,0
0,0x008b004a,0x00000000,9,2,6684,3122086,15,1339,0x008b004a,0x00004a15,0,0
1,0xc0000140,0x00000000,10,4,212232,135141610,398,1339,0xc0000774,0x0009f800,0,1
2,0xc0000140,0x00000000,10,4,108284,135147084,398,1339,0xc0000774,0x0009f800,0,1
1,0xc0000650,0x00000000,9,2,4290,135248417,398,1339,0xc0000650,0x00005421,0,0
2,0xc0000650,0x00000000,9,2,20,179796820,506,512,0xc0000650,0x00005421,0,0
1,0xc0000166,0x00000000,9,2,106116,135141643,398,1339,0xc0000166,0x00006846,0,0
2,0xc0000166,0x00000000,9,2,54518,135147117,398,1339,0xc0000166,0x00006846,0,0
0,0x008b0e68,0x00000000,10,1,161,134217246,395,1234,0x008b8357,0x000000f5,0,0
0,0x008b1378,0x00000000,9,2,10,308801227,851,1258,0x008b1378,0x00006b04,0,0
0,0x008b0e8e,0x00000000,9,2,93,134217329,395,1234,0x008b0e8e,0x00006000,0,0
1,0xc00000c6,0x00000000,10,2,48427,135176866,398,1339,0x220ae0bc,0x00000030,0,0
2,0xc00000c6,0x00000000,10,2,23382,135184705,398,1339,0x220b1cde,0x00000000,0,0
1,0xc00005d6,0x00000000,9,2,27,135260375,398,473,0xc00005d6,0x0000e100,0,0
2,0xc00000ec,0x00000000,9,2,20573,135425763,398,1339,0xc00000ec,0x00004308,0,0
1,0xc00000ec,0x00000000,9,2,11812,135505723,398,1339,0xc00000ec,0x00004308,0,0
0,0x008b12d8,0x00000000,10,1,22,134211459,395,1255,0x00ff850e,0x00000000,0,0
0,0x00898992,0x00000000,10,2,1411,134172339,394,1339,0x00ff60a6,0x00000000,0,0
0,0x008b1370,0x00000000,10,4,10,308801224,851,1258,0x00ff87a0,0x008b9488,0,0
1,0xc00005a8,0x00000000,9,2,10,155336350,446,869,0xc00005a8,0x0000e220,0,0
1,0xc00000be,0x00000000,9,2,55989,135176861,398,1339,0xc00000be,0x0000c801,0,0
2,0xc00000be,0x00000000,9,2,310397,135184700,398,1339,0xc00000be,0x0000c801,0,0
2,0xc00000e4,0x00000000,10,2,4288,135425758,398,1339,0x0603d4da,0x0000d298,0,0
1,0xc00000e4,0x00000000,10,2,11812,135505718,398,1339,0x0603c57a,0x00003e92,0,0
0,0x008b12d0,0x00000000,9,2,22,134211455,395,1255,0x008b12d0,0x00006600,0,0
0,0x008b0060,0x00000000,6,4,1244,134217229,395,1234,0x00ffffe8,0x008b0064,0,0
0,0x0089898a,0x00000000,9,2,1411,134172228,394,1339,0x0089898a,0x00003499,0,0
0,0x008989b0,0x00000000,10,2,1411,134172764,394,1339,0x00ff60c4,0x00000000,0,0
2,0xc000052e,0x00000000,9,2,1,179799063,506,506,0xc000052e,0x0000b06d,0,0
1,0xc000052e,0x00000000,9,2,1,405494404,1115,1115,0xc000052e,0x0000b06d,0,0
1,0xc0000044,0x00000000,9,2,7227,135186693,398,1339,0xc0000044,0x0000afe3,0,0
2,0xc0000044,0x00000000,9,2,39448,135264838,398,1339,0xc0000044,0x0000afe3,0,0
0,0x00898910,0x00000000,9,2,1411,134170587,394,1339,0x00898910,0x00003499,0,0
0,0x00898936,0x00000000,10,2,1411,134171135,394,1339,0x00ff604a,0x00000000,0,0
1,0xc00004b4,0x00000000,9,2,32,162723736,464,1339,0xc00004b4,0x0000e130,0,0
0,0x008b1314,0x00000000,6,4,500,134211514,395,1255,0x00ffffdc,0x008b1318,0,0
0,0x008b11dc,0x00000000,9,2,1,170040375,483,483,0x008b11dc,0x00003b40,0,0
0,0x008b0cf2,0x00000000,9,2,1996,1311419,9,1339,0x008b0cf2,0x00004e75,0,0
0,0x008989ce,0x00000000,6,2,1411,134173208,394,1339,0x00a15112,0x00000000,1,1
0,0x008b0808,0x00000000,9,2,4,305106177,841,1255,0x008b0808,0x00002b41,0,0
0,0x008b0344,0x00000000,10,2,1265,169944895,482,1339,0x00ff8580,0x00001c3c,0,0
2,0xc000043a,0x00000000,9,2,452,135225663,398,1339,0xc000043a,0x00008901,0,0
1,0xc000043a,0x00000000,9,2,917,135297204,398,1339,0xc000043a,0x00008901,0,0
0,0x0089287a,0x00000000,6,4,1,268780159,740,740,0x00fffff8,0x0089287e,0,0
0,0x008b0c78,0x00000000,9,2,248,169944999,482,1339,0x008b0c78,0x0000660e,0,0
0,0x008b1188,0x00000000,10,1,83,458023503,1257,1339,0x008b92d6,0x00000000,0,0
0,0x00898954,0x00000000,6,2,1411,134171563,394,1339,0x00a15112,0x00000000,1,1
2,0xc000000e,0x00000000,6,4,40603,135588762,398,1338,0x46018020,0x00000000,0,0
1,0xc00003e6,0x00000000,10,4,2,179773660,506,509,0xc00003f8,0x00180000,0,0
2,0xc00003e6,0x00000000,10,4,86,179799253,506,1339,0xc00003f8,0x00180000,0,0
0,0x008b0250,0x00000000,10,1,604,134466214,395,1234,0x00ff86d8,0x00000010,0,0
2,0xc0000346,0x00000000,9,2,12221,135184831,398,1339,0xc0000346,0x000057ce,0,0
1,0xc0000346,0x00000000,9,2,28899,135248548,398,1339,0xc0000346,0x000057ce,0,0
0,0x008b01b0,0x00000000,9,2,164,169944814,482,1255,0x008b01b0,0x00004e75,0,0
0,0x008b01d6,0x00000000,10,1,485,134212493,395,1339,0x00ff857f,0x00000000,0,0
1,0xc00002cc,0x00000000,9,2,124,135261942,398,1339,0xc00002cc,0x00004f22,0,0
2,0xc00002cc,0x00000000,9,2,2,179799198,506,509,0xc00002cc,0x00004f22,0,0
0,0x008b0b0a,0x00000000,9,2,206,134712383,396,1233,0x008b0b0a,0x00007209,0,0
0,0x008b026e,0x00000000,6,1,93,148319302,429,1233,0x00ff86db,0x00000003,1,1
0,0x008b0620,0x00000000,9,2,3,133676812,392,742,0x008b0620,0x000049fa,0,0
0,0x008b0136,0x00000000,9,2,284,134212568,395,1339,0x008b0136,0x00006000,0,0
0,0x0088e7a4,0x00000000,6,4,1,318220093,880,880,0x00fffff8,0x0088e7a8,0,0
0,0x008b0f7a,0x00000000,9,2,601,281348613,774,1234,0x008b0f7a,0x000013c6,0,0
0,0x008b148a,0x00000000,10,1,3,315793436,872,1235,0x00ff8781,0x00000005,0,0
0,0x008b06de,0x00000000,6,1,9,133677077,392,742,0x00ff8691,0x00000080,1,1
0,0x008b0fa0,0x00000000,10,4,71,137171093,402,480,0x00ffffe4,0x008b0e56,0,0
0,0x008b00bc,0x00000000,9,2,551,134205661,394,1234,0x008b00bc,0x00006660,0,0
1,0xc00001d8,0x00000000,9,2,47606,135141592,398,1339,0xc00001d8,0x000062d5,0,0
2,0xc00001d8,0x00000000,9,2,110384,135147066,398,1339,0xc00001d8,0x000062d5,0,0
0,0x008b0f00,0x00000000,9,2,466,281348571,774,1234,0x008b0f00,0x000013c0,0,0
0,0x008b0552,0x00000000,10,1,7,133676421,392,1255,0x008b2b4a,0x00000080,0,0
1,0xc0000648,0x00000000,9,2,4290,135248413,398,1339,0xc0000648,0x0000340d,0,0
2,0xc0000648,0x00000000,9,2,20,179796816,506,512,0xc0000648,0x0000340d,0,0
1,0xc000015e,0x00000000,9,2,106116,135141634,398,1339,0xc000015e,0x00001a32,0,0
2,0xc000015e,0x00000000,9,2,54142,135147108,398,1339,0xc000015e,0x00001a32,0,0
2,0xc000066e,0x00000000,10,4,3016,135427477,398,1339,0xc0000780,0xffff4a60,0,1
1,0xc000066e,0x00000000,10,4,13910,270039070,743,1232,0xc0000780,0xffff4a78,0,1
0,0x008989de,0x00000000,9,2,1411,134173420,394,1339,0x008989de,0x00003499,0,0
1,0xc0000582,0x00000000,9,2,13,155331151,446,1115,0xc0000582,0x0000e100,0,0
0,0x008854b2,0x00000000,6,4,1,132691497,389,389,0x00fffff8,0x008854b6,0,0
1,0xc0000098,0x00000000,9,2,46496,135176994,398,1339,0xc0000098,0x000060c6,0,0
2,0xc0000098,0x00000000,9,2,30716,135264174,398,1339,0xc0000098,0x000060c6,0,0
0,0x0088dade,0x00000000,9,2,40,405870080,1115,1232,0x0088dade,0x00006100,0,0
0,0x008b142e,0x00000000,6,4,8,170041763,483,1234,0x00ffffdc,0x008b1432,0,0
0,0x00898964,0x00000000,9,2,1411,134171775,394,1339,0x00898964,0x00003499,0,0
1,0xc0000508,0x00000000,9,2,7,159053933,455,509,0xc0000508,0x0000b079,0,0
1,0xc000001e,0x00000000,9,2,55989,135176779,398,1339,0xc000001e,0x0000c70c,0,0
2,0xc000001e,0x00000000,9,2,81586,135184618,398,1339,0xc000001e,0x0000c70c,0,0
0,0x008989d6,0x00000000,10,2,1413,134173311,394,1339,0x00ff60ea,0x00000000,0,3
2,0xc00001a2,0x00000000,6,1,122485,135590294,398,1338,0x2400fe5b,0x000000a8,0,0
0,0x00892810,0x00000000,9,2,1,268516014,739,739,0x00892810,0x00004eba,0,0
0,0x008b0d46,0x00000000,9,2,142,134212636,395,1255,0x008b0d46,0x00004e71,0,0
1,0xc0000090,0x00000000,10,4,12159,135177132,398,1339,0x0600ff64,0xc0000026,0,0
2,0xc0000090,0x00000000,10,4,4932,135185270,398,1339,0x0600ffe8,0xc0000026,0,0
1,0xc000048e,0x00000000,9,2,318,135248365,398,1339,0xc000048e,0x0000e220,0,0
2,0xc000048e,0x00000000,9,2,2,181177974,509,512,0xc000048e,0x0000e220,0,0
0,0x0089895c,0x00000000,10,2,1411,134171670,394,1339,0x00ff6070,0x00000000,0,0
1,0xc0000128,0x00000000,6,4,896,135141567,398,1339,0x0600ff64,0xc0000008,0,0
2,0xc0000128,0x00000000,6,4,920,135147041,398,1339,0x0600ffe8,0xc0000008,0,0
0,0x008b11b6,0x00000000,9,2,83,458028972,1258,1339,0x008b11b6,0x00004e75,0,0
0,0x008b0ccc,0x00000000,9,2,2265,134211488,395,1339,0x008b0ccc,0x0000082d,0,0
0,0x008b02f8,0x00000000,9,2,1265,169944890,482,1339,0x008b02f8,0x00006744,0,0
0,0x008b1228,0x00000000,10,1,12,134205678,394,1234,0x008b8418,0x00000000,0,0
2,0xc0000414,0x00000000,9,2,12533,135184873,398,1339,0xc0000414,0x0000334c,0,0
1,0xc0000414,0x00000000,9,2,33472,135248581,398,1339,0xc0000414,0x0000334c,0,0
0,0x008b113c,0x00000000,9,2,1,457494913,1255,1255,0x008b113c,0x00006000,0,0
0,0x008b0c52,0x00000000,9,2,2,1311380,9,15,0x008b0c52,0x00004e71,0,0
0,0x008b0768,0x00000000,9,2,9,133677494,392,742,0x008b0768,0x00000815,0,0
0,0x008b027e,0x00000000,9,2,540,147906547,428,1233,0x008b027e,0x00001c2d,0,0
0,0x0089897a,0x00000000,6,2,1411,134172114,394,1339,0x00a15112,0x00000000,1,1
2,0xc000039a,0x00000000,9,2,1824,135184844,398,1339,0xc000039a,0x00003473,0,0
1,0xc000039a,0x00000000,9,2,1709,135251210,398,1339,0xc000039a,0x00003473,0,0
0,0x008b02f0,0x00000000,10,1,1265,169944888,482,1339,0x00ff857a,0x00000080,0,0
0,0x008b06ee,0x00000000,9,2,9,133677084,392,742,0x008b06ee,0x00007000,0,0
0,0x008b0204,0x00000000,9,2,157,134217490,395,1234,0x008b0204,0x00001b58,0,0
0,0x00898900,0x00000000,6,2,1411,134170375,394,1339,0x00a15112,0x0000220a,1,1
2,0xc0000320,0x00000000,9,2,11222,135187040,398,1339,0xc0000320,0x0000c516,0,0
1,0xc0000320,0x00000000,9,2,26814,135248522,398,1339,0xc0000320,0x0000c516,0,0
0,0x008b0b5e,0x00000000,9,2,15,1312182,9,1235,0x008b0b5e,0x00005801,0,0
0,0x008b018a,0x00000000,9,2,164,169944800,482,1255,0x008b018a,0x00000285,0,0
2,0xc00002a6,0x00000000,9,2,12221,135184889,398,1339,0xc00002a6,0x0000c820,0,0
1,0xc00002a6,0x00000000,9,2,28869,135248597,398,1339,0xc00002a6,0x0000c820,0,0
0,0x008b01fc,0x00000000,10,4,157,134217486,395,1234,0x00ff86d4,0x008b8351,0,0
0,0x008b0fce,0x00000000,9,2,5,1313188,9,1236,0x008b0fce,0x000010bc,0,0
0,0x008b152a,0x00000000,10,1,13,273875872,753,834,0x00ff857d,0x00000030,0,0
0,0x008b0110,0x00000000,9,2,35,134205749,394,1234,0x008b0110,0x000013c0,0,0
1,0xc000022c,0x00000000,9,2,10183,135177079,398,1339,0xc000022c,0x00000103,0,0
2,0xc000022c,0x00000000,9,2,8039,135264259,398,1339,0xc000022c,0x00000103,0,0
0,0x008b0a6a,0x00000000,9,2,2,95429665,241,349,0x008b0a6a,0x00001d7c,0,0
0,0x008b0580,0x00000000,9,2,10,95429558,241,1255,0x008b0580,0x00006500,0,0
0,0x008b0bee,0x00000000,6,1,3,133676809,392,742,0x00ff8509,0x00000080,0,0
2,0xc000069c,0x00000000,9,2,1508,135427515,398,1339,0xc000069c,0x00002f36,0,0
1,0xc000069c,0x00000000,9,2,6955,270039108,743,1232,0xc000069c,0x00002f36,0,0
0,0x008b0fc6,0x00000000,10,4,163,133677508,392,1233,0x00ffffe4,0x008b0772,0,0
2,0xc00001b2,0x00000000,9,2,137012,135421582,398,1339,0xc00001b2,0x00004008,0,0
1,0xc00001b2,0x00000000,9,2,15993,135441742,398,1339,0xc00001b2,0x00004008,0,0
0,0x008b0eda,0x00000000,9,2,466,281348540,774,1234,0x008b0eda,0x00000815,0,0
0,0x008b1548,0x00000000,6,1,6,288569889,794,834,0x00ff857d,0x00000030,0,0
0,0x008b09f0,0x00000000,9,2,2,95429649,241,349,0x008b09f0,0x00004e75,0,0
0,0x008b0b74,0x00000000,6,4,60,1312393,9,1236,0x00ffffb4,0x008b0b78,0,0
1,0xc0000622,0x00000000,9,2,4290,135248386,398,1339,0xc0000622,0x00003048,0,0
2,0xc0000622,0x00000000,9,2,20,179796789,506,512,0xc0000622,0x00003048,0,0
1,0xc0000138,0x00000000,9,2,106117,135141582,398,1339,0xc0000138,0x00004c0b,0,0
2,0xc0000138,0x00000000,9,2,91810,135147056,398,1339,0xc0000138,0x00004c0b,0,0
2,0xc000066e,0x00000000,9,2,1508,135427476,398,1339,0xc000066e,0x0000054f,0,0
1,0xc000066e,0x00000000,9,2,6955,270039069,743,1232,0xc000066e,0x0000054f,0,0
1,0xc0000184,0x00000000,9,2,106116,135141667,398,1339,0xc0000184,0x0000220d,0,0
2,0xc0000184,0x00000000,9,2,54142,135147141,398,1339,0xc0000184,0x0000220d,0,0
0,0x00892e60,0x00000000,9,2,515,270774625,745,871,0x00892e60,0x000073f8,0,0
0,0x008989de,0x00000000,10,2,1411,134173421,394,1339,0x00ff60f2,0x00000000,0,0
0,0x008b0eac,0x00000000,9,2,52,281348433,774,1234,0x008b0eac,0x00006000,0,0
1,0xc0000098,0x00000000,10,4,46496,135176995,398,1339,0x0600f400,0x0027d800,0,0
2,0xc0000098,0x00000000,10,4,26724,135264175,398,1339,0x0600f600,0x00347000,0,0
1,0xc00005f4,0x00000000,9,2,1,405604201,1115,1115,0xc00005f4,0x0000e200,0,0
1,0xc000010a,0x00000000,9,2,140630,135176807,398,1339,0xc000010a,0x00001721,0,0
2,0xc000010a,0x00000000,9,2,83166,135184646,398,1339,0xc000010a,0x00001721,0,0
1,0xc000061a,0x00000000,6,4,4290,135248379,398,1339,0xffffff00,0x0013c860,0,0
2,0xc000061a,0x00000000,6,4,20,179796782,506,512,0xffffff00,0x001bb1cc,0,0
0,0x00898964,0x00000000,10,2,1411,134171776,394,1339,0x00ff6078,0x00000000,0,0
0,0x008928fc,0x00000000,9,2,1,268784804,740,740,0x008928fc,0x00004eba,0,0
0,0x008b131c,0x00000000,9,2,25,134212245,395,1255,0x008b131c,0x00007a03,0,0
2,0xc000001e,0x00000000,10,2,56368,135588772,398,1338,0x06018000,0x00000078,0,0
0,0x008989d6,0x00000000,9,2,1411,134173310,394,1339,0x008989d6,0x00003499,0,0
1,0xc000057a,0x00000000,9,2,13,155331084,446,1115,0xc000057a,0x0000e100,0,0
1,0xc0000090,0x00000000,9,2,12159,135177131,398,1339,0xc0000090,0x00004f26,0,0
2,0xc0000090,0x00000000,9,2,4932,135185269,398,1339,0xc0000090,0x00004f26,0,0
1,0xc00000b6,0x00000000,6,2,37882,135177138,398,1339,0xc0000702,0x00000d00,0,0
2,0xc00000b6,0x00000000,6,2,16279,135184987,398,1339,0xc0000702,0x00000c00,0,0
0,0x008b12c8,0x00000000,6,1,22,134211452,395,1255,0x00ff857b,0x00000002,0,0
0,0x0089895c,0x00000000,9,2,1411,134171669,394,1339,0x0089895c,0x00003499,0,0
0,0x008b11b6,0x00000000,10,4,83,458028973,1258,1339,0x00ffffe0,0x008b0160,0,0
0,0x00898982,0x00000000,6,2,1411,134172218,394,1339,0x00a15112,0x00000000,1,1
1,0xc0000500,0x00000000,9,2,7,159053740,455,509,0xc0000500,0x0000e330,0,0
0,0x008b0ccc,0x00000000,10,1,2265,134211489,395,1339,0x00ff8571,0x00000000,0,0
1,0xc0000016,0x00000000,9,2,56884,135176775,398,1339,0xc0000016,0x0000c90e,0,0
2,0xc0000016,0x00000000,9,2,66741,135184614,398,1339,0xc0000016,0x0000c90e,0,0
0,0x008b1228,0x00000000,9,2,12,134205677,394,1234,0x008b1228,0x0000101c,0,0
0,0x00881344,0x00000000,9,2,1176,131887456,386,1250,0x00881344,0x00006428,0,0
0,0x00898908,0x00000000,6,2,1411,134170481,394,1339,0x00a15112,0x0000220b,1,1
1,0xc0000486,0x00000000,9,2,4,159052561,455,1115,0xc0000486,0x0000e210,0,0
0,0x008b0768,0x00000000,10,1,9,133677495,392,742,0x00ff8690,0x00000080,0,0
0,0x008b027e,0x00000000,10,1,540,147906548,428,1233,0x00ff86da,0x00000001,0,0
0,0x008b02f0,0x00000000,9,2,1265,169944887,482,1339,0x008b02f0,0x0000102d,0,0
2,0xc000040c,0x00000000,9,2,9106,135184869,398,1339,0xc000040c,0x00004419,0,0
1,0xc000040c,0x00000000,9,2,13107,135250349,398,1339,0xc000040c,0x00004419,0,0
0,0x008b0204,0x00000000,10,1,157,134217491,395,1234,0x008b8352,0x00000001,0,0
2,0xc0000320,0x00000000,10,2,11222,135187041,398,1339,0x0600f62c,0x00000026,0,0
1,0xc0000320,0x00000000,10,2,26814,135248523,398,1339,0x0600f47c,0x00000053,0,0
0,0x008b0c4a,0x00000000,9,2,2,1311376,9,15,0x008b0c4a,0x00004e71,0,0
0,0x008b0760,0x00000000,9,2,18,133677246,392,742,0x008b0760,0x0000dac6,0,0
2,0xc0000392,0x00000000,9,2,1108,135193500,398,1339,0xc0000392,0x00006453,0,0
1,0xc0000392,0x00000000,9,2,2931,135274967,398,1339,0xc0000392,0x00006453,0,0
0,0x008b018a,0x00000000,10,2,2,440190137,1204,1204,0x00ff0004,0x0000d864,0,1
0,0x008b10ba,0x00000000,9,2,84,408481313,1122,1339,0x008b10ba,0x00006000,0,0
0,0x008b06e6,0x00000000,9,2,9,133677080,392,742,0x008b06e6,0x00001346,0,0
0,0x008b01fc,0x00000000,9,2,157,134217485,395,1234,0x008b01fc,0x0000206d,0,0
2,0xc0000318,0x00000000,9,2,11222,135187035,398,1339,0xc0000318,0x00006203,0,0
1,0xc0000318,0x00000000,9,2,26814,135248517,398,1339,0xc0000318,0x00006203,0,0
0,0x008b152a,0x00000000,9,2,13,273875871,753,834,0x008b152a,0x0000102d,0,0
2,0xc000029e,0x00000000,9,2,12221,135184859,398,1339,0xc000029e,0x0000b0af,0,0
1,0xc000029e,0x00000000,9,2,28899,135248567,398,1339,0xc000029e,0x0000b0af,0,0
2,0xc00002c4,0x00000000,6,4,12221,135184912,398,1339,0x06013010,0x006a0005,0,0
1,0xc00002c4,0x00000000,6,4,28869,135248620,398,1339,0x06010010,0x0052ffea,0,0
0,0x0088dce4,0x00000000,9,2,39,407329694,1119,1233,0x0088dce4,0x000073f8,0,0
0,0x008b0fc6,0x00000000,9,2,163,133677507,392,1233,0x008b0fc6,0x00004e75,0,0
0,0x008b0108,0x00000000,9,2,35,134205736,394,1234,0x008b0108,0x00004eba,0,0
0,0x00887b90,0x00000000,9,2,112,135942182,399,732,0x00887b90,0x0000672c,0,0
0,0x008b0eda,0x00000000,10,1,466,281348541,774,1234,0x00ff8690,0x00000080,0,0
0,0x008b012e,0x00000000,6,4,284,134212552,395,1339,0x00ffffe4,0x008b0132,0,0
1,0xc0000224,0x00000000,9,2,10183,135176989,398,1339,0xc0000224,0x0000bf35,0,0
2,0xc0000224,0x00000000,9,2,36328,135264169,398,1339,0xc0000224,0x0000bf35,0,0
0,0x008b09f0,0x00000000,10,4,2,95429650,241,349,0x00ffffe4,0x008b0a60,0,0
2,0xc0000138,0x00000000,10,2,37668,135588838,398,1338,0x0601801e,0x0000b100,0,0
0,0x008b1370,0x00000000,9,2,10,308801223,851,1258,0x008b1370,0x0000226d,0,0
0,0x008b13e2,0x00000000,6,1,13,134217425,395,774,0x00ff86ca,0x00000080,1,1
1,0xc00005ce,0x00000000,9,2,16,155330626,446,1115,0xc00005ce,0x0000b01d,0,0
2,0xc00000e4,0x00000000,9,2,20573,135425757,398,1339,0xc00000e4,0x000062d5,0,0
1,0xc00000e4,0x00000000,9,2,11812,135505717,398,1339,0xc00000e4,0x000062d5,0,0
0,0x008849a6,0x00000000,9,2,6,133921431,393,1256,0x008849a6,0x000073f6,0,0
0,0x008b12f6,0x00000000,9,2,25,134211468,395,1255,0x008b12f6,0x00004eba,0,0
0,0x0088d640,0x00000000,9,2,1,404556161,1112,1112,0x0088d640,0x00006100,0,0
0,0x008b0e0c,0x00000000,9,2,3,134205693,394,743,0x008b0e0c,0x00000200,0,0
0,0x0089898a,0x00000000,10,2,1411,134172229,394,1339,0x00ff609e,0x00000000,0,0
1,0xc0000156,0x00000000,6,4,106116,135141628,398,1339,0xffffff14,0x00000000,0,0
2,0xc0000156,0x00000000,6,4,54142,135147102,398,1339,0xffffff14,0x00000000,0,0
0,0x008989b0,0x00000000,9,2,1411,134172763,394,1339,0x008989b0,0x00003499,0,0
1,0xc0000554,0x00000000,9,2,5,159048678,455,1115,0xc0000554,0x0000e210,0,0
2,0xc0000554,0x00000000,9,2,1,181179136,509,509,0xc0000554,0x0000e210,0,0
1,0xc000006a,0x00000000,9,2,18107,135176837,398,1339,0xc000006a,0x0000a026,0,0
2,0xc000006a,0x00000000,9,2,46607,135184676,398,1339,0xc000006a,0x0000a026,0,0
0,0x00887002,0x00000000,9,2,112,135942798,399,732,0x00887002,0x00006600,0,0
0,0x00898910,0x00000000,10,2,1411,134170588,394,1339,0x00ff6024,0x0000220a,0,0
0,0x00898936,0x00000000,9,2,1411,134171134,394,1339,0x00898936,0x00003499,0,0
1,0xc00004da,0x00000000,9,2,2,159050005,455,473,0xc00004da,0x0000e230,0,0
0,0x008989a8,0x00000000,6,2,1411,134172657,394,1339,0x00a15112,0x00000000,1,1
0,0x008b0cf2,0x00000000,10,4,1996,1311420,9,1339,0x00ffffb4,0x008b0cc2,0,0
0,0x0088e966,0x00000000,6,4,30,318746764,881,1096,0x00fffff8,0x0088e96a,0,0
0,0x008b082e,0x00000000,9,2,4,305106199,841,1255,0x008b082e,0x00001b7c,0,0
0,0x008b0344,0x00000000,9,2,1265,169944894,482,1339,0x008b0344,0x0000dc6d,0,0
1,0xc0000460,0x00000000,9,2,8,159041892,455,1115,0xc0000460,0x0000b0cd,0,0
0,0x0089892e,0x00000000,6,2,1411,134171032,394,1339,0x00a15112,0x00000000,1,1
0,0x008b1188,0x00000000,9,2,83,458023502,1257,1339,0x008b1188,0x0000101c,0,0
0,0x008b07b4,0x00000000,9,2,4,305106121,841,1255,0x008b07b4,0x00005307,0,0
0,0x008b02ca,0x00000000,9,2,799,169944906,482,1339,0x008b02ca,0x00003206,0,0
1,0xc00003e6,0x00000000,9,2,2,179773659,506,509,0xc00003e6,0x0000d104,0,0
2,0xc00003e6,0x00000000,9,2,86,179799252,506,1339,0xc00003e6,0x0000d104,0,0
0,0x008b0826,0x00000000,6,1,4,305106196,841,1255,0x00ff878d,0x00000030,0,0
0,0x008b0250,0x00000000,9,2,604,134466213,395,1234,0x008b0250,0x0000532d,0,0
2,0xc0000346,0x00000000,10,4,12221,135184832,398,1339,0x0600f638,0x0036f88e,0,0
1,0xc0000346,0x00000000,10,4,28899,135248549,398,1339,0x0600f488,0x000f67ce,0,0
2,0xc000036c,0x00000000,9,2,311,135217073,398,1339,0xc000036c,0x00006473,0,0
1,0xc000036c,0x00000000,9,2,4023,135283583,398,1339,0xc000036c,0x00006473,0,0
0,0x008b1094,0x00000000,9,2,493,134205673,394,1339,0x008b1094,0x00000445,0,0
0,0x008b0baa,0x00000000,9,2,1140,1311465,9,1235,0x008b0baa,0x000051c8,0,0
0,0x008b01b0,0x00000000,10,4,164,169944815,482,1255,0x00ffffe0,0x008b016e,0,0
0,0x008b06c0,0x00000000,9,2,3,133677063,392,742,0x008b06c0,0x000033fc,0,0
0,0x008b01d6,0x00000000,9,2,485,134212492,395,1339,0x008b01d6,0x00001b6d,0,0
1,0xc00002f2,0x00000000,9,2,784,405502341,1115,1232,0xc00002f2,0x0000b1b9,0,0
0,0x008b0c1c,0x00000000,6,1,1306,1046484,8,14,0x00a00000,0x000000f3,1,1
0,0x008b1504,0x00000000,9,2,112,169945136,482,1339,0x008b1504,0x0000e148,0,0
0,0x008b0646,0x00000000,9,2,3,133676830,392,742,0x008b0646,0x0000264c,0,0
0,0x008b015c,0x00000000,9,2,418,134205783,394,1339,0x008b015c,0x00004eba,0,0
0,0x008b06b8,0x00000000,6,4,3,133677036,392,742,0x00ffffe4,0x008b06bc,0,0
0,0x008b148a,0x00000000,9,2,3,315793435,872,1235,0x008b148a,0x00000c2d,0,0
0,0x008b01ce,0x00000000,6,2,36,134212489,395,1223,0x00ff8580,0x00000000,0,0
0,0x008b0fa0,0x00000000,9,2,71,137171092,402,480,0x008b0fa0,0x00004e75,0,0
0,0x008b14fc,0x00000000,6,1,13,134217257,395,1203,0x00ff869b,0x00000007,1,1
0,0x008b00e2,0x00000000,9,2,26,134205712,394,1193,0x008b00e2,0x00006a0a,0,0
1,0xc00001d8,0x00000000,10,2,47606,135141593,398,1339,0x220adc6c,0x0000ff00,0,0
2,0xc00001d8,0x00000000,10,2,40838,135147067,398,1339,0x220b18ac,0x0000e600,0,0
1,0xc00001fe,0x00000000,9,2,95929,135176947,398,1339,0xc00001fe,0x0000611b,0,0
2,0xc00001fe,0x00000000,9,2,36968,135268032,398,1339,0xc00001fe,0x0000611b,0,0
0,0x008b063e,0x00000000,6,1,3,133676828,392,742,0x00ff8501,0x0000004c,1,1
0,0x008b0f26,0x00000000,9,2,1178,134217370,395,1234,0x008b0f26,0x00005340,0,0
0,0x008b0552,0x00000000,9,2,7,133676420,392,1255,0x008b0552,0x00001430,0,0
0,0x008b0068,0x00000000,9,2,1114,3531850,15,1339,0x008b0068,0x00001d7c,0,0
0,0x0088e9b8,0x00000000,9,2,239,318815569,882,1097,0x0088e9b8,0x000077f6,0,0
1,0xc000059e,0x00000000,9,2,10,155336334,446,869,0xc000059e,0x0000e120,0,0
1,0xc00000b4,0x00000000,9,2,37882,135177135,398,1339,0xc00000b4,0x000060d5,0,0
2,0xc00000b4,0x00000000,9,2,301458,135184984,398,1339,0xc00000b4,0x000060d5,0,0
0,0x0089890e,0x00000000,6,2,1411,134170586,394,1339,0x00a15112,0x000018a4,1,1
0,0x008b12c6,0x00000000,9,2,22,134211449,395,1255,0x008b12c6,0x0000101c,0,0
1,0xc00004b2,0x00000000,6,4,32,162723692,464,1339,0x0600ff54,0xc00004b4,0,0
0,0x00898980,0x00000000,9,2,1411,134172121,394,1339,0x00898980,0x00003499,0,0
0,0x008989a6,0x00000000,10,2,1463,134172653,394,1339,0x00ff60ba,0x00000000,0,3
1,0xc0000524,0x00000000,9,2,493,135253602,398,1339,0xc0000524,0x0000e330,0,0
2,0xc0000524,0x00000000,9,2,3,181178613,509,512,0xc0000524,0x0000e330,0,0
1,0xc000003a,0x00000000,9,2,7562,135186519,398,1339,0xc000003a,0x0000b0d7,0,0
2,0xc000003a,0x00000000,9,2,39504,135264664,398,1339,0xc000003a,0x0000b0d7,0,0
0,0x00898906,0x00000000,9,2,1411,134170476,394,1339,0x00898906,0x00003499,0,0
0,0x0089892c,0x00000000,10,2,1411,134171028,394,1339,0x00ff6040,0x00000000,0,0
1,0xc00004aa,0x00000000,9,2,32,162723624,464,1339,0xc00004aa,0x0000e210,0,0
0,0x008b11d2,0x00000000,9,2,7,169945081,482,784,0x008b11d2,0x00006000,0,0
0,0x00889f16,0x00000000,6,2,1,487197854,1320,1320,0xffff90b0,0x00000000,0,0
0,0x008b0ce8,0x00000000,9,2,1996,1311414,9,1339,0x008b0ce8,0x00000810,0,0
0,0x008b07fe,0x00000000,9,2,4,305106139,841,1255,0x008b07fe,0x0000244d,0,0
1,0xc0000430,0x00000000,9,2,20365,135248578,398,1339,0xc0000430,0x0000afef,0,0
2,0xc0000430,0x00000000,9,2,3427,135425938,398,1339,0xc0000430,0x0000afef,0,0
0,0x008b0bfc,0x00000000,6,2,2,1046475,8,14,0x00a11100,0x00000100,0,0
0,0x0088e360,0x00000000,9,2,5045,270772494,745,1234,0x0088e360,0x000073f8,0,0
0,0x008b0c6e,0x00000000,9,2,284,134212569,395,1339,0x008b0c6e,0x00000815,0,0
0,0x008b1556,0x00000000,6,1,10,273875855,753,834,0x00ff8578,0x00000024,1,1
1,0xc00003b6,0x00000000,9,2,4573,135261991,398,1339,0xc00003b6,0x000055c6,0,0
2,0xc00003b6,0x00000000,9,2,312,179799247,506,1339,0xc00003b6,0x000055c6,0,0
0,0x008b10de,0x00000000,9,2,13,134217422,395,774,0x008b10de,0x00006000,0,0
0,0x008b0bf4,0x00000000,9,2,3,133676810,392,742,0x008b0bf4,0x00004e75,0,0
0,0x008b070a,0x00000000,9,2,3,133677159,392,742,0x008b070a,0x000043ee,0,0
0,0x008b14dc,0x00000000,6,1,3,134217629,395,754,0x00ff86f1,0x000000e0,0,0
0,0x008b0b7a,0x00000000,9,2,60,1312427,9,1236,0x008b0b7a,0x000051ca,0,0
0,0x008b0690,0x00000000,9,2,18,133676867,392,742,0x008b0690,0x0000d2c6,0,0
0,0x008b01a6,0x00000000,9,2,164,169944809,482,1255,0x008b01a6,0x0000700b,0,0
2,0xc00002c2,0x00000000,9,2,12221,135184909,398,1339,0xc00002c2,0x00001b23,0,0
1,0xc00002c2,0x00000000,9,2,28869,135248617,398,1339,0xc00002c2,0x00001b23,0,0
0,0x008b0a8e,0x00000000,6,1,8,95928202,243,357,0x00ff8506,0x00000001,0,0
1,0xc00001d6,0x00000000,6,4,47606,135141591,398,1339,0xc0000770,0xff1a5800,0,0
2,0xc00001d6,0x00000000,6,4,40838,135147065,398,1339,0xc0000770,0xff0db800,0,0
0,0x008b13e8,0x00000000,6,4,13,134217427,395,774,0x00ff86d4,0x008b8351,0,0
0,0x008b0040,0x00000000,6,1,1114,3122083,15,1339,0x00ff8508,0x00000000,0,0
0,0x008b0f70,0x00000000,9,2,601,281348609,774,1234,0x008b0f70,0x00006610,0,0
0,0x008b1480,0x00000000,10,1,3,315758507,871,1234,0x00ff863b,0x00000002,0,0
0,0x008b0a86,0x00000000,9,2,10,95928197,243,359,0x008b0a86,0x0000532e,0,0
0,0x008b059c,0x00000000,9,2,3,95429565,241,1235,0x008b059c,0x00000c07,0,0
0,0x008b00b2,0x00000000,9,2,2228,3531891,15,1339,0x008b00b2,0x000051cf,0,0
2,0xc00006b8,0x00000000,9,2,1508,135427539,398,1339,0xc00006b8,0x00008908,0,0
1,0xc00006b8,0x00000000,9,2,6955,270039132,743,1232,0xc00006b8,0x00008908,0,0
1,0xc00001ce,0x00000000,9,2,47606,135141585,398,1339,0xc00001ce,0x000061d5,0,0
2,0xc00001ce,0x00000000,9,2,281855,135147059,398,1339,0xc00001ce,0x000061d5,0,0
1,0xc00001f4,0x00000000,10,4,55989,135176905,398,1339,0xc000070c,0x00009000,0,0
2,0xc00001f4,0x00000000,10,4,25218,135184744,398,1339,0xc000070c,0x00009000,0,0
0,0x008b0f1c,0x00000000,10,1,1183,134217367,395,1234,0x00ff869b,0x00000007,0,0
0,0x008b0038,0x00000000,9,2,1115,3122079,15,1339,0x008b0038,0x00004a15,0,0
1,0xc000063e,0x00000000,9,2,4290,135248405,398,1339,0xc000063e,0x00005420,0,0
2,0xc000063e,0x00000000,9,2,20,179796808,506,512,0xc000063e,0x00005420,0,0
1,0xc0000154,0x00000000,9,2,106116,135141626,398,1339,0xc0000154,0x0000e000,0,0
2,0xc0000154,0x00000000,9,2,54142,135147100,398,1339,0xc0000154,0x0000e000,0,0
0,0x008989ae,0x00000000,6,2,1411,134172762,394,1339,0x00a15112,0x00000000,1,1
0,0x008b1366,0x00000000,9,2,10,308801218,851,1258,0x008b1366,0x0000226e,0,0
1,0xc000008e,0x00000000,9,2,12159,135177130,398,1339,0xc000008e,0x0000a010,0,0
2,0xc000008e,0x00000000,9,2,4932,135185268,398,1339,0xc000008e,0x0000a010,0,0
0,0x00898934,0x00000000,6,2,1411,134171133,394,1339,0x00a15112,0x00000000,1,1
2,0xc0000100,0x00000000,10,2,17119,135589071,398,1338,0x06018026,0x00000066,0,0
0,0x0089895a,0x00000000,9,2,1411,134171570,394,1339,0x0089895a,0x00003499,0,0
0,0x008b03e2,0x00000000,9,2,248,169944990,482,1339,0x008b03e2,0x00004efb,0,0
0,0x008b1312,0x00000000,10,1,500,134211512,395,1255,0x008b851f,0x00000048,0,0
1,0xc00004fe,0x00000000,9,2,7,159053739,455,509,0xc00004fe,0x0000b085,0,0
1,0xc0000014,0x00000000,9,2,56884,135176774,398,1339,0xc0000014,0x00006098,0,0
2,0xc0000014,0x00000000,9,2,66741,135184613,398,1339,0xc0000014,0x00006098,0,0
0,0x008989cc,0x00000000,10,2,1411,134173204,394,1339,0x00ff60e0,0x00000000,0,0
0,0x008b0d16,0x00000000,6,1,895,1312423,9,1339,0x00a04003,0x0000007f,0,0
1,0xc0000086,0x00000000,10,4,13396,135177455,398,1339,0x0600ff64,0xc0000026,0,0
2,0xc0000086,0x00000000,10,4,6245,135184981,398,1339,0x0600ffe8,0xc0000026,0,0
1,0xc0000484,0x00000000,9,2,4,159052560,455,1115,0xc0000484,0x0000b0bb,0,0
0,0x00898952,0x00000000,10,2,1411,134171465,394,1339,0x00ff6066,0x00000000,0,0
0,0x008b0cc2,0x00000000,9,2,473,1311421,9,1339,0x008b0cc2,0x000033fc,0,0
1,0xc000000c,0x00000000,10,4,1284,135176769,398,1339,0xc0000728,0x06012fec,0,0
2,0xc000000c,0x00000000,10,4,976,135184608,398,1339,0xc0000728,0x06015fec,0,0
0,0x008b02ee,0x00000000,9,2,1265,169944886,482,1339,0x008b02ee,0x00007c00,0,0
2,0xc000040a,0x00000000,9,2,9106,135184867,398,1339,0xc000040a,0x000053ef,0,0
1,0xc000040a,0x00000000,9,2,13107,135250347,398,1339,0xc000040a,0x000053ef,0,0
0,0x008b0c48,0x00000000,9,2,2,1311375,9,15,0x008b0c48,0x00004e71,0,0
0,0x008b0274,0x00000000,9,2,93,148319303,429,1233,0x008b0274,0x0000442d,0,0
0,0x0088e784,0x00000000,6,4,1,317709835,879,879,0x00fffff8,0x0088e788,0,0
2,0xc0000390,0x00000000,9,2,1108,135193499,398,1339,0xc0000390,0x0000000b,0,0
1,0xc0000390,0x00000000,9,2,2931,135274966,398,1339,0xc0000390,0x0000000b,0,0
0,0x008b0cba,0x00000000,10,2,2,404312923,1111,1111,0x00ff0004,0x0000d48a,1,2
0,0x008b0ba8,0x00000000,6,4,1140,1311464,9,1235,0x00ff8500,0x00000000,0,0
0,0x008b01fa,0x00000000,9,2,401,134212509,395,1255,0x008b01fa,0x0000671c,0,0
2,0xc0000316,0x00000000,9,2,11222,135187033,398,1339,0xc0000316,0x0000c517,0,0
1,0xc0000316,0x00000000,9,2,26814,135248515,398,1339,0xc0000316,0x0000c517,0,0
0,0x008b0756,0x00000000,10,1,18,133677200,392,742,0x00ff8570,0x00000080,0,0
0,0x008b1528,0x00000000,9,2,13,273875870,753,834,0x008b1528,0x00007000,0,0
0,0x008b0b54,0x00000000,9,2,5,1312153,9,1235,0x008b0b54,0x00004eba,0,0
0,0x008b066a,0x00000000,9,2,18,133676844,392,742,0x008b066a,0x000008d1,0,0
0,0x008b0180,0x00000000,9,2,200,134212483,395,1255,0x008b0180,0x00000405,0,0
2,0xc000029c,0x00000000,9,2,12221,135184858,398,1339,0xc000029c,0x000089f0,0,0
1,0xc000029c,0x00000000,9,2,28899,135248566,398,1339,0xc000029c,0x000089f0,0,0
0,0x008b0106,0x00000000,9,2,37,134205735,394,1234,0x008b0106,0x00006716,0,0
1,0xc0000222,0x00000000,9,2,48373,135176987,398,1339,0xc0000222,0x00004f22,0,0
2,0xc0000222,0x00000000,9,2,54277,135184820,398,1339,0xc0000222,0x00004f22,0,0
0,0x008b1434,0x00000000,9,2,3,170041860,483,488,0x008b1434,0x00004eba,0,0
0,0x008b0a60,0x00000000,9,2,2,95429651,241,349,0x008b0a60,0x00004eba,0,0
2,0xc0000692,0x00000000,9,2,1508,135427506,398,1339,0xc0000692,0x0000054f,0,0
1,0xc0000692,0x00000000,9,2,6955,270039099,743,1232,0xc0000692,0x0000054f,0,0
2,0xc00001a8,0x00000000,9,2,262159,135588931,398,1338,0xc00001a8,0x00002308,0,0
1,0x0000021a,0x00000000,10,4,1,284573,5,5,0x220003e0,0x06000280,0,0
0,0x008b0012,0x00000000,9,2,1118,3032196,14,1339,0x008b0012,0x00004a2e,0,0
1,0xc0000108,0x00000000,6,4,140630,135176806,398,1339,0x0600f400,0x0027d800,0,0
2,0xc0000108,0x00000000,6,4,66478,135184645,398,1339,0x0600f600,0x00347800,0,0
1,0xc0000618,0x00000000,9,2,4290,135248377,398,1339,0xc0000618,0x00003048,0,0
2,0xc0000618,0x00000000,9,2,20,179796780,506,512,0xc0000618,0x00003048,0,0
1,0xc000012e,0x00000000,9,2,896,135141572,398,1339,0xc000012e,0x000059e3,0,0
2,0xc000012e,0x00000000,9,2,38588,135147046,398,1339,0xc000012e,0x000059e3,0,0
0,0x008b1340,0x00000000,9,2,25,134212393,395,1255,0x008b1340,0x0000122d,0,0
0,0x008b0e56,0x00000000,9,2,1148,134466167,395,1233,0x008b0e56,0x00004eba,0,0
0,0x008989d4,0x00000000,6,2,1411,134173309,394,1339,0x00a15112,0x00000000,1,1
1,0xc00001a0,0x00000000,10,4,895,135176761,398,1339,0x0600ff64,0xc0000008,0,0
2,0xc00001a0,0x00000000,10,4,920,135184600,398,1339,0x0600ffe8,0xc0000008,0,0
0,0x008b0ea2,0x00000000,9,2,52,281348429,774,1234,0x008b0ea2,0x000041fa,0,0
1,0xc00005ea,0x00000000,9,2,1,405604133,1115,1115,0xc00005ea,0x0000e120,0,0
1,0xc0000100,0x00000000,9,2,140630,135176798,398,1339,0xc0000100,0x000037cc,0,0
2,0xc0000100,0x00000000,9,2,83597,135184637,398,1339,0xc0000100,0x000037cc,0,0
0,0x0089895a,0x00000000,10,2,1411,134171571,394,1339,0x00ff606e,0x00000000,0,0
0,0x008b1312,0x00000000,9,2,500,134211511,395,1255,0x008b1312,0x00001219,0,0
0,0x008989cc,0x00000000,9,2,1411,134173203,394,1339,0x008989cc,0x00003499,0,0
1,0xc0000570,0x00000000,9,2,32,160287195,458,1339,0xc0000570,0x0000e200,0,0
1,0xc0000086,0x00000000,9,2,13396,135177454,398,1339,0xc0000086,0x00004f26,0,0
2,0xc0000086,0x00000000,9,2,6245,135184980,398,1339,0xc0000086,0x00004f26,0,0
0,0x008b0256,0x00000000,6,1,633,147906534,428,1233,0x00ff86d9,0x00000000,1,1
0,0x00898952,0x00000000,9,2,1411,134171464,394,1339,0x00898952,0x00003499,0,0
0,0x008b03da,0x00000000,9,2,248,169944986,482,1339,0x008b03da,0x00007000,0,0
1,0xc00004f6,0x00000000,9,2,7,159053672,455,509,0xc00004f6,0x0000b089,0,0
1,0xc000000c,0x00000000,9,2,1284,135176768,398,1339,0xc000000c,0x000050ea,0,0
2,0xc000000c,0x00000000,9,2,41579,135184607,398,1339,0xc000000c,0x000050ea,0,0
2,0xc000040a,0x00000000,10,4,9106,135184868,398,1339,0xc000073c,0x0600de01,0,0
1,0xc000040a,0x00000000,10,4,13107,135250348,398,1339,0xc000073c,0x0600de00,0,0
1,0xc00002f8,0x00000000,6,2,4572,135262045,398,1339,0x060100ca,0x0000ae01,0,0
2,0xc00002f8,0x00000000,6,2,312,179799307,506,1339,0x060137fa,0x0000a801,0,0
1,0xc000047c,0x00000000,9,2,4,159052545,455,1115,0xc000047c,0x0000e110,0,0
0,0x008b0274,0x00000000,10,1,93,148319304,429,1233,0x00ff86da,0x00000001,0,0
0,0x00881c94,0x00000000,9,2,115,272054564,748,1236,0x00881c94,0x000073f6,0,0
0,0x008b0cba,0x00000000,9,2,473,1311393,9,1339,0x008b0cba,0x00004eba,0,0
0,0x008b0162,0x00000000,6,4,284,134212436,395,1339,0x00ffffe0,0x008b0166,0,0
2,0xc0000402,0x00000000,9,2,12533,135184862,398,1339,0xc0000402,0x00004228,0,0
1,0xc0000402,0x00000000,9,2,33472,135248570,398,1339,0xc0000402,0x00004228,0,0
2,0xc0000316,0x00000000,10,2,11222,135187034,398,1339,0x0600f62e,0x00000006,0,0
1,0xc0000316,0x00000000,10,2,26814,135248516,398,1339,0x0600f47e,0x0000ffed,0,0
0,0x008b0c40,0x00000000,9,2,2,1311371,9,15,0x008b0c40,0x00004e71,0,0
0,0x008b0756,0x00000000,9,2,18,133677199,392,742,0x008b0756,0x00000815,0,0
0,0x008881de,0x00000000,9,2,28,457243757,1254,1338,0x008881de,0x0000672a,0,0
0,0x008b026c,0x00000000,9,2,633,147906543,428,1233,0x008b026c,0x0000660c,0,0
2,0xc0000388,0x00000000,9,2,8021,135184847,398,1339,0xc0000388,0x00008900,0,0
1,0xc0000388,0x00000000,9,2,14728,135251213,398,1339,0xc0000388,0x00008900,0,0
0,0x008b066a,0x00000000,10,1,18,133676845,392,742,0x00ff8540,0x00000000,0,0
2,0xc000030e,0x00000000,9,2,11222,135187028,398,1339,0xc000030e,0x00006103,0,0
1,0xc000030e,0x00000000,9,2,26814,135248510,398,1339,0xc000030e,0x00006103,0,0
2,0xc0000222,0x00000000,10,2,30895,135795025,399,1337,0xc0000222,0x00004010,0,0
0,0x008b0662,0x00000000,9,2,3,133676842,392,742,0x008b0662,0x000043ee,0,0
0,0x008b0178,0x00000000,9,2,225,134212515,395,1339,0x008b0178,0x00004eba,0,0
1,0xc0000110,0x00000000,6,4,140630,135176813,398,1339,0x0600f40c,0x00000000,0,0
2,0xc0000110,0x00000000,6,4,66478,135184652,398,1339,0x0600f60c,0x004e0008,0,0
2,0xc0000294,0x00000000,9,2,12221,135184825,398,1339,0xc0000294,0x0000b054,0,0
1,0xc0000294,0x00000000,9,2,28899,135248542,398,1339,0xc0000294,0x0000b054,0,0
0,0x008b0e38,0x00000000,6,1,1244,134217232,395,1234,0x00ff869e,0x00000000,1,1
0,0x008b094e,0x00000000,6,1,2,95429580,241,349,0x00ff8500,0x00000000,0,0
2,0xc0000692,0x00000000,10,4,3016,135427507,398,1339,0xc0000780,0xffff4a60,0,1
1,0xc0000692,0x00000000,10,4,13910,270039100,743,1232,0xc0000780,0xffff4a78,0,1
0,0x008b0fbc,0x00000000,9,2,163,133677504,392,1233,0x008b0fbc,0x00000000,0,0
0,0x008989dc,0x00000000,6,2,1411,134173419,394,1339,0x00a15112,0x00000000,1,1
0,0x008b0ad2,0x00000000,9,2,24,95928242,243,357,0x008b0ad2,0x00006a1a,0,0
1,0x0000021a,0x00000000,9,2,1,284572,5,5,0x0000021a,0x00006822,0,0
2,0x0000021a,0x00000000,9,2,1,284818,5,5,0x0000021a,0x0000482b,0,0
1,0xc000021a,0x00000000,9,2,55600,135176982,398,1339,0xc000021a,0x00000008,0,0
2,0xc000021a,0x00000000,9,2,27768,135184815,398,1339,0xc000021a,0x00000008,0,0
0,0x008b0012,0x00000000,10,1,1118,3032197,14,1339,0x00ff8507,0x00000000,0,0
0,0x008b0f42,0x00000000,9,2,202,137171086,402,1233,0x008b0f42,0x0000674c,0,0
0,0x00898962,0x00000000,6,2,1411,134171774,394,1339,0x00a15112,0x00000000,1,1
1,0xc000012e,0x00000000,10,4,896,135141573,398,1339,0xc000070c,0x00009000,0,0
2,0xc000012e,0x00000000,10,4,920,135147047,398,1339,0xc000070c,0x00009000,0,0
0,0x008b1340,0x00000000,10,1,25,134212394,395,1255,0x00ff8597,0x000000c0,0,0
2,0xc000068a,0x00000000,9,2,1508,135427500,398,1339,0xc000068a,0x0000021a,0,0
1,0xc000068a,0x00000000,9,2,6955,270039093,743,1232,0xc000068a,0x0000021a,0,0
0,0x008b0e56,0x00000000,10,2,2,277427169,763,763,0x00ff0004,0x00002a40,1,2
1,0xc00001a0,0x00000000,9,2,895,135176760,398,1339,0xc00001a0,0x00004f26,0,0
2,0xc00001a0,0x00000000,9,2,263079,135184599,398,1339,0xc00001a0,0x00004f26,0,0
1,0xc00000b4,0x00000000,10,2,37882,135177136,398,1339,0x220ae0c0,0x00000d00,0,0
2,0xc00000b4,0x00000000,10,2,16279,135184985,398,1339,0x220b1ce2,0x00000c00,0,0
1,0xc00005c4,0x00000000,9,2,16,155330558,446,1115,0xc00005c4,0x0000e200,0,0
1,0xc00000da,0x00000000,9,2,7562,135186504,398,1339,0xc00000da,0x00001732,0,0
2,0xc00000da,0x00000000,9,2,26521,135264649,398,1339,0xc00000da,0x00001732,0,0
0,0x008b12c6,0x00000000,10,1,22,134211450,395,1255,0x008b8149,0x00000002,0,0
0,0x008b12ec,0x00000000,9,2,15,134211463,395,1234,0x008b12ec,0x0000323c,0,0
0,0x00898980,0x00000000,10,2,1411,134172122,394,1339,0x00ff6094,0x00000000,0,0
0,0x008989a6,0x00000000,9,2,1411,134172652,394,1339,0x008989a6,0x00003499,0,0
2,0xc000003a,0x00000000,10,2,37668,135588790,398,1338,0x060048ce,0x0000c000,0,0
1,0xc000054a,0x00000000,9,2,798,135253074,398,1339,0xc000054a,0x0000b05f,0,0
2,0xc000054a,0x00000000,9,2,3,179796836,506,512,0xc000054a,0x0000b05f,0,0
1,0xc0000060,0x00000000,9,2,18107,135176793,398,1339,0xc0000060,0x0000b04c,0,0
2,0xc0000060,0x00000000,9,2,46607,135184632,398,1339,0xc0000060,0x0000b04c,0,0
0,0x00898906,0x00000000,10,2,1411,134170477,394,1339,0x00ff601a,0x0000f066,0,0
0,0x0089892c,0x00000000,9,2,1411,134171027,394,1339,0x0089892c,0x00003499,0,0
1,0xc00004d0,0x00000000,9,2,373,160282574,458,1339,0xc00004d0,0x0000b09c,0,0
0,0x008b0ce8,0x00000000,10,1,1996,1311415,9,1339,0x00a04000,0x00000000,0,0
0,0x008b0d0e,0x00000000,9,2,895,1312418,9,1339,0x008b0d0e,0x00004e71,0,0
0,0x0088e360,0x00000000,10,2,4,382013972,1051,1134,0x00ff0004,0x0000e90c,0,1
1,0xc0000456,0x00000000,9,2,8,159041749,455,1115,0xc0000456,0x00004f22,0,0
0,0x008b0c6e,0x00000000,10,1,284,134212570,395,1339,0x00ff8570,0x00000082,0,0
0,0x008b117e,0x00000000,9,2,1,457494916,1255,1255,0x008b117e,0x0000e148,0,0
0,0x008b1530,0x00000000,6,4,13,273875875,753,834,0x00ff859c,0x008b2bdc,0,0
0,0x008b0c94,0x00000000,9,2,226,133677209,392,1255,0x008b0c94,0x0000660a,0,0
0,0x008b07aa,0x00000000,9,2,4,305106113,841,1255,0x008b07aa,0x00007200,0,0
1,0xc00003b6,0x00000000,10,4,4573,135261992,398,1339,0x0600f468,0x000f66a2,0,0
0,0x008b0672,0x00000000,6,1,18,133676851,392,742,0x00ff8542,0x00000001,0,0
2,0xc00003b6,0x00000000,10,4,312,179799248,506,1339,0x0600f668,0x00009000,0,0
1,0xc00003dc,0x00000000,9,2,60,166068678,473,1339,0xc00003dc,0x0000bfd4,0,0
2,0xc00003dc,0x00000000,9,2,114,179799256,506,1339,0xc00003dc,0x0000bfd4,0,0
0,0x008b0bf4,0x00000000,10,4,3,133676811,392,742,0x00ffffe4,0x008b0620,0,0
2,0xc0000362,0x00000000,9,2,3780,135187552,398,1339,0xc0000362,0x00004421,0,0
1,0xc0000362,0x00000000,9,2,9629,135248560,398,1339,0xc0000362,0x00004421,0,0
1,0xc00002e8,0x00000000,9,2,4573,135262037,398,1339,0xc00002e8,0x000089ca,0,0
2,0xc00002e8,0x00000000,9,2,312,179799299,506,1339,0xc00002e8,0x000089ca,0,0
2,0xc00001b0,0x00000000,6,1,123708,135588936,398,1338,0x24010678,0x000000b1,0,0
0,0x008b0152,0x00000000,9,2,702,134205778,394,1339,0x008b0152,0x00007a00,0,0
0,0x008b001a,0x00000000,6,4,1118,3032200,14,1339,0x00ffffe8,0x008b001e,0,0
1,0xc0000620,0x00000000,6,4,4290,135248385,398,1339,0x0600f468,0x00009000,0,0
2,0xc0000620,0x00000000,6,4,20,179796788,506,512,0x0600f688,0x00009000,0,0
0,0x008b1480,0x00000000,9,2,3,315758506,871,1234,0x008b1480,0x0000102d,0,0
0,0x008b0a86,0x00000000,10,1,10,95928198,243,359,0x00ff8504,0x00000005,0,0
0,0x008b1348,0x00000000,6,2,25,134212426,395,1255,0x00a11100,0x00000000,0,0
0,0x0088194e,0x00000000,6,4,2,1046089,8,11,0x00fffff4,0x00881952,0,0
0,0x008b0aac,0x00000000,9,2,8,95928207,243,357,0x008b0aac,0x00004bee,0,0
0,0x008b0e5e,0x00000000,6,1,96,134217241,395,1234,0x00ff8690,0x00000080,1,1
0,0x008b00b2,0x00000000,10,2,2,313343272,864,864,0x00ff0004,0x00002a40,0,1
0,0x008b00d8,0x00000000,9,2,37,134205706,394,1234,0x008b00d8,0x00004a05,0,0
1,0xc00001ce,0x00000000,10,2,47606,135141586,398,1339,0x220adc6a,0x0000013f,0,0
2,0xc00001ce,0x00000000,10,2,40838,135147060,398,1339,0x220b18aa,0x0000013f,0,0
1,0xc00001f4,0x00000000,9,2,55989,135176904,398,1339,0xc00001f4,0x000054e3,0,0
2,0xc00001f4,0x00000000,9,2,27873,135184743,398,1339,0xc00001f4,0x000054e3,0,0
0,0x008b0f1c,0x00000000,9,2,1183,134217366,395,1234,0x008b0f1c,0x0000102d,0,0
0,0x0088d618,0x00000000,6,4,1,404108212,1111,1111,0x00fffff8,0x0088d61c,0,0
0,0x008b0038,0x00000000,10,1,1115,3122080,15,1339,0x00ff8540,0x00000000,0,0
0,0x008b0548,0x00000000,9,2,7,133676417,392,1255,0x008b0548,0x00000400,0,0
1,0xc000063e,0x00000000,10,4,4290,135248406,398,1339,0x0600f470,0x000b6000,0,0
2,0xc000063e,0x00000000,10,4,20,179796809,506,512,0x0600f650,0xffdc1224,0,0
0,0x008b005e,0x00000000,9,2,3342,3531838,15,1339,0x008b005e,0x00006a04,0,0
0,0x00898988,0x00000000,6,2,1411,134172227,394,1339,0x00a15112,0x00000000,1,1
1,0xc000017a,0x00000000,9,2,106116,135141661,398,1339,0xc000017a,0x000075f4,0,0
2,0xc000017a,0x00000000,9,2,54518,135147135,398,1339,0xc000017a,0x000075f4,0,0
0,0x00892e56,0x00000000,9,2,43,270772490,745,871,0x00892e56,0x00004eba,0,0
0,0x008b1366,0x00000000,10,4,10,308801219,851,1258,0x00ff8530,0x008b2dea,0,0
0,0x008b138c,0x00000000,9,2,10,308801230,851,1258,0x008b138c,0x0000d2fc,0,0
1,0xc00001ec,0x00000000,10,4,55989,135176899,398,1339,0xc0000714,0x00800000,0,0
2,0xc00001ec,0x00000000,10,4,25218,135184738,398,1339,0xc0000714,0x00800000,0,0
0,0x008b0eee,0x00000000,9,2,28,288609163,795,1234,0x008b0eee,0x0000103c,0,0
0,0x0088d238,0x00000000,9,2,1,452824048,1238,1238,0x0088d238,0x000073f6,0,0
0,0x008b076e,0x00000000,6,4,9,133677498,392,742,0x00ffffe4,0x008b0772,0,0
0,0x0088a18e,0x00000000,9,2,2,132691469,389,1251,0x0088a18e,0x000043fa,0,0
0,0x008b0030,0x00000000,9,2,1118,3032224,14,1339,0x008b0030,0x00004eba,0,0
1,0xc0000636,0x00000000,9,2,4290,135248401,398,1339,0xc0000636,0x0000340d,0,0
2,0xc0000636,0x00000000,9,2,20,179796804,506,512,0xc0000636,0x0000340d,0,0
1,0xc000014c,0x00000000,9,2,106116,135141620,398,1339,0xc000014c,0x0000230d,0,0
2,0xc000014c,0x00000000,9,2,91434,135147094,398,1339,0xc000014c,0x0000230d,0,0
2,0xc0000172,0x00000000,10,4,376,135794991,399,1337,0xc0000184,0xc00001f4,0,0
0,0x008b135e,0x00000000,9,2,10,308801214,851,1258,0x008b135e,0x00006668,0,0
0,0x00881964,0x00000000,9,2,2,1046146,8,11,0x00881964,0x00004eba,0,0
0,0x008b0e74,0x00000000,9,2,65,134217260,395,1234,0x008b0e74,0x000060f0,0,0
0,0x008b06f4,0x00000000,6,4,9,133677089,392,742,0x00ff8694,0x008b8357,0,0
1,0xc00005bc,0x00000000,9,2,5,162731833,464,1115,0xc00005bc,0x0000e300,0,0
0,0x000000d2,0x00000000,9,2,1,285290,5,5,0x000000d2,0x00004e75,0,0
1,0xc00000d2,0x00000000,9,2,44177,135176892,398,1339,0xc00000d2,0x00000009,0,0
2,0xc00000d2,0x00000000,9,2,83283,135184731,398,1339,0xc00000d2,0x00000009,0,0
2,0xc00000f8,0x00000000,10,2,247511,135588907,398,1338,0xc00000f8,0x00004710,0,0
0,0x0089899e,0x00000000,9,2,1411,134172546,394,1339,0x0089899e,0x00003499,0,0
0,0x008b067a,0x00000000,6,1,18,133676855,392,742,0x00ff8567,0x000000c0,0,0
0,0x008989c4,0x00000000,10,2,1411,134173078,394,1339,0x00ff60d8,0x00000000,0,0
1,0xc0000542,0x00000000,9,2,798,135251574,398,1339,0xc0000542,0x0000b063,0,0
2,0xc0000542,0x00000000,9,2,3,179796769,506,512,0xc0000542,0x0000b063,0,0
1,0xc0000058,0x00000000,9,2,18107,135176785,398,1339,0xc0000058,0x00005ce8,0,0
2,0xc0000058,0x00000000,9,2,46607,135184624,398,1339,0xc0000058,0x00005ce8,0,0
0,0x00898924,0x00000000,9,2,1411,134170901,394,1339,0x00898924,0x00003499,0,0
0,0x0089894a,0x00000000,10,2,1411,134171357,394,1339,0x00ff605e,0x00000000,0,0
0,0x008b0116,0x00000000,6,2,35,134205752,394,1234,0x00a11100,0x00000000,0,0
1,0xc00004c8,0x00000000,9,2,373,160282507,458,1339,0xc00004c8,0x0000b0a0,0,0
2,0xc0000004,0x00000000,10,4,40603,135588754,398,1338,0xc0000724,0x06018000,0,0
0,0x008b081c,0x00000000,9,2,4,305106190,841,1255,0x008b081c,0x00003b59,0,0
1,0xc000044e,0x00000000,9,2,8,159041682,455,1115,0xc000044e,0x0000e230,0,0
2,0xc00001b8,0x00000000,6,4,13304,135421586,398,1339,0xc0000770,0x00000000,0,0
1,0xc00001b8,0x00000000,6,4,15992,135441746,398,1339,0xc0000770,0xffffc880,0,0
0,0x008b0ee0,0x00000000,6,4,466,281348544,774,1234,0x00ffffe0,0x008b0ee4,0,0
0,0x008b07a2,0x00000000,9,2,4,305106109,841,1255,0x008b07a2,0x0000e54f,0,0
0,0x008b0022,0x00000000,6,4,1118,3032214,14,1339,0x00ffffe8,0x008b0026,0,0
1,0xc00003d4,0x00000000,9,2,1585,135262003,398,1339,0xc00003d4,0x0000000b,0,0
2,0xc00003d4,0x00000000,9,2,86,458276579,1258,1339,0xc00003d4,0x0000000b,0,0
1,0xc0000628,0x00000000,6,4,4290,135248390,398,1339,0xffffff10,0xfffffff1,0,0
2,0xc0000628,0x00000000,6,4,20,179796793,506,512,0xffffff10,0xffffffff,0,0
0,0x008b0c12,0x00000000,9,2,2,1046480,8,14,0x008b0c12,0x000043f9,0,0
0,0x0088e774,0x00000000,9,2,1,317622299,879,879,0x0088e774,0x00004eba,0,0
0,0x008b156c,0x00000000,9,2,1,457493916,1255,1255,0x008b156c,0x00007000,0,0
0,0x008b01c4,0x00000000,9,2,344,134205722,394,1339,0x008b01c4,0x00001b40,0,0
0,0x00898990,0x00000000,6,2,1411,134172337,394,1339,0x00a15112,0x00000000,1,1
1,0xc00002e0,0x00000000,9,2,4573,135262007,398,1339,0xc00002e0,0x00003403,0,0
2,0xc00002e0,0x00000000,9,2,312,179799269,506,1339,0xc00002e0,0x00003403,0,0
0,0x0088e94e,0x00000000,6,4,30,318731573,881,1096,0x00fffff8,0x0088e952,0,0
1,0xc0000306,0x00000000,10,4,4572,135262059,398,1339,0x0600ff60,0xc0000268,0,0
2,0xc0000306,0x00000000,10,4,312,179799321,506,1339,0x0600ffe4,0xc0000230,0,0
0,0x008b0634,0x00000000,9,2,3,133676821,392,742,0x008b0634,0x00002d40,0,0
0,0x008b014a,0x00000000,9,2,292,134205773,394,1339,0x008b014a,0x0000286d,0,0
0,0x00898916,0x00000000,6,2,1411,134170692,394,1339,0x00a15112,0x0000e326,1,1
1,0xc0000266,0x00000000,9,2,1441,135186683,398,1339,0xc0000266,0x00004f22,0,0
2,0xc0000266,0x00000000,9,2,1248,135264828,398,512,0xc0000266,0x00004f22,0,0
0,0x008b1478,0x00000000,9,2,3,315758500,871,1234,0x008b1478,0x00000895,0,0
0,0x008b05ba,0x00000000,9,2,3,95429573,241,1235,0x008b05ba,0x00000407,0,0
0,0x008b080e,0x00000000,6,1,4,305106183,841,1255,0x00ff8782,0x00000001,0,0
0,0x008b00d0,0x00000000,9,2,44,134205670,394,1234,0x008b00d0,0x00006506,0,0
0,0x008b13b2,0x00000000,9,2,40,308801258,851,1258,0x008b13b2,0x00006408,0,0
0,0x008b0ec8,0x00000000,9,2,20,134217357,395,1223,0x008b0ec8,0x000008d5,0,0
1,0xc0000212,0x00000000,10,2,215206,135176922,398,1339,0xc0000212,0x00004710,0,0
2,0xc0000212,0x00000000,10,2,98868,135184760,398,1339,0xc0000212,0x00004710,0,0
2,0x00000212,0x00000000,10,4,1,284568,5,5,0x00000224,0x535f4f4b,0,0
1,0xc0000610,0x00000000,9,2,4290,135248371,398,1339,0xc0000610,0x000032cc,0,0
2,0xc0000610,0x00000000,9,2,20,179796774,506,512,0xc0000610,0x000032cc,0,0
1,0xc0000126,0x00000000,9,2,51278,135177128,398,1339,0xc0000126,0x00001743,0,0
2,0xc0000126,0x00000000,9,2,22524,135184955,398,1339,0xc0000126,0x00001743,0,0
0,0x008b1338,0x00000000,9,2,100,134212281,395,1255,0x008b1338,0x000051cd,0,0
2,0xc0000682,0x00000000,10,4,3016,135427495,398,1339,0xc0000784,0xffff4b9c,0,1
1,0xc0000682,0x00000000,10,4,13910,270039088,743,1232,0xc0000784,0xffff4b80,0,1
0,0x008b0e4e,0x00000000,9,2,1148,134466127,395,1233,0x008b0e4e,0x00004eba,0,0
1,0xc0000596,0x00000000,9,2,10,155336267,446,869,0xc0000596,0x0000e110,0,0
1,0xc00000ac,0x00000000,9,2,46496,135177013,398,1339,0xc00000ac,0x00007610,0,0
2,0xc00000ac,0x00000000,9,2,31813,135264193,398,1339,0xc00000ac,0x00007610,0,0
0,0x00898978,0x00000000,9,2,1411,134171995,394,1339,0x00898978,0x00003499,0,0
0,0x008b0400,0x00000000,9,2,2266,134465943,395,1234,0x008b0400,0x00004e75,0,0
0,0x008b1330,0x00000000,10,2,2,170038399,482,482,0x00ff0004,0x00005586,0,1
1,0xc000051c,0x00000000,9,2,493,135253535,398,1339,0xc000051c,0x0000e300,0,0
2,0xc000051c,0x00000000,9,2,3,181178546,509,512,0xc000051c,0x0000e300,0,0
1,0xc0000032,0x00000000,9,2,48373,135176984,398,1339,0xc0000032,0x0000b0f5,0,0
2,0xc0000032,0x00000000,9,2,61322,135184817,398,1339,0xc0000032,0x0000b0f5,0,0
0,0x008989ea,0x00000000,10,2,1411,134173533,394,1339,0x00ff60fe,0x00000000,0,0
1,0xc00000a4,0x00000000,10,4,46496,135177007,398,1339,0x0600f40c,0x00000000,0,0
2,0xc00000a4,0x00000000,10,4,26724,135264187,398,1339,0x0600f60c,0x00260005,0,0
0,0x008988fe,0x00000000,9,2,1411,134170370,394,1339,0x008988fe,0x00003499,0,0
1,0xc00004a2,0x00000000,9,2,32,162723557,464,1339,0xc00004a2,0x0000e230,0,0
0,0x008b0b10,0x00000000,6,1,1509,134712389,396,1233,0x00ff854e,0x00000004,1,1
0,0x00898970,0x00000000,10,2,1411,134171890,394,1339,0x00ff6084,0x00000000,0,0
0,0x008b11ca,0x00000000,9,2,7,169945078,482,784,0x008b11ca,0x00001b41,0,0
1,0xc0000514,0x00000000,10,4,7,159053962,455,509,0x0600ff58,0xc0000230,0,0
2,0xc0000428,0x00000000,9,2,12533,135184885,398,1339,0xc0000428,0x00002300,0,0
1,0xc0000428,0x00000000,9,2,33441,135248593,398,1339,0xc0000428,0x00002300,0,0
0,0x008988f6,0x00000000,10,2,1411,134170265,394,1339,0x00ff600a,0x0000dc12,0,0
0,0x008b1150,0x00000000,9,2,83,458028997,1258,1339,0x008b1150,0x00006712,0,0
0,0x008b0292,0x00000000,9,2,284,134212553,395,1339,0x008b0292,0x00003c2d,0,0
0,0x008b13f0,0x00000000,6,1,13,134217433,395,774,0x00ff86d9,0x00000001,1,1
0,0x008b0f06,0x00000000,6,1,466,281348574,774,1234,0x00c00011,0x0000000c,0,0
1,0xc00003ae,0x00000000,9,2,4573,135261985,398,1339,0xc00003ae,0x00002199,0,0
2,0xc00003ae,0x00000000,9,2,312,179799241,506,1339,0xc00003ae,0x00002199,0,0
0,0x008b0cd8,0x00000000,10,2,2,190295575,531,531,0x00ff0004,0x00005586,0,1
0,0x008b0218,0x00000000,9,2,485,134212510,395,1339,0x008b0218,0x00004e75,0,0
0,0x008b1148,0x00000000,10,1,83,458028994,1258,1339,0x00ff8518,0x00000000,0,0
2,0xc0000334,0x00000000,9,2,11222,135187057,398,1339,0xc0000334,0x0000000b,0,0
1,0xc0000334,0x00000000,9,2,26814,135248539,398,1339,0xc0000334,0x0000000b,0,0
0,0x008b1546,0x00000000,9,2,6,288569887,794,834,0x008b1546,0x00005800,0,0
0,0x008b0688,0x00000000,9,2,18,133676862,392,742,0x008b0688,0x00002340,0,0
0,0x008b12fc,0x00000000,6,1,25,134211483,395,1255,0x00ff8595,0x00000034,0,0
2,0xc00002ba,0x00000000,9,2,12221,135184901,398,1339,0xc00002ba,0x000052cb,0,0
1,0xc00002ba,0x00000000,9,2,28869,135248609,398,1339,0xc00002ba,0x000052cb,0,0
0,0x00884b7c,0x00000000,9,2,1,456463476,1251,1251,0x00884b7c,0x00004eba,0,0
0,0x008989b6,0x00000000,6,2,1411,134172868,394,1339,0x00a15112,0x00000000,1,1
0,0x008b0af8,0x00000000,9,2,1118,3032208,14,1339,0x008b0af8,0x0000102e,0,0
0,0x008b0124,0x00000000,9,2,2558,134205767,394,1339,0x008b0124,0x00006614,0,0
2,0xc0000240,0x00000000,9,2,25,140725209,411,489,0xc0000240,0x0000000b,0,0
0,0x0089893c,0x00000000,6,2,1411,134171243,394,1339,0x00a15112,0x00000000,1,1
0,0x008b1452,0x00000000,9,2,3,315758489,871,1234,0x008b1452,0x00000c00,0,0
0,0x008b0a7e,0x00000000,9,2,20,95675846,242,359,0x008b0a7e,0x00006706,0,0
0,0x008b0594,0x00000000,9,2,7,95429563,241,1255,0x008b0594,0x00000c07,0,0
2,0xc00006b0,0x00000000,9,2,1508,135427535,398,1339,0xc00006b0,0x00003657,0,0
1,0xc00006b0,0x00000000,9,2,6955,270039128,743,1232,0xc00006b0,0x00003657,0,0
2,0xc00001c6,0x00000000,9,2,254321,135421595,398,1339,0xc00001c6,0x00004208,0,0
1,0xc00001c6,0x00000000,9,2,15992,135441755,398,1339,0xc00001c6,0x00004208,0,0
0,0x008b00f6,0x00000000,9,2,37,134205728,394,1234,0x008b00f6,0x00007000,0,0
0,0x008b0ec8,0x00000000,10,1,20,134217358,395,1223,0x00ff8690,0x00000082,0,0
1,0x00000212,0x00000000,9,2,65536,87849,3,5,0x00000212,0x00004115,0,0
2,0x00000212,0x00000000,9,2,1,284567,5,5,0x00000212,0x0000d004,0,0
1,0xc0000212,0x00000000,9,2,215206,135176921,398,1339,0xc0000212,0x00004710,0,0
2,0xc0000212,0x00000000,9,2,101474,135184759,398,1339,0xc0000212,0x00004710,0,0
0,0x008b1424,0x00000000,9,2,12,170041758,483,1234,0x008b1424,0x00006b0e,0,0
0,0x008b007c,0x00000000,9,2,3342,3531857,15,1339,0x008b007c,0x000051cf,0,0
2,0xc0000682,0x00000000,9,2,1508,135427494,398,1339,0xc0000682,0x0000054f,0,0
1,0xc0000682,0x00000000,9,2,6955,270039087,743,1232,0xc0000682,0x0000054f,0,0
2,0xc0000198,0x00000000,9,2,588719,135147154,398,1339,0xc0000198,0x000081a7,0,0
1,0xc0000198,0x00000000,9,2,78299,135213626,398,1339,0xc0000198,0x000081a7,0,0
0,0x008b14ec,0x00000000,6,1,3,134217638,395,754,0x00c00011,0x000000e7,1,1
1,0xc0000608,0x00000000,9,2,124,155336345,446,1339,0xc0000608,0x0000000b,0,0
1,0xc000011e,0x00000000,9,2,51278,135177121,398,1339,0xc000011e,0x00001710,0,0
2,0xc000011e,0x00000000,9,2,39212,135184948,398,1339,0xc000011e,0x00001710,0,0
0,0x00898978,0x00000000,10,2,1411,134171996,394,1339,0x00ff608c,0x00000000,0,0
0,0x008b0400,0x00000000,10,4,2266,134465944,395,1234,0x00ffffe4,0x008b0142,0,0
0,0x008b1330,0x00000000,9,2,100,134212256,395,1255,0x008b1330,0x00006402,0,0
0,0x008b0e46,0x00000000,9,2,93,134217352,395,1234,0x008b0e46,0x00004eba,0,0
0,0x008989ea,0x00000000,9,2,1411,134173532,394,1339,0x008989ea,0x00003499,0,0
1,0xc000058e,0x00000000,9,2,10,155336200,446,869,0xc000058e,0x0000e110,0,0
1,0xc00000a4,0x00000000,9,2,46496,135177006,398,1339,0xc00000a4,0x000060c6,0,0
2,0xc00000a4,0x00000000,9,2,31813,135264186,398,1339,0xc00000a4,0x000060c6,0,0
0,0x008988fe,0x00000000,10,2,1411,134170371,394,1339,0x00ff6012,0x0000c8e0,0,0
0,0x00898970,0x00000000,9,2,1411,134171889,394,1339,0x00898970,0x00003499,0,0
1,0xc0000514,0x00000000,9,2,7,159053961,455,509,0xc0000514,0x00004f26,0,0
1,0xc000002a,0x00000000,9,2,55989,135176895,398,1339,0xc000002a,0x00008b06,0,0
2,0xc000002a,0x00000000,9,2,78923,135184734,398,1339,0xc000002a,0x00008b06,0,0
0,0x008b0d52,0x00000000,9,2,1118,3032203,14,1339,0x008b0d52,0x00006700,0,0
0,0x008988f6,0x00000000,9,2,1411,134170264,394,1339,0x008988f6,0x00003499,0,0
1,0xc000049a,0x00000000,9,2,318,135248434,398,1339,0xc000049a,0x0000e300,0,0
2,0xc000049a,0x00000000,9,2,2,181178043,509,512,0xc000049a,0x0000e300,0,0
0,0x008b0292,0x00000000,10,2,284,134212554,395,1339,0x00ff8580,0x00000000,0,0
0,0x008b0cd8,0x00000000,9,2,1996,1311407,9,1339,0x008b0cd8,0x000041f9,0,0
2,0xc0000420,0x00000000,9,2,12533,135184880,398,1339,0xc0000420,0x0000324c,0,0
1,0xc0000420,0x00000000,9,2,33441,135248588,398,1339,0xc0000420,0x0000324c,0,0
0,0x008989be,0x00000000,6,2,1411,134172976,394,1339,0x00a15112,0x00000000,1,1
0,0x008b0218,0x00000000,10,4,485,134212511,395,1339,0x00ffffe0,0x008b016e,0,0
0,0x008b1148,0x00000000,9,2,83,458028993,1258,1339,0x008b1148,0x00001236,0,0
0,0x008b0774,0x00000000,9,2,9,133677510,392,742,0x008b0774,0x000051cc,0,0
2,0xc00003a6,0x00000000,9,2,656,135330385,398,1339,0xc00003a6,0x0000002a,0,0
1,0xc00003a6,0x00000000,9,2,755,135373934,398,1339,0xc00003a6,0x0000002a,0,0
0,0x00898944,0x00000000,6,2,1411,134171349,394,1339,0x00a15112,0x00000000,1,1
0,0x008b10ce,0x00000000,9,2,27,292004822,804,1234,0x008b10ce,0x00006000,0,0
2,0xc00002ba,0x00000000,10,4,12221,135184902,398,1339,0x0600f62c,0x00260005,0,0
1,0xc00002ba,0x00000000,10,4,28869,135248610,398,1339,0x0600f47c,0x0053ffed,0,0
0,0x008b0be4,0x00000000,9,2,3,133676447,392,742,0x008b0be4,0x0000303c,0,0
0,0x008811ea,0x00000000,9,2,78,128467945,374,1237,0x008811ea,0x00006602,0,0
0,0x008b0210,0x00000000,9,2,157,134217499,395,1234,0x008b0210,0x00001b40,0,0
2,0xc000032c,0x00000000,9,2,11222,135187050,398,1339,0xc000032c,0x00003068,0,0
1,0xc000032c,0x00000000,9,2,26814,135248532,398,1339,0xc000032c,0x00003068,0,0
0,0x008b0af8,0x00000000,10,1,1118,3032209,14,1339,0x00ff8502,0x00000000,0,0
0,0x008b0b6a,0x00000000,9,2,5,1312358,9,1235,0x008b0b6a,0x0000727f,0,0
0,0x008b0196,0x00000000,9,2,164,169944803,482,1255,0x008b0196,0x0000e34d,0,0
0,0x008b0cac,0x00000000,6,4,7,169945098,482,784,0x00ffffdc,0x008b0cb0,0,0
2,0xc00002b2,0x00000000,9,2,12221,135184894,398,1339,0xc00002b2,0x00002019,0,0
1,0xc00002b2,0x00000000,9,2,28869,135248602,398,1339,0xc00002b2,0x00002019,0,0
0,0x008b0fda,0x00000000,9,2,5,1313194,9,1236,0x008b0fda,0x000010bc,0,0
1,0xc00001ec,0x00000000,9,2,55989,135176898,398,1339,0xc00001ec,0x000052e5,0,0
2,0xc00001ec,0x00000000,9,2,25218,135184737,398,1339,0xc00001ec,0x000052e5,0,0
0,0x008b0a2a,0x00000000,9,2,2,95429660,241,349,0x008b0a2a,0x00006a2e,0,0
0,0x0088e794,0x00000000,6,4,1,318062910,879,879,0x00fffff8,0x0088e798,0,0
0,0x008b0056,0x00000000,9,2,1114,3531834,15,1339,0x008b0056,0x00007e02,0,0
1,0xc000065c,0x00000000,9,2,4290,135248426,398,1339,0xc000065c,0x0000364d,0,0
2,0xc000065c,0x00000000,9,2,20,179796829,506,512,0xc000065c,0x0000364d,0,0
0,0x00882848,0x00000000,9,2,9,128467556,374,1237,0x00882848,0x000073f8,0,0
1,0xc0000172,0x00000000,9,2,106116,135141650,398,1339,0xc0000172,0x00001a10,0,0
2,0xc0000172,0x00000000,9,2,54518,135147124,398,1339,0xc0000172,0x00001a10,0,0
0,0x0088d1e4,0x00000000,9,2,1,452350075,1237,1237,0x0088d1e4,0x000073f6,0,0
1,0xc0000300,0x00000000,6,4,4572,135262053,398,1339,0x060100cc,0x29d4fc48,0,0
2,0xc0000300,0x00000000,6,4,312,179799315,506,1339,0x060137fc,0xe2260105,0,0
2,0xc00000d2,0x00000000,10,2,62353,135588884,398,1338,0x0601800a,0x00000068,0,0
0,0x000000d2,0x00000000,10,4,1,285291,5,5,0x00fffffc,0x00880b4a,0,0
1,0xc00005e2,0x00000000,9,2,27,135260444,398,473,0xc00005e2,0x0000b013,0,0
2,0xc00000f8,0x00000000,9,2,247511,135588906,398,1338,0xc00000f8,0x00004710,0,0
0,0x008b130a,0x00000000,9,2,25,134211507,395,1255,0x008b130a,0x000045fa,0,0
0,0x0089899e,0x00000000,10,2,1411,134172547,394,1339,0x00ff60b2,0x00000000,0,0
0,0x008b016a,0x00000000,6,4,200,134212482,395,1255,0x00ffffe0,0x008b016e,0,0
0,0x008989c4,0x00000000,9,2,1411,134173077,394,1339,0x008989c4,0x00003499,0,0
1,0xc0000286,0x00000000,6,4,2021,135248502,398,1339,0x0600ff60,0xc0000230,0,0
2,0xc0000286,0x00000000,6,4,8,179796905,506,512,0x0600ffe4,0xc0000230,0,0
1,0xc0000058,0x00000000,10,4,18107,135176786,398,1339,0xc0000720,0x0600f400,0,0
2,0xc0000058,0x00000000,10,4,8939,135184625,398,1339,0xc0000720,0x0600f600,0,0
1,0xc0000568,0x00000000,9,2,32,160287128,458,1339,0xc0000568,0x0000e200,0,0
1,0xc000007e,0x00000000,9,2,13396,135177431,398,1339,0xc000007e,0x0000e620,0,0
2,0xc000007e,0x00000000,9,2,20379,135184957,398,1339,0xc000007e,0x0000e620,0,0
0,0x00898924,0x00000000,10,2,1411,134170902,394,1339,0x00ff6038,0x0000220a,0,0
0,0x0089894a,0x00000000,9,2,1411,134171356,394,1339,0x0089894a,0x00003499,0,0
2,0xc000020c,0x00000000,6,1,1304,135795013,399,1337,0x24033ea6,0x00000000,0,0
1,0xc00004ee,0x00000000,9,2,2,159050152,455,473,0xc00004ee,0x0000aeed,0,0
1,0xc0000004,0x00000000,9,2,896,135141564,398,1339,0xc0000004,0x0000b090,0,0
2,0xc0000004,0x00000000,9,2,41523,135147038,398,1339,0xc0000004,0x0000b090,0,0
0,0x008b0f34,0x00000000,6,1,1178,134217379,395,1234,0x00ff869c,0x00000001,1,1
0,0x008b081c,0x00000000,10,2,4,305106191,841,1255,0x008b9476,0x00001008,0,0
0,0x008b0d2c,0x00000000,9,2,1499,1311399,9,1339,0x008b0d2c,0x000066f6,0,0
1,0xc0000474,0x00000000,9,2,4,159052434,455,1115,0xc0000474,0x0000b0ca,0,0
0,0x0088740c,0x00000000,9,2,2997,132691700,389,1339,0x0088740c,0x000045fa,0,0
0,0x008b0eba,0x00000000,6,4,20,134217278,395,1223,0x00ffffdc,0x008b0ebe,0,0
0,0x008b0956,0x00000000,6,4,2,95429584,241,349,0x00ffffe0,0x008b095a,0,0
0,0x008989e4,0x00000000,6,2,1411,134173525,394,1339,0x00a15112,0x00000000,1,1
1,0xc000009e,0x00000000,6,4,46496,135177001,398,1339,0x0600f454,0xffe589e7,0,0
2,0xc000009e,0x00000000,6,4,26724,135264181,398,1339,0x0600f654,0xfff72567,0,0
2,0xc0000380,0x00000000,9,2,5999,135194125,398,1339,0xc0000380,0x00003473,0,0
1,0xc0000380,0x00000000,9,2,10940,135259491,398,1339,0xc0000380,0x00003473,0,0
0,0x0089896a,0x00000000,6,2,1411,134171882,394,1339,0x00a15112,0x00000000,1,1
0,0x0088ee12,0x00000000,6,4,30,319202916,882,1104,0x00fffff8,0x0088ee16,0,0
1,0xc0000024,0x00000000,6,4,55989,135176784,398,1339,0x0600ff64,0xc0000026,0,0
2,0xc0000024,0x00000000,6,4,25218,135184623,398,1339,0x0600ffe8,0xc0000026,0,0
1,0xc0000306,0x00000000,9,2,4572,135262058,398,1339,0xc0000306,0x00004f26,0,0
2,0xc0000306,0x00000000,9,2,312,179799320,506,1339,0xc0000306,0x00004f26,0,0
0,0x008b1518,0x00000000,9,2,15,302660411,834,1234,0x008b1518,0x00006604,0,0
0,0x008988f0,0x00000000,6,2,1411,134169764,394,1339,0x00a15112,0x0000220a,1,1
0,0x008b014a,0x00000000,10,4,292,134205774,394,1339,0x00ff8574,0x008b8148,0,0
0,0x008b0170,0x00000000,9,2,200,134212514,395,1255,0x008b0170,0x00006a06,0,0
2,0xc000028c,0x00000000,9,2,17957,135184824,398,1339,0xc000028c,0x00008902,0,0
1,0xc000028c,0x00000000,9,2,40262,135248505,398,1339,0xc000028c,0x00008902,0,0
0,0x008b1478,0x00000000,10,1,3,315758501,871,1234,0x00ff8630,0x00000084,0,0
0,0x008b0aca,0x00000000,9,2,48,95928213,243,357,0x008b0aca,0x000051cf,0,0
0,0x008b111c,0x00000000,9,2,167,457494909,1255,1339,0x008b111c,0x0000101c,0,0
0,0x008b0c32,0x00000000,9,2,8192,1049100,8,15,0x008b0c32,0x000051c8,0,0
0,0x008b0748,0x00000000,9,2,3,133677196,392,742,0x008b0748,0x00006a06,0,0
0,0x008b025e,0x00000000,9,2,633,147906536,428,1233,0x008b025e,0x0000206d,0,0
0,0x008b0284,0x00000000,10,2,540,147906551,428,1233,0x00ff86dc,0x00000000,0,0
0,0x0088e794,0x00000000,9,2,1,318062909,879,879,0x0088e794,0x00004eba,0,0
1,0xc000037a,0x00000000,9,2,1642,135499137,398,1339,0xc000037a,0x00006453,0,0
2,0xc000037a,0x00000000,9,2,57,140433169,410,1339,0xc000037a,0x00006453,0,0
1,0xc0000172,0x00000000,6,4,106116,135141651,398,1339,0x06018000,0x0027d800,0,0
2,0xc0000172,0x00000000,6,4,54142,135147125,398,1339,0x0601c000,0x00347800,0,0
0,0x008b10a2,0x00000000,9,2,1,170040371,483,483,0x008b10a2,0x00006000,0,0
0,0x008b0bb8,0x00000000,9,2,5,1313186,9,1236,0x008b0bb8,0x00006000,0,0
0,0x008b06ce,0x00000000,9,2,3,133677068,392,742,0x008b06ce,0x0000673a,0,0
1,0xc0000300,0x00000000,9,2,4572,135262052,398,1339,0xc0000300,0x00001b01,0,0
2,0xc0000300,0x00000000,9,2,312,179799314,506,1339,0xc0000300,0x00001b01,0,0
0,0x008b1512,0x00000000,9,2,15,302660407,834,1234,0x008b1512,0x0000121c,0,0
0,0x008b0654,0x00000000,9,2,3,133676837,392,742,0x008b0654,0x0000123c,0,0
0,0x008b016a,0x00000000,9,2,200,134212481,395,1255,0x008b016a,0x00004eba,0,0
0,0x008989c4,0x00000000,6,2,1411,134173079,394,1339,0x00a15112,0x00000000,1,1
1,0xc0000286,0x00000000,9,2,2021,135248501,398,1339,0xc0000286,0x00004f22,0,0
2,0xc0000286,0x00000000,9,2,8,179796904,506,512,0xc0000286,0x00004f22,0,0
0,0x0089894a,0x00000000,6,2,1411,134171454,394,1339,0x00a15112,0x00000000,1,1
2,0x0000020c,0x00000000,9,2,11,87803,3,5,0x0000020c,0x00008bfc,0,0
1,0x0000020c,0x00000000,9,2,1,87844,3,3,0x0000020c,0x0000d105,0,0
1,0xc000020c,0x00000000,9,2,215206,135176918,398,1339,0xc000020c,0x00008b00,0,0
2,0xc000020c,0x00000000,9,2,100172,135184757,398,1339,0xc000020c,0x00008b00,0,0
0,0x008b0f34,0x00000000,9,2,1178,134217377,395,1234,0x008b0f34,0x0000522d,0,0
0,0x008b0560,0x00000000,9,2,7,133676427,392,1255,0x008b0560,0x00004a03,0,0
0,0x008b0a70,0x00000000,10,4,2,95429668,241,349,0x00ffffe8,0x008b0034,0,0
0,0x008b0076,0x00000000,9,2,3342,3531856,15,1339,0x008b0076,0x00006a04,0,0
2,0xc000067c,0x00000000,9,2,1508,135427487,398,1339,0xc000067c,0x0000216d,0,0
1,0xc000067c,0x00000000,9,2,6955,270039080,743,1232,0xc000067c,0x0000216d,0,0
2,0xc0000192,0x00000000,9,2,358452,135147150,398,1339,0xc0000192,0x0000323d,0,0
1,0xc0000192,0x00000000,9,2,78299,135213622,398,1339,0xc0000192,0x0000323d,0,0
0,0x008b13a4,0x00000000,9,2,10,308801239,851,1258,0x008b13a4,0x00006b22,0,0
0,0x008b0eba,0x00000000,9,2,20,134217277,395,1223,0x008b0eba,0x00004eba,0,0
0,0x008b09f6,0x00000000,10,1,2,95429655,241,349,0x00ff8840,0x00000000,0,0
1,0xc0000602,0x00000000,9,2,124,155336339,446,1339,0xc0000602,0x00005012,0,0
1,0xc0000118,0x00000000,9,2,51278,135177116,398,1339,0xc0000118,0x000037cc,0,0
2,0xc0000118,0x00000000,9,2,39212,135184943,398,1339,0xc0000118,0x000037cc,0,0
1,0xc000013e,0x00000000,10,4,212232,135141607,398,1339,0xc0000770,0xff1a5800,0,1
2,0xc000013e,0x00000000,10,4,108284,135147081,398,1339,0xc0000770,0xff0db800,0,1
0,0x008b132a,0x00000000,9,2,100,134212251,395,1255,0x008b132a,0x0000101a,0,0
0,0x008b1350,0x00000000,10,4,25,134212428,395,1255,0x00ffffe0,0x008b0160,0,0
0,0x008b0956,0x00000000,9,2,2,95429583,241,349,0x008b0956,0x00004eba,0,0
0,0x008989e4,0x00000000,9,2,1411,134173523,394,1339,0x008989e4,0x00003499,0,0
1,0xc0000588,0x00000000,9,2,13,155331154,446,1115,0xc0000588,0x0000e300,0,0
1,0xc000009e,0x00000000,9,2,46496,135177000,398,1339,0xc000009e,0x00001601,0,0
2,0xc000009e,0x00000000,9,2,31813,135264180,398,1339,0xc000009e,0x00001601,0,0
2,0xc00000c4,0x00000000,10,2,53953,135588880,398,1338,0x06018004,0x00000068,0,0
0,0x0089896a,0x00000000,9,2,1411,134171784,394,1339,0x0089896a,0x00003499,0,0
0,0x008b03f2,0x00000000,9,2,2266,134465942,395,1234,0x008b03f2,0x0000660c,0,0
0,0x0088ee12,0x00000000,9,2,30,319202915,882,1104,0x0088ee12,0x00004eba,0,0
0,0x00898990,0x00000000,10,2,1411,134172336,394,1339,0x00ff60a4,0x00000000,0,0
1,0xc000050e,0x00000000,9,2,7,159053947,455,509,0xc000050e,0x0000b076,0,0
1,0xc0000024,0x00000000,9,2,56168,135176783,398,1339,0xc0000024,0x00004f22,0,0
2,0xc0000024,0x00000000,9,2,81586,135184622,398,1339,0xc0000024,0x00004f22,0,0
0,0x008b1236,0x00000000,9,2,9,308801211,851,1234,0x008b1236,0x00006000,0,0
0,0x008b0d4c,0x00000000,9,2,1357,1311403,9,1339,0x008b0d4c,0x00004e75,0,0
0,0x008988f0,0x00000000,9,2,1411,134169762,394,1339,0x008988f0,0x00003499,0,0
0,0x00898916,0x00000000,10,2,1411,134170691,394,1339,0x00ff602a,0x0000e326,0,0
1,0xc0000494,0x00000000,9,2,318,135248431,398,1339,0xc0000494,0x0000e100,0,0
2,0xc0000494,0x00000000,9,2,2,181178040,509,512,0xc0000494,0x0000e100,0,0
0,0x008b0cd2,0x00000000,9,2,2265,134211490,395,1339,0x008b0cd2,0x00006620,0,0
2,0xc000041a,0x00000000,9,2,12533,135184877,398,1339,0xc000041a,0x0000890b,0,0
1,0xc000041a,0x00000000,9,2,33472,135248585,398,1339,0xc000041a,0x0000890b,0,0
0,0x008b10f6,0x00000000,9,2,87,169945133,482,1339,0x008b10f6,0x00006000,0,0
0,0x008b0c0c,0x00000000,9,2,2,1046478,8,14,0x008b0c0c,0x000066f6,0,0
0,0x008b0b92,0x00000000,9,2,5,1311390,9,1235,0x008b0b92,0x0000123c,0,0
2,0xc0000198,0x00000000,6,2,38260,135147155,398,1339,0x0601c00e,0x00000005,0,0
1,0xc0000198,0x00000000,6,2,78299,135213627,398,1339,0x0601804e,0x0000ffea,0,0
0,0x008b06a8,0x00000000,9,2,3,133676997,392,742,0x008b06a8,0x00007028,0,0
1,0xc00002da,0x00000000,9,2,4573,135261983,398,1339,0xc00002da,0x0000b068,0,0
2,0xc00002da,0x00000000,9,2,312,179799239,506,1339,0xc00002da,0x0000b068,0,0
0,0x008b0c04,0x00000000,10,1,2,1046477,8,14,0x00a11100,0x0000008c,0,0
0,0x008b14ec,0x00000000,9,2,3,134217636,395,754,0x008b14ec,0x000013ec,0,0
1,0xc000011e,0x00000000,6,4,51278,135177122,398,1339,0x0600f400,0xffee3000,0,0
2,0xc000011e,0x00000000,6,4,22524,135184949,398,1339,0x0600f600,0x00347800,0,0
0,0x008b062e,0x00000000,9,2,3,133676817,392,742,0x008b062e,0x00007000,0,0
0,0x008b0e46,0x00000000,6,4,93,134217353,395,1234,0x00ffffe4,0x008b0e4a,0,0
1,0xc0000260,0x00000000,9,2,1441,135186679,398,1339,0xc0000260,0x0000c703,0,0
2,0xc0000260,0x00000000,9,2,1248,135264824,398,512,0xc0000260,0x0000c703,0,0
0,0x008989ea,0x00000000,6,2,1411,134173630,394,1339,0x00a15112,0x00000000,1,1
0,0x008b1472,0x00000000,9,2,3,315758497,871,1234,0x008b1472,0x00006a14,0,0
0,0x008b00ca,0x00000000,9,2,44,134205667,394,1234,0x008b00ca,0x00001a1c,0,0
1,0xc00001e6,0x00000000,9,2,47606,135141601,398,1339,0xc00001e6,0x00004200,0,0
2,0xc00001e6,0x00000000,9,2,40838,135147075,398,1339,0xc00001e6,0x00004200,0,0
0,0x008b0b10,0x00000000,10,1,1509,134712388,396,1233,0x00ff854e,0x00000003,0,0
0,0x00898970,0x00000000,6,2,1411,134171891,394,1339,0x00a15112,0x00000000,1,1
0,0x008b13f8,0x00000000,9,2,13,134217437,395,774,0x008b13f8,0x0000101c,0,0
0,0x008b0f0e,0x00000000,9,2,1148,134466136,395,1233,0x008b0f0e,0x00004a2d,0,0
0,0x008b0a24,0x00000000,9,2,2,95429657,241,349,0x008b0a24,0x00004bee,0,0
0,0x008b053a,0x00000000,9,2,7,133676409,392,1255,0x008b053a,0x000043ee,0,0
1,0xc0000656,0x00000000,9,2,4290,135248422,398,1339,0xc0000656,0x0000354d,0,0
2,0xc0000656,0x00000000,9,2,20,179796825,506,512,0xc0000656,0x0000354d,0,0
0,0x008b0f80,0x00000000,10,4,1039,134217390,395,1234,0x00ffffe8,0x008b0064,0,0
1,0xc000016c,0x00000000,9,2,106116,135141647,398,1339,0xc000016c,0x00000028,0,0
2,0xc000016c,0x00000000,9,2,54518,135147121,398,1339,0xc000016c,0x00000028,0,0
0,0x008988f6,0x00000000,6,2,1411,134170266,394,1339,0x00a15112,0x0000dc12,1,1
0,0x008b137e,0x00000000,9,2,10,308801228,851,1258,0x008b137e,0x00005340,0,0
0,0x008b13f0,0x00000000,10,1,13,134217432,395,774,0x008b8352,0x00000001,0,0
1,0xc00005dc,0x00000000,9,2,27,135260378,398,473,0xc00005dc,0x0000e300,0,0
2,0xc00000f2,0x00000000,9,2,20573,135425768,398,1339,0xc00000f2,0x00004f26,0,0
1,0xc00000f2,0x00000000,9,2,11812,135505728,398,1339,0xc00000f2,0x00004f26,0,0
0,0x008989be,0x00000000,9,2,1411,134172974,394,1339,0x008989be,0x00003499,0,0
1,0xc0000562,0x00000000,9,2,5,159048811,455,1115,0xc0000562,0x0000beb3,0,0
2,0xc0000562,0x00000000,9,2,1,181179269,509,509,0xc0000562,0x0000beb3,0,0
1,0xc0000078,0x00000000,9,2,13396,135177409,398,1339,0xc0000078,0x0000e630,0,0
2,0xc0000078,0x00000000,9,2,43913,135184935,398,1339,0xc0000078,0x0000e630,0,0
1,0xc00005d4,0x00000000,10,4,16,155330693,446,1115,0x0600ff58,0xc0000268,0,0
2,0xc00000ea,0x00000000,10,2,16285,135588899,398,1338,0x06018008,0x00000068,0,0
0,0x00898944,0x00000000,9,2,1411,134171347,394,1339,0x00898944,0x00003499,0,0
1,0xc00004e8,0x00000000,9,2,2,159050138,455,473,0xc00004e8,0x0000e130,0,0
0,0x008989b6,0x00000000,10,2,1459,134172867,394,1339,0x00ff60ca,0x00000000,0,3
0,0x0088cc72,0x00000000,10,4,1,133212495,391,391,0x00fffff8,0x008854ca,0,0
0,0x008b0210,0x00000000,6,1,157,134217500,395,1234,0x00ff86db,0x00000001,0,0
2,0xc0000070,0x00000000,10,4,37668,135588825,398,1338,0xc0000090,0x00008000,0,0
0,0x008b083c,0x00000000,9,2,4,305106204,841,1255,0x008b083c,0x00006a06,0,0
0,0x008b0352,0x00000000,9,2,1265,169944901,482,1339,0x008b0352,0x00004e75,0,0
1,0xc000046e,0x00000000,9,2,4,159052368,455,1115,0xc000046e,0x0000e340,0,0
0,0x0089893c,0x00000000,10,2,1411,134171242,394,1339,0x00ff6050,0x00000000,0,0
0,0x008b0cac,0x00000000,9,2,7,169945097,482,784,0x008b0cac,0x00004eba,0,0
0,0x008b07c2,0x00000000,9,2,4,305106128,841,1255,0x008b07c2,0x00005543,0,0
0,0x008b0fda,0x00000000,6,1,5,1313195,9,1236,0x00c00011,0x000000ff,0,0
1,0xc0000440,0x00000000,9,2,31,435801905,1193,1214,0xc0000440,0x0000000b,0,0
0,0x008b0ec8,0x00000000,6,1,20,134217359,395,1223,0x00ff8690,0x00000082,1,1
1,0xc0000126,0x00000000,6,4,51278,135177129,398,1339,0x0600f40c,0x00000000,0,0
2,0xc0000126,0x00000000,6,4,22524,135184956,398,1339,0x0600f60c,0x006a0005,0,0
0,0x008b02aa,0x00000000,9,2,842,169944880,482,1339,0x008b02aa,0x00006600,0,0
0,0x008b0e4e,0x00000000,6,4,1148,134466128,395,1233,0x00ffffe4,0x008b0e52,0,0
0,0x0088bc20,0x00000000,9,2,112,135983088,400,733,0x0088bc20,0x00006000,0,0
0,0x008b0c04,0x00000000,9,2,2,1046476,8,14,0x008b0c04,0x00000839,0,0
0,0x008b14ec,0x00000000,10,1,3,134217637,395,754,0x008b840a,0x000000e7,0,0
2,0xc000034c,0x00000000,9,2,12221,135184837,398,1339,0xc000034c,0x00000123,0,0
1,0xc000034c,0x00000000,9,2,28899,135248554,398,1339,0xc000034c,0x00000123,0,0
0,0x00898978,0x00000000,6,2,1411,134171997,394,1339,0x00a15112,0x00000000,1,1
1,0xc00002d2,0x00000000,9,2,5910,135261946,398,1339,0xc00002d2,0x00008902,0,0
2,0xc00002d2,0x00000000,9,2,534,179799202,506,1339,0xc00002d2,0x00008902,0,0
0,0x008988fe,0x00000000,6,2,1411,134170372,394,1339,0x00a15112,0x0000c8e0,1,1
0,0x008b00ca,0x00000000,10,1,44,134205668,394,1234,0x008b8417,0x000000e6,0,0
0,0x008b0b10,0x00000000,9,2,1509,134712387,396,1233,0x008b0b10,0x00005228,0,0
0,0x008b13f8,0x00000000,10,1,13,134217438,395,774,0x008b8354,0x00000003,0,0
0,0x008b11ca,0x00000000,6,1,7,169945079,482,784,0x00ff85c7,0x00000080,0,0
0,0x008b0f0e,0x00000000,10,1,1148,134466137,395,1233,0x00ff869b,0x00000007,0,0
1,0xc0000258,0x00000000,9,2,7227,135186589,398,1339,0xc0000258,0x00008d39,0,0
2,0xc0000258,0x00000000,9,2,1780,135264734,398,1339,0xc0000258,0x00008d39,0,0
0,0x008b146a,0x00000000,9,2,3,315758492,871,1234,0x008b146a,0x0000e508,0,0
0,0x008b0f80,0x00000000,9,2,1039,134217389,395,1234,0x008b0f80,0x00004e75,0,0
2,0xc0000428,0x00000000,6,1,12533,135184886,398,1339,0x0600e3ad,0x00000002,0,0
1,0xc0000428,0x00000000,6,1,33441,135248594,398,1339,0x0600dcfc,0x00000002,0,0
0,0x008b05ac,0x00000000,9,2,3,95429569,241,1235,0x008b05ac,0x00000c07,0,0
1,0xc00001de,0x00000000,9,2,47606,135141596,398,1339,0xc00001de,0x00004100,0,0
2,0xc00001de,0x00000000,9,2,40838,135147070,398,1339,0xc00001de,0x00004100,0,0
0,0x008b13f0,0x00000000,9,2,13,134217431,395,774,0x008b13f0,0x00001b5c,0,0
0,0x008b0f06,0x00000000,9,2,466,281348573,774,1234,0x008b0f06,0x000013c6,0,0
2,0xc00000f2,0x00000000,10,4,4288,135425769,398,1339,0x0600ffe4,0xc0000026,0,0
1,0xc00000f2,0x00000000,10,4,11812,135505729,398,1339,0x0600ff60,0xc0000026,0,0
1,0xc000064e,0x00000000,9,2,4290,135248416,398,1339,0xc000064e,0x0000264d,0,0
2,0xc000064e,0x00000000,9,2,20,179796819,506,512,0xc000064e,0x0000264d,0,0
1,0xc0000164,0x00000000,9,2,106143,135141642,398,1339,0xc0000164,0x000075f4,0,0
2,0xc0000164,0x00000000,9,2,54518,135147116,398,1339,0xc0000164,0x000075f4,0,0
0,0x008989be,0x00000000,10,2,1411,134172975,394,1339,0x00ff60d2,0x00000000,0,0
1,0xc00005d4,0x00000000,9,2,16,155330692,446,1115,0xc00005d4,0x00004f26,0,0
2,0xc00000ea,0x00000000,9,2,20573,135425762,398,1339,0xc00000ea,0x00004208,0,0
1,0xc00000ea,0x00000000,9,2,11812,135505722,398,1339,0xc00000ea,0x00004208,0,0
0,0x00898944,0x00000000,10,2,1411,134171348,394,1339,0x00ff6058,0x00000000,0,0
0,0x008b0688,0x00000000,6,4,18,133676863,392,742,0x00ff8544,0x008b8417,0,0
0,0x008b12fc,0x00000000,9,2,25,134211482,395,1255,0x008b12fc,0x00001b41,0,0
0,0x00884b7c,0x00000000,6,4,1,456463477,1251,1251,0x00fffff8,0x00884b80,0,0
0,0x0088cc72,0x00000000,9,2,1,133212494,391,391,0x0088cc72,0x00004e75,0,0
0,0x008989b6,0x00000000,9,2,1411,134172866,394,1339,0x008989b6,0x00003499,0,0
1,0xc000055a,0x00000000,9,2,5,159048744,455,1115,0xc000055a,0x0000e120,0,0
2,0xc000055a,0x00000000,9,2,1,181179202,509,509,0xc000055a,0x0000e120,0,0
1,0xc0000070,0x00000000,9,2,12327,135180412,398,1339,0xc0000070,0x0000b04f,0,0
2,0xc0000070,0x00000000,9,2,42770,135187320,398,1339,0xc0000070,0x0000b04f,0,0
0,0x008b0352,0x00000000,10,4,1265,169944902,482,1339,0x00ffffe0,0x008b02ba,0,0
0,0x0089893c,0x00000000,9,2,1411,134171241,394,1339,0x0089893c,0x00003499,0,0
1,0xc00004e0,0x00000000,9,2,2,159050071,455,473,0xc00004e0,0x0000e100,0,0
0,0x008b0834,0x00000000,9,2,4,305106201,841,1255,0x008b0834,0x000051cf,0,0
0,0x008b111c,0x00000000,10,1,167,457494910,1255,1339,0x008b92ce,0x00000006,0,0
0,0x008b0c58,0x00000000,9,2,2,1311383,9,15,0x008b0c58,0x00004e71,0,0
0,0x008b025e,0x00000000,10,4,633,147906537,428,1233,0x00ff86d4,0x008b8351,0,0
0,0x008b076e,0x00000000,9,2,9,133677497,392,742,0x008b076e,0x00004eba,0,0
0,0x008b0030,0x00000000,6,4,1118,3032225,14,1339,0x00ffffe8,0x008b0034,0,0
0,0x008b0284,0x00000000,9,2,540,147906550,428,1233,0x008b0284,0x0000dc6d,0,0
2,0xc00003a0,0x00000000,9,2,1824,135184854,398,1339,0xc00003a0,0x0000341c,0,0
1,0xc00003a0,0x00000000,9,2,1709,135251220,398,1339,0xc00003a0,0x0000341c,0,0
0,0x00881964,0x00000000,6,4,2,1046147,8,11,0x00fffff4,0x00881968,0,0
0,0x008b06f4,0x00000000,9,2,9,133677088,392,742,0x008b06f4,0x00002340,0,0
2,0xc0000326,0x00000000,9,2,11222,135187045,398,1339,0xc0000326,0x00003058,0,0
1,0xc0000326,0x00000000,9,2,26814,135248527,398,1339,0xc0000326,0x00003058,0,0
0,0x008b1512,0x00000000,10,1,15,302660408,834,1234,0x008b2d9c,0x00000010,0,0
0,0x008b1538,0x00000000,9,2,13,273875878,753,834,0x008b1538,0x000060c8,0,0
0,0x008b0b64,0x00000000,9,2,15,1312217,9,1235,0x008b0b64,0x000051ca,0,0
0,0x0089899e,0x00000000,6,2,1411,134172548,394,1339,0x00a15112,0x00000000,1,1
0,0x008b067a,0x00000000,9,2,18,133676854,392,742,0x008b067a,0x00001341,0,0
0,0x008b0190,0x00000000,9,2,164,169944801,482,1255,0x008b0190,0x00008afc,0,0
2,0xc00002ac,0x00000000,9,2,1508,135427467,398,1339,0xc00002ac,0x0000b1dc,0,0
1,0xc00002ac,0x00000000,9,2,6171,270039060,743,1232,0xc00002ac,0x0000b1dc,0,0
0,0x00898924,0x00000000,6,2,1411,134170903,394,1339,0x00a15112,0x0000220a,1,1
0,0x0088f020,0x00000000,9,2,389,318810760,882,1097,0x0088f020,0x000073f8,0,0
0,0x008b0116,0x00000000,9,2,35,134205751,394,1234,0x008b0116,0x000033fc,0,0
1,0x0000020c,0x00000000,10,4,1,87845,3,3,0x00000224,0x00010000,0,0
1,0xc0000232,0x00000000,9,2,10183,135177088,398,1339,0xc0000232,0x0000000b,0,0
2,0xc0000232,0x00000000,9,2,8039,135264268,398,1339,0xc0000232,0x0000000b,0,0
0,0x008b0f34,0x00000000,10,1,1178,134217378,395,1234,0x00ff869c,0x00000000,0,0
0,0x008b1444,0x00000000,9,2,3,315758483,871,1234,0x008b1444,0x00007000,0,0
0,0x008b081c,0x00000000,6,2,4,305106192,841,1255,0x00ff8788,0x00001008,1,1
0,0x008b0a70,0x00000000,9,2,2,95429667,241,349,0x008b0a70,0x00004e75,0,0
2,0xc00006a2,0x00000000,9,2,1508,135427521,398,1339,0xc00006a2,0x00000028,0,0
1,0xc00006a2,0x00000000,9,2,6955,270039114,743,1232,0xc00006a2,0x00000028,0,0
2,0xc00001b8,0x00000000,9,2,275463,135421585,398,1339,0xc00001b8,0x00001500,0,0
1,0xc00001b8,0x00000000,9,2,15992,135441745,398,1339,0xc00001b8,0x00001500,0,0
0,0x008b0ee0,0x00000000,9,2,466,281348543,774,1234,0x008b0ee0,0x00004eba,0,0
0,0x008b09f6,0x00000000,9,2,2,95429654,241,349,0x008b09f6,0x00004a15,0,0
1,0xc0000602,0x00000000,10,4,124,155336340,446,1339,0x0600f478,0x0000c964,0,0
0,0x008b0022,0x00000000,9,2,1118,3032213,14,1339,0x008b0022,0x00004eba,0,0
1,0xc0000628,0x00000000,9,2,4290,135248389,398,1339,0xc0000628,0x00001744,0,0
2,0xc0000628,0x00000000,9,2,20,179796792,506,512,0xc0000628,0x00001744,0,0
0,0x00882814,0x00000000,9,2,145,128464117,374,1237,0x00882814,0x000073f8,0,0
1,0xc000013e,0x00000000,9,2,106116,135141606,398,1339,0xc000013e,0x0000054f,0,0
2,0xc000013e,0x00000000,9,2,91810,135147080,398,1339,0xc000013e,0x0000054f,0,0
0,0x008b132a,0x00000000,10,1,100,134212252,395,1255,0x008b13de,0x00000040,0,0
0,0x008b1350,0x00000000,9,2,25,134212427,395,1255,0x008b1350,0x00004e75,0,0
0,0x008b0e66,0x00000000,9,2,161,134217244,395,1234,0x008b0e66,0x00007a00,0,0
0,0x008989e4,0x00000000,10,2,1411,134173524,394,1339,0x00ff60f8,0x00000000,0,0
0,0x0088e774,0x00000000,6,4,1,317622300,879,879,0x00fffff8,0x0088e778,0,0
1,0xc00005ae,0x00000000,9,2,5,162731763,464,1115,0xc00005ae,0x0000e110,0,0
0,0x000000c4,0x00000000,9,2,1,285283,5,5,0x000000c4,0x00004e71,0,0
1,0xc00000c4,0x00000000,9,2,48427,135176864,398,1339,0xc00000c4,0x0000b01a,0,0
2,0xc00000c4,0x00000000,9,2,77335,135184703,398,1339,0xc00000c4,0x0000b01a,0,0
0,0x0089896a,0x00000000,10,2,1411,134171785,394,1339,0x00ff607e,0x00000000,0,0
0,0x008b01c4,0x00000000,6,1,344,134205723,394,1339,0x00ff854e,0x00000004,0,0
0,0x00898990,0x00000000,9,2,1411,134172335,394,1339,0x00898990,0x00003499,0,0
0,0x0088e94e,0x00000000,9,2,30,318731572,881,1096,0x0088e94e,0x00004eba,0,0
2,0xc0000534,0x00000000,9,2,1,179799129,506,506,0xc0000534,0x0000e220,0,0
1,0xc0000534,0x00000000,9,2,1,405494470,1115,1115,0xc0000534,0x0000e220,0,0
1,0xc000004a,0x00000000,9,2,895,135213107,398,1339,0xc000004a,0x0000000b,0,0
2,0xc000004a,0x00000000,9,2,43937,135231326,398,1339,0xc000004a,0x0000000b,0,0
0,0x008b0d4c,0x00000000,10,4,1357,1311404,9,1339,0x00ffffb4,0x008b0cbe,0,0
0,0x008b0634,0x00000000,6,4,3,133676822,392,742,0x00ff8530,0x008b84ec,0,0
0,0x008988f0,0x00000000,10,2,1411,134169763,394,1339,0x00ff6004,0x0000220a,0,0
0,0x00898916,0x00000000,9,2,1411,134170690,394,1339,0x00898916,0x00003499,0,0
1,0xc0000266,0x00000000,6,4,1441,135186684,398,1339,0x0600ff60,0xc0000268,0,0
2,0xc0000266,0x00000000,6,4,1248,135264829,398,512,0x0600ffe4,0xc0000268,0,0
1,0xc00004ba,0x00000000,9,2,32,162723750,464,1339,0xc00004ba,0x0000e140,0,0
0,0x008b1478,0x00000000,6,1,3,315758502,871,1234,0x00ff8630,0x00000080,1,1
0,0x008b0cf8,0x00000000,9,2,832,134214969,395,1339,0x008b0cf8,0x00000882,0,0
0,0x008b080e,0x00000000,9,2,4,305106182,841,1255,0x008b080e,0x00001b45,0,0
0,0x008b0d44,0x00000000,9,2,142,134212635,395,1255,0x008b0d44,0x00004e71,0,0
0,0x0089890e,0x00000000,10,2,1411,134170585,394,1339,0x00ff6022,0x000018a4,0,0
1,0xc00000da,0x00000000,6,4,7562,135186505,398,1339,0x0600f438,0xff9a00bb,0,0
2,0xc00000da,0x00000000,6,4,1836,135264650,398,1339,0x0600f638,0xffd40eae,0,0
1,0xc000048c,0x00000000,9,2,318,135248364,398,1339,0xc000048c,0x0000e110,0,0
2,0xc000048c,0x00000000,9,2,2,181177973,509,512,0xc000048c,0x0000e110,0,0
0,0x008b0cca,0x00000000,9,2,473,1311423,9,1339,0x008b0cca,0x00004e75,0,0
0,0x008989a6,0x00000000,6,2,1411,134172654,394,1339,0x00a15112,0x00000000,1,1
2,0xc0000412,0x00000000,9,2,12533,135184872,398,1339,0xc0000412,0x00002419,0,0
1,0xc0000412,0x00000000,9,2,33472,135248580,398,1339,0xc0000412,0x00002419,0,0
0,0x008b0c50,0x00000000,9,2,2,1311379,9,15,0x008b0c50,0x00004e71,0,0
0,0x0089892c,0x00000000,6,2,1411,134171029,394,1339,0x00a15112,0x00000000,1,1
0,0x008b0766,0x00000000,9,2,3,133677493,392,742,0x008b0766,0x00007802,0,0
2,0xc0000398,0x00000000,9,2,1824,135184843,398,1339,0xc0000398,0x0000bff3,0,0
1,0xc0000398,0x00000000,9,2,1709,135251209,398,1339,0xc0000398,0x0000bff3,0,0
1,0xc0000456,0x00000000,6,4,8,159041750,455,1115,0x0600ff54,0xc0000458,0,0
2,0xc000031e,0x00000000,9,2,11222,135187039,398,1339,0xc000031e,0x00003208,0,0
1,0xc000031e,0x00000000,9,2,26814,135248521,398,1339,0xc000031e,0x00003208,0,0
2,0xc0000344,0x00000000,10,2,12221,135184830,398,1339,0xc0000358,0x00000044,0,0
1,0xc0000344,0x00000000,10,2,28899,135248547,398,1339,0xc0000350,0x0000000c,0,0
0,0x008b1530,0x00000000,9,2,13,273875874,753,834,0x008b1530,0x00002b8c,0,0
0,0x008b1556,0x00000000,10,1,10,273875854,753,834,0x00ff8578,0x00000000,0,0
0,0x008b0672,0x00000000,9,2,18,133676850,392,742,0x008b0672,0x00001344,0,0
2,0xc00002a4,0x00000000,9,2,12221,135184888,398,1339,0xc00002a4,0x00006093,0,0
1,0xc00002a4,0x00000000,9,2,28869,135248596,398,1339,0xc00002a4,0x00006093,0,0
1,0xc000022a,0x00000000,9,2,10183,135177077,398,1339,0xc000022a,0x0000011d,0,0
2,0xc000022a,0x00000000,9,2,8039,135264257,398,1339,0xc000022a,0x0000011d,0,0
0,0x008b143c,0x00000000,9,2,11,170041809,483,1234,0x008b143c,0x00006a00,0,0
0,0x008b057e,0x00000000,9,2,1117,4023006,16,1339,0x008b057e,0x00006738,0,0
2,0xc000069a,0x00000000,9,2,1508,135427514,398,1339,0xc000069a,0x0000236d,0,0
1,0xc000069a,0x00000000,9,2,6955,270039107,743,1232,0xc000069a,0x0000236d,0,0
2,0xc00001b0,0x00000000,9,2,137012,135421580,398,1339,0xc00001b0,0x000061d5,0,0
1,0xc00001b0,0x00000000,9,2,15993,135441740,398,1339,0xc00001b0,0x000061d5,0,0
0,0x008b0ed8,0x00000000,9,2,716,134466224,395,1234,0x008b0ed8,0x00006632,0,0
0,0x008b001a,0x00000000,9,2,1118,3032199,14,1339,0x008b001a,0x00004eba,0,0
1,0xc0000620,0x00000000,9,2,4290,135248384,398,1339,0xc0000620,0x00001302,0,0
2,0xc0000620,0x00000000,9,2,20,179796787,506,512,0xc0000620,0x00001302,0,0
1,0xc0000136,0x00000000,9,2,896,135141580,398,1339,0xc0000136,0x0000d41d,0,0
2,0xc0000136,0x00000000,9,2,920,135147054,398,1339,0xc0000136,0x0000d41d,0,0
1,0xc000015c,0x00000000,10,4,212232,135141632,398,1339,0xc0000770,0xff1a5800,0,1
2,0xc000015c,0x00000000,10,4,108284,135147106,398,1339,0xc0000770,0xff0db800,0,1
0,0x008b1348,0x00000000,9,2,25,134212425,395,1255,0x008b1348,0x000033fc,0,0
0,0x0088194e,0x00000000,9,2,2,1046088,8,11,0x0088194e,0x00004eba,0,0
0,0x008b0e5e,0x00000000,9,2,96,134217239,395,1234,0x008b0e5e,0x00000895,0,0
1,0xc00005a6,0x00000000,9,2,10,155336349,446,869,0xc00005a6,0x0000b02a,0,0
1,0xc00000bc,0x00000000,9,2,55989,135176841,398,1339,0xc00000bc,0x0000e720,0,0
2,0xc00000bc,0x00000000,9,2,310397,135184680,398,1339,0xc00000bc,0x0000e720,0,0
2,0xc00000e2,0x00000000,10,2,4288,135425756,398,1339,0x0603d4d8,0x00000000,0,0
1,0xc00000e2,0x00000000,10,2,11812,135505716,398,1339,0x0603c578,0x00000000,0,0
2,0xc00000e2,0x00000000,10,4,16285,135588893,398,1338,0xc0000128,0x060048d0,0,0
0,0x0088d618,0x00000000,9,2,1,404108211,1111,1111,0x0088d618,0x00006100,0,0
0,0x00898988,0x00000000,9,2,1411,134172225,394,1339,0x00898988,0x00003499,0,0
0,0x008989ae,0x00000000,10,2,1411,134172761,394,1339,0x00ff60c2,0x00000000,0,0
2,0xc000052c,0x00000000,9,2,1,179799062,506,506,0xc000052c,0x0000e220,0,0
1,0xc000052c,0x00000000,9,2,1,405494403,1115,1115,0xc000052c,0x0000e220,0,0
0,0x00892e56,0x00000000,6,4,43,270772491,745,871,0x00fffff8,0x00892e5a,0,0
1,0xc0000042,0x00000000,9,2,7227,135186588,398,1339,0xc0000042,0x00008800,0,0
2,0xc0000042,0x00000000,9,2,39448,135264733,398,1339,0xc0000042,0x00008800,0,0
1,0xc0000466,0x00000000,9,2,8,159041906,455,1115,0xc0000466,0x00004f26,0,0
0,0x0088e396,0x00000000,9,2,8688,270692583,744,1234,0x0088e396,0x000073f8,0,0
0,0x00898934,0x00000000,10,2,1411,134171132,394,1339,0x00ff6048,0x00000000,0,0
0,0x008b07ba,0x00000000,9,2,4,305106124,841,1255,0x008b07ba,0x00001629,0,0
0,0x008989cc,0x00000000,6,2,1411,134173205,394,1339,0x00a15112,0x00000000,1,1
0,0x0088e31c,0x00000000,9,2,129,268784808,740,1112,0x0088e31c,0x000073f8,0,0
0,0x008b0256,0x00000000,9,2,633,147906532,428,1233,0x008b0256,0x0000532d,0,0
0,0x008b1186,0x00000000,10,4,1,457494922,1255,1255,0x00ffffe0,0x008b0160,0,0
0,0x00898952,0x00000000,6,2,1411,134171560,394,1339,0x00a15112,0x00000000,1,1
1,0xc0000372,0x00000000,9,2,2142,135496894,398,1339,0xc0000372,0x00006463,0,0
2,0xc0000372,0x00000000,9,2,65,140433165,410,1339,0xc0000372,0x00006463,0,0
0,0x008b07b2,0x00000000,10,1,4,305106120,841,1255,0x008b9471,0x00000001,0,0
2,0xc000000c,0x00000000,6,4,40603,135588760,398,1338,0x46018010,0x00000000,0,0
0,0x008b109a,0x00000000,9,2,493,134205675,394,1339,0x008b109a,0x00004efb,0,0
0,0x008b01dc,0x00000000,9,2,485,134212495,395,1339,0x008b01dc,0x00000815,0,0
1,0xc00002f8,0x00000000,9,2,4572,135262044,398,1339,0xc00002f8,0x000081b1,0,0
2,0xc00002f8,0x00000000,9,2,312,179799306,506,1339,0xc00002f8,0x000081b1,0,0
0,0x008b0738,0x00000000,10,2,3,133677192,392,742,0x00ff8840,0x00000000,0,0
0,0x008b150a,0x00000000,9,2,112,169945140,482,1339,0x008b150a,0x0000534c,0,0
0,0x008b064c,0x00000000,9,2,3,133676833,392,742,0x008b064c,0x00001e2b,0,0
0,0x008b0cba,0x00000000,6,4,473,1311394,9,1339,0x00ffffb4,0x008b0cbe,0,0
0,0x008b0162,0x00000000,9,2,284,134212435,395,1339,0x008b0162,0x00004eba,0,0
0,0x008b1490,0x00000000,9,2,3,315793437,872,1235,0x008b1490,0x00006646,0,0
1,0xc00002f0,0x00000000,10,2,4572,135262042,398,1339,0xc0000702,0x0000ae01,0,0
2,0xc00002f0,0x00000000,10,2,312,179799304,506,1339,0xc0000702,0x0000a800,0,0
0,0x008b1502,0x00000000,10,1,112,169945135,482,1339,0x008b8dac,0x000000ff,0,0
2,0x00000204,0x00000000,9,2,1,87796,3,3,0x00000204,0x0000d106,0,0
1,0x00000204,0x00000000,9,2,1,87838,3,3,0x00000204,0x0000d406,0,0
1,0xc0000204,0x00000000,9,2,215206,135176913,398,1339,0xc0000204,0x00005152,0,0
2,0xc0000204,0x00000000,9,2,101474,135184752,398,1339,0xc0000204,0x00005152,0,0
0,0x008b0558,0x00000000,9,2,7,133676423,392,1255,0x008b0558,0x00006506,0,0
0,0x008b006e,0x00000000,9,2,1114,3531852,15,1339,0x008b006e,0x00007e02,0,0
2,0xc0000674,0x00000000,9,2,1508,135427483,398,1339,0xc0000674,0x000075f4,0,0
1,0xc0000674,0x00000000,9,2,6955,270039076,743,1232,0xc0000674,0x000075f4,0,0
1,0xc000018a,0x00000000,9,2,106116,135141671,398,1339,0xc000018a,0x00008906,0,0
2,0xc000018a,0x00000000,9,2,374334,135147145,398,1339,0xc000018a,0x00008906,0,0
0,0x008b139c,0x00000000,9,2,10,308801235,851,1258,0x008b139c,0x0000183b,0,0
0,0x008b00e0,0x00000000,10,1,26,134205711,394,1193,0x008b841a,0x00000004,0,0
1,0xc00005fa,0x00000000,9,2,1,405604267,1115,1115,0xc00005fa,0x0000ae67,0,0
0,0x008b0178,0x00000000,6,4,225,134212516,395,1339,0x00ffffe0,0x008b017c,0,0
1,0xc0000110,0x00000000,9,2,140630,135176812,398,1339,0xc0000110,0x00001743,0,0
2,0xc0000110,0x00000000,9,2,83166,135184651,398,1339,0xc0000110,0x00001743,0,0
0,0x008b1322,0x00000000,9,2,25,134212247,395,1255,0x008b1322,0x0000183b,0,0
2,0xc000066c,0x00000000,10,4,3016,135427474,398,1339,0xc000077c,0x00000000,0,1
1,0xc000066c,0x00000000,10,4,13910,270039067,743,1232,0xc000077c,0x00000000,0,1
0,0x008b0e38,0x00000000,9,2,1244,134217230,395,1234,0x008b0e38,0x0000532d,0,0
0,0x008b094e,0x00000000,9,2,2,95429579,241,349,0x008b094e,0x0000422e,0,0
0,0x008989dc,0x00000000,9,2,1411,134173417,394,1339,0x008989dc,0x00003499,0,0
0,0x008b1394,0x00000000,10,1,10,308801233,851,1258,0x00ff87a5,0x00000032,0,0
1,0xc0000580,0x00000000,9,2,13,155331087,446,1115,0xc0000580,0x0000e330,0,0
1,0xc0000096,0x00000000,9,2,11624,135176993,398,1339,0xc0000096,0x0000e704,0,0
2,0xc0000096,0x00000000,9,2,30215,135264173,398,1339,0xc0000096,0x0000e704,0,0
0,0x00898962,0x00000000,9,2,1411,134171678,394,1339,0x00898962,0x00003499,0,0
1,0xc0000506,0x00000000,9,2,7,159053932,455,509,0xc0000506,0x0000e130,0,0
1,0xc000001c,0x00000000,9,2,55989,135176778,398,1339,0xc000001c,0x00006103,0,0
2,0xc000001c,0x00000000,9,2,65821,135184617,398,1339,0xc000001c,0x00006103,0,0
0,0x008989d4,0x00000000,10,2,1411,134173308,394,1339,0x00ff60e8,0x00000000,0,0
0,0x008b122e,0x00000000,9,2,12,134205682,394,1234,0x008b122e,0x00004a2e,0,0
1,0xc0000578,0x00000000,10,4,32,160287263,458,1339,0x0600ff58,0xc0000230,0,0
1,0xc0000466,0x00000000,10,4,8,159041907,455,1115,0x0600ff58,0xc0000230,0,0
0,0x00898934,0x00000000,9,2,1411,134171131,394,1339,0x00898934,0x00003499,0,0
0,0x0089895a,0x00000000,6,2,1411,134171668,394,1339,0x00a15112,0x00000000,1,1
1,0xc00004d8,0x00000000,9,2,2,159050004,455,473,0xc00004d8,0x0000e120,0,0
0,0x008b07ba,0x00000000,10,1,4,305106125,841,1255,0x008b9473,0x00000005,0,0
0,0x008b0d16,0x00000000,9,2,895,1312422,9,1339,0x008b0d16,0x00001141,0,0
0,0x008b082c,0x00000000,9,2,4,305106198,841,1255,0x008b082c,0x00006b06,0,0
0,0x008b0342,0x00000000,9,2,1265,169944893,482,1339,0x008b0342,0x0000dc40,0,0
1,0xc000045e,0x00000000,9,2,8,159041891,455,1115,0xc000045e,0x0000e140,0,0
0,0x008b0256,0x00000000,10,1,633,147906533,428,1233,0x00ff86d9,0x00000001,0,0
0,0x008b1186,0x00000000,9,2,1,457494921,1255,1255,0x008b1186,0x00004e75,0,0
0,0x008b0c9c,0x00000000,9,2,217,133677213,392,1255,0x008b0c9c,0x00006000,0,0
0,0x008b07b2,0x00000000,9,2,4,305106119,841,1255,0x008b07b2,0x00001e19,0,0
0,0x008b0cc2,0x00000000,6,2,473,1311422,9,1339,0x00a11100,0x00000000,0,0
1,0xc00003e4,0x00000000,9,2,60,166068687,473,1339,0xc00003e4,0x0000341c,0,0
2,0xc00003e4,0x00000000,9,2,114,179799266,506,1339,0xc00003e4,0x0000341c,0,0
0,0x008b01dc,0x00000000,10,1,485,134212496,395,1339,0x00ff8570,0x00000082,0,0
0,0x008b0c22,0x00000000,9,2,2,1049094,8,14,0x008b0c22,0x000041fa,0,0
0,0x008b0738,0x00000000,9,2,3,133677191,392,742,0x008b0738,0x00004a6e,0,0
0,0x008b024e,0x00000000,9,2,1237,134466212,395,1234,0x008b024e,0x00006706,0,0
0,0x008b0274,0x00000000,6,1,93,148319305,429,1233,0x00ff86da,0x000000ff,1,1
0,0x0088e784,0x00000000,9,2,1,317709834,879,879,0x0088e784,0x00004eba,0,0
2,0xc000036a,0x00000000,9,2,618,135217072,398,1339,0xc000036a,0x00008b00,0,0
1,0xc000036a,0x00000000,9,2,6621,135283582,398,1339,0xc000036a,0x00008b00,0,0
0,0x008b064c,0x00000000,10,1,3,133676834,392,742,0x008b811a,0x00000006,0,0
0,0x008b0ba8,0x00000000,9,2,1140,1311463,9,1235,0x008b0ba8,0x00004298,0,0
1,0xc00002f0,0x00000000,9,2,4572,135262041,398,1339,0xc00002f0,0x000085e1,0,0
2,0xc00002f0,0x00000000,9,2,312,179799303,506,1339,0xc00002f0,0x000085e1,0,0
0,0x008b1502,0x00000000,9,2,112,169945134,482,1339,0x008b1502,0x0000101c,0,0
2,0x00000204,0x00000000,10,4,1,87797,3,3,0x00000220,0x4d5f4f4b,0,0
1,0x00000204,0x00000000,10,4,1,87839,3,3,0x00000220,0x4d5f4f4b,0,0
1,0xc0000204,0x00000000,10,4,215206,135176914,398,1339,0x0600f408,0xff7124ce,0,0
2,0xc0000204,0x00000000,10,4,98868,135184753,398,1339,0x0600f608,0x004ac0ee,0,0
0,0x008b0644,0x00000000,9,2,3,133676829,392,742,0x008b0644,0x00007200,0,0
0,0x008b0b54,0x00000000,6,4,5,1312154,9,1235,0x00ffffb4,0x008b0b58,0,0
0,0x008b015a,0x00000000,9,2,702,134205782,394,1339,0x008b015a,0x00006506,0,0
0,0x008b066a,0x00000000,6,1,18,133676846,392,742,0x00ff8540,0x00000080,1,1
0,0x008b1488,0x00000000,9,2,3,315793434,872,1235,0x008b1488,0x00002a4b,0,0
0,0x008b0ab4,0x00000000,9,2,48,95928211,243,357,0x008b0ab4,0x00006a10,0,0
0,0x008b139c,0x00000000,10,1,10,308801236,851,1258,0x008b1354,0x00000008,0,0
0,0x008b00e0,0x00000000,9,2,26,134205710,394,1193,0x008b00e0,0x00001a1c,0,0
1,0xc00001fc,0x00000000,9,2,215595,135176910,398,1339,0xc00001fc,0x00008900,0,0
2,0xc00001fc,0x00000000,9,2,101579,135184749,398,1339,0xc00001fc,0x00008900,0,0
1,0xc0000222,0x00000000,6,4,48373,135176988,398,1339,0x0600ff64,0xc0000036,0,0
2,0xc0000222,0x00000000,6,4,23382,135184821,398,1339,0x0600ffe8,0xc0000036,0,0
0,0x008b1434,0x00000000,6,4,3,170041861,483,488,0x00ffffdc,0x008b1438,0,0
0,0x008b0a60,0x00000000,6,4,2,95429652,241,349,0x00ffffe4,0x008b0a64,0,0
0,0x008b1322,0x00000000,10,1,25,134212248,395,1255,0x008b1356,0x0000000a,0,0
2,0xc000066c,0x00000000,9,2,1508,135427473,398,1339,0xc000066c,0x0000054f,0,0
1,0xc000066c,0x00000000,9,2,6955,270039066,743,1232,0xc000066c,0x0000054f,0,0
0,0x008b0e38,0x00000000,10,1,1244,134217231,395,1234,0x00ff869e,0x00000001,0,0
1,0xc0000182,0x00000000,9,2,106116,135141666,398,1339,0xc0000182,0x0000021a,0,0
2,0xc0000182,0x00000000,9,2,54142,135147140,398,1339,0xc0000182,0x0000021a,0,0
0,0x008989dc,0x00000000,10,2,1411,134173418,394,1339,0x00ff60f0,0x00000000,0,0
0,0x008b1394,0x00000000,9,2,10,308801232,851,1258,0x008b1394,0x0000102d,0,0
1,0xc00005f2,0x00000000,9,2,1,405604200,1115,1115,0xc00005f2,0x0000e110,0,0
1,0xc0000108,0x00000000,9,2,140630,135176805,398,1339,0xc0000108,0x00001710,0,0
2,0xc0000108,0x00000000,9,2,83166,135184644,398,1339,0xc0000108,0x00001710,0,0
0,0x00898962,0x00000000,10,2,1411,134171679,394,1339,0x00ff6076,0x00000000,0,0
0,0x008b0e56,0x00000000,6,4,1148,134466168,395,1233,0x00ffffe4,0x008b0e5a,0,0
0,0x008989d4,0x00000000,9,2,1411,134173307,394,1339,0x008989d4,0x00003499,0,0
0,0x008b122e,0x00000000,10,1,12,134205683,394,1234,0x00ff8508,0x00000080,0,0
1,0xc0000578,0x00000000,9,2,32,160287262,458,1339,0xc0000578,0x00004f26,0,0
0,0x0089890e,0x00000000,9,2,1411,134170584,394,1339,0x0089890e,0x00003499,0,0
1,0xc00004b2,0x00000000,9,2,32,162723691,464,1339,0xc00004b2,0x00004f22,0,0
0,0x00898980,0x00000000,6,2,1411,134172123,394,1339,0x00a15112,0x00000000,1,1
0,0x008b0cca,0x00000000,10,4,473,1311424,9,1339,0x00ffffb8,0x008b0b9a,0,0
0,0x008b11da,0x00000000,9,2,1,170040374,483,483,0x008b11da,0x00004880,0,0
2,0xc0000438,0x00000000,9,2,452,135225662,398,1339,0xc0000438,0x00008810,0,0
1,0xc0000438,0x00000000,9,2,917,135297203,398,1339,0xc0000438,0x00008810,0,0
0,0x00898906,0x00000000,6,2,1411,134170478,394,1339,0x00a15112,0x0000f066,1,1
0,0x008b1160,0x00000000,9,2,1,458560994,1258,1258,0x008b1160,0x00006000,0,0
0,0x008b02a2,0x00000000,9,2,2266,134465955,395,1234,0x008b02a2,0x00006700,0,0
0,0x00889f16,0x00000000,9,2,1,487197853,1320,1320,0x00889f16,0x00004278,0,0
0,0x008b10e6,0x00000000,9,2,12,170041749,483,1234,0x008b10e6,0x00006000,0,0
0,0x008b0bfc,0x00000000,9,2,2,1046474,8,14,0x008b0bfc,0x000033fc,0,0
0,0x008b0712,0x00000000,9,2,18,133677163,392,742,0x008b0712,0x00006a00,0,0
2,0xc0000344,0x00000000,9,2,12221,135184829,398,1339,0xc0000344,0x0000011d,0,0
1,0xc0000344,0x00000000,9,2,28899,135248546,398,1339,0xc0000344,0x0000011d,0,0
0,0x008b1556,0x00000000,9,2,10,273875853,753,834,0x008b1556,0x0000d12d,0,0
0,0x008b0b82,0x00000000,9,2,15,1312630,9,1236,0x008b0b82,0x000051cb,0,0
2,0xc00002ca,0x00000000,9,2,12221,135184916,398,1339,0xc00002ca,0x00007b14,0,0
1,0xc00002ca,0x00000000,9,2,28869,135248624,398,1339,0xc00002ca,0x00007b14,0,0
0,0x008b14dc,0x00000000,9,2,3,134217628,395,754,0x008b14dc,0x00001b7c,0,0
0,0x008b0b08,0x00000000,9,2,206,134712382,396,1233,0x008b0b08,0x00007030,0,0
1,0xc000022a,0x00000000,10,2,10183,135177078,398,1339,0xc0000256,0x00000050,0,0
2,0xc000022a,0x00000000,10,2,5433,135264258,398,1339,0xc0000256,0x00000050,0,0
2,0xc00002c2,0x00000000,6,4,12221,135184910,398,1339,0x0601300c,0x00260005,0,0
1,0xc00002c2,0x00000000,6,4,28869,135248618,398,1339,0x0601000c,0x0053ffed,0,0
0,0x008b0a8e,0x00000000,9,2,8,95928201,243,357,0x008b0a8e,0x00001d7c,0,0
0,0x008b05a4,0x00000000,9,2,3,95429567,241,1235,0x008b05a4,0x00000c07,0,0
2,0xc00001b0,0x00000000,10,2,13304,135421581,398,1339,0x0603d456,0x0000ff03,0,0
1,0xc00001b0,0x00000000,10,2,15993,135441741,398,1339,0x0603c006,0x00000134,0,0
1,0xc00001d6,0x00000000,9,2,47606,135141590,398,1339,0xc00001d6,0x00001500,0,0
2,0xc00001d6,0x00000000,9,2,110384,135147064,398,1339,0xc00001d6,0x00001500,0,0
0,0x008b13e8,0x00000000,9,2,13,134217426,395,774,0x008b13e8,0x00002b4c,0,0
0,0x008b0040,0x00000000,9,2,1114,3122082,15,1339,0x008b0040,0x0000422e,0,0
1,0xc0000136,0x00000000,10,4,896,135141581,398,1339,0xc00001ac,0xc0000760,0,0
2,0xc0000136,0x00000000,10,4,920,135147055,398,1339,0xc00001ac,0xc0000760,0,0
1,0xc0000646,0x00000000,9,2,4290,135248412,398,1339,0xc0000646,0x00003468,0,0
2,0xc0000646,0x00000000,9,2,20,179796815,506,512,0xc0000646,0x00003468,0,0
1,0xc000015c,0x00000000,9,2,106116,135141631,398,1339,0xc000015c,0x0000054f,0,0
2,0xc000015c,0x00000000,9,2,54142,135147105,398,1339,0xc000015c,0x0000054f,0,0
0,0x008b0a86,0x00000000,6,1,10,95928199,243,359,0x00ff8504,0x00000004,1,1
0,0x008b0e5e,0x00000000,10,1,96,134217240,395,1234,0x00ff8690,0x00000080,0,0
0,0x008b136e,0x00000000,9,2,10,308801222,851,1258,0x008b136e,0x0000670e,0,0
2,0xc00001ce,0x00000000,6,2,241017,135588954,398,1338,0x20004108,0x0000b1b1,0,0
2,0xc00000bc,0x00000000,10,2,285179,135588875,398,1338,0xc00000bc,0x00004610,0,0
1,0xc00005cc,0x00000000,9,2,16,155330625,446,1115,0xc00005cc,0x0000e210,0,0
2,0xc00000e2,0x00000000,9,2,20573,135425755,398,1339,0xc00000e2,0x000061d5,0,0
1,0xc00000e2,0x00000000,9,2,11812,135505715,398,1339,0xc00000e2,0x000061d5,0,0
0,0x008b0e0a,0x00000000,9,2,3,134205692,394,743,0x008b0e0a,0x0000e608,0,0
0,0x00898988,0x00000000,10,2,1411,134172226,394,1339,0x00ff609c,0x00000000,0,0
0,0x008989ae,0x00000000,9,2,1411,134172760,394,1339,0x008989ae,0x00003499,0,0
1,0xc0000552,0x00000000,9,2,5,159048677,455,1115,0xc0000552,0x0000e100,0,0
2,0xc0000552,0x00000000,9,2,1,181179135,509,509,0xc0000552,0x0000e100,0,0
1,0xc0000068,0x00000000,9,2,18107,135176817,398,1339,0xc0000068,0x0000e710,0,0
2,0xc0000068,0x00000000,9,2,46607,135184656,398,1339,0xc0000068,0x0000e710,0,0
0,0x008b027a,0x00000000,6,1,540,147906546,428,1233,0x00ff86db,0x00000000,1,1
0,0x008b02ec,0x00000000,9,2,2514,134465956,395,1339,0x008b02ec,0x00004e75,0,0
2,0xc0000408,0x00000000,9,2,9106,135184865,398,1339,0xc0000408,0x000052ed,0,0
1,0xc0000408,0x00000000,9,2,13107,135250345,398,1339,0xc0000408,0x000052ed,0,0
0,0x008b06ea,0x00000000,6,1,9,133677083,392,742,0x00ff869e,0x00000001,0,0
0,0x008b0200,0x00000000,6,1,157,134217489,395,1234,0x00ff86d8,0x00000010,1,1
0,0x008b0c46,0x00000000,9,2,2,1311374,9,15,0x008b0c46,0x00004e71,0,0
0,0x008b1156,0x00000000,10,1,1,458560989,1258,1258,0x00ff8789,0x0000000f,0,0
0,0x008b075c,0x00000000,9,2,18,133677202,392,742,0x008b075c,0x00004eba,0,0
0,0x008b0298,0x00000000,10,1,36,134212557,395,1223,0x00ff8570,0x00000082,0,0
2,0xc000038e,0x00000000,9,2,8021,135184849,398,1339,0xc000038e,0x000089f5,0,0
1,0xc000038e,0x00000000,9,2,14728,135251215,398,1339,0xc000038e,0x000089f5,0,0
0,0x008b0b5a,0x00000000,6,4,15,1312167,9,1235,0x00ffffb4,0x008b0b5e,0,0
1,0xc00003b4,0x00000000,10,4,4573,135261990,398,1339,0x0600f478,0x00009000,0,0
2,0xc00003b4,0x00000000,10,4,312,179799246,506,1339,0x0600f678,0x0000a741,0,0
0,0x008b10b6,0x00000000,9,2,12,134205676,394,1234,0x008b10b6,0x00006000,0,0
0,0x008b06e2,0x00000000,9,2,9,133677078,392,742,0x008b06e2,0x00001344,0,0
2,0xc0000314,0x00000000,9,2,11222,135187032,398,1339,0xc0000314,0x00003108,0,0
1,0xc0000314,0x00000000,9,2,26814,135248514,398,1339,0xc0000314,0x00003108,0,0
0,0x008b1526,0x00000000,9,2,3,315758407,871,1234,0x008b1526,0x00004e75,0,0
0,0x008b154c,0x00000000,10,4,6,288569891,794,834,0x00ffffe0,0x008b0160,0,0
0,0x008b0b52,0x00000000,9,2,5,1312152,9,1235,0x008b0b52,0x00007028,0,0
2,0xc000029a,0x00000000,9,2,12221,135184857,398,1339,0xc000029a,0x00003403,0,0
1,0xc000029a,0x00000000,9,2,28899,135248565,398,1339,0xc000029a,0x00003403,0,0
0,0x008b0092,0x00000000,6,1,1114,3531885,15,1339,0x00ff850e,0x00000040,0,0
0,0x008b0afe,0x00000000,10,1,673,134205624,394,1235,0x00ff8501,0x0000004c,0,0
0,0x008b13c0,0x00000000,6,2,10,308801307,851,1258,0x00a11100,0x00000000,0,0
1,0xc0000220,0x00000000,9,2,48373,135176986,398,1339,0xc0000220,0x00008d32,0,0
2,0xc0000220,0x00000000,9,2,25988,135184819,398,1339,0xc0000220,0x00008d32,0,0
0,0x008b1432,0x00000000,9,2,8,170041806,483,1234,0x008b1432,0x00006004,0,0
0,0x008b0f48,0x00000000,9,2,71,137171088,402,480,0x008b0f48,0x00006752,0,0
0,0x008b0574,0x00000000,9,2,1117,4023003,16,1339,0x008b0574,0x00001d7c,0,0
0,0x008b0a84,0x00000000,10,4,1108,3032220,14,1339,0x00ffffe8,0x008b0026,0,0
2,0xc0000690,0x00000000,9,2,1508,135427503,398,1339,0xc0000690,0x0000054f,0,0
1,0xc0000690,0x00000000,9,2,6955,270039096,743,1232,0xc0000690,0x0000054f,0,0
2,0xc00001a6,0x00000000,9,2,122485,135590296,398,1338,0xc00001a6,0x00007201,0,0
0,0x008b13b8,0x00000000,9,2,10,308801282,851,1258,0x008b13b8,0x00004eba,0,0
0,0x008b0ece,0x00000000,9,2,1148,134466175,395,1233,0x008b0ece,0x00004a2d,0,0
1,0xc0000616,0x00000000,9,2,4290,135248375,398,1339,0xc0000616,0x00005412,0,0
2,0xc0000616,0x00000000,9,2,20,179796778,506,512,0xc0000616,0x00005412,0,0
1,0xc000012c,0x00000000,9,2,896,135141570,398,1339,0xc000012c,0x00005ce7,0,0
2,0xc000012c,0x00000000,9,2,38588,135147044,398,1339,0xc000012c,0x00005ce7,0,0
0,0x00898986,0x00000000,6,2,1411,134172224,394,1339,0x00a15112,0x00000000,1,1
1,0xc000059c,0x00000000,9,2,10,155336270,446,869,0xc000059c,0x0000e310,0,0
1,0xc00000b2,0x00000000,9,2,37882,135177133,398,1339,0xc00000b2,0x00004f22,0,0
2,0xc00000b2,0x00000000,9,2,53947,135184982,398,1339,0xc00000b2,0x00004f22,0,0
0,0x0089890c,0x00000000,6,2,1411,134170583,394,1339,0x00a15112,0x0000220b,1,1
0,0x008b12c4,0x00000000,9,2,22,134211448,395,1255,0x008b12c4,0x00007000,0,0
0,0x0089897e,0x00000000,9,2,1411,134172118,394,1339,0x0089897e,0x00003499,0,0
0,0x008989a4,0x00000000,10,2,1417,134172650,394,1339,0x00ff60b8,0x00000000,0,3
1,0xc0000522,0x00000000,9,2,493,135253601,398,1339,0xc0000522,0x0000b073,0,0
2,0xc0000522,0x00000000,9,2,3,181178612,509,512,0xc0000522,0x0000b073,0,0
0,0x008b0cee,0x00000000,6,1,1996,1311418,9,1339,0x00a04001,0x00000080,0,0
1,0xc0000038,0x00000000,9,2,48373,135177091,398,1339,0xc0000038,0x000050ea,0,0
2,0xc0000038,0x00000000,9,2,61050,135184918,398,1339,0xc0000038,0x000050ea,0,0
2,0xc000005e,0x00000000,10,4,37668,135588813,398,1338,0xc000008c,0x060048d0,0,0
1,0xc000005e,0x00000000,10,2,18107,135176792,398,1339,0x220ae0b6,0x00000000,0,0
2,0xc000005e,0x00000000,10,2,8939,135184631,398,1339,0x220b1cd8,0x00000040,0,0
0,0x00898904,0x00000000,9,2,1411,134170473,394,1339,0x00898904,0x00003499,0,0
0,0x0089892a,0x00000000,10,2,1411,134170911,394,1339,0x00ff603e,0x0000f980,0,0
0,0x008b07b0,0x00000000,9,2,4,305106117,841,1255,0x008b07b0,0x00001a19,0,0
1,0xc00003e2,0x00000000,9,2,60,166068686,473,1339,0xc00003e2,0x0000000b,0,0
2,0xc00003e2,0x00000000,9,2,114,179799265,506,1339,0xc00003e2,0x0000000b,0,0
0,0x008b110a,0x00000000,9,2,10,273875850,753,834,0x008b110a,0x00006000,0,0
0,0x008b117c,0x00000000,10,1,1,457494915,1255,1255,0x008b92cf,0x000000fe,0,0
2,0xc0000368,0x00000000,9,2,618,135217071,398,1339,0xc0000368,0x00003473,0,0
1,0xc0000368,0x00000000,9,2,6621,135283581,398,1339,0xc0000368,0x00003473,0,0
0,0x008b01ac,0x00000000,6,2,164,169944813,482,1255,0x00ff8580,0x00001c3c,0,0
0,0x008b06bc,0x00000000,9,2,3,133677047,392,742,0x008b06bc,0x00004eba,0,0
0,0x008b01d2,0x00000000,9,2,485,134212490,395,1339,0x008b01d2,0x00002b4c,0,0
1,0xc00002ee,0x00000000,9,2,4572,135262040,398,1339,0xc00002ee,0x00008d02,0,0
2,0xc00002ee,0x00000000,9,2,312,179799302,506,1339,0xc00002ee,0x00008d02,0,0
0,0x008b1500,0x00000000,9,2,13,134217258,395,1203,0x008b1500,0x00004e75,0,0
0,0x008b061c,0x00000000,6,4,3,133676445,392,742,0x00ffffe4,0x008b0620,0,0
0,0x008b0132,0x00000000,6,4,284,134212562,395,1339,0x00ffffe4,0x008b0136,0,0
0,0x008b1572,0x00000000,10,4,1,457493920,1255,1255,0x00ffffe0,0x008b0160,0,0
0,0x00892a40,0x00000000,6,4,130,269914510,742,871,0x00fffff8,0x00892a46,0,0
0,0x0088720c,0x00000000,9,2,142,133426350,391,1338,0x0088720c,0x000043fa,0,0
0,0x008b01ca,0x00000000,10,1,36,134212486,395,1223,0x00ff8570,0x00000080,0,0
0,0x008b0f9c,0x00000000,9,2,71,137171089,402,480,0x008b0f9c,0x0000552d,0,0
0,0x008b0ab2,0x00000000,9,2,48,95928209,243,357,0x008b0ab2,0x00004a15,0,0
0,0x008b00b8,0x00000000,6,1,551,134205660,394,1234,0x00ff854e,0x00000000,1,1
1,0xc00001fa,0x00000000,9,2,215595,135176909,398,1339,0xc00001fa,0x00004111,0,0
2,0xc00001fa,0x00000000,9,2,101579,135184748,398,1339,0xc00001fa,0x00004111,0,0
0,0x008b0f22,0x00000000,9,2,1178,134217369,395,1234,0x008b0f22,0x000041fa,0,0
0,0x008b054e,0x00000000,9,2,7,133676419,392,1255,0x008b054e,0x00000240,0,0
0,0x008b0064,0x00000000,9,2,3342,3531839,15,1339,0x008b0064,0x000051cf,0,0
2,0xc000066a,0x00000000,9,2,1508,135427471,398,1339,0xc000066a,0x0000d516,0,0
1,0xc000066a,0x00000000,9,2,6955,270039064,743,1232,0xc000066a,0x0000d516,0,0
0,0x008b0f94,0x00000000,10,1,131,142937497,416,1233,0x00ff86f0,0x00000082,0,0
1,0xc0000180,0x00000000,9,2,106116,135141665,398,1339,0xc0000180,0x0000000a,0,0
2,0xc0000180,0x00000000,9,2,54142,135147139,398,1339,0xc0000180,0x0000000a,0,0
0,0x008b1404,0x00000000,10,4,13,134217445,395,774,0x00ffffe0,0x008b0e74,0,0
1,0xc00005f0,0x00000000,9,2,1,405604136,1115,1115,0xc00005f0,0x0000e320,0,0
1,0xc0000106,0x00000000,9,2,140630,135176803,398,1339,0xc0000106,0x00005463,0,0
2,0xc0000106,0x00000000,9,2,83597,135184642,398,1339,0xc0000106,0x00005463,0,0
0,0x008b1318,0x00000000,9,2,500,134211543,395,1255,0x008b1318,0x000051cb,0,0
0,0x008b005c,0x00000000,10,1,3342,3531837,15,1339,0x00ff8690,0x00000000,0,0
0,0x008989ac,0x00000000,6,2,1411,134172759,394,1339,0x00a15112,0x00000000,1,1
1,0xc0000178,0x00000000,10,4,212232,135141659,398,1339,0xc0000778,0xfff80000,0,1
2,0xc0000178,0x00000000,10,4,108284,135147133,398,1339,0xc0000778,0xff300000,0,1
0,0x008989d2,0x00000000,9,2,1411,134173212,394,1339,0x008989d2,0x00003499,0,0
1,0xc0000576,0x00000000,9,2,32,160287261,458,1339,0xc0000576,0x0000aea9,0,0
1,0xc000008c,0x00000000,9,2,12159,135177110,398,1339,0xc000008c,0x0000e700,0,0
2,0xc000008c,0x00000000,9,2,4932,135185248,398,1339,0xc000008c,0x0000e700,0,0
0,0x0088d5e8,0x00000000,9,2,1,403878829,1111,1111,0x0088d5e8,0x00006100,0,0
1,0xc00005e8,0x00000000,10,4,27,135261941,398,473,0x0600ff60,0xc0000268,0,0
0,0x00898932,0x00000000,6,2,1411,134171130,394,1339,0x00a15112,0x00000000,1,1
1,0xc00000fe,0x00000000,10,4,140630,135176797,398,1339,0x06018000,0x0027d800,0,0
2,0xc00000fe,0x00000000,10,4,66478,135184636,398,1339,0x0601c040,0x00347800,0,0
2,0xc00000fe,0x00000000,10,2,17119,135589069,398,1338,0x06018024,0x00000078,0,0
0,0x00898958,0x00000000,9,2,1411,134171567,394,1339,0x00898958,0x00003499,0,0
0,0x008b03e0,0x00000000,9,2,248,169944989,482,1339,0x008b03e0,0x0000e348,0,0
0,0x008b1310,0x00000000,10,1,500,134211510,395,1255,0x008b13ca,0x00000030,0,0
1,0xc00004fc,0x00000000,9,2,7,159053738,455,509,0xc00004fc,0x0000e220,0,0
1,0xc0000012,0x00000000,9,2,56884,135176772,398,1339,0xc0000012,0x000069d5,0,0
2,0xc0000012,0x00000000,9,2,66741,135184611,398,1339,0xc0000012,0x000069d5,0,0
0,0x008821fe,0x00000000,9,2,1,457739098,1256,1256,0x008821fe,0x00006704,0,0
0,0x008989ca,0x00000000,10,2,1411,134173087,394,1339,0x00ff60de,0x00000000,0,0
0,0x008b0850,0x00000000,9,2,4,305106208,841,1255,0x008b0850,0x00004e75,0,0
1,0xc0000482,0x00000000,9,2,4,159052559,455,1115,0xc0000482,0x0000e140,0,0
0,0x0089892a,0x00000000,9,2,1411,134170910,394,1339,0x0089892a,0x00003499,0,0
1,0xc00004ce,0x00000000,9,2,373,160282573,458,1339,0xc00004ce,0x0000e200,0,0
0,0x008b07b0,0x00000000,10,1,4,305106118,841,1255,0x008b9470,0x00000001,0,0
1,0xc0000454,0x00000000,9,2,8,159041748,455,1115,0xc0000454,0x0000bf18,0,0
0,0x008b14e2,0x00000000,6,1,3,134217632,395,754,0x00ff8715,0x000000e7,1,1
0,0x008b117c,0x00000000,9,2,1,457494914,1255,1255,0x008b117c,0x0000101c,0,0
0,0x008b013a,0x00000000,6,4,2266,134465932,395,1234,0x00ffffe4,0x008b013e,0,0
0,0x008b07a8,0x00000000,9,2,4,305106112,841,1255,0x008b07a8,0x0000224b,0,0
0,0x008b02be,0x00000000,9,2,799,169944905,482,1339,0x008b02be,0x0000670a,0,0
1,0xc00003da,0x00000000,9,2,58,166068677,473,1339,0xc00003da,0x0000002a,0,0
2,0xc00003da,0x00000000,9,2,28,458410307,1258,1339,0xc00003da,0x0000002a,0,0
0,0x008b1102,0x00000000,9,2,6,288569880,794,834,0x008b1102,0x00006000,0,0
0,0x008b0c18,0x00000000,9,2,2,1046481,8,14,0x008b0c18,0x0000303c,0,0
0,0x008b1500,0x00000000,10,4,13,134217259,395,1203,0x00ffffe0,0x008b0e74,0,0
2,0xc00001dc,0x00000000,6,1,58033,135588870,398,1338,0x24010478,0x000000b1,0,0
2,0xc0000360,0x00000000,9,2,3780,135187551,398,1339,0xc0000360,0x0000347c,0,0
1,0xc0000360,0x00000000,9,2,9629,135248559,398,1339,0xc0000360,0x0000347c,0,0
0,0x008b1572,0x00000000,9,2,1,457493919,1255,1255,0x008b1572,0x00004e75,0,0
0,0x008b0b9e,0x00000000,9,2,5,1311427,9,1235,0x008b0b9e,0x00004eba,0,0
0,0x008b06b4,0x00000000,9,2,3,133677034,392,742,0x008b06b4,0x0000123c,0,0
0,0x008b01ca,0x00000000,9,2,36,134212485,395,1223,0x008b01ca,0x000008d5,0,0
0,0x00887c52,0x00000000,9,2,119,135979328,400,1338,0x00887c52,0x00006602,0,0
0,0x008b0f9c,0x00000000,10,1,71,137171090,402,480,0x00ff869c,0x00000009,0,0
1,0xc00002e6,0x00000000,9,2,4573,135262010,398,1339,0xc00002e6,0x0000e1fe,0,0
2,0xc00002e6,0x00000000,9,2,312,179799272,506,1339,0xc00002e6,0x0000e1fe,0,0
0,0x008b0ab2,0x00000000,10,1,48,95928210,243,357,0x00ff8570,0x00000000,0,0
0,0x008b0e8a,0x00000000,6,4,93,134217317,395,1234,0x00ffffe0,0x008b0e8e,0,0
1,0xc000026c,0x00000000,9,2,1441,135186692,398,1339,0xc000026c,0x00007cb0,0,0
2,0xc000026c,0x00000000,9,2,1248,135264837,398,512,0xc000026c,0x00007cb0,0,0
0,0x008b0e10,0x00000000,6,1,3,134205695,394,743,0x00a00ffd,0x00000000,0,0
2,0xc000066a,0x00000000,10,4,1508,135427472,398,1339,0xc00006c4,0xc000077c,0,0
1,0xc000066a,0x00000000,10,4,6955,270039065,743,1232,0xc00006c4,0xc000077c,0,0
0,0x008b0f94,0x00000000,9,2,131,142937496,416,1233,0x008b0f94,0x000008d5,0,0
0,0x008989b4,0x00000000,6,2,1411,134172865,394,1339,0x00a15112,0x00000000,1,1
0,0x008b05c0,0x00000000,9,2,3,95429575,241,1235,0x008b05c0,0x00004efb,0,0
0,0x008b00d6,0x00000000,9,2,6,134205700,394,784,0x008b00d6,0x000060f0,0,0
1,0xc00001f2,0x00000000,9,2,55989,135176903,398,1339,0xc00001f2,0x0000e602,0,0
2,0xc00001f2,0x00000000,9,2,25218,135184742,398,1339,0xc00001f2,0x0000e602,0,0
0,0x008b1404,0x00000000,9,2,13,134217444,395,774,0x008b1404,0x00004e75,0,0
0,0x008b0f1a,0x00000000,9,2,1183,134217365,395,1234,0x008b0f1a,0x00007000,0,0
0,0x0089893a,0x00000000,6,2,1411,134171240,394,1339,0x00a15112,0x00000000,1,1
1,0xc0000106,0x00000000,10,4,140630,135176804,398,1339,0x0601800c,0x00000000,0,0
2,0xc0000106,0x00000000,10,4,66478,135184643,398,1339,0x0601c04c,0x004e0008,0,0
0,0x008b0546,0x00000000,9,2,7,133676415,392,1255,0x008b0546,0x00004211,0,0
0,0x008b005c,0x00000000,9,2,3342,3531836,15,1339,0x008b005c,0x00004a15,0,0
1,0xc0000662,0x00000000,9,2,4290,135248429,398,1339,0xc0000662,0x00008137,0,0
2,0xc0000662,0x00000000,9,2,20,179796832,506,512,0xc0000662,0x00008137,0,0
1,0xc0000178,0x00000000,9,2,106116,135141658,398,1339,0xc0000178,0x0000054f,0,0
2,0xc0000178,0x00000000,9,2,54559,135147132,398,1339,0xc0000178,0x0000054f,0,0
0,0x008989d2,0x00000000,10,2,1469,134173213,394,1339,0x00ff60e6,0x00000000,0,3
0,0x008b0d1c,0x00000000,6,2,1499,1311396,9,1339,0x00a11100,0x00000100,0,0
0,0x008b0ea0,0x00000000,9,2,52,281348428,774,1234,0x008b0ea0,0x0000e34d,0,0
1,0xc00005e8,0x00000000,9,2,27,135261940,398,473,0xc00005e8,0x00004f26,0,0
1,0xc00000fe,0x00000000,9,2,140630,135176796,398,1339,0xc00000fe,0x00005160,0,0
2,0xc00000fe,0x00000000,9,2,83597,135184635,398,1339,0xc00000fe,0x00005160,0,0
0,0x00898958,0x00000000,10,2,1411,134171568,394,1339,0x00ff606c,0x00000000,0,0
0,0x008b1310,0x00000000,9,2,500,134211509,395,1255,0x008b1310,0x0000101a,0,0
1,0xc0000012,0x00000000,10,2,56884,135176773,398,1339,0x220ae0b2,0x00000008,0,0
2,0xc0000012,0x00000000,10,2,26138,135184612,398,1339,0x220b1cd4,0x00000008,0,0
0,0x008989ca,0x00000000,9,2,1411,134173086,394,1339,0x008989ca,0x00003499,0,0
1,0xc000056e,0x00000000,9,2,32,160287194,458,1339,0xc000056e,0x0000e110,0,0
1,0xc0000084,0x00000000,9,2,13396,135177453,398,1339,0xc0000084,0x0000a015,0,0
2,0xc0000084,0x00000000,9,2,7342,135184979,398,1339,0xc0000084,0x0000a015,0,0
0,0x008b0850,0x00000000,10,4,4,305106209,841,1255,0x00ffffe8,0x008b0034,0,0
1,0xc00004a8,0x00000000,9,2,32,162723623,464,1339,0xc00004a8,0x0000e120,0,0
0,0x008b0ce6,0x00000000,9,2,1996,1311413,9,1339,0x008b0ce6,0x00004e71,0,0
0,0x008b02ec,0x00000000,10,4,2514,134465957,395,1339,0x00ffffe8,0x008b0052,0,0
0,0x008b0bae,0x00000000,6,1,5,1312148,9,1235,0x00ff8509,0x00000080,0,0
2,0xc0000408,0x00000000,10,4,9106,135184866,398,1339,0xc0000734,0x06023010,0,0
1,0xc0000408,0x00000000,10,4,13107,135250346,398,1339,0xc0000734,0x06023000,0,0
1,0xc000042e,0x00000000,9,2,20365,135248577,398,1339,0xc000042e,0x00004419,0,0
2,0xc000042e,0x00000000,9,2,3427,135425937,398,1339,0xc000042e,0x00004419,0,0
0,0x008b1156,0x00000000,9,2,1,458560988,1258,1258,0x008b1156,0x0000d32d,0,0
0,0x008b0298,0x00000000,9,2,36,134212556,395,1223,0x008b0298,0x000008d5,0,0
1,0xc00003b4,0x00000000,9,2,4573,135261989,398,1339,0xc00003b4,0x000056ca,0,0
2,0xc00003b4,0x00000000,9,2,312,179799245,506,1339,0xc00003b4,0x000056ca,0,0
0,0x008b021e,0x00000000,9,2,3414,134465935,395,1234,0x008b021e,0x00006720,0,0
0,0x008b00e6,0x00000000,6,1,11,138401307,405,1143,0x00ff854e,0x00000004,1,1
0,0x008b1526,0x00000000,10,4,3,315758408,871,1234,0x00ffffe0,0x008b0160,0,0
0,0x008b154c,0x00000000,9,2,6,288569890,794,834,0x008b154c,0x00004e75,0,0
0,0x008b0b78,0x00000000,9,2,60,1312426,9,1236,0x008b0b78,0x00005840,0,0
2,0xc00002c0,0x00000000,9,2,12221,135184907,398,1339,0xc00002c0,0x00001b12,0,0
1,0xc00002c0,0x00000000,9,2,28869,135248615,398,1339,0xc00002c0,0x00001b12,0,0
1,0xc0000188,0x00000000,6,4,106116,135141670,398,1339,0x06018004,0xffe589e7,0,0
2,0xc0000188,0x00000000,6,4,54142,135147144,398,1339,0x0601c004,0x0002e267,0,0
0,0x008b0afe,0x00000000,9,2,673,134205623,394,1235,0x008b0afe,0x0000d12e,0,0
0,0x008b0eb0,0x00000000,6,1,20,134217274,395,1223,0x00ff8690,0x00000082,1,1
0,0x008b012a,0x00000000,9,2,292,134205771,394,1339,0x008b012a,0x00004eba,0,0
0,0x008b0a84,0x00000000,9,2,1108,3032219,14,1339,0x008b0a84,0x00004e75,0,0
2,0xc0000690,0x00000000,10,4,3016,135427504,398,1339,0xc000077c,0x00000000,0,1
1,0xc0000690,0x00000000,10,4,13910,270039097,743,1232,0xc000077c,0x00000000,0,1
0,0x008989da,0x00000000,6,2,1411,134173416,394,1339,0x00a15112,0x00000000,1,1
2,0xc00006b6,0x00000000,9,2,1508,135427538,398,1339,0xc00006b6,0x00003567,0,0
1,0xc00006b6,0x00000000,9,2,6955,270039131,743,1232,0xc00006b6,0x00003567,0,0
2,0xc00001cc,0x00000000,9,2,254321,135421598,398,1339,0xc00001cc,0x00001522,0,0
1,0xc00001cc,0x00000000,9,2,15992,135441758,398,1339,0xc00001cc,0x00001522,0,0
0,0x008b0ece,0x00000000,10,1,1148,134466176,395,1233,0x00ff869a,0x00000000,0,0
0,0x008b0ef4,0x00000000,9,2,466,281348567,774,1234,0x008b0ef4,0x00000201,0,0
1,0xc0000616,0x00000000,10,4,4290,135248376,398,1339,0x0600f468,0xfffb8ca6,0,0
2,0xc0000616,0x00000000,10,4,20,179796779,506,512,0x0600f688,0xffe57c73,0,0
0,0x00898960,0x00000000,6,2,1411,134171677,394,1339,0x00a15112,0x00000000,1,1
1,0xc000012c,0x00000000,10,4,896,135141571,398,1339,0xc000071c,0xc00001ce,0,0
2,0xc000012c,0x00000000,10,4,920,135147045,398,1339,0xc000071c,0xc00001ce,0,0
1,0xc000063c,0x00000000,9,2,4290,135248404,398,1339,0xc000063c,0x0000254d,0,0
2,0xc000063c,0x00000000,9,2,20,179796807,506,512,0xc000063c,0x0000254d,0,0
1,0xc0000152,0x00000000,9,2,106116,135141624,398,1339,0xc0000152,0x00001674,0,0
2,0xc0000152,0x00000000,9,2,91434,135147098,398,1339,0xc0000152,0x00001674,0,0
1,0xc0000504,0x00000000,6,4,7,159053806,455,509,0x0600ff54,0xc0000506,0,0
0,0x008b0e7a,0x00000000,9,2,72,134217268,395,1234,0x008b0e7a,0x00004eba,0,0
2,0xc00000b2,0x00000000,10,4,37668,135588836,398,1338,0xc0000724,0x06018000,0,0
1,0xc00005c2,0x00000000,9,2,16,155330557,446,1115,0xc00005c2,0x0000e120,0,0
1,0xc00000d8,0x00000000,9,2,7562,135186502,398,1339,0xc00000d8,0x00001721,0,0
2,0xc00000d8,0x00000000,9,2,26521,135264647,398,1339,0xc00000d8,0x00001721,0,0
0,0x008b12ea,0x00000000,9,2,25,134211462,395,1255,0x008b12ea,0x00006b0a,0,0
0,0x0089897e,0x00000000,10,2,1411,134172119,394,1339,0x00ff6092,0x00000000,0,0
0,0x008989a4,0x00000000,9,2,1411,134172649,394,1339,0x008989a4,0x00003499,0,0
1,0xc0000038,0x00000000,10,4,48373,135177092,398,1339,0xc0000728,0x06012fec,0,0
2,0xc0000038,0x00000000,10,4,23382,135184919,398,1339,0xc0000728,0x06015fec,0,0
1,0xc0000548,0x00000000,9,2,798,135253073,398,1339,0xc0000548,0x0000e210,0,0
2,0xc0000548,0x00000000,9,2,3,179796835,506,512,0xc0000548,0x0000e210,0,0
1,0xc000005e,0x00000000,9,2,18107,135176791,398,1339,0xc000005e,0x000066d5,0,0
2,0xc000005e,0x00000000,9,2,46607,135184630,398,1339,0xc000005e,0x000066d5,0,0
0,0x00898904,0x00000000,10,2,1411,134170474,394,1339,0x00ff6018,0x0000220a,0,0
0,0x00898976,0x00000000,9,2,1411,134171992,394,1339,0x00898976,0x00003499,0,0
0,0x0089899c,0x00000000,10,2,1411,134172544,394,1339,0x00ff60b0,0x00000000,0,0
1,0xc000051a,0x00000000,9,2,493,135253534,398,1339,0xc000051a,0x0000b077,0,0
2,0xc000051a,0x00000000,9,2,3,181178545,509,512,0xc000051a,0x0000b077,0,0
1,0xc0000030,0x00000000,9,2,48427,135176983,398,1339,0xc0000030,0x000089ec,0,0
2,0xc0000030,0x00000000,9,2,61322,135184816,398,1339,0xc0000030,0x000089ec,0,0
0,0x008988fc,0x00000000,9,2,1411,134170367,394,1339,0x008988fc,0x00003499,0,0
0,0x00898922,0x00000000,10,2,1411,134170805,394,1339,0x00ff6036,0x0000d01c,0,0
0,0x008b00ee,0x00000000,6,4,26,134205714,394,1234,0x00ffffe4,0x008b00f2,0,0
1,0xc00004a0,0x00000000,9,2,32,162723556,464,1339,0xc00004a0,0x0000e120,0,0
0,0x008b11c8,0x00000000,9,2,7,169945077,482,784,0x008b11c8,0x00008200,0,0
0,0x008b141c,0x00000000,6,1,12,170041755,483,1234,0x00ff8630,0x00000000,1,1
0,0x008b0cde,0x00000000,9,2,5696,1311408,9,1339,0x008b0cde,0x00000810,0,0
0,0x008b0d04,0x00000000,10,1,2765,1312396,9,1339,0x00a04000,0x00000080,0,0
0,0x008b0d04,0x00000000,10,2,4,305141857,841,1028,0x00ff0004,0x00002a40,1,2
2,0xc0000426,0x00000000,9,2,12533,135184884,398,1339,0xc0000426,0x0000000b,0,0
1,0xc0000426,0x00000000,9,2,33441,135248592,398,1339,0xc0000426,0x0000000b,0,0
0,0x0088d982,0x00000000,9,2,297,405367060,1114,1231,0x0088d982,0x000077f6,0,0
0,0x008b0c8a,0x00000000,10,1,310,133677205,392,1339,0x00ff8570,0x00000080,0,0
0,0x008b0290,0x00000000,9,2,2717,134465950,395,1234,0x008b0290,0x00004e75,0,0
0,0x008b0bea,0x00000000,9,2,360,133676450,392,742,0x008b0bea,0x000051c8,0,0
0,0x008b0e3e,0x00000000,6,1,96,134217236,395,1234,0x00ff8690,0x00000080,1,1
0,0x008b0700,0x00000000,9,2,9,133677096,392,742,0x008b0700,0x0000135c,0,0
0,0x008989e2,0x00000000,6,2,1411,134173522,394,1339,0x00a15112,0x00000000,1,1
2,0xc0000332,0x00000000,9,2,11222,135187056,398,1339,0xc0000332,0x0000001a,0,0
1,0xc0000332,0x00000000,9,2,26814,135248538,398,1339,0xc0000332,0x0000001a,0,0
0,0x008b1544,0x00000000,9,2,6,288569886,794,834,0x008b1544,0x0000544c,0,0
0,0x008b12ae,0x00000000,6,1,27,292004827,804,1234,0x00ff86f9,0x00000005,1,1
0,0x008b0b70,0x00000000,9,2,60,1312361,9,1236,0x008b0b70,0x00004eba,0,0
0,0x008b0686,0x00000000,9,2,18,133676861,392,742,0x008b0686,0x0000d08b,0,0
0,0x008b019c,0x00000000,9,2,164,169944805,482,1255,0x008b019c,0x00003c30,0,0
0,0x00898968,0x00000000,6,2,1411,134171783,394,1339,0x00a15112,0x00000000,1,1
2,0xc00002b8,0x00000000,9,2,12221,135184899,398,1339,0xc00002b8,0x000051c7,0,0
1,0xc00002b8,0x00000000,9,2,28869,135248607,398,1339,0xc00002b8,0x000051c7,0,0
1,0xc00002de,0x00000000,10,4,4573,135262006,398,1339,0xc0000710,0x00ff0000,0,0
2,0xc00002de,0x00000000,10,4,312,179799268,506,1339,0xc0000710,0x00ff0000,0,0
0,0x008b0af6,0x00000000,9,2,8,95928255,243,357,0x008b0af6,0x00004e75,0,0
0,0x008988ee,0x00000000,6,2,1411,134169761,394,1339,0x00a15112,0x00000b34,1,1
2,0xc000023e,0x00000000,9,2,24,140725438,411,477,0xc000023e,0x00002100,0,0
0,0x008b1450,0x00000000,9,2,3,315758488,871,1234,0x008b1450,0x0000264d,0,0
0,0x008b0f66,0x00000000,9,2,601,281348604,774,1234,0x008b0f66,0x00000815,0,0
0,0x008b05b8,0x00000000,10,4,1107,4023008,16,1339,0x00ffffe8,0x008b0034,0,0
2,0xc00006ae,0x00000000,9,2,1508,135427534,398,1339,0xc00006ae,0x0000e6fc,0,0
1,0xc00006ae,0x00000000,9,2,6955,270039127,743,1232,0xc00006ae,0x0000e6fc,0,0
2,0xc00001c4,0x00000000,9,2,254321,135421594,398,1339,0xc00001c4,0x00004208,0,0
1,0xc00001c4,0x00000000,9,2,15992,135441754,398,1339,0xc00001c4,0x00004208,0,0
0,0x008b0eec,0x00000000,9,2,466,281348565,774,1234,0x008b0eec,0x00006604,0,0
0,0x008b0f12,0x00000000,10,2,2,284899666,784,784,0x00ff0004,0x00002a40,0,1
0,0x008b0a28,0x00000000,10,1,2,95429659,241,349,0x00ff8870,0x00000000,0,0
0,0x008b053e,0x00000000,10,1,7,133676411,392,1255,0x00ff8500,0x00000000,0,0
1,0xc0000634,0x00000000,9,2,4290,135248399,398,1339,0xc0000634,0x00005077,0,0
2,0xc0000634,0x00000000,9,2,20,179796802,506,512,0xc0000634,0x00005077,0,0
1,0xc000014a,0x00000000,9,2,106116,135141619,398,1339,0xc000014a,0x0000031a,0,0
2,0xc000014a,0x00000000,9,2,91434,135147093,398,1339,0xc000014a,0x0000031a,0,0
0,0x008b0e98,0x00000000,10,1,52,281348426,774,1234,0x00ff8698,0x0000000c,0,0
0,0x0088c7e8,0x00000000,9,2,1,481294,5,5,0x0088c7e8,0x000041f9,0,0
0,0x008b0208,0x00000000,6,1,157,134217495,395,1234,0x00ff86da,0x00000001,1,1
1,0xc00005ba,0x00000000,9,2,5,162731832,464,1115,0xc00005ba,0x0000b027,0,0
1,0xc00000d0,0x00000000,9,2,44177,135176891,398,1339,0xc00000d0,0x0000000b,0,0
2,0xc00000d0,0x00000000,9,2,83283,135184730,398,1339,0xc00000d0,0x0000000b,0,0
0,0x00898950,0x00000000,9,2,1411,134171461,394,1339,0x00898950,0x00003499,0,0
0,0x008b03d8,0x00000000,9,2,284,134212565,395,1339,0x008b03d8,0x0000660c,0,0
0,0x0088edf8,0x00000000,9,2,367,319195981,882,1104,0x0088edf8,0x000073f8,0,0
1,0xc00004f4,0x00000000,9,2,7,159053671,455,509,0xc00004f4,0x0000e200,0,0
0,0x008b0e1e,0x00000000,10,4,3,134205699,394,743,0x00ffffe4,0x008b00d6,0,0
1,0xc000000a,0x00000000,9,2,895,135176766,398,1339,0xc000000a,0x00005be9,0,0
2,0xc000000a,0x00000000,9,2,41523,135184605,398,1339,0xc000000a,0x00005be9,0,0
0,0x008989c2,0x00000000,10,2,1411,134172981,394,1339,0x00ff60d6,0x00000000,0,0
0,0x008b0848,0x00000000,9,2,4,305106207,841,1255,0x008b0848,0x00006a06,0,0
0,0x008b0fd2,0x00000000,6,1,5,1313191,9,1236,0x00c00011,0x000000bf,0,0
1,0xc000047a,0x00000000,9,2,4,159052500,455,1115,0xc000047a,0x00004f22,0,0
0,0x0088b7ea,0x00000000,9,2,7,487150061,1319,1337,0x0088b7ea,0x00006616,0,0
0,0x00898948,0x00000000,10,2,1411,134171354,394,1339,0x00ff605c,0x00000000,0,0
0,0x008854c6,0x00000000,6,4,1,133212493,391,391,0x00fffff8,0x008854ca,0,0
0,0x008b0cb8,0x00000000,9,2,7,169945120,482,784,0x008b0cb8,0x00004e75,0,0
1,0xc0000002,0x00000000,10,2,896,135141563,398,1339,0x220adc64,0x000000b7,0,0
2,0xc0000002,0x00000000,10,2,920,135147037,398,1339,0x220b18a4,0x000000b2,0,0
2,0xc0000002,0x00000000,10,4,40603,135588752,398,1338,0xc0000088,0x40000000,0,0
0,0x008b07ce,0x00000000,9,2,4,305106133,841,1255,0x008b07ce,0x000008d5,0,0
0,0x008b02e4,0x00000000,9,2,799,169944977,482,1339,0x008b02e4,0x000033fc,0,0
2,0xc0000400,0x00000000,9,2,12533,135184861,398,1339,0xc0000400,0x0000e210,0,0
1,0xc0000400,0x00000000,9,2,33472,135248569,398,1339,0xc0000400,0x0000e210,0,0
2,0xc00006a0,0x00000000,6,4,1508,135427520,398,1339,0x0600ffd8,0x00000000,0,0
1,0xc00006a0,0x00000000,6,4,6955,270039113,743,1232,0x0600ff58,0xffff593f,0,0
0,0x008b0c3e,0x00000000,9,2,2,1311370,9,15,0x008b0c3e,0x00004e71,0,0
0,0x008b0754,0x00000000,9,2,3,133677198,392,742,0x008b0754,0x00007805,0,0
2,0xc0000386,0x00000000,9,2,7907,135184846,398,1339,0xc0000386,0x00003463,0,0
1,0xc0000386,0x00000000,9,2,14668,135251212,398,1339,0xc0000386,0x00003463,0,0
0,0x008811ca,0x00000000,9,2,216,267474585,735,1107,0x008811ca,0x000066b6,0,0
0,0x008b06da,0x00000000,9,2,9,133677072,392,742,0x008b06da,0x000008d1,0,0
0,0x008b01f0,0x00000000,9,2,401,134212505,395,1255,0x008b01f0,0x0000422d,0,0
2,0xc000030c,0x00000000,9,2,11222,135187026,398,1339,0xc000030c,0x0000c50e,0,0
1,0xc000030c,0x00000000,9,2,26814,135248508,398,1339,0xc000030c,0x0000c50e,0,0
0,0x008b151e,0x00000000,9,2,15,302660414,834,1234,0x008b151e,0x00005335,0,0
0,0x008b0262,0x00000000,10,1,633,147906539,428,1233,0x008b8352,0x00000001,0,0
2,0xc0000292,0x00000000,9,2,10800,135187059,398,1339,0xc0000292,0x00008bf5,0,0
1,0xc0000292,0x00000000,9,2,23593,135248541,398,1339,0xc0000292,0x00008bf5,0,0
0,0x0089898e,0x00000000,6,2,1411,134172334,394,1339,0x00a15112,0x00000000,1,1
0,0x008b0ad0,0x00000000,9,2,24,95928240,243,357,0x008b0ad0,0x00004a15,0,0
0,0x008b00fc,0x00000000,9,2,37,134205731,394,1234,0x008b00fc,0x00000815,0,0
1,0x00000218,0x00000000,9,2,1,284556,5,5,0x00000218,0x0000c208,0,0
2,0x00000218,0x00000000,9,2,1,284816,5,5,0x00000218,0x00006822,0,0
1,0xc0000218,0x00000000,9,2,55600,135176981,398,1339,0xc0000218,0x0000000b,0,0
2,0xc0000218,0x00000000,9,2,27768,135184814,398,1339,0xc0000218,0x0000000b,0,0
0,0x00898914,0x00000000,6,2,1411,134170689,394,1339,0x00a15112,0x0000220a,1,1
0,0x008b0658,0x00000000,10,1,3,133676839,392,742,0x008b811c,0x00000001,0,0
0,0x008b142a,0x00000000,9,2,9,170041761,483,1234,0x008b142a,0x00006b00,0,0
0,0x008b016e,0x00000000,10,1,200,134212513,395,1255,0x008b814b,0x00000040,0,0
0,0x008b056c,0x00000000,9,2,1118,3032227,14,1339,0x008b056c,0x00001e2e,0,0
0,0x008b0082,0x00000000,9,2,3342,3531869,15,1339,0x008b0082,0x0000dafc,0,0
2,0xc0000688,0x00000000,9,2,1508,135427499,398,1339,0xc0000688,0x0000060a,0,0
1,0xc0000688,0x00000000,9,2,6955,270039092,743,1232,0xc0000688,0x0000060a,0,0
0,0x008b0fb2,0x00000000,10,1,163,133677500,392,1233,0x00ff8690,0x00000080,0,0
1,0xc000019e,0x00000000,9,2,106116,135141675,398,1339,0xc000019e,0x00007a10,0,0
2,0xc000019e,0x00000000,9,2,316301,135147159,398,1339,0xc000019e,0x00007a10,0,0
0,0x008b080c,0x00000000,6,2,4,305106181,841,1255,0x00ff8780,0x00008005,1,1
0,0x008b13b0,0x00000000,9,2,40,308801257,851,1258,0x008b13b0,0x0000e20c,0,0
0,0x008b0ec6,0x00000000,9,2,93,134217356,395,1234,0x008b0ec6,0x00006a0c,0,0
0,0x008b0008,0x00000000,9,2,1118,3032193,14,1339,0x008b0008,0x00004df9,0,0
1,0xc000060e,0x00000000,9,2,4290,135248370,398,1339,0xc000060e,0x000031cc,0,0
2,0xc000060e,0x00000000,9,2,20,179796773,506,512,0xc000060e,0x000031cc,0,0
0,0x008b0f38,0x00000000,10,1,1178,134217381,395,1234,0x008b2a86,0x00000003,0,0
1,0xc0000124,0x00000000,9,2,51278,135177127,398,1339,0xc0000124,0x0000000b,0,0
2,0xc0000124,0x00000000,9,2,39212,135184954,398,1339,0xc0000124,0x0000000b,0,0
2,0xc0000680,0x00000000,10,4,3016,135427492,398,1339,0xc0000780,0xffff4a60,0,1
1,0xc0000680,0x00000000,10,4,13910,270039085,743,1232,0xc0000780,0xffff4a78,0,1
2,0xc0000196,0x00000000,10,2,550459,135588920,398,1338,0x2000410a,0x0000a002,0,0
0,0x008b0962,0x00000000,9,2,12,95429621,241,349,0x008b0962,0x00006a00,0,0
1,0xc0000594,0x00000000,9,2,10,155336203,446,869,0xc0000594,0x0000e340,0,0
0,0x008b0ebe,0x00000000,10,2,2,339288959,936,936,0x00ff0004,0x0000e90c,0,1
1,0xc00000aa,0x00000000,9,2,46496,135177012,398,1339,0xc00000aa,0x00008ff5,0,0
2,0xc00000aa,0x00000000,9,2,31813,135264192,398,1339,0xc00000aa,0x00008ff5,0,0
2,0xc00000f6,0x00000000,9,2,20573,135425771,398,1339,0xc00000f6,0x00001632,0,0
1,0xc00000f6,0x00000000,9,2,11812,135505731,398,1339,0xc00000f6,0x00001632,0,0
0,0x00898950,0x00000000,10,2,1411,134171462,394,1339,0x00ff6064,0x00000000,0,0
0,0x0088edf8,0x00000000,10,4,1,327722405,905,905,0x00000078,0x008802ae,0,0
0,0x008b0e1e,0x00000000,9,2,3,134205698,394,743,0x008b0e1e,0x00004e75,0,0
1,0xc000000a,0x00000000,10,4,895,135176767,398,1339,0xc0000724,0x06010000,0,0
2,0xc000000a,0x00000000,10,4,920,135184606,398,1339,0xc0000724,0x06013000,0,0
0,0x008989c2,0x00000000,9,2,1411,134172980,394,1339,0x008989c2,0x00003499,0,0
1,0xc0000566,0x00000000,9,2,32,160287127,458,1339,0xc0000566,0x0000e130,0,0
1,0xc000007c,0x00000000,9,2,13396,135177411,398,1339,0xc000007c,0x0000e700,0,0
2,0xc000007c,0x00000000,9,2,43913,135184937,398,1339,0xc000007c,0x0000e700,0,0
0,0x00898948,0x00000000,9,2,1411,134171353,394,1339,0x00898948,0x00003499,0,0
1,0xc00004ec,0x00000000,9,2,2,159050140,455,473,0xc00004ec,0x0000e220,0,0
0,0x008b0cb8,0x00000000,10,4,7,169945121,482,784,0x00ffffe0,0x008b0160,0,0
1,0xc0000002,0x00000000,9,2,896,135141562,398,1339,0xc0000002,0x00006bd5,0,0
2,0xc0000002,0x00000000,9,2,41523,135147036,398,1339,0xc0000002,0x00006bd5,0,0
0,0x008b07ce,0x00000000,10,1,4,305106134,841,1255,0x00ff8630,0x00000080,0,0
0,0x008821ee,0x00000000,9,2,1,457739092,1256,1256,0x008821ee,0x000011fc,0,0
1,0xc0000472,0x00000000,9,2,4,159052433,455,1115,0xc0000472,0x0000e200,0,0
0,0x000000ca,0x00000000,6,1,1,285289,5,5,0x00a15107,0x00000000,1,1
0,0x008b0cb0,0x00000000,9,2,7,169945118,482,784,0x008b0cb0,0x000033fc,0,0
0,0x008b07c6,0x00000000,9,2,4,305106130,841,1255,0x008b07c6,0x00004bfa,0,0
0,0x008b02dc,0x00000000,9,2,799,169944943,482,1339,0x008b02dc,0x0000103c,0,0
0,0x00898996,0x00000000,6,2,1411,134172440,394,1339,0x00a15112,0x00000000,1,1
0,0x008b06da,0x00000000,10,1,9,133677073,392,742,0x00ff8690,0x00000000,0,0
0,0x008b1120,0x00000000,9,2,167,457494912,1255,1339,0x008b1120,0x00004efb,0,0
2,0xc000030c,0x00000000,10,2,11222,135187027,398,1339,0x0600f61c,0x00000026,0,0
1,0xc000030c,0x00000000,10,2,26814,135248509,398,1339,0x0600f46c,0x000008d8,0,0
0,0x008b0c36,0x00000000,9,2,2,1311368,9,15,0x008b0c36,0x000033fc,0,0
0,0x008b151e,0x00000000,10,1,15,302660415,834,1234,0x00ff871a,0x00000010,0,0
0,0x008b0262,0x00000000,9,2,633,147906538,428,1233,0x008b0262,0x00001b68,0,0
2,0xc000037e,0x00000000,9,2,7502,135184851,398,1339,0xc000037e,0x00000009,0,0
1,0xc000037e,0x00000000,9,2,17685,135251217,398,1339,0xc000037e,0x00000009,0,0
0,0x00884c40,0x00000000,9,2,1,457493603,1255,1255,0x00884c40,0x00006648,0,0
0,0x0089891c,0x00000000,6,2,1411,134170797,394,1339,0x00a15112,0x0000220b,1,1
0,0x008b06d2,0x00000000,9,2,3,133677070,392,742,0x008b06d2,0x000043ee,0,0
0,0x008b01e8,0x00000000,9,2,401,134212501,395,1255,0x008b01e8,0x0000422d,0,0
1,0xc0000304,0x00000000,9,2,4572,135262056,398,1339,0xc0000304,0x00001b23,0,0
2,0xc0000304,0x00000000,9,2,312,179799318,506,1339,0xc0000304,0x00001b23,0,0
0,0x008b0ad0,0x00000000,10,1,24,95928241,243,357,0x00ff8690,0x00000000,0,0
0,0x008b00fc,0x00000000,10,1,37,134205732,394,1234,0x00ff8540,0x00000080,0,0
2,0x00000218,0x00000000,10,4,1,284817,5,5,0x220003e4,0x06000288,0,0
0,0x008b0658,0x00000000,9,2,3,133676838,392,742,0x008b0658,0x0000182b,0,0
0,0x008b016e,0x00000000,9,2,200,134212512,395,1255,0x008b016e,0x00001a1c,0,0
2,0xc000028a,0x00000000,9,2,17957,135184823,398,1339,0xc000028a,0x0000c810,0,0
1,0xc000028a,0x00000000,9,2,40262,135248504,398,1339,0xc000028a,0x0000c810,0,0
0,0x008b056c,0x00000000,10,1,1118,3032228,14,1339,0x00ff8509,0x00000000,0,0
0,0x008b0fb2,0x00000000,9,2,163,133677499,392,1233,0x008b0fb2,0x00000815,0,0
1,0x00000210,0x00000000,9,2,65536,87848,3,5,0x00000210,0x000071ff,0,0
2,0x00000210,0x00000000,9,2,1,284566,5,5,0x00000210,0x0000c801,0,0
1,0xc0000210,0x00000000,9,2,215206,135176920,398,1339,0xc0000210,0x00004600,0,0
2,0xc0000210,0x00000000,9,2,100172,135184758,398,1339,0xc0000210,0x00004600,0,0
0,0x008b0f38,0x00000000,9,2,1178,134217380,395,1234,0x008b0f38,0x00001030,0,0
0,0x008b0564,0x00000000,9,2,4,305106086,841,1255,0x008b0564,0x00001d43,0,0
2,0xc0000680,0x00000000,9,2,1508,135427491,398,1339,0xc0000680,0x0000054f,0,0
1,0xc0000680,0x00000000,9,2,6955,270039084,743,1232,0xc0000680,0x0000054f,0,0
2,0xc0000196,0x00000000,9,2,588719,135147153,398,1339,0xc0000196,0x0000000a,0,0
1,0xc0000196,0x00000000,9,2,78299,135213625,398,1339,0xc0000196,0x0000000a,0,0
0,0x008b13a8,0x00000000,9,2,10,308801241,851,1258,0x008b13a8,0x00004eba,0,0
0,0x008b0ebe,0x00000000,9,2,20,134217301,395,1223,0x008b0ebe,0x00006000,0,0
0,0x008b12e2,0x00000000,9,2,4,305106777,841,1255,0x008b12e2,0x00006b04,0,0
0,0x00898976,0x00000000,10,2,1411,134171993,394,1339,0x00ff608a,0x00000000,0,0
0,0x008b0142,0x00000000,6,4,2266,134465946,395,1234,0x00ffffe4,0x008b0146,0,0
0,0x00885cc0,0x00000000,9,2,7,487197836,1320,1338,0x00885cc0,0x00004eba,0,0
0,0x0089899c,0x00000000,9,2,1411,134172543,394,1339,0x0089899c,0x00003499,0,0
1,0xc0000540,0x00000000,9,2,798,135251573,398,1339,0xc0000540,0x0000e200,0,0
2,0xc0000540,0x00000000,9,2,3,179796768,506,512,0xc0000540,0x0000e200,0,0
2,0xc0000056,0x00000000,9,2,37668,135588808,398,1338,0xc0000056,0x00004215,0,0
0,0x0088186e,0x00000000,9,2,515,125199368,360,1337,0x0088186e,0x000073f6,0,0
0,0x008988fc,0x00000000,10,2,1411,134170368,394,1339,0x00ff6010,0x0000220a,0,0
0,0x00898922,0x00000000,9,2,1411,134170804,394,1339,0x00898922,0x00003499,0,0
1,0xc00004c6,0x00000000,9,2,373,160282506,458,1339,0xc00004c6,0x0000e230,0,0
0,0x008b0cde,0x00000000,10,1,5696,1311409,9,1339,0x00a04000,0x00000000,0,0
0,0x008b0d04,0x00000000,9,2,2765,1312395,9,1339,0x008b0d04,0x00000810,0,0
0,0x008b004e,0x00000000,6,4,2381,134205763,394,1234,0x00ffffe8,0x008b0052,0,0
1,0xc000044c,0x00000000,9,2,8,159041681,455,1115,0xc000044c,0x0000e100,0,0
0,0x008b0c8a,0x00000000,9,2,310,133677204,392,1339,0x008b0c8a,0x00000815,0,0
0,0x008b0290,0x00000000,10,4,2717,134465951,395,1234,0x00ffffe4,0x008b0146,0,0
0,0x008b02b6,0x00000000,9,2,799,169944884,482,1339,0x008b02b6,0x00004eba,0,0
2,0xc00000f0,0x00000000,6,4,4288,135425767,398,1339,0xc0000780,0xffff4a60,0,0
1,0xc00000f0,0x00000000,6,4,11812,135505727,398,1339,0xc0000780,0x0000fa48,0,0
1,0xc00003d2,0x00000000,9,2,1585,135262002,398,1339,0xc00003d2,0x0000041a,0,0
2,0xc00003d2,0x00000000,9,2,86,458276578,1258,1339,0xc00003d2,0x0000041a,0,0
0,0x008b10fa,0x00000000,9,2,15,302660403,834,1234,0x008b10fa,0x00006000,0,0
0,0x008989bc,0x00000000,6,2,1411,134172973,394,1339,0x00a15112,0x00000000,1,1
0,0x008b0700,0x00000000,10,1,9,133677097,392,742,0x008b813b,0x00000000,0,0
0,0x00898942,0x00000000,6,2,1411,134171346,394,1339,0x00a15112,0x00000000,1,1
0,0x008b0b96,0x00000000,9,2,5,1311391,9,1235,0x008b0b96,0x00004eba,0,0
0,0x008b019c,0x00000000,10,2,164,169944806,482,1255,0x008b0e34,0x0000043c,0,0
0,0x008b06ac,0x00000000,9,2,3,133676999,392,742,0x008b06ac,0x00004eba,0,0
2,0xc00002b8,0x00000000,10,4,12221,135184900,398,1339,0x0600f61c,0x001c0008,0,0
1,0xc00002b8,0x00000000,10,4,28869,135248608,398,1339,0x0600f46c,0x08d8fc5b,0,0
1,0xc00002de,0x00000000,9,2,4573,135262005,398,1339,0xc00002de,0x000050e4,0,0
2,0xc00002de,0x00000000,9,2,312,179799267,506,1339,0xc00002de,0x000050e4,0,0
0,0x008b0af6,0x00000000,10,4,8,95928256,243,357,0x00ffffe8,0x008b0026,0,0
0,0x008b0632,0x00000000,9,2,3,133676820,392,742,0x008b0632,0x0000d08c,0,0
1,0xc0000264,0x00000000,9,2,1441,135186682,398,1339,0xc0000264,0x00000103,0,0
2,0xc0000264,0x00000000,9,2,1248,135264827,398,512,0xc0000264,0x00000103,0,0
0,0x008b0f66,0x00000000,10,1,601,281348605,774,1234,0x00ff8690,0x00000080,0,0
0,0x008b02d6,0x00000000,6,4,799,169944922,482,1339,0x00ffffe0,0x008b02da,0,0
0,0x008b05b8,0x00000000,9,2,1107,4023007,16,1339,0x008b05b8,0x00004e75,0,0
1,0xc00001ea,0x00000000,9,2,47606,135141603,398,1339,0xc00001ea,0x00001522,0,0
2,0xc00001ea,0x00000000,9,2,40838,135147077,398,1339,0xc00001ea,0x00001522,0,0
0,0x008929dc,0x00000000,9,2,12,269638609,741,742,0x008929dc,0x000073f8,0,0
0,0x008b0c30,0x00000000,6,1,8192,1049099,8,15,0x00a01000,0x00000000,1,1
0,0x008b13fc,0x00000000,9,2,13,134217440,395,774,0x008b13fc,0x00001b40,0,0
0,0x008b0f12,0x00000000,9,2,1148,134466138,395,1233,0x008b0f12,0x00006700,0,0
0,0x008b0a28,0x00000000,9,2,2,95429658,241,349,0x008b0a28,0x00004a15,0,0
0,0x008b053e,0x00000000,9,2,7,133676410,392,1255,0x008b053e,0x0000162e,0,0
1,0xc0000634,0x00000000,10,4,4290,135248400,398,1339,0xffffff1c,0xffff40e0,0,0
2,0xc0000634,0x00000000,10,4,20,179796803,506,512,0xffffff1c,0xfffffa4a,0,0
1,0xc000065a,0x00000000,9,2,4290,135248424,398,1339,0xc000065a,0x00008136,0,0
2,0xc000065a,0x00000000,9,2,20,179796827,506,512,0xc000065a,0x00008136,0,0
1,0xc0000170,0x00000000,9,2,106116,135141649,398,1339,0xc0000170,0x0000318c,0,0
2,0xc0000170,0x00000000,9,2,54518,135147123,398,1339,0xc0000170,0x0000318c,0,0
0,0x008b0e98,0x00000000,9,2,52,281348425,774,1234,0x008b0e98,0x0000da2d,0,0
0,0x008b01e2,0x00000000,6,1,401,134212500,395,1255,0x00ff8582,0x00000000,1,1
2,0xc00000d0,0x00000000,10,2,62353,135588882,398,1338,0x06018006,0x00000063,0,0
1,0xc00005e0,0x00000000,9,2,27,135260443,398,473,0xc00005e0,0x0000e210,0,0
0,0x008b1510,0x00000000,10,1,15,302660406,834,1234,0x008b2d9b,0x00000000,0,0
0,0x008b0b16,0x00000000,9,2,2060,134712391,396,1233,0x008b0b16,0x000051c9,0,0
0,0x008b0142,0x00000000,9,2,2266,134465945,395,1234,0x008b0142,0x00004eba,0,0
0,0x00885cc0,0x00000000,6,4,7,487197837,1320,1338,0x00fffff4,0x00885cc4,0,0
0,0x0089899c,0x00000000,6,2,1411,134172545,394,1339,0x00a15112,0x00000000,1,1
1,0xc000025e,0x00000000,9,2,1441,135186593,398,1339,0xc000025e,0x00006103,0,0
2,0xc000025e,0x00000000,9,2,1248,135264738,398,512,0xc000025e,0x00006103,0,0
0,0x008b1470,0x00000000,9,2,3,315758495,871,1234,0x008b1470,0x00004a15,0,0
0,0x008b05b2,0x00000000,9,2,3,95429571,241,1235,0x008b05b2,0x00000c07,0,0
0,0x008b00c8,0x00000000,9,2,44,134205666,394,1234,0x008b00c8,0x00007a00,0,0
0,0x00898922,0x00000000,6,2,1411,134170900,394,1339,0x00a15112,0x0000d01c,1,1
1,0xc00001e4,0x00000000,9,2,47606,135141600,398,1339,0xc00001e4,0x00004208,0,0
2,0xc00001e4,0x00000000,9,2,40838,135147074,398,1339,0xc00001e4,0x00004208,0,0
0,0x008b0f0c,0x00000000,9,2,1221,134466178,395,1234,0x008b0f0c,0x00004e75,0,0
0,0x008b141c,0x00000000,10,1,12,170041754,483,1234,0x00ff8630,0x00000000,0,0
0,0x008b004e,0x00000000,9,2,2381,134205762,394,1234,0x008b004e,0x00004eba,0,0
1,0xc0000654,0x00000000,9,2,4290,135248420,398,1339,0xc0000654,0x000054e6,0,0
2,0xc0000654,0x00000000,9,2,20,179796823,506,512,0xc0000654,0x000054e6,0,0
0,0x008b0074,0x00000000,10,1,3342,3531855,15,1339,0x00ff8720,0x00000000,0,0
1,0xc000016a,0x00000000,9,2,106116,135141646,398,1339,0xc000016a,0x0000011a,0,0
2,0xc000016a,0x00000000,9,2,54518,135147120,398,1339,0xc000016a,0x0000011a,0,0
0,0x008b0e92,0x00000000,9,2,72,134217270,395,1234,0x008b0e92,0x00000405,0,0
1,0xc00005da,0x00000000,9,2,27,135260377,398,473,0xc00005da,0x0000b017,0,0
0,0x008b02b6,0x00000000,6,4,799,169944885,482,1339,0x00ffffe0,0x008b02ba,0,0
2,0xc00000f0,0x00000000,9,2,20573,135425766,398,1339,0xc00000f0,0x00001621,0,0
1,0xc00000f0,0x00000000,9,2,11812,135505726,398,1339,0xc00000f0,0x00001621,0,0
1,0xc0000116,0x00000000,10,4,51278,135177115,398,1339,0x0600f424,0xffe87927,0,0
2,0xc0000116,0x00000000,10,4,22524,135184942,398,1339,0x0600f634,0x0002e267,0,0
2,0xc0000116,0x00000000,10,2,16688,135589086,398,1338,0x06018028,0x00000068,0,0
0,0x008b1302,0x00000000,9,2,25,134211485,395,1255,0x008b1302,0x0000103c,0,0
0,0x008b0e3e,0x00000000,10,1,96,134217235,395,1234,0x00ff8690,0x00000080,0,0
0,0x008989bc,0x00000000,9,2,1411,134172971,394,1339,0x008989bc,0x00003499,0,0
0,0x008989e2,0x00000000,10,2,1411,134173427,394,1339,0x00ff60f6,0x00000000,0,0
1,0xc0000560,0x00000000,9,2,5,159048747,455,1115,0xc0000560,0x0000e320,0,0
2,0xc0000560,0x00000000,9,2,1,181179205,509,509,0xc0000560,0x0000e320,0,0
1,0xc0000076,0x00000000,9,2,12327,135180434,398,1339,0xc0000076,0x00004f26,0,0
2,0xc0000076,0x00000000,9,2,42770,135187342,398,1339,0xc0000076,0x00004f26,0,0
1,0xc000009c,0x00000000,10,4,46496,135176999,398,1339,0x0600f404,0xffe589e7,0,0
2,0xc000009c,0x00000000,10,4,26724,135264179,398,1339,0x0600f604,0xfff72567,0,0
0,0x008b12ae,0x00000000,10,1,27,292004826,804,1234,0x00ff86f9,0x00000002,0,0
0,0x00898942,0x00000000,9,2,1411,134171250,394,1339,0x00898942,0x00003499,0,0
0,0x008b0b96,0x00000000,6,4,5,1311392,9,1235,0x00ffffb8,0x008b0b9a,0,0
0,0x008b06ac,0x00000000,6,4,3,133677000,392,742,0x00ffffe4,0x008b06b0,0,0
0,0x00898968,0x00000000,10,2,1411,134171782,394,1339,0x00ff607c,0x00000000,0,0
1,0xc00004e6,0x00000000,9,2,2,159050074,455,473,0xc00004e6,0x0000e300,0,0
1,0xc0000022,0x00000000,10,4,179,135578088,398,1337,0xc0000028,0x02301300,0,0
0,0x008b0d24,0x00000000,9,2,1499,1311397,9,1339,0x008b0d24,0x00000839,0,0
0,0x008988ee,0x00000000,10,2,1411,134169760,394,1339,0x00ff6002,0x00000b34,0,0
1,0xc000046c,0x00000000,9,2,4,159052367,455,1115,0xc000046c,0x0000b0ce,0,0
0,0x008b1194,0x00000000,9,2,83,458028971,1258,1339,0x008b1194,0x00006720,0,0
0,0x008b11ba,0x00000000,10,1,7,169945072,482,784,0x00ff85a1,0x00000001,0,0
0,0x008b07c0,0x00000000,9,2,4,305106127,841,1255,0x008b07c0,0x00006b12,0,0
0,0x008b02d6,0x00000000,9,2,799,169944921,482,1339,0x008b02d6,0x00004eba,0,0
1,0xc00001ea,0x00000000,6,4,47606,135141604,398,1339,0xc0000778,0xfff80000,0,0
2,0xc00001ea,0x00000000,6,4,40838,135147078,398,1339,0xc0000778,0xff300000,0,0
0,0x008b111a,0x00000000,9,2,167,457494908,1255,1339,0x008b111a,0x00007000,0,0
0,0x008b0c30,0x00000000,9,2,8192,1049097,8,15,0x008b0c30,0x000012d8,0,0
0,0x008b13fc,0x00000000,6,1,13,134217441,395,774,0x00ff86db,0x00000001,0,0
0,0x00882a4e,0x00000000,9,2,142,133426256,391,1338,0x00882a4e,0x00006722,0,0
1,0xc0000378,0x00000000,9,2,1642,135499136,398,1339,0xc0000378,0x0000000b,0,0
2,0xc0000378,0x00000000,9,2,57,140433168,410,1339,0xc0000378,0x0000000b,0,0
1,0xc000065a,0x00000000,6,2,4290,135248425,398,1339,0x0600f46c,0x000008d8,0,0
2,0xc000065a,0x00000000,6,2,20,179796828,506,512,0x0600f68c,0x0000e40c,0,0
0,0x008b01e2,0x00000000,9,2,401,134212498,395,1255,0x008b01e2,0x00001b6d,0,0
0,0x008b0208,0x00000000,10,1,157,134217494,395,1234,0x008b8353,0x00000001,0,0
1,0xc00002fe,0x00000000,9,2,4572,135262050,398,1339,0xc00002fe,0x000052cb,0,0
2,0xc00002fe,0x00000000,9,2,312,179799312,506,1339,0xc00002fe,0x000052cb,0,0
2,0xc0000324,0x00000000,10,4,11222,135187044,398,1339,0xc000033c,0xc0000798,0,0
1,0xc0000324,0x00000000,10,4,26814,135248526,398,1339,0xc000033c,0xc0000798,0,0
2,0xc00000f6,0x00000000,6,4,4288,135425772,398,1339,0xc0000784,0xffff4b9c,0,0
1,0xc00000f6,0x00000000,6,4,11812,135505732,398,1339,0xc0000784,0x000035c8,0,0
2,0xc0000238,0x00000000,9,2,49,140725208,411,489,0xc0000238,0x00008b02,0,0
0,0x008989c2,0x00000000,6,2,1411,134173076,394,1339,0x00a15112,0x00000000,1,1
0,0x008b144a,0x00000000,9,2,3,315758486,871,1234,0x008b144a,0x00006b56,0,0
0,0x008b0f60,0x00000000,9,2,981,134217386,395,1234,0x008b0f60,0x00000815,0,0
2,0xc00002aa,0x00000000,10,2,12221,135184892,398,1339,0xc0000702,0x00000c00,0,0
1,0xc00002aa,0x00000000,10,2,28869,135248600,398,1339,0xc0000702,0x0000af00,0,0
0,0x008b058c,0x00000000,9,2,7,95429561,241,1255,0x008b058c,0x00000c07,0,0
2,0xc00006a8,0x00000000,9,2,1508,135427527,398,1339,0xc00006a8,0x00000f5f,0,0
1,0xc00006a8,0x00000000,9,2,6955,270039120,743,1232,0xc00006a8,0x00000f5f,0,0
2,0xc00001be,0x00000000,9,2,275463,135421590,398,1339,0xc00001be,0x00004108,0,0
1,0xc00001be,0x00000000,9,2,15992,135441750,398,1339,0xc00001be,0x00004108,0,0
0,0x00898948,0x00000000,6,2,1411,134171355,394,1339,0x00a15112,0x00000000,1,1
1,0xc0000230,0x00000000,10,4,10183,135177087,398,1339,0x0600ff64,0xc0000036,0,0
2,0xc0000230,0x00000000,10,4,5433,135264267,398,1339,0x0600ffe8,0xc0000036,0,0
0,0x008821ee,0x00000000,6,1,1,457739093,1256,1256,0xffffc827,0x0000000a,0,0
1,0xc000062e,0x00000000,9,2,4290,135248394,398,1339,0xc000062e,0x00005420,0,0
2,0xc000062e,0x00000000,9,2,20,179796797,506,512,0xc000062e,0x00005420,0,0
1,0xc0000144,0x00000000,9,2,106116,135141615,398,1339,0xc0000144,0x000075f4,0,0
2,0xc0000144,0x00000000,9,2,91434,135147089,398,1339,0xc0000144,0x000075f4,0,0
0,0x008b13c8,0x00000000,10,4,10,308801309,851,1258,0x00ffffe0,0x008b0160,0,0
1,0xc00005b4,0x00000000,9,2,5,162731766,464,1115,0xc00005b4,0x0000e310,0,0
0,0x000000ca,0x00000000,9,2,1,285287,5,5,0x000000ca,0x00000239,0,0
1,0xc00000ca,0x00000000,9,2,55989,135176887,398,1339,0xc00000ca,0x0000c820,0,0
2,0xc00000ca,0x00000000,9,2,28153,135184726,398,1339,0xc00000ca,0x0000c820,0,0
0,0x008b0cb0,0x00000000,6,2,7,169945119,482,784,0x00a11100,0x00000000,0,0
0,0x008b12dc,0x00000000,9,2,22,134211460,395,1255,0x008b12dc,0x0000670a,0,0
0,0x008b0df2,0x00000000,9,2,1118,3032204,14,1339,0x008b0df2,0x00004e75,0,0
0,0x00898996,0x00000000,9,2,1411,134172438,394,1339,0x00898996,0x00003499,0,0
2,0xc000053a,0x00000000,9,2,1,179799195,506,506,0xc000053a,0x0000aec7,0,0
1,0xc000053a,0x00000000,9,2,1,405494536,1115,1115,0xc000053a,0x0000aec7,0,0
2,0xc0000050,0x00000000,9,2,43017,135588805,398,1338,0xc0000050,0x00003200,0,0
0,0x008b0c36,0x00000000,6,2,2,1311369,9,15,0x00a11200,0x00000000,0,0
0,0x008b0262,0x00000000,6,1,633,147906540,428,1233,0x00ff86d9,0x00000001,1,1
1,0xc00005ac,0x00000000,10,4,10,155336364,446,869,0x0600ff58,0xc0000268,0,0
0,0x0089891c,0x00000000,9,2,1411,134170795,394,1339,0x0089891c,0x00003499,0,0
0,0x008b12d4,0x00000000,10,4,22,134211457,395,1255,0x00ff8530,0x008b84ec,0,0
1,0xc00004c0,0x00000000,9,2,32,162723764,464,1339,0xc00004c0,0x0000af04,0,0
0,0x0089898e,0x00000000,10,2,1411,134172333,394,1339,0x00ff60a2,0x00000000,0,0
0,0x008b01e8,0x00000000,6,1,401,134212502,395,1255,0x00ff857c,0x00000000,0,0
0,0x008b0cfe,0x00000000,9,2,895,1312394,9,1339,0x008b0cfe,0x000041f9,0,0
1,0xc0000304,0x00000000,6,4,4572,135262057,398,1339,0x060100d4,0x29d4fbfd,0,0
2,0xc0000304,0x00000000,6,4,312,179799319,506,1339,0x06013804,0xe7f0005e,0,0
2,0xc0000048,0x00000000,10,2,43017,135588800,398,1338,0x06018022,0x00000062,0,0
1,0xc0000048,0x00000000,10,4,895,135213106,398,1339,0x0600ff68,0x06002472,0,0
2,0xc0000048,0x00000000,10,4,920,135231325,398,1339,0x0600ffec,0x060024ba,0,0
0,0x008b0814,0x00000000,9,2,4,305106185,841,1255,0x008b0814,0x00003019,0,0
1,0xc0000446,0x00000000,9,2,8,159041615,455,1115,0xc0000446,0x0000e210,0,0
0,0x00898914,0x00000000,10,2,1411,134170688,394,1339,0x00ff6028,0x0000220a,0,0
0,0x008b0c84,0x00000000,9,2,241,169945004,482,1339,0x008b0c84,0x00006000,0,0
0,0x008b11e0,0x00000000,10,4,1,170040378,483,483,0x00ffffe0,0x008b0160,0,0
1,0xc00003cc,0x00000000,9,2,1585,135261999,398,1339,0xc00003cc,0x0000346c,0,0
2,0xc00003cc,0x00000000,9,2,86,458276575,1258,1339,0xc00003cc,0x0000346c,0,0
0,0x008b080c,0x00000000,10,2,4,305106180,841,1255,0x008b9472,0x00008005,0,0
0,0x008b0c7c,0x00000000,10,1,241,169945002,482,1339,0x00ff8571,0x00000000,0,0
0,0x008b0564,0x00000000,6,1,4,305106087,841,1255,0x00ff8500,0x0000007e,0,0
0,0x008b0b90,0x00000000,9,2,5,1311389,9,1235,0x008b0b90,0x0000702b,0,0
0,0x008b13a8,0x00000000,6,4,10,308801242,851,1258,0x00ffffdc,0x008b13ac,0,0
1,0xc00002d8,0x00000000,9,2,3221,135261982,398,1339,0xc00002d8,0x00008bd2,0,0
2,0xc00002d8,0x00000000,9,2,422,179799238,506,1339,0xc00002d8,0x00008bd2,0,0
0,0x008b14ea,0x00000000,9,2,3,134217635,395,754,0x008b14ea,0x00006608,0,0
0,0x00898950,0x00000000,6,2,1411,134171463,394,1339,0x00a15112,0x00000000,1,1
0,0x0088edf8,0x00000000,6,2,1,327722407,905,905,0x00fffff6,0x00002300,2,2
0,0x0088edf8,0x00000000,6,4,1,327722406,905,905,0x00fffff8,0x0088edf2,1,1
2,0xc000000a,0x00000000,6,4,40603,135588758,398,1338,0x46018000,0x00000000,0,0
0,0x008b0f60,0x00000000,10,1,981,134217387,395,1234,0x00ff8690,0x00000082,0,0
2,0xc00002aa,0x00000000,9,2,12221,135184891,398,1339,0xc00002aa,0x000085e1,0,0
1,0xc00002aa,0x00000000,9,2,28869,135248599,398,1339,0xc00002aa,0x000085e1,0,0
2,0xc00006a8,0x00000000,10,4,3016,135427528,398,1339,0x0600ffdc,0xffff66d1,0,1
1,0xc00006a8,0x00000000,10,4,13910,270039121,743,1232,0x0600ff5c,0xffff60b2,0,1
0,0x008b0fd2,0x00000000,9,2,5,1313190,9,1236,0x008b0fd2,0x000010bc,0,0
1,0xc000047a,0x00000000,6,4,4,159052501,455,1115,0x0600ff54,0xc000047c,0,0
0,0x008854c6,0x00000000,9,2,1,133212492,391,391,0x008854c6,0x00004eba,0,0
1,0xc0000230,0x00000000,9,2,10183,135177086,398,1339,0xc0000230,0x00004f26,0,0
2,0xc0000230,0x00000000,9,2,8039,135264266,398,1339,0xc0000230,0x00004f26,0,0
0,0x008b07ce,0x00000000,6,1,4,305106135,841,1255,0x00ff8630,0x00000084,1,1
0,0x008b02e4,0x00000000,6,2,799,169944978,482,1339,0x00a11100,0x00000000,0,0
1,0xc000062e,0x00000000,10,4,4290,135248395,398,1339,0x0600f470,0x000b6000,0,0
2,0xc000062e,0x00000000,10,4,20,179796798,506,512,0x0600f650,0xffdc1224,0,0
0,0x008b0f58,0x00000000,9,2,976,134217384,395,1234,0x008b0f58,0x00000c06,0,0
0,0x008b0584,0x00000000,9,2,10,95429559,241,1255,0x008b0584,0x00000c07,0,0
0,0x008b009a,0x00000000,9,2,2228,3531887,15,1339,0x008b009a,0x0000dafc,0,0
2,0xc00006a0,0x00000000,9,2,1508,135427519,398,1339,0xc00006a0,0x00002f16,0,0
1,0xc00006a0,0x00000000,9,2,6955,270039112,743,1232,0xc00006a0,0x00002f16,0,0
2,0xc00001b6,0x00000000,9,2,275463,135421584,398,1339,0xc00001b6,0x00004008,0,0
1,0xc00001b6,0x00000000,9,2,15992,135441744,398,1339,0xc00001b6,0x00004008,0,0
0,0x008b13c8,0x00000000,9,2,10,308801308,851,1258,0x008b13c8,0x00004e75,0,0
0,0x008b0ede,0x00000000,9,2,466,281348542,774,1234,0x008b0ede,0x0000662c,0,0
0,0x000000ca,0x00000000,10,1,1,285288,5,5,0x00a15107,0x00000000,0,0
1,0xc0000626,0x00000000,9,2,4290,135248388,398,1339,0xc0000626,0x0000644f,0,0
2,0xc0000626,0x00000000,9,2,20,179796791,506,512,0xc0000626,0x0000644f,0,0
0,0x008b0df2,0x00000000,10,4,1118,3032205,14,1339,0x00ffffe8,0x008b001e,0,0
1,0xc000013c,0x00000000,9,2,106116,135141605,398,1339,0xc000013c,0x00000028,0,0
2,0xc000013c,0x00000000,9,2,91810,135147079,398,1339,0xc000013c,0x00000028,0,0
0,0x00898996,0x00000000,10,2,1411,134172439,394,1339,0x00ff60aa,0x00000000,0,0
0,0x008b06da,0x00000000,6,1,9,133677074,392,742,0x00ff8690,0x00000080,1,1
0,0x008b01f0,0x00000000,6,1,401,134212506,395,1255,0x00ff8573,0x00000000,0,0
0,0x008b151e,0x00000000,6,1,15,302660416,834,1234,0x00ff871a,0x0000000f,1,1
1,0xc00005ac,0x00000000,9,2,10,155336363,446,869,0xc00005ac,0x00004f26,0,0
0,0x000000c2,0x00000000,9,2,1,285282,5,5,0x000000c2,0x00004e71,0,0
1,0xc00000c2,0x00000000,9,2,55989,135176863,398,1339,0xc00000c2,0x00008b07,0,0
2,0xc00000c2,0x00000000,9,2,79171,135184702,398,1339,0xc00000c2,0x00008b07,0,0
0,0x0089891c,0x00000000,10,2,1411,134170796,394,1339,0x00ff6030,0x0000220b,0,0
0,0x008b12d4,0x00000000,9,2,22,134211456,395,1255,0x008b12d4,0x0000226e,0,0
0,0x0089898e,0x00000000,9,2,1411,134172332,394,1339,0x0089898e,0x00003499,0,0
2,0xc0000532,0x00000000,9,2,1,179799128,506,506,0xc0000532,0x0000e130,0,0
1,0xc0000532,0x00000000,9,2,1,405494469,1115,1115,0xc0000532,0x0000e130,0,0
1,0xc0000048,0x00000000,9,2,895,135213105,398,1339,0xc0000048,0x00004f26,0,0
2,0xc0000048,0x00000000,9,2,43937,135231324,398,1339,0xc0000048,0x00004f26,0,0
0,0x008b0814,0x00000000,10,2,4,305106186,841,1255,0x008b9474,0x0000000a,0,0
1,0x00000218,0x00000000,6,4,1,284557,5,5,0x20004020,0x4d5f4f4b,0,0
0,0x00898914,0x00000000,9,2,1411,134170687,394,1339,0x00898914,0x00003499,0,0
1,0xc00004b8,0x00000000,9,2,32,162723738,464,1339,0xc00004b8,0x0000e210,0,0
0,0x008b11e0,0x00000000,9,2,1,170040377,483,483,0x008b11e0,0x00004e75,0,0
0,0x008b080c,0x00000000,9,2,4,305106179,841,1255,0x008b080c,0x00003a99,0,0
2,0xc000043e,0x00000000,9,2,452,135225665,398,1339,0xc000043e,0x00007402,0,0
1,0xc000043e,0x00000000,9,2,886,135297206,398,1339,0xc000043e,0x00007402,0,0
0,0x008b0c7c,0x00000000,9,2,241,169945001,482,1339,0x008b0c7c,0x0000122d,0,0
0,0x00892bb6,0x00000000,9,2,2794,269947457,742,869,0x00892bb6,0x000073f6,0,0
0,0x008b1510,0x00000000,9,2,15,302660405,834,1234,0x008b1510,0x0000101c,0,0
0,0x00898976,0x00000000,6,2,1411,134171994,394,1339,0x00a15112,0x00000000,1,1
0,0x008b0652,0x00000000,9,2,3,133676836,392,742,0x008b0652,0x00005307,0,0
0,0x008b0168,0x00000000,9,2,284,134212480,395,1339,0x008b0168,0x00006a0e,0,0
1,0xc0000284,0x00000000,9,2,22210,135177085,398,1339,0xc0000284,0x00000009,0,0
2,0xc0000284,0x00000000,9,2,12629,135187063,398,1339,0xc0000284,0x00000009,0,0
0,0x008b1470,0x00000000,10,1,3,315758496,871,1234,0x00ff8630,0x00000084,0,0
0,0x008988fc,0x00000000,6,2,1411,134170369,394,1339,0x00a15112,0x0000220a,1,1
0,0x008b00ee,0x00000000,9,2,26,134205713,394,1234,0x008b00ee,0x00004eba,0,0
2,0x0000020a,0x00000000,9,2,11,87802,3,5,0x0000020a,0x00003100,0,0
1,0x0000020a,0x00000000,9,2,1,87843,3,3,0x0000020a,0x00008b0f,0,0
1,0xc000020a,0x00000000,9,2,215206,135176917,398,1339,0xc000020a,0x00003413,0,0
2,0xc000020a,0x00000000,9,2,101474,135184756,398,1339,0xc000020a,0x00003413,0,0
0,0x008b0f0c,0x00000000,10,4,1221,134466179,395,1234,0x00ffffe8,0x008b0064,0,0
0,0x008b141c,0x00000000,9,2,12,170041753,483,1234,0x008b141c,0x00000895,0,0
1,0xc0000654,0x00000000,10,4,4290,135248421,398,1339,0xc0000718,0x00c71c71,0,0
2,0xc0000654,0x00000000,10,4,20,179796824,506,512,0xc0000718,0x00c71c71,0,0
0,0x008b0074,0x00000000,9,2,3342,3531854,15,1339,0x008b0074,0x00004a15,0,0
2,0xc000016a,0x00000000,10,4,376,135794986,399,1337,0xc0000180,0x24024000,0,0
2,0xc000067a,0x00000000,9,2,1508,135427486,398,1339,0xc000067a,0x00000028,0,0
1,0xc000067a,0x00000000,9,2,6955,270039079,743,1232,0xc000067a,0x00000028,0,0
2,0xc0000190,0x00000000,9,2,358452,135147149,398,1339,0xc0000190,0x0000000a,0,0
1,0xc0000190,0x00000000,9,2,78299,135213621,398,1339,0xc0000190,0x0000000a,0,0
1,0xc0000600,0x00000000,9,2,124,155336338,446,1339,0xc0000600,0x000032cc,0,0
1,0xc0000116,0x00000000,9,2,51278,135177114,398,1339,0xc0000116,0x00005261,0,0
2,0xc0000116,0x00000000,9,2,39212,135184941,398,1339,0xc0000116,0x00005261,0,0
0,0x008b0e3e,0x00000000,9,2,96,134217234,395,1234,0x008b0e3e,0x00000895,0,0
0,0x008989bc,0x00000000,10,2,1411,134172972,394,1339,0x00ff60d0,0x00000000,0,0
0,0x008b0700,0x00000000,6,1,9,133677098,392,742,0x00ff869b,0x00000000,1,1
0,0x008b0954,0x00000000,9,2,2,95429582,241,349,0x008b0954,0x00007200,0,0
0,0x008989e2,0x00000000,9,2,1411,134173426,394,1339,0x008989e2,0x00003499,0,0
1,0xc0000076,0x00000000,10,4,12327,135180435,398,1339,0x0600ff64,0xc0000026,0,0
2,0xc0000076,0x00000000,10,4,5102,135187343,398,1339,0x0600ffe8,0xc0000026,0,0
1,0xc0000586,0x00000000,9,2,13,155331153,446,1115,0xc0000586,0x0000b041,0,0
1,0xc000009c,0x00000000,9,2,46496,135176998,398,1339,0xc000009c,0x000060c6,0,0
2,0xc000009c,0x00000000,9,2,31813,135264178,398,1339,0xc000009c,0x000060c6,0,0
0,0x008b12ae,0x00000000,9,2,27,292004825,804,1234,0x008b12ae,0x0000d12d,0,0
0,0x008b0b70,0x00000000,6,4,60,1312362,9,1236,0x00ffffb4,0x008b0b74,0,0
0,0x00898942,0x00000000,10,2,1411,134171251,394,1339,0x00ff6056,0x00000000,0,0
0,0x00898968,0x00000000,9,2,1411,134171781,394,1339,0x00898968,0x00003499,0,0
1,0xc000050c,0x00000000,9,2,7,159053946,455,509,0xc000050c,0x0000e140,0,0
1,0xc0000022,0x00000000,9,2,56168,135176782,398,1339,0xc0000022,0x00000103,0,0
2,0xc0000022,0x00000000,9,2,81586,135184621,398,1339,0xc0000022,0x00000103,0,0
0,0x008b0d24,0x00000000,10,1,1499,1311398,9,1339,0x00a11100,0x000000ec,0,0
0,0x008b0d4a,0x00000000,9,2,142,134212638,395,1255,0x008b0d4a,0x000060d0,0,0
0,0x008988ee,0x00000000,9,2,1411,134169759,394,1339,0x008988ee,0x00003499,0,0
2,0xc000023e,0x00000000,6,1,24,140725439,411,477,0x24033c9c,0x00000020,0,0
1,0xc0000492,0x00000000,9,2,318,135248367,398,1339,0xc0000492,0x0000e310,0,0
2,0xc0000492,0x00000000,9,2,2,181177976,509,512,0xc0000492,0x0000e310,0,0
0,0x008b11ba,0x00000000,9,2,7,169945071,482,784,0x008b11ba,0x00004a2d,0,0
2,0xc0000418,0x00000000,9,2,12533,135184876,398,1339,0xc0000418,0x00008810,0,0
1,0xc0000418,0x00000000,9,2,33472,135248584,398,1339,0xc0000418,0x00008810,0,0
0,0x008b0c30,0x00000000,10,1,8192,1049098,8,15,0x008b1915,0x00000000,0,0
0,0x008b0c30,0x00000000,10,2,4,1309629,8,14,0x00ff0004,0x00000000,2,3
0,0x008b0c56,0x00000000,9,2,2,1311382,9,15,0x008b0c56,0x00004e71,0,0
0,0x008b076c,0x00000000,9,2,9,133677496,392,742,0x008b076c,0x00006604,0,0
0,0x008b0282,0x00000000,9,2,540,147906549,428,1233,0x008b0282,0x00004886,0,0
2,0xc000039e,0x00000000,9,2,1824,135184853,398,1339,0xc000039e,0x0000000b,0,0
1,0xc000039e,0x00000000,9,2,1709,135251219,398,1339,0xc000039e,0x0000000b,0,0
0,0x008b01e2,0x00000000,10,1,401,134212499,395,1255,0x00ff8583,0x00000000,0,0
0,0x008b06f2,0x00000000,9,2,9,133677087,392,742,0x008b06f2,0x0000d08b,0,0
0,0x008b0208,0x00000000,9,2,157,134217493,395,1234,0x008b0208,0x00001b58,0,0
1,0xc00002fe,0x00000000,10,4,4572,135262051,398,1339,0x0600f47c,0x29d4fbfd,0,0
2,0xc00002fe,0x00000000,10,4,312,179799313,506,1339,0x0600f67c,0xe7f0005e,0,0
2,0xc0000324,0x00000000,9,2,11222,135187043,398,1339,0xc0000324,0x0000d105,0,0
1,0xc0000324,0x00000000,9,2,26814,135248525,398,1339,0xc0000324,0x0000d105,0,0
0,0x008b0254,0x00000000,9,2,604,134466216,395,1234,0x008b0254,0x00004e75,0,0
0,0x008b027a,0x00000000,10,1,540,147906545,428,1233,0x00ff86db,0x00000001,0,0
2,0xc0000370,0x00000000,9,2,646,135217075,398,1339,0xc0000370,0x00008b00,0,0
1,0xc0000370,0x00000000,9,2,7530,135283585,398,1339,0xc0000370,0x00008b00,0,0
0,0x008b1098,0x00000000,9,2,493,134205674,394,1339,0x008b1098,0x0000e54d,0,0
0,0x008b0bae,0x00000000,9,2,5,1312147,9,1235,0x008b0bae,0x00001d7c,0,0
0,0x008b0200,0x00000000,10,1,157,134217488,395,1234,0x008b8351,0x00000010,0,0
1,0xc00002f6,0x00000000,9,2,4572,135262043,398,1339,0xc00002f6,0x0000cb01,0,0
2,0xc00002f6,0x00000000,9,2,312,179799305,506,1339,0xc00002f6,0x0000cb01,0,0
0,0x008b1156,0x00000000,6,1,1,458560990,1258,1258,0x00ff8789,0x0000000f,1,1
0,0x008b1508,0x00000000,9,2,112,169945139,482,1339,0x008b1508,0x0000d8c0,0,0
0,0x008b0298,0x00000000,6,1,36,134212558,395,1223,0x00ff8570,0x00000082,1,1
0,0x008b064a,0x00000000,9,2,3,133676832,392,742,0x008b064a,0x00007e00,0,0
0,0x008b0160,0x00000000,9,2,410,134212429,395,1339,0x008b0160,0x000060f0,0,0
0,0x008b0186,0x00000000,10,1,164,169944799,482,1255,0x00ff8578,0x000000e9,0,0
0,0x008b05d0,0x00000000,9,2,1,452003741,1235,1235,0x008b05d0,0x00006000,0,0
0,0x008b00e6,0x00000000,9,2,11,138401305,405,1143,0x008b00e6,0x00001b6d,0,0
1,0xc0000202,0x00000000,9,2,215595,135176912,398,1339,0xc0000202,0x00008b0b,0,0
2,0xc0000202,0x00000000,9,2,101579,135184751,398,1339,0xc0000202,0x00008b0b,0,0
0,0x008b0f2a,0x00000000,9,2,1178,134217372,395,1234,0x008b0f2a,0x00002070,0,0
0,0x008b0556,0x00000000,9,2,7,133676422,392,1255,0x008b0556,0x0000b403,0,0
2,0xc00002c0,0x00000000,6,4,12221,135184908,398,1339,0x06013008,0x001c0008,0,0
1,0xc00002c0,0x00000000,6,4,28869,135248616,398,1339,0x06010008,0x08d8fc5b,0,0
2,0xc0000672,0x00000000,9,2,1508,135427482,398,1339,0xc0000672,0x00007404,0,0
1,0xc0000672,0x00000000,9,2,6955,270039075,743,1232,0xc0000672,0x00007404,0,0
1,0xc0000188,0x00000000,9,2,106116,135141669,398,1339,0xc0000188,0x00001a21,0,0
2,0xc0000188,0x00000000,9,2,374334,135147143,398,1339,0xc0000188,0x00001a21,0,0
0,0x008b0afe,0x00000000,6,1,673,134205625,394,1235,0x00ff8501,0x00000098,1,1
0,0x008b0eb0,0x00000000,9,2,20,134217272,395,1223,0x008b0eb0,0x000008d5,0,0
0,0x008b012a,0x00000000,6,4,292,134205772,394,1339,0x00ffffe4,0x008b012e,0,0
1,0xc00005f8,0x00000000,9,2,1,405604203,1115,1115,0xc00005f8,0x0000e310,0,0
1,0xc000010e,0x00000000,9,2,140630,135176811,398,1339,0xc000010e,0x0000000b,0,0
2,0xc000010e,0x00000000,9,2,83166,135184650,398,1339,0xc000010e,0x0000000b,0,0
1,0xc000061e,0x00000000,10,4,4290,135248383,398,1339,0x0600f478,0x000f5506,0,0
2,0xc000061e,0x00000000,10,4,20,179796786,506,512,0x0600f658,0x00012e3f,0,0
1,0xc0000134,0x00000000,10,2,896,135141579,398,1339,0xc00001a6,0x0000ff00,0,0
2,0xc0000134,0x00000000,10,2,920,135147053,398,1339,0xc00001a6,0x0000ff00,0,0
0,0x008989da,0x00000000,9,2,1411,134173316,394,1339,0x008989da,0x00003499,0,0
2,0xc00001cc,0x00000000,6,4,13304,135421599,398,1339,0xc0000778,0xffffe640,0,0
1,0xc00001cc,0x00000000,6,4,15992,135441759,398,1339,0xc0000778,0xfffdf280,0,0
1,0xc000057e,0x00000000,9,2,13,155331086,446,1115,0xc000057e,0x0000b045,0,0
1,0xc0000094,0x00000000,9,2,11624,135176992,398,1339,0xc0000094,0x000036cc,0,0
2,0xc0000094,0x00000000,9,2,30215,135264172,398,1339,0xc0000094,0x000036cc,0,0
0,0x008b12cc,0x00000000,10,1,22,134211454,395,1255,0x00ff8570,0x00000080,0,0
0,0x00898960,0x00000000,9,2,1411,134171675,394,1339,0x00898960,0x00003499,0,0
0,0x00898986,0x00000000,10,2,1411,134172223,394,1339,0x00ff609a,0x00000000,0,0
1,0xc0000152,0x00000000,6,4,106116,135141625,398,1339,0xffffff10,0x00000070,0,0
2,0xc0000152,0x00000000,6,4,54142,135147099,398,1339,0xffffff10,0x00000070,0,0
1,0xc0000504,0x00000000,9,2,7,159053805,455,509,0xc0000504,0x00004f22,0,0
1,0xc000001a,0x00000000,9,2,56884,135176777,398,1339,0xc000001a,0x00008915,0,0
2,0xc000001a,0x00000000,9,2,66741,135184616,398,1339,0xc000001a,0x00008915,0,0
0,0x008b0e7a,0x00000000,6,4,72,134217269,395,1234,0x00ffffe0,0x008b0e7e,0,0
0,0x008b0d42,0x00000000,9,2,142,134212634,395,1255,0x008b0d42,0x00004e71,0,0
0,0x0089890c,0x00000000,10,2,1411,134170582,394,1339,0x00ff6020,0x0000220b,0,0
1,0xc00000d8,0x00000000,6,4,7562,135186503,398,1339,0x0600f434,0xffeba19e,0,0
2,0xc00000d8,0x00000000,6,4,1836,135264648,398,1339,0x0600f634,0xfff43627,0,0
1,0xc000048a,0x00000000,9,2,4,159052574,455,1115,0xc000048a,0x00004f26,0,0
0,0x0088e3ba,0x00000000,9,2,202,271838167,748,1234,0x0088e3ba,0x000073f8,0,0
0,0x008b11d8,0x00000000,10,1,1,170040373,483,483,0x008b8db4,0x000000fb,0,0
0,0x008989a4,0x00000000,6,2,1411,134172651,394,1339,0x00a15112,0x00000000,1,1
0,0x008b02f4,0x00000000,9,2,1265,169944889,482,1339,0x008b02f4,0x00000240,0,0
2,0xc0000410,0x00000000,9,2,9106,135184871,398,1339,0xc0000410,0x00004409,0,0
1,0xc0000410,0x00000000,9,2,13107,135250351,398,1339,0xc0000410,0x00004409,0,0
2,0xc0000436,0x00000000,10,1,452,135225661,398,1339,0x0600e171,0x00000000,0,0
1,0xc0000436,0x00000000,10,1,917,135297202,398,1339,0x0600deda,0x00000000,0,0
0,0x008b1138,0x00000000,9,2,83,458023501,1257,1339,0x008b1138,0x00006000,0,0
0,0x008b0c4e,0x00000000,9,2,2,1311378,9,15,0x008b0c4e,0x00004e71,0,0
0,0x0089892a,0x00000000,6,2,1411,134171026,394,1339,0x00a15112,0x0000f980,1,1
2,0xc000034a,0x00000000,9,2,12221,135184835,398,1339,0xc000034a,0x000055c6,0,0
1,0xc000034a,0x00000000,9,2,28899,135248552,398,1339,0xc000034a,0x000055c6,0,0
0,0x008b0c74,0x00000000,10,1,248,169944998,482,1339,0x00ff8570,0x00000080,0,0
0,0x008b078a,0x00000000,10,4,3,133677552,392,742,0x00ffffec,0x008820d0,0,0
0,0x008b01b4,0x00000000,9,2,344,134205716,394,1339,0x008b01b4,0x0000122d,0,0
1,0xc00002d0,0x00000000,9,2,5910,135261945,398,1339,0xc00002d0,0x0000c810,0,0
2,0xc00002d0,0x00000000,9,2,534,179799201,506,1339,0xc00002d0,0x0000c810,0,0
0,0x008b0710,0x00000000,10,1,18,133677162,392,742,0x00ff8720,0x00000000,0,0
0,0x008b14e2,0x00000000,9,2,3,134217630,395,754,0x008b14e2,0x00001b5c,0,0
0,0x008b0b0e,0x00000000,9,2,2060,134712386,396,1233,0x008b0b0e,0x00006a04,0,0
0,0x008b0624,0x00000000,9,2,3,133676813,392,742,0x008b0624,0x00000407,0,0
0,0x008b1554,0x00000000,10,1,10,273875852,753,834,0x008b2bda,0x00000024,0,0
0,0x008b013a,0x00000000,9,2,2266,134465931,395,1234,0x008b013a,0x00004eba,0,0
0,0x008b0696,0x00000000,10,1,3,133676995,392,742,0x008b811a,0x00000006,0,0
0,0x008b1468,0x00000000,9,2,3,315758491,871,1234,0x008b1468,0x00005500,0,0
0,0x008b0a94,0x00000000,9,2,8,95928203,243,357,0x008b0a94,0x00004bee,0,0
0,0x008b14da,0x00000000,10,4,12,170041812,483,1235,0x00ffffe8,0x008b0052,0,0
1,0xc00001dc,0x00000000,9,2,47606,135141595,398,1339,0xc00001dc,0x00004108,0,0
2,0xc00001dc,0x00000000,9,2,98871,135147069,398,1339,0xc00001dc,0x00004108,0,0
0,0x008b0b9e,0x00000000,6,4,5,1311428,9,1235,0x00ffffb8,0x008b0ba2,0,0
0,0x008b0046,0x00000000,9,2,6684,3122085,15,1339,0x008b0046,0x0000dafc,0,0
1,0xc000064c,0x00000000,9,2,4290,135248415,398,1339,0xc000064c,0x0000061a,0,0
2,0xc000064c,0x00000000,9,2,20,179796818,506,512,0xc000064c,0x0000061a,0,0
0,0x008b01ca,0x00000000,6,1,36,134212487,395,1223,0x00ff8570,0x00000082,1,1
1,0xc0000162,0x00000000,9,2,106143,135141639,398,1339,0xc0000162,0x0000054f,0,0
2,0xc0000162,0x00000000,9,2,54518,135147113,398,1339,0xc0000162,0x0000054f,0,0
0,0x008b1374,0x00000000,9,2,10,308801225,851,1258,0x008b1374,0x00004a2e,0,0
0,0x008b00b8,0x00000000,10,1,551,134205659,394,1234,0x00ff854e,0x00000001,0,0
0,0x008b0e8a,0x00000000,9,2,93,134217316,395,1234,0x008b0e8a,0x00004eba,0,0
2,0xc00001d4,0x00000000,10,2,69546,135588865,398,1338,0x2000410a,0x0000e000,0,0
1,0xc00005d2,0x00000000,9,2,16,155330691,446,1115,0xc00005d2,0x0000ae58,0,0
2,0xc00000e8,0x00000000,9,2,20573,135425761,398,1339,0xc00000e8,0x00004108,0,0
1,0xc00000e8,0x00000000,9,2,11812,135505721,398,1339,0xc00000e8,0x00004108,0,0
0,0x008b12fa,0x00000000,9,2,25,134211480,395,1255,0x008b12fa,0x00001219,0,0
1,0xc0000644,0x00000000,10,4,4290,135248411,398,1339,0x0600f464,0xfffa9343,0,0
2,0xc0000644,0x00000000,10,4,20,179796814,506,512,0x0600f684,0xfff8e2b5,0,0
0,0x008b0e10,0x00000000,9,2,3,134205694,394,743,0x008b0e10,0x000013c0,0,0
0,0x008b0f94,0x00000000,6,1,131,142937498,416,1233,0x00ff86f0,0x00000082,1,1
0,0x008989b4,0x00000000,9,2,1411,134172863,394,1339,0x008989b4,0x00003499,0,0
1,0xc0000558,0x00000000,9,2,5,159048680,455,1115,0xc0000558,0x0000e300,0,0
2,0xc0000558,0x00000000,9,2,1,181179138,509,509,0xc0000558,0x0000e300,0,0
1,0xc000006e,0x00000000,9,2,12327,135180411,398,1339,0xc000006e,0x0000e630,0,0
2,0xc000006e,0x00000000,9,2,42770,135187319,398,1339,0xc000006e,0x0000e630,0,0
2,0xc00000e0,0x00000000,10,4,4288,135425754,398,1339,0xc00000f8,0xc000077c,0,0
1,0xc00000e0,0x00000000,10,4,11812,135505714,398,1339,0xc00000f8,0xc000077c,0,0
0,0x0089893a,0x00000000,9,2,1411,134171140,394,1339,0x0089893a,0x00003499,0,0
0,0x008b0546,0x00000000,6,1,7,133676416,392,1255,0x00ff850a,0x00000000,0,0
1,0xc00004de,0x00000000,9,2,2,159050007,455,473,0xc00004de,0x0000e310,0,0
1,0xc0000662,0x00000000,6,2,4290,135248430,398,1339,0x0600f46e,0x0000fc5b,0,0
2,0xc0000662,0x00000000,6,2,20,179796833,506,512,0x0600f68e,0x0000fd97,0,0
0,0x008989ac,0x00000000,10,2,1411,134172758,394,1339,0x00ff60c0,0x00000000,0,0
1,0xc0000550,0x00000000,10,4,798,135253141,398,1339,0x0600ff60,0xc0000230,0,0
2,0xc0000550,0x00000000,10,4,3,179796903,506,512,0x0600ffe4,0xc0000230,0,0
0,0x008b0d1c,0x00000000,9,2,1499,1311395,9,1339,0x008b0d1c,0x000033fc,0,0
2,0xc0000066,0x00000000,10,2,37668,135588819,398,1338,0x06018024,0x00000078,0,0
0,0x008b0348,0x00000000,9,2,1265,169944896,482,1339,0x008b0348,0x00004a2d,0,0
1,0xc0000464,0x00000000,9,2,8,159041905,455,1115,0xc0000464,0x0000af32,0,0
0,0x00898932,0x00000000,10,2,1411,134171037,394,1339,0x00ff6046,0x00000000,0,0
0,0x008b118c,0x00000000,9,2,83,458023505,1257,1339,0x008b118c,0x00001236,0,0
1,0xc00004d6,0x00000000,10,4,373,160282680,458,1339,0x0600ff58,0xc0000230,0,0
0,0x008b0ca2,0x00000000,9,2,7,169945082,482,784,0x008b0ca2,0x00000815,0,0
0,0x008b07b8,0x00000000,9,2,4,305106123,841,1255,0x008b07b8,0x00007600,0,0
0,0x008b02ce,0x00000000,9,2,799,169944908,482,1339,0x008b02ce,0x0000103c,0,0
0,0x008989ca,0x00000000,6,2,1411,134173202,394,1339,0x00a15112,0x00000000,1,1
1,0xc00003ea,0x00000000,9,2,2,179773662,506,509,0xc00003ea,0x0000002a,0,0
2,0xc00003ea,0x00000000,9,2,86,179799255,506,1339,0xc00003ea,0x0000002a,0,0
2,0xc000034a,0x00000000,10,4,12221,135184836,398,1339,0x0600f618,0x004ac0ee,0,0
1,0xc000034a,0x00000000,10,4,28899,135248553,398,1339,0x0600f468,0x00009000,0,0
0,0x008b0c74,0x00000000,9,2,248,169944997,482,1339,0x008b0c74,0x00000815,0,0
0,0x008b078a,0x00000000,9,2,3,133677551,392,742,0x008b078a,0x00004e75,0,0
0,0x008b01b4,0x00000000,10,1,344,134205717,394,1339,0x00ff8542,0x00000001,0,0
0,0x008b01b4,0x00000000,10,2,2,436151252,1193,1193,0x00ff0004,0x0000d864,1,2
0,0x008b0710,0x00000000,9,2,18,133677161,392,742,0x008b0710,0x00004a11,0,0
0,0x008b14e2,0x00000000,10,1,3,134217631,395,754,0x008b840a,0x000000e7,0,0
2,0xc0000342,0x00000000,9,2,12221,135184828,398,1339,0xc0000342,0x0000c703,0,0
1,0xc0000342,0x00000000,9,2,28899,135248545,398,1339,0xc0000342,0x0000c703,0,0
0,0x008b1554,0x00000000,9,2,10,273875851,753,834,0x008b1554,0x0000101c,0,0
0,0x008b0696,0x00000000,9,2,3,133676994,392,742,0x008b0696,0x00000c2b,0,0
0,0x008b01ac,0x00000000,9,2,164,169944812,482,1255,0x008b01ac,0x00003b46,0,0
0,0x008b06bc,0x00000000,6,4,3,133677048,392,742,0x00ffffe4,0x008b06c0,0,0
0,0x008b01d2,0x00000000,6,4,485,134212491,395,1339,0x00ff8574,0x008b814b,0,0
2,0xc00002c8,0x00000000,9,2,12221,135184915,398,1339,0xc00002c8,0x0000000b,0,0
1,0xc00002c8,0x00000000,9,2,28869,135248623,398,1339,0xc00002c8,0x0000000b,0,0
0,0x008b14da,0x00000000,9,2,12,170041811,483,1235,0x008b14da,0x00004e75,0,0
0,0x0088d33a,0x00000000,9,2,1,456246682,1251,1251,0x0088d33a,0x000073f6,0,0
0,0x008b061c,0x00000000,9,2,3,133676444,392,742,0x008b061c,0x00004eba,0,0
0,0x008b0132,0x00000000,9,2,284,134212561,395,1339,0x008b0132,0x00004eba,0,0
0,0x00892a40,0x00000000,9,2,130,269914509,742,871,0x00892a40,0x00004eb9,0,0
0,0x008b0f76,0x00000000,9,2,601,281348612,774,1234,0x008b0f76,0x00000606,0,0
1,0xc0000162,0x00000000,10,4,212232,135141640,398,1339,0xc0000778,0xfff80000,0,1
2,0xc0000162,0x00000000,10,4,108284,135147114,398,1339,0xc0000778,0xff300000,0,1
0,0x008b0f9c,0x00000000,6,1,71,137171091,402,480,0x00ff869c,0x00000007,1,1
0,0x008b1374,0x00000000,10,1,10,308801226,851,1258,0x00ff850e,0x00000080,0,0
0,0x008b00b8,0x00000000,9,2,551,134205658,394,1234,0x008b00b8,0x0000532d,0,0
2,0xc00006be,0x00000000,9,2,1508,135427542,398,1339,0xc00006be,0x0000305c,0,0
1,0xc00006be,0x00000000,9,2,6955,270039135,743,1232,0xc00006be,0x0000305c,0,0
1,0xc00001d4,0x00000000,9,2,47606,135141589,398,1339,0xc00001d4,0x00004000,0,0
2,0xc00001d4,0x00000000,9,2,110384,135147063,398,1339,0xc00001d4,0x00004000,0,0
0,0x008b0efc,0x00000000,9,2,466,281348570,774,1234,0x008b0efc,0x00000206,0,0
2,0xc00000e8,0x00000000,10,2,16285,135588897,398,1338,0x060048c6,0x0000f334,0,0
0,0x008b12fa,0x00000000,10,1,25,134211481,395,1255,0x008b851e,0x00000034,0,0
1,0xc0000644,0x00000000,9,2,4290,135248410,398,1339,0xc0000644,0x00005611,0,0
2,0xc0000644,0x00000000,9,2,20,179796813,506,512,0xc0000644,0x00005611,0,0
1,0xc000015a,0x00000000,9,2,106116,135141630,398,1339,0xc000015a,0x000074d0,0,0
2,0xc000015a,0x00000000,9,2,54142,135147104,398,1339,0xc000015a,0x000074d0,0,0
0,0x008989b4,0x00000000,10,2,1449,134172864,394,1339,0x00ff60c8,0x00000000,0,3
0,0x008b0e82,0x00000000,9,2,72,134217315,395,1234,0x008b0e82,0x00006a06,0,0
1,0xc00005ca,0x00000000,9,2,16,155330624,446,1115,0xc00005ca,0x0000e120,0,0
2,0xc00000e0,0x00000000,9,2,20573,135425753,398,1339,0xc00000e0,0x0000d605,0,0
1,0xc00000e0,0x00000000,9,2,11812,135505713,398,1339,0xc00000e0,0x0000d605,0,0
0,0x0089c42a,0x00000000,9,2,138,136200365,400,1338,0x0089c42a,0x000077f6,0,0
0,0x0089893a,0x00000000,10,2,1411,134171141,394,1339,0x00ff604e,0x00000000,0,0
0,0x008b12f2,0x00000000,9,2,20,134211465,395,1234,0x008b12f2,0x000051c8,0,0
0,0x008989ac,0x00000000,9,2,1411,134172757,394,1339,0x008989ac,0x00003499,0,0
0,0x008989d2,0x00000000,6,2,1411,134173306,394,1339,0x00a15112,0x00000000,1,1
1,0xc0000550,0x00000000,9,2,798,135253140,398,1339,0xc0000550,0x00004f26,0,0
2,0xc0000550,0x00000000,9,2,3,179796902,506,512,0xc0000550,0x00004f26,0,0
1,0xc0000066,0x00000000,9,2,18107,135176816,398,1339,0xc0000066,0x0000b049,0,0
2,0xc0000066,0x00000000,9,2,46607,135184655,398,1339,0xc0000066,0x0000b049,0,0
0,0x008b0348,0x00000000,10,1,1265,169944897,482,1339,0x00ff857a,0x00000080,0,0
0,0x0088d5e8,0x00000000,6,4,1,403878830,1111,1111,0x00fffff8,0x0088d5ec,0,0
0,0x00898932,0x00000000,9,2,1411,134171036,394,1339,0x00898932,0x00003499,0,0
0,0x008b118c,0x00000000,10,1,83,458023506,1257,1339,0x00ff8510,0x00000000,0,0
0,0x008b118c,0x00000000,10,2,2,458028967,1257,1257,0x00ff0004,0x00004cbc,1,2
0,0x00898958,0x00000000,6,2,1411,134171569,394,1339,0x00a15112,0x00000000,1,1
1,0xc00004d6,0x00000000,9,2,373,160282679,458,1339,0xc00004d6,0x00004f26,0,0
0,0x008b0ca2,0x00000000,10,1,7,169945083,482,784,0x00ff85a0,0x00000080,0,0
0,0x008b0d14,0x00000000,9,2,895,1312421,9,1339,0x008b0d14,0x000066fa,0,0
0,0x008b082a,0x00000000,9,2,4,305106197,841,1255,0x008b082a,0x00004a04,0,0
1,0xc000045c,0x00000000,9,2,8,159041879,455,1115,0xc000045c,0x0000e220,0,0
0,0x008b0254,0x00000000,10,4,604,134466217,395,1234,0x00ffffe4,0x008b0e5a,0,0
0,0x008b027a,0x00000000,9,2,540,147906544,428,1233,0x008b027a,0x0000532d,0,0
2,0xc0000396,0x00000000,9,2,1168,135184842,398,1339,0xc0000396,0x0000002a,0,0
1,0xc0000396,0x00000000,9,2,954,135251208,398,1339,0xc0000396,0x0000002a,0,0
0,0x008b1098,0x00000000,10,2,2,134211444,394,394,0x00ff0004,0x00005586,0,1
0,0x008b06ea,0x00000000,9,2,9,133677082,392,742,0x008b06ea,0x00001345,0,0
0,0x008b0200,0x00000000,9,2,157,134217487,395,1234,0x008b0200,0x00001b58,0,0
2,0xc000031c,0x00000000,9,2,11222,135187038,398,1339,0xc000031c,0x00006603,0,0
1,0xc000031c,0x00000000,9,2,26814,135248520,398,1339,0xc000031c,0x00006603,0,0
0,0x008b075c,0x00000000,6,4,18,133677203,392,742,0x00ffffe4,0x008b0760,0,0
0,0x008b152e,0x00000000,9,2,13,273875873,753,834,0x008b152e,0x00005900,0,0
0,0x008b0b5a,0x00000000,9,2,15,1312166,9,1235,0x008b0b5a,0x00004eba,0,0
0,0x008b0186,0x00000000,9,2,164,169944798,482,1255,0x008b0186,0x0000da2d,0,0
2,0xc00002a2,0x00000000,9,2,12221,135184887,398,1339,0xc00002a2,0x000089ed,0,0
1,0xc00002a2,0x00000000,9,2,28899,135248595,398,1339,0xc00002a2,0x000089ed,0,0
0,0x008b06e2,0x00000000,6,1,9,133677079,392,742,0x00ff8692,0x00000001,0,0
0,0x008b00e6,0x00000000,10,1,11,138401306,405,1143,0x00ff854f,0x00000004,0,0
0,0x008b010c,0x00000000,9,2,35,134205748,394,1234,0x008b010c,0x00000400,0,0
0,0x00887b94,0x00000000,9,2,112,135942184,399,732,0x00887b94,0x00006628,0,0
1,0xc0000228,0x00000000,9,2,10183,135177076,398,1339,0xc0000228,0x0000c703,0,0
2,0xc0000228,0x00000000,9,2,8039,135264256,398,1339,0xc0000228,0x0000c703,0,0
0,0x008b0f2a,0x00000000,10,4,1178,134217373,395,1234,0x008b2a12,0x008b2a86,0,0
0,0x0088ef9c,0x00000000,9,2,29,322042012,890,1104,0x0088ef9c,0x000073f8,0,0
0,0x008b0092,0x00000000,9,2,1114,3531884,15,1339,0x008b0092,0x00001d7c,0,0
2,0xc0000698,0x00000000,9,2,1508,135427513,398,1339,0xc0000698,0x0000031a,0,0
1,0xc0000698,0x00000000,9,2,6955,270039106,743,1232,0xc0000698,0x0000031a,0,0
2,0xc00001ae,0x00000000,9,2,123708,135588934,398,1338,0xc00001ae,0x0000305c,0,0
0,0x008b0eb0,0x00000000,10,1,20,134217273,395,1223,0x00ff8690,0x00000080,0,0
0,0x008b13c0,0x00000000,9,2,10,308801306,851,1258,0x008b13c0,0x000033fc,0,0
0,0x008b09ec,0x00000000,9,2,12,95429623,241,349,0x008b09ec,0x000051ce,0,0
2,0xc000010e,0x00000000,10,4,16688,135589080,398,1338,0xc0000128,0x060048d0,0,0
1,0xc000061e,0x00000000,9,2,4290,135248382,398,1339,0xc000061e,0x00005422,0,0
2,0xc000061e,0x00000000,9,2,20,179796785,506,512,0xc000061e,0x00005422,0,0
1,0xc0000134,0x00000000,9,2,896,135141578,398,1339,0xc0000134,0x00009637,0,0
2,0xc0000134,0x00000000,9,2,920,135147052,398,1339,0xc0000134,0x00009637,0,0
0,0x008b0574,0x00000000,6,1,1117,4023004,16,1339,0x00ff8509,0x00000080,0,0
0,0x008989da,0x00000000,10,2,1411,134173317,394,1339,0x00ff60ee,0x00000000,0,0
0,0x008b13b8,0x00000000,6,4,10,308801283,851,1258,0x00ffffdc,0x008b13bc,0,0
1,0xc00005a4,0x00000000,9,2,10,155336348,446,869,0xc00005a4,0x0000e140,0,0
1,0xc00000ba,0x00000000,9,2,55989,135176840,398,1339,0xc00000ba,0x0000b01f,0,0
2,0xc00000ba,0x00000000,9,2,310397,135184679,398,1339,0xc00000ba,0x0000b01f,0,0
0,0x008b12cc,0x00000000,9,2,22,134211453,395,1255,0x008b12cc,0x00000815,0,0
0,0x00898960,0x00000000,10,2,1411,134171676,394,1339,0x00ff6074,0x00000000,0,0
0,0x00898986,0x00000000,9,2,1411,134172222,394,1339,0x00898986,0x00003499,0,0
2,0xc000052a,0x00000000,9,2,1,179799061,506,506,0xc000052a,0x0000e110,0,0
1,0xc000052a,0x00000000,9,2,1,405494402,1115,1115,0xc000052a,0x0000e110,0,0
1,0xc0000040,0x00000000,9,2,7227,135186587,398,1339,0xc0000040,0x0000b10a,0,0
2,0xc0000040,0x00000000,9,2,39448,135264732,398,1339,0xc0000040,0x0000b10a,0,0
1,0xc00000b2,0x00000000,6,4,37882,135177134,398,1339,0x0600ff64,0xc0000026,0,0
2,0xc00000b2,0x00000000,6,4,16279,135184983,398,1339,0x0600ffe8,0xc0000026,0,0
0,0x0089890c,0x00000000,9,2,1411,134170581,394,1339,0x0089890c,0x00003499,0,0
1,0xc000048a,0x00000000,10,4,4,159052575,455,1115,0x0600ff58,0xc0000230,0,0
1,0xc00004b0,0x00000000,9,2,32,162723690,464,1339,0xc00004b0,0x0000beea,0,0
0,0x0089897e,0x00000000,6,2,1411,134172120,394,1339,0x00a15112,0x00000000,1,1
0,0x008b11d8,0x00000000,9,2,1,170040372,483,483,0x008b11d8,0x0000101c,0,0
0,0x008b0cee,0x00000000,9,2,1996,1311417,9,1339,0x008b0cee,0x00001141,0,0
0,0x008b0804,0x00000000,9,2,48,305106143,841,1255,0x008b0804,0x000051c8,0,0
2,0xc0000436,0x00000000,9,2,452,135225660,398,1339,0xc0000436,0x00006030,0,0
1,0xc0000436,0x00000000,9,2,917,135297201,398,1339,0xc0000436,0x00006030,0,0
0,0x00898904,0x00000000,6,2,1411,134170475,394,1339,0x00a15112,0x0000220a,1,1
0,0x008b0ba4,0x00000000,9,2,5,1311462,9,1235,0x008b0ba4,0x0000303c,0,0
1,0xc00002ec,0x00000000,9,2,4572,135262039,398,1339,0xc00002ec,0x0000c820,0,0
2,0xc00002ec,0x00000000,9,2,312,179799301,506,1339,0xc00002ec,0x0000c820,0,0
0,0x008b0156,0x00000000,9,2,702,134205781,394,1339,0x008b0156,0x00000c05,0,0
2,0xc0000298,0x00000000,10,4,12221,135184856,398,1339,0xc0000710,0x00ff0000,0,0
1,0xc0000298,0x00000000,10,4,28899,135248564,398,1339,0xc0000710,0x00ff0000,0,0
0,0x008b1484,0x00000000,9,2,3,315758508,871,1234,0x008b1484,0x00004eba,0,0
0,0x008b0ab0,0x00000000,9,2,8,95928208,243,357,0x008b0ab0,0x00007e05,0,0
0,0x008b00dc,0x00000000,9,2,26,134205708,394,1193,0x008b00dc,0x00001b45,0,0
1,0xc00001f8,0x00000000,9,2,215595,135176907,398,1339,0xc00001f8,0x00005150,0,0
2,0xc00001f8,0x00000000,9,2,101579,135184746,398,1339,0xc00001f8,0x00005150,0,0
0,0x008b0f20,0x00000000,9,2,1183,134217368,395,1234,0x008b0f20,0x0000673e,0,0
1,0xc000010c,0x00000000,6,4,140630,135176810,398,1339,0x0600f408,0xff7124ce,0,0
2,0xc000010c,0x00000000,6,4,66478,135184649,398,1339,0x0600f608,0x004ac0ee,0,0
0,0x008b054c,0x00000000,9,2,7,133676418,392,1255,0x008b054c,0x00006512,0,0
2,0xc0000668,0x00000000,9,2,1508,135427469,398,1339,0xc0000668,0x0000d415,0,0
1,0xc0000668,0x00000000,9,2,6955,270039062,743,1232,0xc0000668,0x0000d415,0,0
1,0xc000017e,0x00000000,9,2,106116,135141663,398,1339,0xc000017e,0x00006846,0,0
2,0xc000017e,0x00000000,9,2,54142,135147137,398,1339,0xc000017e,0x00006846,0,0
0,0x008989d8,0x00000000,6,2,1411,134173315,394,1339,0x00a15112,0x00000000,1,1
0,0x008b1390,0x00000000,9,2,10,308801231,851,1258,0x008b1390,0x000045fa,0,0
0,0x008b0ea6,0x00000000,9,2,52,281348430,774,1234,0x008b0ea6,0x00003b70,0,0
0,0x008b0ecc,0x00000000,10,4,20,134217361,395,1223,0x00ffffe4,0x008b0e4a,0,0
1,0xc00005ee,0x00000000,9,2,1,405604135,1115,1115,0xc00005ee,0x0000b00d,0,0
0,0x008827da,0x00000000,9,2,4,128464079,374,1237,0x008827da,0x00006142,0,0
1,0xc0000104,0x00000000,9,2,140630,135176801,398,1339,0xc0000104,0x00005362,0,0
2,0xc0000104,0x00000000,9,2,83597,135184640,398,1339,0xc0000104,0x00005362,0,0
1,0xc0000614,0x00000000,10,4,4290,135248374,398,1339,0x0600f478,0x000f5506,0,0
2,0xc0000614,0x00000000,10,4,20,179796777,506,512,0x0600f658,0x00012e3f,0,0
0,0x0089895e,0x00000000,6,2,1411,134171674,394,1339,0x00a15112,0x00000000,1,1
1,0xc000012a,0x00000000,10,4,896,135141569,398,1339,0xc000072c,0x06018000,0,0
2,0xc000012a,0x00000000,10,4,920,135147043,398,1339,0xc000072c,0x0601c000,0,0
0,0x008989d0,0x00000000,9,2,1411,134173209,394,1339,0x008989d0,0x00003499,0,0
0,0x008b122a,0x00000000,6,1,12,134205681,394,1234,0x00ff8549,0x00000000,1,1
1,0xc0000574,0x00000000,9,2,32,160287197,458,1339,0xc0000574,0x0000e310,0,0
1,0xc000008a,0x00000000,9,2,12159,135177109,398,1339,0xc000008a,0x0000b042,0,0
2,0xc000008a,0x00000000,9,2,4932,135185247,398,1339,0xc000008a,0x0000b042,0,0
0,0x00898956,0x00000000,9,2,1411,134171564,394,1339,0x00898956,0x00003499,0,0
0,0x0089897c,0x00000000,10,2,1411,134172116,394,1339,0x00ff6090,0x00000000,0,0
1,0xc00004fa,0x00000000,9,2,7,159053737,455,509,0xc00004fa,0x0000e130,0,0
1,0xc0000010,0x00000000,9,2,56884,135176771,398,1339,0xc0000010,0x0000891a,0,0
2,0xc0000010,0x00000000,9,2,66741,135184610,398,1339,0xc0000010,0x0000891a,0,0
0,0x008b0d38,0x00000000,9,2,142,134212631,395,1255,0x008b0d38,0x000033fc,0,0
0,0x00898902,0x00000000,10,2,1411,134170377,394,1339,0x00ff6016,0x0000dc64,0,0
1,0xc0000480,0x00000000,9,2,4,159052547,455,1115,0xc0000480,0x0000e200,0,0
0,0x008b0cbe,0x00000000,9,2,473,1311405,9,1339,0x008b0cbe,0x00004eba,0,0
0,0x008b07fa,0x00000000,10,4,4,305106138,841,1255,0x008b087e,0x00ff8780,0,0
2,0xc0000406,0x00000000,9,2,12533,135184864,398,1339,0xc0000406,0x00008b10,0,0
1,0xc0000406,0x00000000,9,2,33472,135248572,398,1339,0xc0000406,0x00008b10,0,0
1,0xc000042c,0x00000000,10,4,20365,135248576,398,1339,0xc0000738,0x0600db00,0,0
2,0xc000042c,0x00000000,10,4,3427,135425936,398,1339,0xc0000738,0x0600db01,0,0
0,0x008b0c44,0x00000000,9,2,2,1311373,9,15,0x008b0c44,0x00004e71,0,0
0,0x008b075a,0x00000000,9,2,18,133677201,392,742,0x008b075a,0x00006604,0,0
2,0xc000038c,0x00000000,9,2,8021,135184848,398,1339,0xc000038c,0x00003453,0,0
1,0xc000038c,0x00000000,9,2,14728,135251214,398,1339,0xc000038c,0x00003453,0,0
0,0x008b066e,0x00000000,6,1,18,133676849,392,742,0x00ff8541,0x00000006,1,1
1,0xc00003b2,0x00000000,10,2,4573,135261988,398,1339,0xc00003bc,0x0000000c,0,0
2,0xc00003b2,0x00000000,10,2,312,179799244,506,1339,0xc00003c2,0x0000002a,0,0
0,0x008b0b7e,0x00000000,9,2,15,1312629,9,1236,0x008b0b7e,0x00000400,0,0
0,0x008b01aa,0x00000000,9,2,164,169944811,482,1255,0x008b01aa,0x00008c45,0,0
2,0xc00002c6,0x00000000,9,2,12221,135184913,398,1339,0xc00002c6,0x00004f26,0,0
1,0xc00002c6,0x00000000,9,2,28869,135248621,398,1339,0xc00002c6,0x00004f26,0,0
0,0x008b14d8,0x00000000,9,2,12,170041810,483,1235,0x008b14d8,0x0000504f,0,0
0,0x008b0b04,0x00000000,9,2,206,134712381,396,1233,0x008b0b04,0x000041ee,0,0
2,0xc0000226,0x00000000,6,2,30895,135795028,399,1337,0x24033ea4,0x00000004,0,0
0,0x008b068c,0x00000000,10,2,18,133676865,392,742,0x008b8120,0x00000000,0,0
0,0x008b0a64,0x00000000,6,1,2,95429664,241,349,0x00ff8506,0x00000001,0,0
0,0x0088d7a8,0x00000000,9,2,12,405064955,1113,1114,0x0088d7a8,0x000073f8,0,0
0,0x008b0a8a,0x00000000,9,2,10,95928200,243,359,0x008b0a8a,0x00006700,0,0
0,0x008b05a0,0x00000000,9,2,3,95429566,241,1235,0x008b05a0,0x00006500,0,0
0,0x008b00b6,0x00000000,9,2,1114,3531897,15,1339,0x008b00b6,0x00004e75,0,0
2,0xc00006bc,0x00000000,9,2,1508,135427541,398,1339,0xc00006bc,0x0000000b,0,0
1,0xc00006bc,0x00000000,9,2,6955,270039134,743,1232,0xc00006bc,0x0000000b,0,0
1,0xc00001d2,0x00000000,9,2,47606,135141588,398,1339,0xc00001d2,0x00004008,0,0
2,0xc00001d2,0x00000000,9,2,61980,135147062,398,1339,0xc00001d2,0x00004008,0,0
0,0x008b0efa,0x00000000,9,2,466,281348569,774,1234,0x008b0efa,0x0000e84e,0,0
0,0x008b003c,0x00000000,9,2,551,134205656,394,1234,0x008b003c,0x00004eba,0,0
1,0xc0000642,0x00000000,9,2,4290,135248408,398,1339,0xc0000642,0x00005421,0,0
2,0xc0000642,0x00000000,9,2,20,179796811,506,512,0xc0000642,0x00005421,0,0
0,0x008b0f6c,0x00000000,10,1,601,281348608,774,1234,0x00ff8690,0x00000080,0,0
1,0xc0000158,0x00000000,9,2,106116,135141629,398,1339,0xc0000158,0x00000028,0,0
2,0xc0000158,0x00000000,9,2,54142,135147103,398,1339,0xc0000158,0x00000028,0,0
0,0x008b1344,0x00000000,6,4,25,134212396,395,1255,0x00ffffdc,0x008b1348,0,0
0,0x008b136a,0x00000000,9,2,10,308801220,851,1258,0x008b136a,0x00004a2e,0,0
0,0x008b0e80,0x00000000,9,2,72,134217314,395,1234,0x008b0e80,0x00004a05,0,0
1,0xc00005c8,0x00000000,9,2,16,155330560,446,1115,0xc00005c8,0x0000e330,0,0
1,0xc00000de,0x00000000,9,2,7562,135186507,398,1339,0xc00000de,0x00001743,0,0
2,0xc00000de,0x00000000,9,2,18121,135264652,398,1339,0xc00000de,0x00001743,0,0
0,0x008b12f0,0x00000000,9,2,20,134211464,395,1234,0x008b12f0,0x0000d2c1,0,0
0,0x00887abc,0x00000000,10,2,2,256366614,704,704,0x00ff0004,0x00005586,0,1
0,0x008b0e06,0x00000000,9,2,3,134205690,394,743,0x008b0e06,0x0000102d,0,0
0,0x00898984,0x00000000,6,2,1411,134172221,394,1339,0x00a15112,0x00000000,1,1
0,0x008989aa,0x00000000,9,2,1411,134172658,394,1339,0x008989aa,0x00003499,0,0
0,0x008b1362,0x00000000,10,1,10,308801217,851,1258,0x00ff878b,0x00000000,0,0
1,0xc000054e,0x00000000,9,2,798,135253139,398,1339,0xc000054e,0x0000ae9a,0,0
2,0xc000054e,0x00000000,9,2,3,179796901,506,512,0xc000054e,0x0000ae9a,0,0
1,0xc0000064,0x00000000,9,2,18107,135176814,398,1339,0xc0000064,0x000066d5,0,0
2,0xc0000064,0x00000000,9,2,46607,135184653,398,1339,0xc0000064,0x000066d5,0,0
1,0xc00005c0,0x00000000,10,4,5,162731899,464,1115,0x0600ff58,0xc0000268,0,0
0,0x0089890a,0x00000000,6,2,1411,134170580,394,1339,0x00a15112,0x00000478,1,1
0,0x00898930,0x00000000,9,2,1411,134171033,394,1339,0x00898930,0x00003499,0,0
1,0xc00004d4,0x00000000,9,2,373,160282678,458,1339,0xc00004d4,0x0000aed7,0,0
0,0x008989a2,0x00000000,10,2,1411,134172553,394,1339,0x00ff60b6,0x00000000,0,0
0,0x008b0802,0x00000000,6,4,48,305106142,841,1255,0x00ff8780,0x00000000,0,0
0,0x008b033e,0x00000000,9,2,1265,169944891,482,1339,0x008b033e,0x0000302d,0,0
1,0xc000045a,0x00000000,9,2,8,159041878,455,1115,0xc000045a,0x0000b0d0,0,0
0,0x008b115c,0x00000000,6,1,1,458560993,1258,1258,0x00ff8516,0x00000000,0,0
0,0x00898928,0x00000000,10,2,1411,134170908,394,1339,0x00ff603c,0x0000220a,0,0
0,0x008b1182,0x00000000,9,2,1,457494919,1255,1255,0x008b1182,0x00003b40,0,0
0,0x008b0c98,0x00000000,9,2,217,133677211,392,1255,0x008b0c98,0x0000122d,0,0
0,0x008b07ae,0x00000000,9,2,4,305106116,841,1255,0x008b07ae,0x0000d28b,0,0
1,0xc00003e0,0x00000000,9,2,60,166068685,473,1339,0xc00003e0,0x0000402a,0,0
2,0xc00003e0,0x00000000,9,2,114,179799264,506,1339,0xc00003e0,0x0000402a,0,0
0,0x008b0c1e,0x00000000,9,2,1306,1046485,8,14,0x008b0c1e,0x000051c8,0,0
0,0x008b0734,0x00000000,9,2,18,133677165,392,742,0x008b0734,0x000051cf,0,0
0,0x008b024a,0x00000000,9,2,1237,134466210,395,1234,0x008b024a,0x00004a2d,0,0
2,0xc0000366,0x00000000,9,2,3780,135187554,398,1339,0xc0000366,0x00004421,0,0
1,0xc0000366,0x00000000,9,2,9629,135248562,398,1339,0xc0000366,0x00004421,0,0
0,0x008b0c90,0x00000000,10,1,226,133677208,392,1255,0x00ff8570,0x00000080,0,0
1,0xc00003b2,0x00000000,9,2,4573,135261987,398,1339,0xc00003b2,0x0000011d,0,0
2,0xc00003b2,0x00000000,9,2,312,179799243,506,1339,0xc00003b2,0x0000011d,0,0
0,0x008b1440,0x00000000,6,1,3,315758482,871,1234,0x00ff8500,0x00000000,0,0
0,0x008b10da,0x00000000,9,2,22,134211447,395,1255,0x008b10da,0x00006000,0,0
2,0xc00002c6,0x00000000,10,4,12221,135184914,398,1339,0x0600ffe8,0xc0000036,0,0
1,0xc00002c6,0x00000000,10,4,28869,135248622,398,1339,0x0600ff60,0xc0000230,0,0
0,0x008811f6,0x00000000,9,2,273,128467950,374,1237,0x008811f6,0x000064ee,0,0
0,0x008b0706,0x00000000,9,2,9,133677100,392,742,0x008b0706,0x000051cf,0,0
2,0xc000069e,0x00000000,6,4,1508,135427518,398,1339,0x0600ffdc,0xffff66d1,0,0
1,0xc000069e,0x00000000,6,4,6955,270039111,743,1232,0x0600ff5c,0xffff60b2,0,0
0,0x008b001e,0x00000000,6,4,1118,3032207,14,1339,0x00ffffe8,0x008b0022,0,0
0,0x008b068c,0x00000000,9,2,18,133676864,392,742,0x008b068c,0x0000335c,0,0
0,0x008b01a2,0x00000000,9,2,164,169944808,482,1255,0x008b01a2,0x00000245,0,0
2,0xc00002be,0x00000000,9,2,12221,135184905,398,1339,0xc00002be,0x00001b01,0,0
1,0xc00002be,0x00000000,9,2,28869,135248613,398,1339,0xc00002be,0x00001b01,0,0
0,0x008b00b6,0x00000000,10,4,1114,3531898,15,1339,0x00ffffec,0x008820d0,0,0
0,0x008b0afc,0x00000000,9,2,1118,3032210,14,1339,0x008b0afc,0x0000671c,0,0
0,0x008b1456,0x00000000,9,2,3,315758490,871,1234,0x008b1456,0x00006610,0,0
1,0xc0000642,0x00000000,10,4,4290,135248409,398,1339,0x0600f474,0xfffd8283,0,0
2,0xc0000642,0x00000000,10,4,20,179796812,506,512,0x0600f654,0xfffcfe75,0,0
0,0x008b0f6c,0x00000000,9,2,601,281348607,774,1234,0x008b0f6c,0x00000815,0,0
0,0x0089898c,0x00000000,6,2,1411,134172331,394,1339,0x00a15112,0x00000000,1,1
0,0x008b0598,0x00000000,9,2,7,95429564,241,1255,0x008b0598,0x00006300,0,0
0,0x008b136a,0x00000000,10,1,10,308801221,851,1258,0x00ff850e,0x00000080,0,0
2,0xc00006b4,0x00000000,9,2,1508,135427537,398,1339,0xc00006b4,0x0000e603,0,0
1,0xc00006b4,0x00000000,9,2,6955,270039130,743,1232,0xc00006b4,0x0000e603,0,0
2,0xc00001ca,0x00000000,9,2,254321,135421597,398,1339,0xc00001ca,0x0000000b,0,0
1,0xc00001ca,0x00000000,9,2,15992,135441757,398,1339,0xc00001ca,0x0000000b,0,0
0,0x008b0ef2,0x00000000,9,2,466,281348566,774,1234,0x008b0ef2,0x00003206,0,0
0,0x00898912,0x00000000,6,2,1411,134170686,394,1339,0x00a15112,0x0000cd00,1,1
0,0x008b0034,0x00000000,9,2,1115,3122078,15,1339,0x008b0034,0x00004bee,0,0
0,0x00887abc,0x00000000,9,2,2063,132691674,389,1339,0x00887abc,0x00006618,0,0
1,0xc000063a,0x00000000,9,2,4290,135248403,398,1339,0xc000063a,0x0000051a,0,0
2,0xc000063a,0x00000000,9,2,20,179796806,506,512,0xc000063a,0x0000051a,0,0
0,0x008b0e06,0x00000000,10,1,3,134205691,394,743,0x00ff8549,0x00000000,0,0
1,0xc0000150,0x00000000,9,2,106116,135141622,398,1339,0xc0000150,0x00001630,0,0
2,0xc0000150,0x00000000,9,2,91434,135147096,398,1339,0xc0000150,0x00001630,0,0
0,0x008989aa,0x00000000,10,2,1411,134172659,394,1339,0x00ff60be,0x00000000,0,0
0,0x008b1362,0x00000000,9,2,10,308801216,851,1258,0x008b1362,0x0000102d,0,0
0,0x008b0e78,0x00000000,9,2,93,134217267,395,1234,0x008b0e78,0x00006a10,0,0
1,0xc0000064,0x00000000,10,2,18107,135176815,398,1339,0x220ae0b8,0x00000010,0,0
2,0xc0000064,0x00000000,10,2,46607,135184654,398,1339,0x220b1cda,0x00000050,0,0
0,0x0088e9da,0x00000000,9,2,2039,318816726,882,1097,0x0088e9da,0x000073f6,0,0
1,0xc00005c0,0x00000000,9,2,5,162731898,464,1115,0xc00005c0,0x00004f26,0,0
1,0xc00000d6,0x00000000,9,2,7562,135186500,398,1339,0xc00000d6,0x00001710,0,0
2,0xc00000d6,0x00000000,9,2,64189,135264645,398,1339,0xc00000d6,0x00001710,0,0
0,0x00898930,0x00000000,10,2,1411,134171034,394,1339,0x00ff6044,0x00000000,0,0
0,0x008b12e8,0x00000000,9,2,25,134211461,395,1255,0x008b12e8,0x00005340,0,0
0,0x008989a2,0x00000000,9,2,1411,134172552,394,1339,0x008989a2,0x00003499,0,0
1,0xc0000546,0x00000000,9,2,798,135253072,398,1339,0xc0000546,0x0000e120,0,0
2,0xc0000546,0x00000000,9,2,3,179796834,506,512,0xc0000546,0x0000e120,0,0
1,0xc000005c,0x00000000,9,2,18107,135176789,398,1339,0xc000005c,0x000081e1,0,0
2,0xc000005c,0x00000000,9,2,46607,135184628,398,1339,0xc000005c,0x000081e1,0,0
0,0x008b033e,0x00000000,10,2,1265,169944892,482,1339,0x00ff858e,0x00000000,0,0
0,0x00898928,0x00000000,9,2,1411,134170907,394,1339,0x00898928,0x00003499,0,0
1,0xc00004cc,0x00000000,9,2,373,160282572,458,1339,0xc00004cc,0x0000e110,0,0
0,0x008b0c98,0x00000000,10,1,217,133677212,392,1255,0x00ff8571,0x00000000,0,0
0,0x008b0b86,0x00000000,6,2,5,1313183,9,1236,0x00a11100,0x00000000,0,0
0,0x008b0d0a,0x00000000,9,2,895,1312416,9,1339,0x008b0d0a,0x00001140,0,0
0,0x008b0820,0x00000000,9,2,4,305106193,841,1255,0x008b0820,0x00001b7c,0,0
1,0xc0000452,0x00000000,9,2,8,159041684,455,1115,0xc0000452,0x0000e300,0,0
0,0x008b024a,0x00000000,10,1,1237,134466211,395,1234,0x00ff86d8,0x00000010,0,0
0,0x008b0c90,0x00000000,9,2,226,133677207,392,1255,0x008b0c90,0x00000815,0,0
0,0x008b00be,0x00000000,6,1,38,134205663,394,1234,0x00ff8508,0x00000080,0,0
2,0xc0000312,0x00000000,9,2,11222,135187031,398,1339,0xc0000312,0x00006513,0,0
1,0xc0000312,0x00000000,9,2,26814,135248513,398,1339,0xc0000312,0x00006513,0,0
0,0x008b1524,0x00000000,9,2,3,315758406,871,1234,0x008b1524,0x0000544c,0,0
0,0x008b13ec,0x00000000,6,1,13,134217430,395,774,0x00ff86d8,0x00000010,1,1
0,0x008b0b50,0x00000000,9,2,5,1312151,9,1235,0x008b0b50,0x00007402,0,0
0,0x008b0666,0x00000000,9,2,3,133676843,392,742,0x008b0666,0x000045fa,0,0
0,0x008b017c,0x00000000,9,2,225,134212528,395,1339,0x008b017c,0x00006000,0,0
2,0xc0000298,0x00000000,9,2,12221,135184855,398,1339,0xc0000298,0x000050e4,0,0
1,0xc0000298,0x00000000,9,2,28899,135248563,398,1339,0xc0000298,0x000050e4,0,0
0,0x008b0fc0,0x00000000,9,2,163,133677505,392,1233,0x008b0fc0,0x000013c0,0,0
0,0x008b0102,0x00000000,9,2,37,134205734,394,1234,0x008b0102,0x00000c00,0,0
1,0xc00001f8,0x00000000,10,4,215595,135176908,398,1339,0x0600f400,0x0027d800,0,0
2,0xc00001f8,0x00000000,10,4,98924,135184747,398,1339,0x0600f600,0x00347800,0,0
1,0x0000021e,0x00000000,9,2,1,284575,5,5,0x0000021e,0x00000009,0,0
1,0xc000021e,0x00000000,9,2,389,135432073,398,1339,0xc000021e,0x00000018,0,0
2,0xc000021e,0x00000000,9,2,2662,135795022,399,1339,0xc000021e,0x00008f03,0,0
0,0x0088d290,0x00000000,9,2,1,455202571,1247,1247,0x0088d290,0x000073f6,0,0
0,0x008b0a5c,0x00000000,9,2,2,95429577,241,349,0x008b0a5c,0x00004eba,0,0
2,0xc0000668,0x00000000,10,4,1508,135427470,398,1339,0xc00006c0,0xc0000740,0,0
1,0xc0000668,0x00000000,10,4,6955,270039063,743,1232,0xc00006c0,0xc0000740,0,0
0,0x008b0088,0x00000000,9,2,3342,3531872,15,1339,0x008b0088,0x00006a04,0,0
0,0x008989b2,0x00000000,6,2,1411,134172862,394,1339,0x00a15112,0x00000000,1,1
1,0xc000017e,0x00000000,10,4,106116,135141664,398,1339,0xc000075c,0xffda8121,0,0
2,0xc000017e,0x00000000,10,4,54142,135147138,398,1339,0xc000075c,0xffda8121,0,0
2,0xc000068e,0x00000000,9,2,1508,135427502,398,1339,0xc000068e,0x0000226d,0,0
1,0xc000068e,0x00000000,9,2,6955,270039095,743,1232,0xc000068e,0x0000226d,0,0
1,0xc00001a4,0x00000000,9,2,895,135176763,398,1339,0xc00001a4,0x00000009,0,0
2,0xc00001a4,0x00000000,9,2,123405,135184602,398,1339,0xc00001a4,0x00000009,0,0
0,0x008b0ea6,0x00000000,10,2,52,281348431,774,1234,0x008b1012,0x000000c9,0,0
0,0x008b13b6,0x00000000,9,2,10,308801281,851,1258,0x008b13b6,0x00006504,0,0
0,0x008b0ecc,0x00000000,9,2,20,134217360,395,1223,0x008b0ecc,0x00004e75,0,0
0,0x008b000e,0x00000000,9,2,1118,3032194,14,1339,0x008b000e,0x0000422e,0,0
0,0x00898938,0x00000000,6,2,1411,134171139,394,1339,0x00a15112,0x00000000,1,1
1,0xc0000104,0x00000000,10,4,140630,135176802,398,1339,0x06018008,0xff7124ce,0,0
2,0xc0000104,0x00000000,10,4,66478,135184641,398,1339,0x0601c048,0x004ac0ee,0,0
1,0xc0000614,0x00000000,9,2,4290,135248373,398,1339,0xc0000614,0x00005022,0,0
2,0xc0000614,0x00000000,9,2,20,179796776,506,512,0xc0000614,0x00005022,0,0
1,0xc000012a,0x00000000,9,2,896,135141568,398,1339,0xc000012a,0x00005aeb,0,0
2,0xc000012a,0x00000000,9,2,920,135147042,398,1339,0xc000012a,0x00005aeb,0,0
0,0x008b133c,0x00000000,9,2,25,134212392,395,1255,0x008b133c,0x0000103c,0,0
0,0x008b0e52,0x00000000,9,2,1148,134466134,395,1233,0x008b0e52,0x00004eba,0,0
0,0x008989d0,0x00000000,10,2,1465,134173210,394,1339,0x00ff60e4,0x00000000,0,3
1,0xc000059a,0x00000000,9,2,10,155336269,446,869,0xc000059a,0x0000b037,0,0
1,0xc00000b0,0x00000000,9,2,11624,135177075,398,1339,0xc00000b0,0x00007c10,0,0
2,0xc00000b0,0x00000000,9,2,44349,135264255,398,1339,0xc00000b0,0x00007c10,0,0
0,0x00898956,0x00000000,10,2,1411,134171565,394,1339,0x00ff606a,0x00000000,0,0
0,0x0089897c,0x00000000,9,2,1411,134172115,394,1339,0x0089897c,0x00003499,0,0
1,0xc0000520,0x00000000,9,2,493,135253600,398,1339,0xc0000520,0x0000e220,0,0
2,0xc0000520,0x00000000,9,2,3,181178611,509,512,0xc0000520,0x0000e220,0,0
1,0xc0000036,0x00000000,9,2,48373,135177090,398,1339,0xc0000036,0x0000afea,0,0
2,0xc0000036,0x00000000,9,2,61050,135184917,398,1339,0xc0000036,0x0000afea,0,0
0,0x00898902,0x00000000,9,2,1411,134170376,394,1339,0x00898902,0x00003499,0,0
1,0xc00004a6,0x00000000,9,2,32,162723559,464,1339,0xc00004a6,0x0000e340,0,0
0,0x008b11ce,0x00000000,9,2,7,169945080,482,784,0x008b11ce,0x0000103c,0,0
0,0x008b0ce4,0x00000000,9,2,1996,1311411,9,1339,0x008b0ce4,0x00001080,0,0
0,0x008b07fa,0x00000000,9,2,4,305106137,841,1255,0x008b07fa,0x00002a7b,0,0
1,0xc000042c,0x00000000,9,2,20365,135248575,398,1339,0xc000042c,0x000053ee,0,0
2,0xc000042c,0x00000000,9,2,3427,135425935,398,1339,0xc000042c,0x000053ee,0,0
0,0x008b0c6a,0x00000000,9,2,2,1311388,9,15,0x008b0c6a,0x00006000,0,0
0,0x008b0780,0x00000000,9,2,3,133677548,392,742,0x008b0780,0x000013fc,0,0
0,0x008b0296,0x00000000,9,2,284,134212555,395,1339,0x008b0296,0x0000660e,0,0
0,0x00881138,0x00000000,6,4,12,128469328,374,1237,0x00ffffbc,0x0088113a,0,0
0,0x008b114c,0x00000000,10,1,83,458028996,1258,1339,0x00ff8516,0x00000000,0,0
0,0x00885d58,0x00000000,6,4,21,457243754,1254,1317,0x00fffff4,0x00885d5c,0,0
0,0x008b0268,0x00000000,9,2,633,147906541,428,1233,0x008b0268,0x00004a2d,0,0
0,0x008b0778,0x00000000,10,1,3,133677546,392,742,0x00ff86f0,0x00000080,0,0
2,0xc0000384,0x00000000,9,2,3169,135196042,398,1339,0xc0000384,0x00006473,0,0
1,0xc0000384,0x00000000,9,2,5676,135257423,398,1339,0xc0000384,0x00006473,0,0
2,0xc00000ee,0x00000000,6,4,4288,135425765,398,1339,0xc000077c,0x00000000,0,0
1,0xc00000ee,0x00000000,6,4,11812,135505725,398,1339,0xc000077c,0x00000000,0,0
0,0x008b0e16,0x00000000,6,2,3,134205697,394,743,0x00a11100,0x00000000,0,0
0,0x008989ba,0x00000000,6,2,1411,134172970,394,1339,0x00a15112,0x00000070,1,1
1,0xc000030a,0x00000000,9,2,4572,135262061,398,1339,0xc000030a,0x00007b10,0,0
2,0xc000030a,0x00000000,9,2,312,179799323,506,1339,0xc000030a,0x00007b10,0,0
2,0xc0000330,0x00000000,10,2,22444,135187054,398,1339,0xc0000794,0x0000fffa,0,1
1,0xc0000330,0x00000000,10,2,53628,135248536,398,1339,0xc0000794,0x0000ff9c,0,1
0,0x0088dd50,0x00000000,9,2,40,406181933,1117,1233,0x0088dd50,0x00006100,0,0
0,0x008b065e,0x00000000,9,2,3,133676841,392,742,0x008b065e,0x00001a3c,0,0
0,0x008b0174,0x00000000,9,2,59,292004151,804,1234,0x008b0174,0x00006000,0,0
0,0x00898940,0x00000000,6,2,1411,134171249,394,1339,0x00a15112,0x00000000,1,1
0,0x008b0684,0x00000000,10,2,18,133676860,392,742,0x008b811e,0x000002ff,0,0
2,0xc0000290,0x00000000,9,2,10800,135187025,398,1339,0xc0000290,0x00004c1e,0,0
1,0xc0000290,0x00000000,9,2,23593,135248507,398,1339,0xc0000290,0x00004c1e,0,0
2,0xc00002b6,0x00000000,10,4,12221,135184898,398,1339,0x0600f60c,0x004e0008,0,0
1,0xc00002b6,0x00000000,10,4,28869,135248606,398,1339,0x0600f45c,0x08c6fbf7,0,0
0,0x008b0fb8,0x00000000,9,2,163,133677502,392,1233,0x008b0fb8,0x0000102d,0,0
0,0x008b0ace,0x00000000,9,2,8,95928239,243,357,0x008b0ace,0x00007e02,0,0
0,0x008b0fde,0x00000000,10,4,5,1313197,9,1236,0x00ffffbc,0x00882044,0,0
0,0x008b0120,0x00000000,10,1,2558,134205765,394,1339,0x00ff857e,0x00000001,0,0
1,0x00000216,0x00000000,9,2,1,284555,5,5,0x00000216,0x00006043,0,0
2,0x00000216,0x00000000,9,2,1,284570,5,5,0x00000216,0x0000c209,0,0
1,0xc0000216,0x00000000,9,2,215206,135176924,398,1339,0xc0000216,0x00007510,0,0
2,0xc0000216,0x00000000,9,2,101474,135184762,398,1339,0xc0000216,0x00007510,0,0
0,0x008b0f3e,0x00000000,9,2,202,137171085,402,1233,0x008b0f3e,0x00000c00,0,0
0,0x008b0ca8,0x00000000,6,4,7,169945086,482,784,0x00ffffdc,0x008b0cac,0,0
0,0x008b056a,0x00000000,9,2,1118,3032226,14,1339,0x008b056a,0x00007e00,0,0
0,0x008b0a7a,0x00000000,10,1,20,95675845,242,359,0x00ff8506,0x00000001,0,0
0,0x008b0080,0x00000000,9,2,1114,3531868,15,1339,0x008b0080,0x00007e02,0,0
2,0xc0000686,0x00000000,9,2,1508,135427498,398,1339,0xc0000686,0x000075f4,0,0
1,0xc0000686,0x00000000,9,2,6955,270039091,743,1232,0xc0000686,0x000075f4,0,0
1,0xc000019c,0x00000000,9,2,106116,135141674,398,1339,0xc000019c,0x00008fcc,0,0
2,0xc000019c,0x00000000,9,2,604601,135147158,398,1339,0xc000019c,0x00008fcc,0,0
0,0x008b13ae,0x00000000,9,2,40,308801255,851,1258,0x008b13ae,0x00001219,0,0
0,0x008819b4,0x00000000,9,2,6,794784,7,11,0x008819b4,0x000043fa,0,0
0,0x0088d20e,0x00000000,9,2,1479,128810691,375,1237,0x0088d20e,0x000073f8,0,0
1,0xc000060c,0x00000000,9,2,4290,135248368,398,1339,0xc000060c,0x0000972a,0,0
2,0xc000060c,0x00000000,9,2,20,179796771,506,512,0xc000060c,0x0000972a,0,0
1,0xc0000122,0x00000000,9,2,51278,135177125,398,1339,0xc0000122,0x00001732,0,0
2,0xc0000122,0x00000000,9,2,39212,135184952,398,1339,0xc0000122,0x00001732,0,0
0,0x008b1334,0x00000000,9,2,100,134212257,395,1255,0x008b1334,0x00004eba,0,0
0,0x008b0e4a,0x00000000,9,2,93,134217362,395,1234,0x008b0e4a,0x00006000,0,0
0,0x008b135a,0x00000000,10,1,10,308801213,851,1258,0x00ff8780,0x00000080,0,0
0,0x008b0960,0x00000000,9,2,12,95429619,241,349,0x008b0960,0x00004a15,0,0
0,0x008b0bb4,0x00000000,6,4,5,1312150,9,1235,0x00ffffb8,0x008b0bb8,0,0
1,0xc0000592,0x00000000,9,2,10,155336202,446,869,0xc0000592,0x0000b03b,0,0
1,0xc00000a8,0x00000000,9,2,46496,135177010,398,1339,0xc00000a8,0x00004710,0,0
2,0xc00000a8,0x00000000,9,2,31813,135264190,398,1339,0xc00000a8,0x00004710,0,0
1,0xc00000ce,0x00000000,10,4,44177,135176890,398,1339,0x0600ff64,0xc0000026,0,0
2,0xc00000ce,0x00000000,10,4,20930,135184729,398,1339,0x0600ffe8,0xc0000026,0,0
2,0xc00000ce,0x00000000,10,2,8400,135596862,398,1338,0x060181cc,0x00000085,0,0
0,0x00898974,0x00000000,9,2,1411,134171989,394,1339,0x00898974,0x00003499,0,0
0,0x008b03fc,0x00000000,9,2,1477,170325291,483,1234,0x008b03fc,0x00004efb,0,0
0,0x0089899a,0x00000000,10,2,1411,134172445,394,1339,0x00ff60ae,0x00000000,0,0
1,0xc0000518,0x00000000,9,2,493,135253533,398,1339,0xc0000518,0x0000e210,0,0
2,0xc0000518,0x00000000,9,2,3,181178544,509,512,0xc0000518,0x0000e210,0,0
1,0xc000002e,0x00000000,9,2,48427,135176897,398,1339,0xc000002e,0x0000e704,0,0
2,0xc000002e,0x00000000,9,2,61322,135184736,398,1339,0xc000002e,0x0000e704,0,0
0,0x008988fa,0x00000000,9,2,1411,134170270,394,1339,0x008988fa,0x00003499,0,0
0,0x00898920,0x00000000,10,2,1411,134170802,394,1339,0x00ff6034,0x0000220a,0,0
1,0xc000049e,0x00000000,9,2,318,135248499,398,1339,0xc000049e,0x00004f26,0,0
2,0xc000049e,0x00000000,9,2,2,181178108,509,512,0xc000049e,0x00004f26,0,0
1,0xc00003d8,0x00000000,9,2,58,166068675,473,1339,0xc00003d8,0x0000d106,0,0
2,0xc00003d8,0x00000000,9,2,28,458410305,1258,1339,0xc00003d8,0x0000d106,0,0
0,0x008b055c,0x00000000,6,1,7,133676426,392,1255,0x00ff8509,0x0000009b,0,0
0,0x008b0242,0x00000000,9,2,3414,134465947,395,1234,0x008b0242,0x0000082d,0,0
2,0xc000035e,0x00000000,9,2,3780,135187550,398,1339,0xc000035e,0x0000346c,0,0
1,0xc000035e,0x00000000,9,2,9629,135248558,398,1339,0xc000035e,0x0000346c,0,0
0,0x008b0c88,0x00000000,10,4,43,134212573,395,1234,0x00ffffe8,0x008b0052,0,0
0,0x008b0b9c,0x00000000,9,2,5,1311426,9,1235,0x008b0b9c,0x00007200,0,0
0,0x008b01c8,0x00000000,9,2,344,134205724,394,1339,0x008b01c8,0x00004e75,0,0
1,0xc00002e4,0x00000000,9,2,4573,135262009,398,1339,0xc00002e4,0x0000b08c,0,0
2,0xc00002e4,0x00000000,9,2,312,179799271,506,1339,0xc00002e4,0x0000b08c,0,0
0,0x008989e0,0x00000000,6,2,1411,134173425,394,1339,0x00a15112,0x00000000,1,1
1,0xc000009a,0x00000000,6,4,46496,135176997,398,1339,0x0600f450,0x0027d800,0,0
2,0xc000009a,0x00000000,6,4,26724,135264177,398,1339,0x0600f650,0x00347000,0,0
0,0x008b0638,0x00000000,9,2,3,133676823,392,742,0x008b0638,0x00001d6c,0,0
0,0x008b014e,0x00000000,9,2,292,134205775,394,1339,0x008b014e,0x00000895,0,0
1,0xc000026a,0x00000000,9,2,1441,135186691,398,1339,0xc000026a,0x0000000b,0,0
2,0xc000026a,0x00000000,9,2,1248,135264836,398,512,0xc000026a,0x0000000b,0,0
0,0x00898966,0x00000000,6,2,1411,134171780,394,1339,0x00a15112,0x00000000,1,1
0,0x008b147c,0x00000000,9,2,3,315758503,871,1234,0x008b147c,0x000008d5,0,0
0,0x008b05be,0x00000000,9,2,3,95429574,241,1235,0x008b05be,0x0000e54f,0,0
1,0xc00001f0,0x00000000,9,2,55989,135176901,398,1339,0xc00001f0,0x000053e4,0,0
2,0xc00001f0,0x00000000,9,2,25218,135184740,398,1339,0xc00001f0,0x000053e4,0,0
0,0x008b0b1a,0x00000000,10,4,1118,3032212,14,1339,0x00ffffe8,0x008b0022,0,0
0,0x008988ec,0x00000000,6,2,1411,134169758,394,1339,0x00a15112,0x0000220b,1,1
0,0x008b0630,0x00000000,10,2,3,133676819,392,742,0x008b8118,0x000003d4,0,0
1,0xc0000262,0x00000000,10,2,1441,135186681,398,1339,0xc000027e,0x00000018,0,0
2,0xc0000262,0x00000000,10,2,1248,135264826,398,512,0xc000027e,0x00000018,0,0
0,0x008b0544,0x00000000,9,2,7,133676414,392,1255,0x008b0544,0x00001200,0,0
0,0x008b1474,0x00000000,10,4,3,315758499,871,1234,0x00ff8530,0x008b2dea,0,0
1,0xc0000660,0x00000000,9,2,4290,135248428,398,1339,0xc0000660,0x0000000b,0,0
2,0xc0000660,0x00000000,9,2,20,179796831,506,512,0xc0000660,0x0000000b,0,0
1,0xc0000176,0x00000000,9,2,106116,135141655,398,1339,0xc0000176,0x0000054f,0,0
2,0xc0000176,0x00000000,9,2,54559,135147129,398,1339,0xc0000176,0x0000054f,0,0
1,0xc00005e6,0x00000000,9,2,27,135261939,398,473,0xc00005e6,0x0000ae71,0,0
1,0xc00000fc,0x00000000,9,2,140630,135176795,398,1339,0xc00000fc,0x000036ac,0,0
2,0xc00000fc,0x00000000,9,2,313989,135184634,398,1339,0xc00000fc,0x000036ac,0,0
0,0x008b130e,0x00000000,9,2,25,134211508,395,1255,0x008b130e,0x00007613,0,0
0,0x008b0052,0x00000000,10,4,1,3531814,15,15,0x00000078,0x008802ae,0,0
0,0x008989c8,0x00000000,9,2,1411,134173083,394,1339,0x008989c8,0x00003499,0,0
1,0xc000056c,0x00000000,9,2,32,160287130,458,1339,0xc000056c,0x0000e320,0,0
1,0xc0000082,0x00000000,9,2,13396,135177433,398,1339,0xc0000082,0x0000e710,0,0
2,0xc0000082,0x00000000,9,2,7342,135184959,398,1339,0xc0000082,0x0000e710,0,0
0,0x0089c3cc,0x00000000,9,2,139,136193939,400,1338,0x0089c3cc,0x000073f6,0,0
0,0x0089894e,0x00000000,9,2,1411,134171458,394,1339,0x0089894e,0x00003499,0,0
0,0x008b1534,0x00000000,6,1,13,273875877,753,834,0x00ff857d,0x0000002c,0,0
1,0xc00004f2,0x00000000,9,2,7,159053670,455,509,0xc00004f2,0x0000e130,0,0
0,0x008b0b60,0x00000000,6,4,15,1312184,9,1235,0x00ffffb4,0x008b0b64,0,0
1,0xc0000008,0x00000000,9,2,895,135176764,398,1339,0xc0000008,0x00005aeb,0,0
2,0xc0000008,0x00000000,9,2,41523,135184603,398,1339,0xc0000008,0x00005aeb,0,0
0,0x008b0676,0x00000000,6,1,18,133676853,392,742,0x00ff854d,0x00000030,0,0
0,0x008821f4,0x00000000,9,2,1,457739094,1256,1256,0x008821f4,0x000011fc,0,0
0,0x008989c0,0x00000000,10,2,1411,134172978,394,1339,0x00ff60d4,0x00000000,0,0
1,0xc0000564,0x00000000,10,4,5,159048813,455,1115,0x0600ff58,0xc0000230,0,0
2,0xc0000564,0x00000000,10,4,1,181179271,509,509,0x0600ffe4,0xc0000230,0,0
1,0xc0000478,0x00000000,9,2,4,159052499,455,1115,0xc0000478,0x0000bf06,0,0
0,0x00898946,0x00000000,10,2,1411,134171351,394,1339,0x00ff605a,0x00000000,0,0
1,0xc000022e,0x00000000,6,4,10183,135177081,398,1339,0x0600ff60,0xc0000230,0,0
2,0xc000022e,0x00000000,6,4,5433,135264261,398,1339,0x0600ffe4,0xc0000230,0,0
2,0xc000022e,0x00000000,6,1,1322,135795288,399,1337,0x24033e99,0x00000004,0,0
1,0xc00003d8,0x00000000,10,4,58,166068676,473,1339,0xc00003f4,0x00100000,0,0
2,0xc00003d8,0x00000000,10,4,28,458410306,1258,1339,0xc00003f4,0x00100000,0,0
0,0x008b0818,0x00000000,9,2,4,305106188,841,1255,0x008b0818,0x00002b40,0,0
1,0xc000044a,0x00000000,9,2,8,159041617,455,1115,0xc000044a,0x0000e340,0,0
0,0x008989e8,0x00000000,6,2,1411,134173531,394,1339,0x00a15112,0x00000000,1,1
0,0x008b0242,0x00000000,10,1,3414,134465948,395,1234,0x00ff857a,0x00000000,0,0
1,0xc00000a2,0x00000000,6,4,46496,135177005,398,1339,0x0600f458,0xff7124ce,0,0
2,0xc00000a2,0x00000000,6,4,26724,135264185,398,1339,0x0600f658,0xffe7d70e,0,0
0,0x008b0c88,0x00000000,9,2,43,134212572,395,1234,0x008b0c88,0x00004e75,0,0
0,0x008b079e,0x00000000,9,2,4,305106108,841,1255,0x008b079e,0x00000407,0,0
1,0xc00003d0,0x00000000,9,2,1585,135262001,398,1339,0xc00003d0,0x0000050a,0,0
2,0xc00003d0,0x00000000,9,2,86,458276577,1258,1339,0xc00003d0,0x0000050a,0,0
0,0x0089896e,0x00000000,6,2,1411,134171888,394,1339,0x00a15112,0x00000000,1,1
0,0x008b01c8,0x00000000,10,4,344,134205725,394,1339,0x00ffffe4,0x008b00f2,0,0
0,0x008b0c0e,0x00000000,9,2,2,1046479,8,14,0x008b0c0e,0x000041fa,0,0
0,0x008b123a,0x00000000,6,1,84,408481316,1122,1339,0x00ff8630,0x00000090,1,1
0,0x008988f4,0x00000000,6,2,1411,134170263,394,1339,0x00a15112,0x0000220a,1,1
0,0x008b0638,0x00000000,10,1,3,133676824,392,742,0x008b811d,0x0000004c,0,0
0,0x008b014e,0x00000000,10,1,292,134205776,394,1339,0x00ff8570,0x00000080,0,0
0,0x008b06aa,0x00000000,9,2,3,133676998,392,742,0x008b06aa,0x00007206,0,0
0,0x008b147c,0x00000000,10,1,3,315758504,871,1234,0x00ff8630,0x00000080,0,0
0,0x008b01c0,0x00000000,9,2,344,134205720,394,1339,0x008b01c0,0x00001b40,0,0
1,0xc00002dc,0x00000000,9,2,4573,135261984,398,1339,0xc00002dc,0x0000e10e,0,0
2,0xc00002dc,0x00000000,9,2,312,179799240,506,1339,0xc00002dc,0x0000e10e,0,0
1,0xc00001f0,0x00000000,10,4,55989,135176902,398,1339,0xc0000710,0x00ff0000,0,0
2,0xc00001f0,0x00000000,10,4,25218,135184741,398,1339,0xc0000710,0x00ff0000,0,0
0,0x008b0b1a,0x00000000,9,2,1118,3032211,14,1339,0x008b0b1a,0x00004e75,0,0
0,0x008b0630,0x00000000,9,2,3,133676818,392,742,0x008b0630,0x00003014,0,0
0,0x008b0146,0x00000000,9,2,2266,134465952,395,1234,0x008b0146,0x00006000,0,0
1,0xc0000262,0x00000000,9,2,1441,135186680,398,1339,0xc0000262,0x0000011d,0,0
2,0xc0000262,0x00000000,9,2,1248,135264825,398,512,0xc0000262,0x0000011d,0,0
0,0x008b0288,0x00000000,6,2,540,147906553,428,1233,0x00ff86dc,0x00000001,0,0
0,0x008b1474,0x00000000,9,2,3,315758498,871,1234,0x008b1474,0x0000226e,0,0
0,0x00884c66,0x00000000,6,4,1,457739091,1256,1256,0x00fffff8,0x00884c6a,0,0
1,0xc0000176,0x00000000,10,4,212232,135141656,398,1339,0xc0000774,0x0009f800,0,1
2,0xc0000176,0x00000000,10,4,108284,135147130,398,1339,0xc0000774,0x0009f800,0,1
0,0x008b05b6,0x00000000,9,2,3,95429572,241,1235,0x008b05b6,0x00006302,0,0
0,0x008b00cc,0x00000000,9,2,44,134205669,394,1234,0x008b00cc,0x00000c05,0,0
1,0xc00001e8,0x00000000,9,2,47606,135141602,398,1339,0xc00001e8,0x0000000b,0,0
2,0xc00001e8,0x00000000,9,2,40838,135147076,398,1339,0xc00001e8,0x0000000b,0,0
0,0x008b06f8,0x00000000,6,2,9,133677092,392,742,0x00ff8698,0x0000d201,1,1
0,0x008b13fa,0x00000000,9,2,13,134217439,395,774,0x008b13fa,0x0000e208,0,0
0,0x008858ee,0x00000000,9,2,143,133212521,391,1339,0x008858ee,0x000066f8,0,0
0,0x008b0052,0x00000000,9,2,6684,3122089,15,1339,0x008b0052,0x000051cf,0,0
1,0xc0000658,0x00000000,9,2,4290,135248423,398,1339,0xc0000658,0x0000000a,0,0
2,0xc0000658,0x00000000,9,2,20,179796826,506,512,0xc0000658,0x0000000a,0,0
1,0xc000016e,0x00000000,9,2,106116,135141648,398,1339,0xc000016e,0x0000210d,0,0
2,0xc000016e,0x00000000,9,2,54518,135147122,398,1339,0xc000016e,0x0000210d,0,0
0,0x008b067e,0x00000000,6,1,18,133676857,392,742,0x00ff854e,0x00000001,0,0
0,0x008989c8,0x00000000,10,2,1411,134173084,394,1339,0x00ff60dc,0x00000000,0,0
0,0x008b1380,0x00000000,9,2,10,308801229,851,1258,0x008b1380,0x00006b0a,0,0
0,0x008b0e96,0x00000000,9,2,72,134217271,395,1234,0x008b0e96,0x00006518,0,0
1,0xc00005de,0x00000000,9,2,27,135260442,398,473,0xc00005de,0x0000e120,0,0
2,0xc00000f4,0x00000000,9,2,20573,135425770,398,1339,0xc00000f4,0x0000000b,0,0
1,0xc00000f4,0x00000000,9,2,11812,135505730,398,1339,0xc00000f4,0x0000000b,0,0
0,0x0089894e,0x00000000,10,2,1411,134171459,394,1339,0x00ff6062,0x00000000,0,0
0,0x008b1306,0x00000000,9,2,25,134211486,395,1255,0x008b1306,0x00004eba,0,0
1,0xc0000008,0x00000000,10,4,895,135176765,398,1339,0xc000072c,0x06018000,0,0
2,0xc0000008,0x00000000,10,4,920,135184604,398,1339,0xc000072c,0x0601c000,0,0
0,0x008989c0,0x00000000,9,2,1411,134172977,394,1339,0x008989c0,0x00003499,0,0
1,0xc0000564,0x00000000,9,2,5,159048812,455,1115,0xc0000564,0x00004f26,0,0
2,0xc0000564,0x00000000,9,2,1,181179270,509,509,0xc0000564,0x00004f26,0,0
1,0xc000007a,0x00000000,9,2,13396,135177410,398,1339,0xc000007a,0x0000b04a,0,0
2,0xc000007a,0x00000000,9,2,43913,135184936,398,1339,0xc000007a,0x0000b04a,0,0
0,0x00898946,0x00000000,9,2,1411,134171350,394,1339,0x00898946,0x00003499,0,0
0,0x0088edee,0x00000000,9,2,30,319181731,882,1097,0x0088edee,0x00004eba,0,0
1,0xc00004ea,0x00000000,9,2,2,159050139,455,473,0xc00004ea,0x0000b088,0,0
1,0xc000062c,0x00000000,6,4,4290,135248393,398,1339,0xffffff14,0x3afa0000,0,0
2,0xc000062c,0x00000000,6,4,20,179796796,506,512,0xffffff14,0x61c10000,0,0
2,0xc0000424,0x00000000,9,2,12533,135184883,398,1339,0xc0000424,0x00007002,0,0
1,0xc0000424,0x00000000,9,2,33441,135248591,398,1339,0xc0000424,0x00007002,0,0
0,0x008b114c,0x00000000,9,2,83,458028995,1258,1339,0x008b114c,0x00004a36,0,0
0,0x008b0c62,0x00000000,9,2,2,1311386,9,15,0x008b0c62,0x000033fc,0,0
0,0x008b0268,0x00000000,10,1,633,147906542,428,1233,0x00ff86db,0x00000001,0,0
0,0x008b0778,0x00000000,9,2,3,133677545,392,742,0x008b0778,0x0000082e,0,0
0,0x000000c8,0x00000000,6,1,1,285286,5,5,0x00a130f1,0x00000000,0,0
0,0x00898994,0x00000000,6,2,1411,134172437,394,1339,0x00a15112,0x00000000,1,1
0,0x008b0be8,0x00000000,9,2,360,133676448,392,742,0x008b0be8,0x00004298,0,0
0,0x008b0214,0x00000000,9,2,157,134217501,395,1234,0x008b0214,0x0000426d,0,0
2,0xc0000330,0x00000000,9,2,11222,135187053,398,1339,0xc0000330,0x0000411f,0,0
1,0xc0000330,0x00000000,9,2,26814,135248535,398,1339,0xc0000330,0x0000411f,0,0
0,0x0089891a,0x00000000,6,2,1411,134170794,394,1339,0x00a15112,0x0000f6f2,1,1
0,0x008b0b6e,0x00000000,9,2,15,1312360,9,1235,0x008b0b6e,0x00007403,0,0
0,0x008b0684,0x00000000,9,2,18,133676859,392,742,0x008b0684,0x0000301c,0,0
2,0xc00002b6,0x00000000,9,2,12221,135184897,398,1339,0xc00002b6,0x000050c3,0,0
1,0xc00002b6,0x00000000,9,2,28869,135248605,398,1339,0xc00002b6,0x000050c3,0,0
0,0x008b0fb8,0x00000000,10,1,163,133677503,392,1233,0x00ff8691,0x00000080,0,0
0,0x008b0fde,0x00000000,9,2,5,1313196,9,1236,0x008b0fde,0x00004e75,0,0
0,0x008b0120,0x00000000,9,2,2558,134205764,394,1339,0x008b0120,0x0000532d,0,0
2,0xc000023c,0x00000000,9,2,24,140725437,411,477,0xc000023c,0x0000000b,0,0
0,0x008b0f64,0x00000000,9,2,981,134217388,395,1234,0x008b0f64,0x0000661a,0,0
0,0x008b0a7a,0x00000000,9,2,20,95675844,242,359,0x008b0a7a,0x0000102e,0,0
0,0x008b0590,0x00000000,9,2,7,95429562,241,1255,0x008b0590,0x00006500,0,0
2,0xc00006ac,0x00000000,9,2,1508,135427533,398,1339,0xc00006ac,0x0000050a,0,0
1,0xc00006ac,0x00000000,9,2,6955,270039126,743,1232,0xc00006ac,0x0000050a,0,0
0,0x00882898,0x00000000,9,2,1,267026193,733,733,0x00882898,0x000077f6,0,0
2,0xc00001c2,0x00000000,9,2,254321,135421592,398,1339,0xc00001c2,0x00001511,0,0
1,0xc00001c2,0x00000000,9,2,15992,135441752,398,1339,0xc00001c2,0x00001511,0,0
0,0x008b13ae,0x00000000,10,1,40,308801256,851,1258,0x008b949d,0x00000021,0,0
0,0x008858c8,0x00000000,9,2,143,133212502,391,1339,0x008858c8,0x00004eba,0,0
1,0xc000060c,0x00000000,10,2,4290,135248369,398,1339,0xc0000664,0x0000ff00,0,0
2,0xc000060c,0x00000000,10,2,20,179796772,506,512,0xc0000664,0x0000ff00,0,0
0,0x008b002c,0x00000000,9,2,7,133676406,392,1255,0x008b002c,0x00004eba,0,0
1,0xc0000632,0x00000000,9,2,4290,135248398,398,1339,0xc0000632,0x00003458,0,0
2,0xc0000632,0x00000000,9,2,20,179796801,506,512,0xc0000632,0x00003458,0,0
1,0xc0000148,0x00000000,9,2,106116,135141618,398,1339,0xc0000148,0x0000000a,0,0
2,0xc0000148,0x00000000,9,2,91434,135147092,398,1339,0xc0000148,0x0000000a,0,0
0,0x008b135a,0x00000000,9,2,10,308801212,851,1258,0x008b135a,0x00000815,0,0
0,0x008b0960,0x00000000,10,1,12,95429620,241,349,0x00ff8720,0x00000000,0,0
0,0x008b0e70,0x00000000,9,2,68,134217249,395,1234,0x008b0e70,0x00004eba,0,0
1,0xc00000a8,0x00000000,10,2,46496,135177011,398,1339,0xc00000a8,0x00004710,0,0
2,0xc00000a8,0x00000000,10,2,26724,135264191,398,1339,0xc00000a8,0x00004710,0,0
1,0xc00005b8,0x00000000,9,2,5,162731831,464,1115,0xc00005b8,0x0000e220,0,0
1,0xc00000ce,0x00000000,9,2,44177,135176889,398,1339,0xc00000ce,0x00004f26,0,0
2,0xc00000ce,0x00000000,9,2,29330,135184728,398,1339,0xc00000ce,0x00004f26,0,0
0,0x00898974,0x00000000,10,2,1411,134171990,394,1339,0x00ff6088,0x00000000,0,0
0,0x0089899a,0x00000000,9,2,1411,134172444,394,1339,0x0089899a,0x00003499,0,0
1,0xc000053e,0x00000000,9,2,798,135251572,398,1339,0xc000053e,0x0000e130,0,0
2,0xc000053e,0x00000000,9,2,3,179796767,506,512,0xc000053e,0x0000e130,0,0
2,0xc0000054,0x00000000,9,2,37668,135588807,398,1338,0xc0000054,0x00003208,0,0
0,0x008988fa,0x00000000,10,2,1411,134170271,394,1339,0x00ff600e,0x0000f03c,0,0
0,0x00881382,0x00000000,9,2,166,131887842,386,1250,0x00881382,0x000060d8,0,0
0,0x00898920,0x00000000,9,2,1411,134170801,394,1339,0x00898920,0x00003499,0,0
1,0xc000049e,0x00000000,10,4,318,135248500,398,1339,0x0600ff60,0xc0000230,0,0
2,0xc000049e,0x00000000,10,4,2,181178109,509,512,0x0600ffe4,0xc0000230,0,0
1,0xc00004c4,0x00000000,9,2,373,160282505,458,1339,0xc00004c4,0x0000e120,0,0
0,0x008b13f4,0x00000000,6,1,13,134217436,395,774,0x00ff86da,0x00000001,1,1
0,0x008b0026,0x00000000,9,2,1118,3032221,14,1339,0x008b0026,0x00004aae,0,0
1,0xc000062c,0x00000000,9,2,4290,135248392,398,1339,0xc000062c,0x00001705,0,0
2,0xc000062c,0x00000000,9,2,20,179796795,506,512,0xc000062c,0x00001705,0,0
1,0xc0000142,0x00000000,9,2,106116,135141612,398,1339,0xc0000142,0x0000054f,0,0
2,0xc0000142,0x00000000,9,2,91434,135147086,398,1339,0xc0000142,0x0000054f,0,0
0,0x008b0e6a,0x00000000,9,2,161,134217247,395,1234,0x008b0e6a,0x00000c05,0,0
0,0x008b0c62,0x00000000,6,2,2,1311387,9,15,0x00a11100,0x00000000,0,0
1,0xc00005b2,0x00000000,9,2,5,162731765,464,1115,0xc00005b2,0x0000b02b,0,0
0,0x000000c8,0x00000000,9,2,1,285285,5,5,0x000000c8,0x00001280,0,0
1,0xc00000c8,0x00000000,9,2,55989,135176886,398,1339,0xc00000c8,0x00006093,0,0
2,0xc00000c8,0x00000000,9,2,28153,135184725,398,1339,0xc00000c8,0x00006093,0,0
0,0x00898994,0x00000000,9,2,1411,134172435,394,1339,0x00898994,0x00003499,0,0
0,0x008b0be8,0x00000000,6,4,360,133676449,392,742,0x00ff8540,0x00000000,0,0
0,0x008989ba,0x00000000,10,2,1411,134172873,394,1339,0x00ff60ce,0x00000070,0,0
2,0xc0000538,0x00000000,9,2,1,179799131,506,506,0xc0000538,0x0000e300,0,0
1,0xc0000538,0x00000000,9,2,1,405494472,1115,1115,0xc0000538,0x0000e300,0,0
0,0x008b0214,0x00000000,6,2,157,134217502,395,1234,0x00ff86dc,0x00000000,0,0
2,0xc000004e,0x00000000,9,2,43017,135588803,398,1338,0xc000004e,0x00008591,0,0
0,0x0089891a,0x00000000,9,2,1411,134170696,394,1339,0x0089891a,0x00003499,0,0
0,0x00898940,0x00000000,10,2,1411,134171248,394,1339,0x00ff6054,0x00000000,0,0
1,0xc00004be,0x00000000,9,2,32,162723752,464,1339,0xc00004be,0x0000e200,0,0
0,0x008b0cfc,0x00000000,9,2,832,134214970,395,1339,0x008b0cfc,0x0000d002,0,0
0,0x008b0812,0x00000000,9,2,4,305106184,841,1255,0x008b0812,0x00007000,0,0
0,0x008b0838,0x00000000,10,1,4,305106203,841,1255,0x00ff8750,0x00000000,0,0
0,0x008b034e,0x00000000,10,2,1029,169944900,482,1234,0x00ff858c,0x00000000,0,0
1,0xc0000444,0x00000000,9,2,8,159041614,455,1115,0xc0000444,0x0000e100,0,0
0,0x008b0120,0x00000000,6,1,2558,134205766,394,1339,0x00ff857e,0x00000000,1,1
0,0x008b0798,0x00000000,9,2,4,305106107,841,1255,0x008b0798,0x000041f9,0,0
0,0x008b02ae,0x00000000,9,2,806,169944881,482,1339,0x008b02ae,0x00000815,0,0
1,0xc00003ca,0x00000000,9,2,1585,135261997,398,1339,0xc00003ca,0x00009012,0,0
2,0xc00003ca,0x00000000,9,2,86,458276573,1258,1339,0xc00003ca,0x00009012,0,0
2,0xc00001c2,0x00000000,6,2,241017,135588946,398,1338,0x20004104,0x00000007,0,0
2,0xc00001c2,0x00000000,6,4,13304,135421593,398,1339,0xc0000774,0xffffc0c0,0,0
1,0xc00001c2,0x00000000,6,4,15992,135441753,398,1339,0xc0000774,0x00004d00,0,0
0,0x008b10f2,0x00000000,9,2,13,134217254,395,1203,0x008b10f2,0x00006000,0,0
0,0x008b0744,0x00000000,10,2,3,133677195,392,742,0x00ff8870,0x00000000,0,0
0,0x008858c8,0x00000000,6,4,143,133212503,391,1339,0x00fffff4,0x008858cc,0,0
0,0x008b002c,0x00000000,6,4,7,133676407,392,1255,0x00ffffe8,0x008b0030,0,0
0,0x008b0b8e,0x00000000,9,2,5,1313184,9,1236,0x008b0b8e,0x00004e75,0,0
0,0x008b0e70,0x00000000,6,4,68,134217250,395,1234,0x00ffffe0,0x008b0e74,0,0
0,0x008b01ba,0x00000000,9,2,344,134205719,394,1339,0x008b01ba,0x00006704,0,0
0,0x008b06ca,0x00000000,10,1,3,133677067,392,742,0x008b811b,0x00000003,0,0
1,0xc00002d6,0x00000000,9,2,3221,135261948,398,1339,0xc00002d6,0x00004c1e,0,0
2,0xc00002d6,0x00000000,9,2,422,179799204,506,1339,0xc00002d6,0x00004c1e,0,0
0,0x0088e206,0x00000000,9,2,84,268516618,739,1111,0x0088e206,0x000051cb,0,0
1,0xc00002fc,0x00000000,10,4,4572,135262049,398,1339,0x0600f46c,0x0187ffea,0,0
2,0xc00002fc,0x00000000,10,4,312,179799311,506,1339,0x0600f66c,0xe40d006a,0,0
0,0x008b0b14,0x00000000,9,2,2060,134712390,396,1233,0x008b0b14,0x0000d0c0,0,0
0,0x008b062a,0x00000000,9,2,3,133676815,392,742,0x008b062a,0x00002874,0,0
0,0x0089899a,0x00000000,6,2,1411,134172542,394,1339,0x00a15112,0x00000000,1,1
1,0xc000025c,0x00000000,9,2,1441,135186592,398,1339,0xc000025c,0x0000bf19,0,0
2,0xc000025c,0x00000000,9,2,1248,135264737,398,512,0xc000025c,0x0000bf19,0,0
0,0x008b0a9a,0x00000000,9,2,8,95928206,243,357,0x008b0a9a,0x00006a10,0,0
0,0x008b05b0,0x00000000,9,2,3,95429570,241,1235,0x008b05b0,0x00006552,0,0
0,0x00898920,0x00000000,6,2,1411,134170803,394,1339,0x00a15112,0x0000220a,1,1
1,0xc00001e2,0x00000000,9,2,47606,135141599,398,1339,0xc00001e2,0x00004218,0,0
2,0xc00001e2,0x00000000,9,2,40838,135147073,398,1339,0xc00001e2,0x00004218,0,0
2,0x00000208,0x00000000,10,4,11,87801,3,5,0x20004020,0x00000000,0,0
0,0x008b13f4,0x00000000,9,2,13,134217434,395,774,0x008b13f4,0x00001b5c,0,0
0,0x008b0000,0x00000000,9,2,1118,3032192,14,1339,0x008b0000,0x00004efa,0,0
1,0xc0000606,0x00000000,9,2,124,155336343,446,1339,0xc0000606,0x00005013,0,0
0,0x008b0f30,0x00000000,10,1,1178,134217376,395,1234,0x00ff869c,0x00000000,0,0
1,0xc000011c,0x00000000,9,2,51278,135177119,398,1339,0xc000011c,0x00005463,0,0
2,0xc000011c,0x00000000,9,2,39212,135184946,398,1339,0xc000011c,0x00005463,0,0
0,0x008b0818,0x00000000,6,4,4,305106189,841,1255,0x00ff8784,0x008b9478,0,0
0,0x008b132e,0x00000000,9,2,100,134212255,395,1255,0x008b132e,0x0000e20c,0,0
0,0x008b095a,0x00000000,9,2,2,95429617,241,349,0x008b095a,0x00004bee,0,0
0,0x008989e8,0x00000000,9,2,1411,134173529,394,1339,0x008989e8,0x00003499,0,0
0,0x008b13a0,0x00000000,10,1,10,308801238,851,1258,0x00ff8789,0x0000001c,0,0
1,0xc000058c,0x00000000,9,2,13,155331219,446,1115,0xc000058c,0x00004f26,0,0
1,0xc00000a2,0x00000000,9,2,46496,135177004,398,1339,0xc00000a2,0x00001602,0,0
2,0xc00000a2,0x00000000,9,2,31813,135264184,398,1339,0xc00000a2,0x00001602,0,0
1,0xc0000114,0x00000000,10,4,51278,135177113,398,1339,0x0600f420,0xffee3000,0,0
2,0xc0000114,0x00000000,10,4,22524,135184940,398,1339,0x0600f630,0x00347800,0,0
2,0xc0000114,0x00000000,10,2,16688,135589084,398,1338,0x060048cc,0x0000e000,0,0
0,0x0089896e,0x00000000,9,2,1411,134171886,394,1339,0x0089896e,0x00003499,0,0
0,0x008b03f6,0x00000000,9,2,1477,170325288,483,1234,0x008b03f6,0x0000102d,0,0
0,0x008b1326,0x00000000,10,1,25,134212250,395,1255,0x00ff8579,0x00000007,0,0
1,0xc0000512,0x00000000,9,2,7,159053960,455,509,0xc0000512,0x0000aedb,0,0
1,0xc0000028,0x00000000,9,2,55989,135176894,398,1339,0xc0000028,0x0000c801,0,0
2,0xc0000028,0x00000000,9,2,78923,135184733,398,1339,0xc0000028,0x0000c801,0,0
0,0x008989e0,0x00000000,10,2,1411,134173424,394,1339,0x00ff60f4,0x00000000,0,0
0,0x008b123a,0x00000000,9,2,84,408481314,1122,1339,0x008b123a,0x000008d5,0,0
0,0x008988f4,0x00000000,9,2,1411,134170261,394,1339,0x008988f4,0x00003499,0,0
0,0x008b12ac,0x00000000,10,1,27,292004824,804,1234,0x008b2d90,0x00000003,0,0
1,0xc0000498,0x00000000,9,2,318,135248433,398,1339,0xc0000498,0x0000b0b8,0,0
2,0xc0000498,0x00000000,9,2,2,181178042,509,512,0xc0000498,0x0000b0b8,0,0
0,0x00898966,0x00000000,10,2,1411,134171779,394,1339,0x00ff607a,0x00000000,0,0
0,0x008b03ee,0x00000000,10,1,2266,134465941,395,1234,0x00ff8570,0x00000082,0,0
0,0x008b01c0,0x00000000,6,1,344,134205721,394,1339,0x00ff854f,0x00000004,0,0
0,0x008b11c0,0x00000000,9,2,7,169945074,482,784,0x008b11c0,0x0000102d,0,0
1,0xc0000020,0x00000000,10,2,55989,135176781,398,1339,0xc0000050,0x00000032,0,0
2,0xc0000020,0x00000000,10,2,81586,135184620,398,1339,0xc0000050,0x00000032,0,0
2,0xc000041e,0x00000000,9,2,12533,135184879,398,1339,0xc000041e,0x00004408,0,0
1,0xc000041e,0x00000000,9,2,33441,135248587,398,1339,0xc000041e,0x00004408,0,0
0,0x008988ec,0x00000000,10,2,1411,134169757,394,1339,0x00ff6000,0x0000220b,0,0
0,0x008b1146,0x00000000,9,2,83,458028991,1258,1339,0x008b1146,0x0000101c,0,0
0,0x008b0772,0x00000000,9,2,9,133677509,392,742,0x008b0772,0x0000dac6,0,0
0,0x008b0288,0x00000000,9,2,540,147906552,428,1233,0x008b0288,0x00003b46,0,0
0,0x008b11b8,0x00000000,10,1,7,169945070,482,784,0x008b8daa,0x00000080,0,0
2,0xc00003a4,0x00000000,9,2,656,135330384,398,1339,0xc00003a4,0x0000aff8,0,0
1,0xc00003a4,0x00000000,9,2,755,135373933,398,1339,0xc00003a4,0x0000aff8,0,0
0,0x00884c66,0x00000000,9,2,1,457739090,1256,1256,0x00884c66,0x00004eba,0,0
2,0xc0000416,0x00000000,10,1,12533,135184875,398,1339,0x0600e3ad,0x00000000,0,0
1,0xc0000416,0x00000000,10,1,33472,135248583,398,1339,0x0600dcfc,0x00000000,0,0
0,0x008b06f8,0x00000000,9,2,9,133677090,392,742,0x008b06f8,0x0000335c,0,0
0,0x008b020e,0x00000000,9,2,157,134217498,395,1234,0x008b020e,0x0000e208,0,0
2,0xc000032a,0x00000000,9,2,11222,135187048,398,1339,0xc000032a,0x0000c507,0,0
1,0xc000032a,0x00000000,9,2,26814,135248530,398,1339,0xc000032a,0x0000c507,0,0
0,0x008b153c,0x00000000,9,2,6,288569882,794,834,0x008b153c,0x0000102d,0,0
0,0x008b0052,0x00000000,6,2,1,3531816,15,15,0x00ffffe6,0x00002304,2,2
0,0x008b0052,0x00000000,6,4,1,3531815,15,15,0x00ffffe8,0x008b0046,1,1
0,0x008b0b68,0x00000000,9,2,5,1312357,9,1235,0x008b0b68,0x00007040,0,0
0,0x008b067e,0x00000000,9,2,18,133676856,392,742,0x008b067e,0x00001345,0,0
0,0x008b0194,0x00000000,9,2,164,169944802,482,1255,0x008b0194,0x00004845,0,0
2,0xc00002b0,0x00000000,9,2,12221,135184893,398,1339,0xc00002b0,0x0000e1fe,0,0
1,0xc00002b0,0x00000000,9,2,28869,135248601,398,1339,0xc00002b0,0x0000e1fe,0,0
0,0x008b06f0,0x00000000,10,2,9,133677086,392,742,0x008b8136,0x0000023f,0,0
0,0x008b0aee,0x00000000,9,2,24,95928243,243,357,0x008b0aee,0x0000dafc,0,0
0,0x008b1306,0x00000000,6,4,25,134211487,395,1255,0x00ffffdc,0x008b130a,0,0
2,0xc0000236,0x00000000,9,2,49,140725207,411,489,0xc0000236,0x0000c801,0,0
0,0x008989c0,0x00000000,6,2,1411,134172979,394,1339,0x00a15112,0x00000000,1,1
0,0x008b0f5e,0x00000000,9,2,81,290196743,799,1232,0x008b0f5e,0x00007c0f,0,0
0,0x008b0a74,0x00000000,9,2,1118,3032216,14,1339,0x008b0a74,0x0000102e,0,0
0,0x008b00a0,0x00000000,9,2,2228,3531890,15,1339,0x008b00a0,0x00006a10,0,0
2,0xc00006a6,0x00000000,9,2,1508,135427524,398,1339,0xc00006a6,0x00000f5f,0,0
1,0xc00006a6,0x00000000,9,2,6955,270039117,743,1232,0xc00006a6,0x00000f5f,0,0
2,0xc00001bc,0x00000000,9,2,275463,135421589,398,1339,0xc00001bc,0x00004108,0,0
1,0xc00001bc,0x00000000,9,2,15992,135441749,398,1339,0xc00001bc,0x00004108,0,0
0,0x00898946,0x00000000,6,2,1411,134171352,394,1339,0x00a15112,0x00000000,1,1
0,0x0088edee,0x00000000,6,4,30,319181732,882,1097,0x00fffff8,0x0088edf2,0,0
0,0x008b0ee4,0x00000000,9,2,466,281348562,774,1234,0x008b0ee4,0x0000102d,0,0
1,0xc0000606,0x00000000,10,4,124,155336344,446,1339,0x0600f47c,0xfab3fddf,0,0
0,0x008b0f30,0x00000000,9,2,1178,134217375,395,1234,0x008b0f30,0x0000102d,0,0
1,0xc000011c,0x00000000,10,4,51278,135177120,398,1339,0x0600f42c,0x00000000,0,0
2,0xc000011c,0x00000000,10,4,22524,135184947,398,1339,0x0600f63c,0x006a0005,0,0
0,0x008b055c,0x00000000,9,2,7,133676425,392,1255,0x008b055c,0x00001d41,0,0
2,0xc0000678,0x00000000,9,2,1508,135427485,398,1339,0xc0000678,0x0000011a,0,0
1,0xc0000678,0x00000000,9,2,6955,270039078,743,1232,0xc0000678,0x0000011a,0,0
2,0xc000018e,0x00000000,9,2,358452,135147148,398,1339,0xc000018e,0x0000313d,0,0
1,0xc000018e,0x00000000,9,2,78299,135213620,398,1339,0xc000018e,0x0000313d,0,0
0,0x008989e8,0x00000000,10,2,1411,134173530,394,1339,0x00ff60fc,0x00000000,0,0
0,0x008b13a0,0x00000000,9,2,10,308801237,851,1258,0x008b13a0,0x0000162d,0,0
1,0xc000058c,0x00000000,10,4,13,155331220,446,1115,0x0600ff58,0xc0000268,0,0
1,0xc00005fe,0x00000000,9,2,124,155336337,446,1339,0xc00005fe,0x000031cc,0,0
1,0xc0000114,0x00000000,9,2,51278,135177112,398,1339,0xc0000114,0x00005160,0,0
2,0xc0000114,0x00000000,9,2,39212,135184939,398,1339,0xc0000114,0x00005160,0,0
0,0x0089896e,0x00000000,10,2,1411,134171887,394,1339,0x00ff6082,0x00000000,0,0
0,0x008b03f6,0x00000000,10,1,1477,170325289,483,1234,0x00ff8598,0x00000000,0,0
0,0x008b1326,0x00000000,9,2,25,134212249,395,1255,0x008b1326,0x0000162d,0,0
0,0x008b0e3c,0x00000000,9,2,1244,134217233,395,1234,0x008b0e3c,0x00006610,0,0
0,0x008b0952,0x00000000,9,2,2,95429581,241,349,0x008b0952,0x00007027,0,0
0,0x008989e0,0x00000000,9,2,1411,134173423,394,1339,0x008989e0,0x00003499,0,0
0,0x008b123a,0x00000000,10,1,84,408481315,1122,1339,0x00ff8630,0x00000080,0,0
1,0xc0000584,0x00000000,9,2,13,155331152,446,1115,0xc0000584,0x0000e210,0,0
0,0x00882770,0x00000000,9,2,2925,128425553,373,1237,0x00882770,0x000073f8,0,0
1,0xc000009a,0x00000000,9,2,46496,135176996,398,1339,0xc000009a,0x00001600,0,0
2,0xc000009a,0x00000000,9,2,31813,135264176,398,1339,0xc000009a,0x00001600,0,0
0,0x008988f4,0x00000000,10,2,1411,134170262,394,1339,0x00ff6008,0x0000220a,0,0
0,0x008b0638,0x00000000,6,1,3,133676825,392,742,0x00ff8502,0x0000004c,1,1
0,0x008b12ac,0x00000000,9,2,27,292004823,804,1234,0x008b12ac,0x0000101c,0,0
0,0x008b014e,0x00000000,6,1,292,134205777,394,1339,0x00ff8570,0x00000080,1,1
0,0x00898966,0x00000000,9,2,1411,134171778,394,1339,0x00898966,0x00003499,0,0
0,0x008b03ee,0x00000000,9,2,2266,134465940,395,1234,0x008b03ee,0x00000815,0,0
0,0x008b147c,0x00000000,6,1,3,315758505,871,1234,0x00ff8630,0x00000082,1,1
0,0x008b11c0,0x00000000,10,1,7,169945075,482,784,0x00ff85c7,0x000000c0,0,0
1,0xc000050a,0x00000000,9,2,7,159053934,455,509,0xc000050a,0x0000e210,0,0
1,0xc0000020,0x00000000,9,2,55989,135176780,398,1339,0xc0000020,0x0000011d,0,0
2,0xc0000020,0x00000000,9,2,81586,135184619,398,1339,0xc0000020,0x0000011d,0,0
0,0x008b1232,0x00000000,9,2,12,134205684,394,1234,0x008b1232,0x00006b00,0,0
0,0x008b0d48,0x00000000,9,2,142,134212637,395,1255,0x008b0d48,0x00004e71,0,0
0,0x008988ec,0x00000000,9,2,1411,134169756,394,1339,0x008988ec,0x00003499,0,0
0,0x008b1146,0x00000000,10,1,83,458028992,1258,1339,0x008b92d9,0x00000000,0,0
1,0xc0000490,0x00000000,9,2,318,135248366,398,1339,0xc0000490,0x0000b0bc,0,0
2,0xc0000490,0x00000000,9,2,2,181177975,509,512,0xc0000490,0x0000b0bc,0,0
0,0x008b11b8,0x00000000,9,2,7,169945069,482,784,0x008b11b8,0x0000121c,0,0
2,0xc0000416,0x00000000,9,2,12533,135184874,398,1339,0xc0000416,0x00006030,0,0
1,0xc0000416,0x00000000,9,2,33472,135248582,398,1339,0xc0000416,0x00006030,0,0
0,0x0088e346,0x00000000,9,2,89,268783659,740,1112,0x0088e346,0x000073f8,0,0
0,0x008b06f8,0x00000000,10,2,9,133677091,392,742,0x008b8138,0x0000d201,0,0
2,0xc000032a,0x00000000,10,2,11222,135187049,398,1339,0x0600f60e,0x0000ffff,0,0
1,0xc000032a,0x00000000,10,2,26814,135248531,398,1339,0x0600f45e,0x0000fbf7,0,0
0,0x008b0c54,0x00000000,9,2,2,1311381,9,15,0x008b0c54,0x00004e71,0,0
0,0x008b153c,0x00000000,10,1,6,288569883,794,834,0x00ff857d,0x0000002c,0,0
2,0xc000039c,0x00000000,9,2,1824,135184852,398,1339,0xc000039c,0x0000402a,0,0
1,0xc000039c,0x00000000,9,2,1709,135251218,398,1339,0xc000039c,0x0000402a,0,0
0,0x008989c8,0x00000000,6,2,1411,134173085,394,1339,0x00a15112,0x00000000,1,1
0,0x008b06f0,0x00000000,9,2,9,133677085,392,742,0x008b06f0,0x0000301c,0,0
2,0xc0000322,0x00000000,9,2,11222,135187042,398,1339,0xc0000322,0x0000221f,0,0
1,0xc0000322,0x00000000,9,2,26814,135248524,398,1339,0xc0000322,0x0000221f,0,0
0,0x0089894e,0x00000000,6,2,1411,134171460,394,1339,0x00a15112,0x00000000,1,1
0,0x008b1534,0x00000000,9,2,13,273875876,753,834,0x008b1534,0x00001b40,0,0
0,0x008b0b60,0x00000000,9,2,15,1312183,9,1235,0x008b0b60,0x00004eba,0,0
0,0x008b0676,0x00000000,9,2,18,133676852,392,742,0x008b0676,0x00001346,0,0
0,0x008821f4,0x00000000,6,1,1,457739095,1256,1256,0xffffc828,0x0000000f,0,0
2,0xc00002a8,0x00000000,9,2,12221,135184890,398,1339,0xc00002a8,0x00008d02,0,0
1,0xc00002a8,0x00000000,9,2,28869,135248598,398,1339,0xc00002a8,0x00008d02,0,0
0,0x008b0a74,0x00000000,10,1,1118,3032217,14,1339,0x00ff8504,0x00000000,0,0
2,0xc00006a6,0x00000000,10,4,3016,135427525,398,1339,0x0600ffd8,0x00000000,0,1
1,0xc00006a6,0x00000000,10,4,13910,270039118,743,1232,0x0600ff58,0xffff593f,0,1
0,0x008b0ee4,0x00000000,10,1,466,281348563,774,1234,0x00ff8691,0x00000080,0,0
0,0x008b0ee4,0x00000000,10,2,2,288608662,794,794,0x00ff0004,0x00002a40,1,2
1,0xc000022e,0x00000000,9,2,10183,135177080,398,1339,0xc000022e,0x00004f22,0,0
2,0xc000022e,0x00000000,9,2,6755,135264260,398,1339,0xc000022e,0x00004f22,0,0
0,0x008b0026,0x00000000,10,4,1118,3032222,14,1339,0x00ff850a,0x00000000,0,0
0,0x008b0536,0x00000000,9,2,7,133676408,392,1255,0x008b0536,0x000041fa,0,0
0,0x008b004c,0x00000000,9,2,6684,3122088,15,1339,0x008b004c,0x00006a04,0,0
1,0xc0000142,0x00000000,10,4,212232,135141613,398,1339,0xc0000778,0xfff80000,0,1
2,0xc0000142,0x00000000,10,4,108284,135147087,398,1339,0xc0000778,0xff300000,0,1
1,0xc0000652,0x00000000,9,2,4290,135248419,398,1339,0xc0000652,0x0000364c,0,0
2,0xc0000652,0x00000000,9,2,20,179796822,506,512,0xc0000652,0x0000364c,0,0
1,0xc0000168,0x00000000,9,2,106116,135141645,398,1339,0xc0000168,0x0000000a,0,0
2,0xc0000168,0x00000000,9,2,54348,135147119,398,1339,0xc0000168,0x0000000a,0,0
0,0x00885d58,0x00000000,9,2,21,457243753,1254,1317,0x00885d58,0x00004eba,0,0
2,0xc00000c8,0x00000000,10,4,2935,135694793,399,1338,0x0600fff4,0x06003a16,0,0
1,0xc00005d8,0x00000000,9,2,27,135260376,398,473,0xc00005d8,0x0000e210,0,0
2,0xc00000ee,0x00000000,9,2,20573,135425764,398,1339,0xc00000ee,0x00001610,0,0
1,0xc00000ee,0x00000000,9,2,11812,135505724,398,1339,0xc00000ee,0x00001610,0,0
0,0x008b1300,0x00000000,9,2,25,134211484,395,1255,0x008b1300,0x00001801,0,0
0,0x008b0e16,0x00000000,9,2,3,134205696,394,743,0x008b0e16,0x000033fc,0,0
0,0x00898994,0x00000000,10,2,1411,134172436,394,1339,0x00ff60a8,0x00000000,0,0
0,0x008989ba,0x00000000,9,2,1411,134172872,394,1339,0x008989ba,0x00003499,0,0
2,0xc000004e,0x00000000,10,2,43017,135588804,398,1338,0x06018026,0x00000066,0,0
1,0xc000055e,0x00000000,9,2,5,159048746,455,1115,0xc000055e,0x0000b055,0,0
2,0xc000055e,0x00000000,9,2,1,181179204,509,509,0xc000055e,0x0000b055,0,0
1,0xc0000074,0x00000000,9,2,12327,135180433,398,1339,0xc0000074,0x0000a01d,0,0
2,0xc0000074,0x00000000,9,2,42770,135187341,398,1339,0xc0000074,0x0000a01d,0,0
0,0x0088dd50,0x00000000,6,4,40,406181934,1117,1233,0x00fffff8,0x0088dd54,0,0
0,0x0089891a,0x00000000,10,2,1411,134170697,394,1339,0x00ff602e,0x0000f6f2,0,0
0,0x00898940,0x00000000,9,2,1411,134171247,394,1339,0x00898940,0x00003499,0,0
1,0xc00004e4,0x00000000,9,2,2,159050073,455,473,0xc00004e4,0x0000b092,0,0
0,0x008b0838,0x00000000,9,2,4,305106202,841,1255,0x008b0838,0x00004a2e,0,0
0,0x008b034e,0x00000000,9,2,1029,169944899,482,1234,0x008b034e,0x0000dc6d,0,0
2,0x00000216,0x00000000,6,4,1,284571,5,5,0x20004024,0x535f4f4b,0,0
1,0xc000046a,0x00000000,9,2,4,159052366,455,1115,0xc000046a,0x0000e220,0,0
0,0x008b1192,0x00000000,9,2,83,458028970,1258,1339,0x008b1192,0x00004a01,0,0
0,0x008b0ca8,0x00000000,9,2,7,169945085,482,784,0x008b0ca8,0x00004eba,0,0
0,0x008b02ae,0x00000000,10,1,806,169944882,482,1339,0x00ff8570,0x00000080,0,0
0,0x008b07be,0x00000000,9,2,4,305106126,841,1255,0x008b07be,0x00001803,0,0
1,0xc00003ca,0x00000000,10,2,1585,135261998,398,1339,0xc00003f2,0x00005555,0,0
2,0xc00003ca,0x00000000,10,2,86,458276574,1258,1339,0xc00003f2,0x00005555,0,0
0,0x008b0744,0x00000000,9,2,3,133677194,392,742,0x008b0744,0x00004a6e,0,0
0,0x008b025a,0x00000000,9,2,633,147906535,428,1233,0x008b025a,0x00006702,0,0
1,0xc0000122,0x00000000,6,4,51278,135177126,398,1339,0x0600f408,0xff84ed2e,0,0
2,0xc0000122,0x00000000,6,4,22524,135184953,398,1339,0x0600f608,0x0036f88e,0,0
2,0xc0000376,0x00000000,9,2,646,135217077,398,1339,0xc0000376,0x00008b01,0,0
1,0xc0000376,0x00000000,9,2,7530,135283587,398,1339,0xc0000376,0x00008b01,0,0
0,0x008b1334,0x00000000,6,4,100,134212258,395,1255,0x00ffffdc,0x008b1338,0,0
0,0x008b0b8e,0x00000000,10,4,5,1313185,9,1236,0x00ffffb8,0x008b0bb8,0,0
0,0x008b109e,0x00000000,9,2,7,169945068,482,784,0x008b109e,0x00006000,0,0
0,0x008b0bb4,0x00000000,9,2,5,1312149,9,1235,0x008b0bb4,0x00004eba,0,0
0,0x008b06ca,0x00000000,9,2,3,133677066,392,742,0x008b06ca,0x00001e2b,0,0
0,0x008b01e0,0x00000000,9,2,485,134212497,395,1339,0x008b01e0,0x00006636,0,0
1,0xc00002fc,0x00000000,9,2,4572,135262048,398,1339,0xc00002fc,0x000051c7,0,0
2,0xc00002fc,0x00000000,9,2,312,179799310,506,1339,0xc00002fc,0x000051c7,0,0
0,0x008b150e,0x00000000,9,2,15,302660404,834,1234,0x008b150e,0x00007000,0,0
0,0x008b062a,0x00000000,10,4,3,133676816,392,742,0x008b2b20,0x008b8118,0,0
0,0x00898974,0x00000000,6,2,1411,134171991,394,1339,0x00a15112,0x00000000,1,1
0,0x008b0650,0x00000000,9,2,3,133676835,392,742,0x008b0650,0x00006776,0,0
0,0x008b0166,0x00000000,9,2,284,134212479,395,1339,0x008b0166,0x00004a05,0,0
1,0xc0000282,0x00000000,9,2,22210,135177084,398,1339,0xc0000282,0x0000000b,0,0
2,0xc0000282,0x00000000,9,2,12629,135187062,398,1339,0xc0000282,0x0000000b,0,0
0,0x008988fa,0x00000000,6,2,1411,134170366,394,1339,0x00a15112,0x0000f03c,1,1
0,0x008b00ec,0x00000000,9,2,11,138401308,405,1143,0x008b00ec,0x00006004,0,0
2,0x00000208,0x00000000,9,2,11,87800,3,5,0x00000208,0x0000c608,0,0
1,0x00000208,0x00000000,9,2,1,87842,3,3,0x00000208,0x0000c801,0,0
1,0xc0000208,0x00000000,9,2,215206,135176916,398,1339,0xc0000208,0x00008b08,0,0
2,0xc0000208,0x00000000,9,2,101474,135184755,398,1339,0xc0000208,0x00008b08,0,0
0,0x008b13f4,0x00000000,10,1,13,134217435,395,774,0x008b8353,0x00000001,0,0
0,0x008b05a8,0x00000000,9,2,3,95429568,241,1235,0x008b05a8,0x00006500,0,0
0,0x008b00be,0x00000000,9,2,38,134205662,394,1234,0x008b00be,0x00001d7c,0,0
1,0xc00001da,0x00000000,9,2,47606,135141594,398,1339,0xc00001da,0x00004118,0,0
2,0xc00001da,0x00000000,9,2,98871,135147068,398,1339,0xc00001da,0x00004118,0,0
0,0x008b13ec,0x00000000,9,2,13,134217428,395,774,0x008b13ec,0x00001b5c,0,0
0,0x008b0044,0x00000000,9,2,1114,3122084,15,1339,0x008b0044,0x00007e05,0,0
1,0xc000064a,0x00000000,9,2,4290,135248414,398,1339,0xc000064a,0x0000040a,0,0
2,0xc000064a,0x00000000,9,2,20,179796817,506,512,0xc000064a,0x0000040a,0,0
1,0xc0000160,0x00000000,9,2,106143,135141636,398,1339,0xc0000160,0x0000054f,0,0
2,0xc0000160,0x00000000,9,2,54518,135147110,398,1339,0xc0000160,0x0000054f,0,0
2,0xc0000670,0x00000000,10,4,3016,135427480,398,1339,0xc0000784,0xffff4b9c,0,1
1,0xc0000670,0x00000000,10,4,13910,270039073,743,1232,0xc0000784,0xffff4b80,0,1
0,0x00892e3c,0x00000000,9,2,576,270693940,744,871,0x00892e3c,0x000073f8,0,0
0,0x008b0fc0,0x00000000,6,1,163,133677506,392,1233,0x00c00011,0x0000009f,0,0
1,0xc00005d0,0x00000000,9,2,16,155330627,446,1115,0xc00005d0,0x0000e320,0,0
2,0xc00000e6,0x00000000,9,2,20573,135425759,398,1339,0xc00000e6,0x000063d5,0,0
1,0xc00000e6,0x00000000,9,2,11812,135505719,398,1339,0xc00000e6,0x000063d5,0,0
0,0x008b0a5c,0x00000000,6,4,2,95429578,241,349,0x00ffffe4,0x008b0a60,0,0
0,0x008989b2,0x00000000,9,2,1411,134172766,394,1339,0x008989b2,0x00003499,0,0
0,0x008989d8,0x00000000,10,2,1411,134173314,394,1339,0x00ff60ec,0x00000000,0,0
1,0xc0000556,0x00000000,9,2,5,159048679,455,1115,0xc0000556,0x0000b059,0,0
2,0xc0000556,0x00000000,9,2,1,181179137,509,509,0xc0000556,0x0000b059,0,0
1,0xc000006c,0x00000000,9,2,18107,135176838,398,1339,0xc000006c,0x000066d5,0,0
2,0xc000006c,0x00000000,9,2,46607,135184677,398,1339,0xc000006c,0x000066d5,0,0
0,0x008b000e,0x00000000,6,1,1118,3032195,14,1339,0x00ff850e,0x00000000,0,0
0,0x00898938,0x00000000,9,2,1411,134171137,394,1339,0x00898938,0x00003499,0,0
0,0x0089895e,0x00000000,10,2,1411,134171673,394,1339,0x00ff6072,0x00000000,0,0
0,0x008b03e6,0x00000000,10,4,284,134212567,395,1339,0x00ffffe4,0x008b0136,0,0
1,0xc00004dc,0x00000000,9,2,2,159050006,455,473,0xc00004dc,0x0000b096,0,0
0,0x008b0e52,0x00000000,6,4,1148,134466135,395,1233,0x00ffffe4,0x008b0e56,0,0
0,0x008b0d1a,0x00000000,9,2,895,1312424,9,1339,0x008b0d1a,0x00004e75,0,0
0,0x008b122a,0x00000000,10,1,12,134205680,394,1234,0x00ff8549,0x00000000,0,0
1,0xc0000462,0x00000000,9,2,8,159041893,455,1115,0xc0000462,0x0000e210,0,0
0,0x008b118a,0x00000000,9,2,83,458023504,1257,1339,0x008b118a,0x00004880,0,0
0,0x008b0ca0,0x00000000,9,2,93,306174701,844,1339,0x008b0ca0,0x00004e75,0,0
0,0x0089897c,0x00000000,6,2,1411,134172117,394,1339,0x00a15112,0x00000000,1,1
0,0x008b07b6,0x00000000,9,2,4,305106122,841,1255,0x008b07b6,0x00007c30,0,0
0,0x008b02cc,0x00000000,9,2,799,169944907,482,1339,0x008b02cc,0x0000e049,0,0
1,0xc00003e8,0x00000000,9,2,2,179773661,506,509,0xc00003e8,0x0000aff8,0,0
2,0xc00003e8,0x00000000,9,2,86,179799254,506,1339,0xc00003e8,0x0000aff8,0,0
0,0x008b0c26,0x00000000,9,2,2,1049095,8,14,0x008b0c26,0x000043f9,0,0
0,0x00898902,0x00000000,6,2,1411,134170472,394,1339,0x00a15112,0x0000dc64,1,1
0,0x008b073c,0x00000000,9,2,3,133677193,392,742,0x008b073c,0x00006a06,0,0
0,0x008b0278,0x00000000,10,4,93,148319307,429,1233,0x00ffffe4,0x008b0e5a,0,0
2,0xc000036e,0x00000000,9,2,646,135217074,398,1339,0xc000036e,0x00003463,0,0
1,0xc000036e,0x00000000,9,2,7530,135283584,398,1339,0xc000036e,0x00003463,0,0
2,0xc0000394,0x00000000,10,4,1168,135184841,398,1339,0xc00003f4,0x00100000,0,0
1,0xc0000394,0x00000000,10,4,954,135251207,398,1339,0xc00003f4,0x00100000,0,0
0,0x008b0ce4,0x00000000,6,1,1996,1311412,9,1339,0x00a04000,0x0000002b,0,0
0,0x0088169c,0x00000000,9,2,1127,2629427,14,1339,0x0088169c,0x0000227b,0,0
1,0xc00002f4,0x00000000,9,2,784,405502342,1115,1232,0xc00002f4,0x00000028,0,0
2,0xc000031a,0x00000000,10,2,11222,135187037,398,1339,0x0600f61e,0x00000005,0,0
1,0xc000031a,0x00000000,10,2,26814,135248519,398,1339,0x0600f46e,0x0000fc5b,0,0
0,0x008b1506,0x00000000,9,2,112,169945137,482,1339,0x008b1506,0x0000101c,0,0
0,0x008b0780,0x00000000,6,1,3,133677549,392,742,0x00c00011,0x000000ff,0,0
0,0x00881138,0x00000000,9,2,12,128469327,374,1237,0x00881138,0x00006106,0,0
0,0x008b0648,0x00000000,9,2,3,133676831,392,742,0x008b0648,0x00005c4c,0,0
0,0x008b066e,0x00000000,10,1,18,133676848,392,742,0x008b078c,0x00000006,0,0
0,0x008b1440,0x00000000,9,2,3,315758481,871,1234,0x008b1440,0x0000422e,0,0
0,0x008b0f56,0x00000000,9,2,976,134217383,395,1234,0x008b0f56,0x0000dc40,0,0
0,0x008b0098,0x00000000,9,2,1114,3531886,15,1339,0x008b0098,0x00007e01,0,0
2,0xc000069e,0x00000000,9,2,1508,135427517,398,1339,0xc000069e,0x00002f26,0,0
1,0xc000069e,0x00000000,9,2,6955,270039110,743,1232,0xc000069e,0x00002f26,0,0
2,0xc00001b4,0x00000000,9,2,275463,135421583,398,1339,0xc00001b4,0x00004008,0,0
1,0xc00001b4,0x00000000,9,2,15993,135441743,398,1339,0xc00001b4,0x00004008,0,0
0,0x008b09f2,0x00000000,9,2,2,95429653,241,349,0x008b09f2,0x00004bee,0,0
0,0x008b1438,0x00000000,10,1,11,170041808,483,1234,0x00ff850e,0x00000000,0,0
0,0x008b001e,0x00000000,9,2,1118,3032206,14,1339,0x008b001e,0x00004eba,0,0
0,0x008b068c,0x00000000,6,2,18,133676866,392,742,0x00ff8548,0x00000000,1,1
1,0xc0000624,0x00000000,9,2,4290,135248387,398,1339,0xc0000624,0x00006409,0,0
2,0xc0000624,0x00000000,9,2,20,179796790,506,512,0xc0000624,0x00006409,0,0
1,0xc000013a,0x00000000,9,2,106117,135141583,398,1339,0xc000013a,0x000060d5,0,0
2,0xc000013a,0x00000000,9,2,91810,135147057,398,1339,0xc000013a,0x000060d5,0,0
2,0xc00002be,0x00000000,6,4,12221,135184906,398,1339,0x06013004,0x004e0008,0,0
1,0xc00002be,0x00000000,6,4,28869,135248614,398,1339,0x06010004,0x08c6fbf7,0,0
0,0x008b0e62,0x00000000,9,2,96,134217242,395,1234,0x008b0e62,0x0000286d,0,0
1,0xc00005aa,0x00000000,9,2,10,155336362,446,869,0xc00005aa,0x0000ae6c,0,0
0,0x008b0ed4,0x00000000,10,1,716,134466223,395,1234,0x00ff86c0,0x00000082,0,0
0,0x000000c0,0x00000000,9,2,1,285281,5,5,0x000000c0,0x00004e71,0,0
1,0xc00000c0,0x00000000,9,2,55989,135176862,398,1339,0xc00000c0,0x0000e730,0,0
2,0xc00000c0,0x00000000,9,2,310397,135184701,398,1339,0xc00000c0,0x0000e730,0,0
1,0xc000061c,0x00000000,10,4,4290,135248381,398,1339,0xc000070c,0x00009000,0,0
2,0xc000061c,0x00000000,10,4,20,179796784,506,512,0xc000070c,0x00009000,0,0
1,0xc0000132,0x00000000,10,4,896,135141577,398,1339,0xc00001a8,0xc0000770,0,0
2,0xc0000132,0x00000000,10,4,38588,135147051,398,1339,0xc00001a8,0xc0000770,0,0
0,0x0089898c,0x00000000,9,2,1411,134172329,394,1339,0x0089898c,0x00003499,0,0
2,0xc0000530,0x00000000,9,2,1,179799064,506,506,0xc0000530,0x0000e310,0,0
1,0xc0000530,0x00000000,9,2,1,405494405,1115,1115,0xc0000530,0x0000e310,0,0
1,0xc0000046,0x00000000,9,2,7227,135186694,398,1339,0xc0000046,0x000050ea,0,0
2,0xc0000046,0x00000000,9,2,44797,135264839,398,1339,0xc0000046,0x000050ea,0,0
1,0xc00000b8,0x00000000,10,2,37882,135177140,398,1339,0x220ae0c2,0x00000040,0,0
2,0xc00000b8,0x00000000,10,2,301458,135184989,398,1339,0x220b1ce4,0x00000020,0,0
0,0x00898912,0x00000000,9,2,1411,134170590,394,1339,0x00898912,0x00003499,0,0
1,0xc00004b6,0x00000000,9,2,32,162723737,464,1339,0xc00004b6,0x0000b0a2,0,0
0,0x00898984,0x00000000,10,2,1411,134172220,394,1339,0x00ff6098,0x00000000,0,0
1,0xc0000150,0x00000000,6,4,106116,135141623,398,1339,0xffffff00,0xff7124ce,0,0
2,0xc0000150,0x00000000,6,4,54142,135147097,398,1339,0xffffff00,0x0036f88e,0,0
1,0xc0000528,0x00000000,10,4,493,135253668,398,1339,0x0600ff60,0xc0000230,0,0
2,0xc0000528,0x00000000,10,4,3,181178679,509,512,0x0600ffe4,0xc0000230,0,0
0,0x008b0cf4,0x00000000,9,2,832,134214967,395,1339,0x008b0cf4,0x0000142d,0,0
2,0xc000043c,0x00000000,9,2,452,135225664,398,1339,0xc000043c,0x0000afee,0,0
1,0xc000043c,0x00000000,9,2,886,135297205,398,1339,0xc000043c,0x0000afee,0,0
0,0x0089890a,0x00000000,10,2,1411,134170483,394,1339,0x00ff601e,0x00000478,0,0
1,0xc00000d6,0x00000000,6,4,7562,135186501,398,1339,0x0600f430,0x001d4000,0,0
2,0xc00000d6,0x00000000,6,4,1836,135264646,398,1339,0x0600f630,0x00131000,0,0
0,0x008b1164,0x00000000,9,2,82,458028998,1258,1339,0x008b1164,0x00004e75,0,0
0,0x008b0c7a,0x00000000,9,2,241,169945000,482,1339,0x008b0c7a,0x00007028,0,0
0,0x008b02a6,0x00000000,9,2,842,169944878,482,1339,0x008b02a6,0x00000815,0,0
0,0x008989a2,0x00000000,6,2,1411,134172648,394,1339,0x00a15112,0x00000000,1,1
0,0x0088bc1c,0x00000000,9,2,1,134753638,397,397,0x0088bc1c,0x00006000,0,0
1,0xc000005c,0x00000000,6,2,18107,135176790,398,1339,0xc0000702,0x00000e00,0,0
2,0xc000005c,0x00000000,6,2,8939,135184629,398,1339,0xc0000702,0x00000c00,0,0
0,0x008b10ea,0x00000000,9,2,3,134217627,395,754,0x008b10ea,0x00006000,0,0
0,0x00898928,0x00000000,6,2,1411,134170909,394,1339,0x00a15112,0x0000220a,1,1
2,0xc0000348,0x00000000,9,2,12221,135184833,398,1339,0xc0000348,0x000056ca,0,0
1,0xc0000348,0x00000000,9,2,28899,135248550,398,1339,0xc0000348,0x000056ca,0,0
0,0x008b155a,0x00000000,9,2,10,273875856,753,834,0x008b155a,0x00004e75,0,0
0,0x008b029e,0x00000000,10,1,2266,134465954,395,1234,0x00ff857a,0x00000000,0,0
1,0xc00003ba,0x00000000,10,4,4573,135261995,398,1339,0x0600f458,0x00009000,0,0
2,0xc00003ba,0x00000000,10,4,312,179799251,506,1339,0x0600f658,0x00009000,0,0
0,0x008b0b86,0x00000000,9,2,5,1313182,9,1236,0x008b0b86,0x000033fc,0,0
0,0x008b069c,0x00000000,9,2,3,133676996,392,742,0x008b069c,0x0000660a,0,0
0,0x008b0d0a,0x00000000,6,1,895,1312417,9,1339,0x00a04002,0x00000040,0,0
0,0x008b01b2,0x00000000,9,2,344,134205715,394,1339,0x008b01b2,0x00001005,0,0
0,0x008b0820,0x00000000,6,1,4,305106194,841,1255,0x00ff878e,0x00000001,0,0
1,0xc00002ce,0x00000000,9,2,5910,135261944,398,1339,0xc00002ce,0x00006093,0,0
2,0xc00002ce,0x00000000,9,2,534,179799200,506,1339,0xc00002ce,0x00006093,0,0
0,0x008b0b0c,0x00000000,9,2,2060,134712384,396,1233,0x008b0b0c,0x00004a10,0,0
0,0x008b066e,0x00000000,9,2,18,133676847,392,742,0x008b066e,0x0000135a,0,0
0,0x008b0184,0x00000000,9,2,200,134212484,395,1255,0x008b0184,0x00006744,0,0
2,0xc00002a0,0x00000000,9,2,12221,135184860,398,1339,0xc00002a0,0x0000e1fe,0,0
1,0xc00002a0,0x00000000,9,2,28899,135248568,398,1339,0xc00002a0,0x0000e1fe,0,0
0,0x008b0fc8,0x00000000,9,2,5,1313187,9,1236,0x008b0fc8,0x000041f9,0,0
1,0xc0000226,0x00000000,9,2,10183,135176990,398,1339,0xc0000226,0x00006103,0,0
2,0xc0000226,0x00000000,9,2,36328,135264170,398,1339,0xc0000226,0x00006103,0,0
0,0x008b1438,0x00000000,9,2,11,170041807,483,1234,0x008b1438,0x00004a2e,0,0
1,0xc000013a,0x00000000,10,2,106117,135141584,398,1339,0x220adc68,0x0000e34b,0,0
2,0xc000013a,0x00000000,10,2,91810,135147058,398,1339,0x220b18a8,0x0000e1b7,0,0
0,0x008b0a64,0x00000000,9,2,2,95429663,241,349,0x008b0a64,0x00001d7c,0,0
0,0x008b057a,0x00000000,9,2,1117,4023005,16,1339,0x008b057a,0x00000c07,0,0
2,0xc0000696,0x00000000,9,2,1508,135427512,398,1339,0xc0000696,0x0000060a,0,0
1,0xc0000696,0x00000000,9,2,6955,270039105,743,1232,0xc0000696,0x0000060a,0,0
0,0x008b0e62,0x00000000,10,4,96,134217243,395,1234,0x00ff8694,0x008b8357,0,0
2,0xc00001ac,0x00000000,9,2,262159,135588933,398,1338,0xc00001ac,0x00006033,0,0
0,0x008b0ed4,0x00000000,9,2,716,134466222,395,1234,0x008b0ed4,0x00000815,0,0
0,0x008b0016,0x00000000,9,2,1118,3032198,14,1339,0x008b0016,0x00006600,0,0
1,0xc000061c,0x00000000,9,2,4290,135248380,398,1339,0xc000061c,0x000050e3,0,0
2,0xc000061c,0x00000000,9,2,20,179796783,506,512,0xc000061c,0x000050e3,0,0
0,0x008b003c,0x00000000,6,4,551,134205657,394,1234,0x00ffffe8,0x008b0040,0,0
1,0xc0000132,0x00000000,9,2,896,135141576,398,1339,0xc0000132,0x0000d51d,0,0
2,0xc0000132,0x00000000,9,2,38588,135147050,398,1339,0xc0000132,0x0000d51d,0,0
0,0x0089898c,0x00000000,10,2,1411,134172330,394,1339,0x00ff60a0,0x00000000,0,0
0,0x008b1344,0x00000000,9,2,25,134212395,395,1255,0x008b1344,0x00004eba,0,0
0,0x008b0e5a,0x00000000,9,2,1148,134466174,395,1233,0x008b0e5a,0x00006000,0,0
1,0xc0000046,0x00000000,10,4,7227,135186695,398,1339,0xc0000728,0x06012fec,0,0
2,0xc0000046,0x00000000,10,4,1780,135264840,398,1339,0xc0000728,0x06015fec,0,0
2,0xc0000046,0x00000000,10,2,43017,135588798,398,1338,0x06018020,0x00000078,0,0
1,0xc00005a2,0x00000000,9,2,10,155336336,446,869,0xc00005a2,0x0000e230,0,0
1,0xc00000b8,0x00000000,9,2,37882,135177139,398,1339,0xc00000b8,0x000066d5,0,0
2,0xc00000b8,0x00000000,9,2,301458,135184988,398,1339,0xc00000b8,0x000066d5,0,0
0,0x00898912,0x00000000,10,2,1411,134170591,394,1339,0x00ff6026,0x0000cd00,0,0
1,0xc00000de,0x00000000,6,4,7562,135186508,398,1339,0x0600f43c,0x00000000,0,0
2,0xc00000de,0x00000000,6,4,1836,135264653,398,1339,0x0600f63c,0x00a7ffff,0,0
0,0x00898984,0x00000000,9,2,1411,134172219,394,1339,0x00898984,0x00003499,0,0
0,0x008989aa,0x00000000,6,2,1411,134172756,394,1339,0x00a15112,0x00000000,1,1
1,0xc0000528,0x00000000,9,2,493,135253667,398,1339,0xc0000528,0x00004f26,0,0
2,0xc0000528,0x00000000,9,2,3,181178678,509,512,0xc0000528,0x00004f26,0,0
0,0x008b0cf4,0x00000000,10,1,832,134214968,395,1339,0x00ff8601,0x00000004,0,0
1,0xc000003e,0x00000000,9,2,7562,135186586,398,1339,0xc000003e,0x000089e5,0,0
2,0xc000003e,0x00000000,9,2,39504,135264731,398,1339,0xc000003e,0x000089e5,0,0
0,0x0089890a,0x00000000,9,2,1411,134170482,394,1339,0x0089890a,0x00003499,0,0
0,0x008b1164,0x00000000,10,4,82,458028999,1258,1339,0x00ffffe0,0x008b0160,0,0
0,0x00898930,0x00000000,6,2,1411,134171035,394,1339,0x00a15112,0x00000000,1,1
1,0xc00004ae,0x00000000,9,2,32,162723626,464,1339,0xc00004ae,0x0000e320,0,0
0,0x008b02a6,0x00000000,10,1,842,169944879,482,1339,0x00ff8570,0x00000080,0,0
0,0x008b0cec,0x00000000,9,2,1996,1311416,9,1339,0x008b0cec,0x000066fa,0,0
0,0x008b0802,0x00000000,9,2,48,305106141,841,1255,0x008b0802,0x0000429a,0,0
2,0xc0000434,0x00000000,9,2,452,135225659,398,1339,0xc0000434,0x00007302,0,0
1,0xc0000434,0x00000000,9,2,917,135297200,398,1339,0xc0000434,0x00007302,0,0
0,0x008b115c,0x00000000,9,2,1,458560992,1258,1258,0x008b115c,0x00001d81,0,0
2,0xc0000348,0x00000000,10,4,12221,135184834,398,1339,0x0600f628,0x0036f88e,0,0
1,0xc0000348,0x00000000,10,4,28899,135248551,398,1339,0x0600f478,0x000f5506,0,0
0,0x008b0c72,0x00000000,9,2,284,134212571,395,1339,0x008b0c72,0x00006614,0,0
0,0x008b1182,0x00000000,6,2,1,457494920,1255,1255,0x00ff879e,0x0000fe00,0,0
0,0x008b0788,0x00000000,9,2,3,133677550,392,742,0x008b0788,0x0000584f,0,0
0,0x008b029e,0x00000000,9,2,2266,134465953,395,1234,0x008b029e,0x00004a2d,0,0
0,0x008b155a,0x00000000,10,4,10,273875857,753,834,0x00ffffe0,0x008b0160,0,0
1,0xc00003ba,0x00000000,9,2,4573,135261994,398,1339,0xc00003ba,0x000054c2,0,0
2,0xc00003ba,0x00000000,9,2,312,179799250,506,1339,0xc00003ba,0x000054c2,0,0
0,0x008b070e,0x00000000,9,2,3,133677160,392,742,0x008b070e,0x00007e05,0,0
2,0xc0000340,0x00000000,9,2,12221,135184827,398,1339,0xc0000340,0x00002199,0,0
1,0xc0000340,0x00000000,9,2,28899,135248544,398,1339,0xc0000340,0x00002199,0,0
0,0x008b0b0c,0x00000000,10,1,2060,134712385,396,1233,0x00ff8540,0x00000080,0,0
0,0x00881a92,0x00000000,9,2,139,136193857,400,1338,0x00881a92,0x000073f6,0,0
0,0x008b00e4,0x00000000,9,2,11,138401304,405,1143,0x008b00e4,0x0000534c,0,0
1,0xc0000200,0x00000000,9,2,215595,135176911,398,1339,0xc0000200,0x00003213,0,0
2,0xc0000200,0x00000000,9,2,101579,135184750,398,1339,0xc0000200,0x00003213,0,0
0,0x008b13ec,0x00000000,10,1,13,134217429,395,774,0x008b8351,0x00000010,0,0
0,0x008b0f28,0x00000000,9,2,1178,134217371,395,1234,0x008b0f28,0x0000e548,0,0
0,0x008b1484,0x00000000,6,4,3,315758509,871,1234,0x00ffffdc,0x008b1488,0,0
1,0xc0000160,0x00000000,10,4,212259,135141637,398,1339,0xc0000774,0x0009f800,0,1
2,0xc0000160,0x00000000,10,4,108284,135147111,398,1339,0xc0000774,0x0009f800,0,1
2,0xc0000670,0x00000000,9,2,1508,135427479,398,1339,0xc0000670,0x0000054f,0,0
1,0xc0000670,0x00000000,9,2,6955,270039072,743,1232,0xc0000670,0x0000054f,0,0
1,0xc0000186,0x00000000,9,2,106116,135141668,398,1339,0xc0000186,0x0000328c,0,0
2,0xc0000186,0x00000000,9,2,54142,135147142,398,1339,0xc0000186,0x0000328c,0,0
0,0x008b1398,0x00000000,9,2,10,308801234,851,1258,0x008b1398,0x00000240,0,0
0,0x008b00dc,0x00000000,6,1,26,134205709,394,1193,0x00ff8550,0x00000082,0,0
2,0xc00000e6,0x00000000,10,2,4288,135425760,398,1339,0x0603d4dc,0x0000d2e7,0,0
1,0xc00000e6,0x00000000,10,2,11812,135505720,398,1339,0x0603c57c,0x00000d72,0,0
1,0xc00005f6,0x00000000,9,2,1,405604202,1115,1115,0xc00005f6,0x0000b009,0,0
1,0xc000010c,0x00000000,9,2,140630,135176809,398,1339,0xc000010c,0x00001732,0,0
2,0xc000010c,0x00000000,9,2,83166,135184648,398,1339,0xc000010c,0x00001732,0,0
0,0x008b131e,0x00000000,9,2,25,134212246,395,1255,0x008b131e,0x00000244,0,0
0,0x008989b2,0x00000000,10,2,1411,134172767,394,1339,0x00ff60c6,0x00000000,0,0
0,0x008989d8,0x00000000,9,2,1411,134173313,394,1339,0x008989d8,0x00003499,0,0
1,0xc000006c,0x00000000,10,2,18107,135176839,398,1339,0x220ae0ba,0x00000020,0,0
2,0xc000006c,0x00000000,10,2,8939,135184678,398,1339,0x220b1cdc,0x00000010,0,0
1,0xc000057c,0x00000000,9,2,13,155331085,446,1115,0xc000057c,0x0000e220,0,0
0,0x008b0ea6,0x00000000,6,2,52,281348432,774,1234,0x00ff86a0,0x000000c9,1,1
1,0xc0000092,0x00000000,9,2,11624,135176991,398,1339,0xc0000092,0x0000e650,0,0
2,0xc0000092,0x00000000,9,2,6681,135264171,398,1339,0xc0000092,0x0000e650,0,0
0,0x00898938,0x00000000,10,2,1411,134171138,394,1339,0x00ff604c,0x00000000,0,0
0,0x008827da,0x00000000,6,4,4,128464080,374,1237,0x00fffff0,0x008827dc,0,0
0,0x0089895e,0x00000000,9,2,1411,134171672,394,1339,0x0089895e,0x00003499,0,0
0,0x008b03e6,0x00000000,9,2,284,134212566,395,1339,0x008b03e6,0x00004e75,0,0
1,0xc0000502,0x00000000,9,2,7,159053804,455,509,0xc0000502,0x0000bec1,0,0
1,0xc0000018,0x00000000,9,2,56884,135176776,398,1339,0xc0000018,0x0000880c,0,0
2,0xc0000018,0x00000000,9,2,66741,135184615,398,1339,0xc0000018,0x0000880c,0,0
0,0x008989d0,0x00000000,6,2,1411,134173211,394,1339,0x00a15112,0x00000000,1,1
0,0x008b0d1a,0x00000000,10,2,2,315793395,871,871,0x00ff0004,0x00002a40,1,2
0,0x008b0d1a,0x00000000,10,4,895,1312425,9,1339,0x00ffffb4,0x008b0b78,0,0
0,0x008b122a,0x00000000,9,2,12,134205679,394,1234,0x008b122a,0x0000d12d,0,0
0,0x008b0d40,0x00000000,9,2,142,134212633,395,1255,0x008b0d40,0x00004e71,0,0
1,0xc0000488,0x00000000,9,2,4,159052573,455,1115,0xc0000488,0x0000af20,0,0
0,0x00898956,0x00000000,6,2,1411,134171566,394,1339,0x00a15112,0x00000000,1,1
0,0x008b0ca0,0x00000000,10,4,93,306174702,844,1339,0x00ffffe0,0x008b0166,0,0
2,0xc0000010,0x00000000,6,4,40603,135588764,398,1338,0x46018030,0x00000000,0,0
2,0xc000040e,0x00000000,9,2,9106,135184870,398,1339,0xc000040e,0x00004409,0,0
1,0xc000040e,0x00000000,9,2,13107,135250350,398,1339,0xc000040e,0x00004409,0,0
0,0x008b0d38,0x00000000,6,2,142,134212632,395,1255,0x00a11100,0x00000000,0,0
0,0x008b0c4c,0x00000000,9,2,2,1311377,9,15,0x008b0c4c,0x00004e71,0,0
0,0x008b0762,0x00000000,9,2,18,133677247,392,742,0x008b0762,0x000051cc,0,0
0,0x008b0278,0x00000000,9,2,93,148319306,429,1233,0x008b0278,0x00004e75,0,0
2,0xc0000394,0x00000000,9,2,1168,135184840,398,1339,0xc0000394,0x0000d117,0,0
1,0xc0000394,0x00000000,9,2,954,135251206,398,1339,0xc0000394,0x0000d117,0,0
0,0x008b0cbe,0x00000000,6,4,473,1311406,9,1339,0x00ffffb4,0x008b0cc2,0,0
0,0x0088169c,0x00000000,10,4,1127,2629428,14,1339,0x008816b6,0x008819fe,0,0
2,0xc000031a,0x00000000,9,2,11222,135187036,398,1339,0xc000031a,0x0000c50f,0,0
1,0xc000031a,0x00000000,9,2,26814,135248518,398,1339,0xc000031a,0x0000c50f,0,0
0,0x008b1506,0x00000000,10,1,112,169945138,482,1339,0x008b8dad,0x000000e9,0,0
0,0x008b0b58,0x00000000,9,2,15,1312165,9,1235,0x008b0b58,0x00001202,0,0
