# VRD_MMIO_TRACE version=3 capacity=1048576 sh2_drc=0 profile_pc=0 profile_pc_env=0 m68k_batching=normal instruction_start_hook=1 m68k_direct=1 master_direct=1 coverage_from_start=1 pc_allowlist=m68k:0x0001C6FE-0x0001C76C|0x0001C8B0-0x0001C930|0x0001C930-0x0001CB0E;master:0x06000460-0x06000478|0x02301500-0x023025E0|0x02304000-0x02304314|0x02304500-0x02304504|0x02304600-0x0230466C
# FILTER q027_passive=1 m68k_system=0x00A15100-0x00A1513F master_system=0x20004000-0x2000403F master_peripheral=0xFFFFFE00-0xFFFFFFFF master_sdram=all_writes master_framebuffer=all_writes master_regs=exact_instruction_pc
sequence,frame,cpu,pc,op,address,width,value
0,5,master,0x02304618,write,0x2600BC60,4,0x0
1,5,master,0x02304618,write,0x2600BC64,4,0x0
2,5,master,0x02304618,write,0x2600BC68,4,0x0
3,5,master,0x02304618,write,0x2600BC6C,4,0x0
4,5,master,0x02304618,write,0x2600BC70,4,0x0
5,5,master,0x02304618,write,0x2600BC74,4,0x0
6,5,master,0x02304618,write,0x2600BC78,4,0x0
7,5,master,0x02304618,write,0x2600BC7C,4,0x0
8,5,master,0x02304618,write,0x2600BC80,4,0x0
9,5,master,0x02304618,write,0x2600BC84,4,0x0
10,5,master,0x02304618,write,0x2600BC88,4,0x0
11,5,master,0x02304618,write,0x2600BC8C,4,0x0
12,5,master,0x02304618,write,0x2600BC90,4,0x0
13,5,master,0x02304618,write,0x2600BC94,4,0x0
14,5,master,0x02304618,write,0x2600BC98,4,0x0
15,5,master,0x02304618,write,0x2600BC9C,4,0x0
16,5,master,0x02304624,write,0x2600BC60,4,0x51323749
17,5,master,0x0230462E,write,0x2600BC00,4,0x0
18,5,master,0x0230462E,write,0x2600BC04,4,0x0
19,5,master,0x0230462E,write,0x2600BC08,4,0x0
20,5,master,0x0230462E,write,0x2600BC0C,4,0x0
21,5,master,0x0230463A,write,0x2600FB64,4,0x5132374B
22,5,master,0x02304642,write,0x2600FC00,4,0x0
23,5,master,0x02304644,write,0x2600FC04,4,0x0
24,5,master,0x02304646,write,0x2600FC08,4,0x0
25,5,master,0x02304648,write,0x2600FC0C,4,0x0
26,5,master,0x06000464,read,0x20004020,1,0x0
27,5,master,0x06000464,read,0x20004020,1,0x0
28,5,master,0x06000464,read,0x20004020,1,0x0
29,5,master,0x06000464,read,0x20004020,1,0x0
30,5,master,0x06000464,read,0x20004020,1,0x0
31,5,master,0x06000464,read,0x20004020,1,0x0
32,5,master,0x06000464,read,0x20004020,1,0x0
33,5,master,0x06000464,read,0x20004020,1,0x0
34,5,master,0x06000464,read,0x20004020,1,0x0
35,5,master,0x06000464,read,0x20004020,2,0x0
36,6,master,0x06000464,read,0x20004020,2,0x0
37,7,master,0x06000464,read,0x20004020,2,0x0
38,8,master,0x06000464,read,0x20004020,2,0x0
39,9,master,0x06000464,read,0x20004020,2,0x0
40,10,master,0x06000464,read,0x20004020,2,0x0
41,11,master,0x06000464,read,0x20004020,2,0x0
42,12,master,0x06000464,read,0x20004020,2,0x0
43,13,master,0x06000464,read,0x20004020,2,0x0
44,14,master,0x06000464,read,0x20004020,1,0x1
45,14,master,0x0600046A,read,0x20004021,1,0x6
46,167,master,0x06000464,read,0x20004020,1,0x0
47,167,master,0x06000464,read,0x20004020,1,0x0
48,167,master,0x06000464,read,0x20004020,1,0x0
49,167,master,0x06000464,read,0x20004020,1,0x0
50,167,master,0x06000464,read,0x20004020,1,0x0
51,167,master,0x06000464,read,0x20004020,1,0x0
52,167,master,0x06000464,read,0x20004020,1,0x0
53,167,master,0x06000464,read,0x20004020,1,0x0
54,167,master,0x06000464,read,0x20004020,1,0x0
55,167,master,0x06000464,read,0x20004020,1,0x0
56,167,master,0x06000464,read,0x20004020,2,0x6
57,168,master,0x06000464,read,0x20004020,2,0x6
58,169,master,0x06000464,read,0x20004020,2,0x6
59,170,master,0x06000464,read,0x20004020,2,0x6
60,171,master,0x06000464,read,0x20004020,2,0x6
61,172,master,0x06000464,read,0x20004020,2,0x6
62,173,master,0x06000464,read,0x20004020,2,0x6
63,174,master,0x06000464,read,0x20004020,2,0x6
64,175,master,0x06000464,read,0x20004020,2,0x6
65,176,master,0x06000464,read,0x20004020,2,0x6
66,177,master,0x06000464,read,0x20004020,2,0x6
67,178,master,0x06000464,read,0x20004020,2,0x6
68,179,master,0x06000464,read,0x20004020,2,0x6
69,180,master,0x06000464,read,0x20004020,2,0x6
70,181,master,0x06000464,read,0x20004020,2,0x6
71,182,master,0x06000464,read,0x20004020,2,0x6
72,183,master,0x06000464,read,0x20004020,2,0x6
73,184,master,0x06000464,read,0x20004020,2,0x6
74,185,master,0x06000464,read,0x20004020,2,0x6
75,186,master,0x06000464,read,0x20004020,2,0x6
76,187,master,0x06000464,read,0x20004020,2,0x6
77,188,master,0x06000464,read,0x20004020,2,0x6
78,189,master,0x06000464,read,0x20004020,2,0x6
79,190,master,0x06000464,read,0x20004020,2,0x6
80,191,master,0x06000464,read,0x20004020,2,0x6
81,192,master,0x06000464,read,0x20004020,2,0x6
82,193,master,0x06000464,read,0x20004020,2,0x6
83,194,master,0x06000464,read,0x20004020,2,0x6
84,195,master,0x06000464,read,0x20004020,2,0x6
85,196,master,0x06000464,read,0x20004020,2,0x6
86,197,master,0x06000464,read,0x20004020,2,0x6
87,198,master,0x06000464,read,0x20004020,2,0x6
88,199,master,0x06000464,read,0x20004020,2,0x6
89,200,master,0x06000464,read,0x20004020,2,0x6
90,201,master,0x06000464,read,0x20004020,2,0x6
91,202,master,0x06000464,read,0x20004020,2,0x6
92,203,master,0x06000464,read,0x20004020,2,0x6
93,204,master,0x06000464,read,0x20004020,2,0x6
94,205,master,0x06000464,read,0x20004020,2,0x6
95,206,master,0x06000464,read,0x20004020,2,0x6
96,207,master,0x06000464,read,0x20004020,2,0x6
97,208,master,0x06000464,read,0x20004020,2,0x6
98,209,master,0x06000464,read,0x20004020,2,0x6
99,210,master,0x06000464,read,0x20004020,2,0x6
100,211,master,0x06000464,read,0x20004020,2,0x6
101,212,master,0x06000464,read,0x20004020,2,0x6
102,213,master,0x06000464,read,0x20004020,2,0x6
103,214,master,0x06000464,read,0x20004020,2,0x6
104,215,master,0x06000464,read,0x20004020,2,0x6
105,216,master,0x06000464,read,0x20004020,2,0x6
106,217,master,0x06000464,read,0x20004020,2,0x6
107,218,master,0x06000464,read,0x20004020,2,0x6
108,219,master,0x06000464,read,0x20004020,2,0x6
109,220,master,0x06000464,read,0x20004020,2,0x6
110,221,master,0x06000464,read,0x20004020,2,0x6
111,222,master,0x06000464,read,0x20004020,2,0x6
112,223,master,0x06000464,read,0x20004020,2,0x6
113,224,master,0x06000464,read,0x20004020,2,0x6
114,225,master,0x06000464,read,0x20004020,2,0x6
115,226,master,0x06000464,read,0x20004020,2,0x6
116,227,master,0x06000464,read,0x20004020,2,0x6
117,228,master,0x06000464,read,0x20004020,2,0x6
118,229,master,0x06000464,read,0x20004020,2,0x6
119,230,master,0x06000464,read,0x20004020,2,0x6
120,231,master,0x06000464,read,0x20004020,2,0x6
121,232,master,0x06000464,read,0x20004020,2,0x6
122,233,master,0x06000464,read,0x20004020,2,0x6
123,234,master,0x06000464,read,0x20004020,2,0x6
124,235,master,0x06000464,read,0x20004020,2,0x6
125,236,master,0x06000464,read,0x20004020,2,0x6
126,237,master,0x06000464,read,0x20004020,2,0x6
127,238,master,0x06000464,read,0x20004020,2,0x6
128,239,master,0x06000464,read,0x20004020,2,0x6
129,240,master,0x06000464,read,0x20004020,2,0x6
130,241,master,0x06000464,read,0x20004020,2,0x6
131,242,master,0x06000464,read,0x20004020,2,0x6
132,243,master,0x06000464,read,0x20004020,2,0x6
133,244,master,0x06000464,read,0x20004020,2,0x6
134,245,master,0x06000464,read,0x20004020,2,0x6
135,246,master,0x06000464,read,0x20004020,2,0x6
136,247,master,0x06000464,read,0x20004020,2,0x6
137,248,master,0x06000464,read,0x20004020,2,0x6
138,249,master,0x06000464,read,0x20004020,2,0x6
139,250,master,0x06000464,read,0x20004020,2,0x6
140,251,master,0x06000464,read,0x20004020,2,0x6
141,252,master,0x06000464,read,0x20004020,2,0x6
142,253,master,0x06000464,read,0x20004020,2,0x6
143,254,master,0x06000464,read,0x20004020,2,0x6
144,255,master,0x06000464,read,0x20004020,2,0x6
145,256,master,0x06000464,read,0x20004020,2,0x6
146,257,master,0x06000464,read,0x20004020,2,0x6
147,258,master,0x06000464,read,0x20004020,2,0x6
148,259,master,0x06000464,read,0x20004020,2,0x6
149,260,master,0x06000464,read,0x20004020,2,0x6
150,261,master,0x06000464,read,0x20004020,2,0x6
151,262,master,0x06000464,read,0x20004020,2,0x6
152,263,master,0x06000464,read,0x20004020,2,0x6
153,264,master,0x06000464,read,0x20004020,2,0x6
154,265,master,0x06000464,read,0x20004020,2,0x6
155,266,master,0x06000464,read,0x20004020,2,0x6
156,267,master,0x06000464,read,0x20004020,2,0x6
157,268,master,0x06000464,read,0x20004020,2,0x6
158,269,master,0x06000464,read,0x20004020,2,0x6
159,270,master,0x06000464,read,0x20004020,2,0x6
160,271,master,0x06000464,read,0x20004020,2,0x6
161,272,master,0x06000464,read,0x20004020,2,0x6
162,273,master,0x06000464,read,0x20004020,2,0x6
163,274,master,0x06000464,read,0x20004020,2,0x6
164,275,master,0x06000464,read,0x20004020,2,0x6
165,276,master,0x06000464,read,0x20004020,2,0x6
166,277,master,0x06000464,read,0x20004020,2,0x6
167,278,master,0x06000464,read,0x20004020,2,0x6
168,279,master,0x06000464,read,0x20004020,2,0x6
169,280,master,0x06000464,read,0x20004020,2,0x6
170,281,master,0x06000464,read,0x20004020,2,0x6
171,282,master,0x06000464,read,0x20004020,2,0x6
172,283,master,0x06000464,read,0x20004020,2,0x6
173,284,master,0x06000464,read,0x20004020,2,0x6
174,285,master,0x06000464,read,0x20004020,2,0x6
175,286,master,0x06000464,read,0x20004020,2,0x6
176,287,master,0x06000464,read,0x20004020,2,0x6
177,288,master,0x06000464,read,0x20004020,2,0x6
178,289,master,0x06000464,read,0x20004020,2,0x6
179,290,master,0x06000464,read,0x20004020,2,0x6
180,291,master,0x06000464,read,0x20004020,2,0x6
181,292,master,0x06000464,read,0x20004020,2,0x6
182,293,master,0x06000464,read,0x20004020,2,0x6
183,294,master,0x06000464,read,0x20004020,2,0x6
184,295,master,0x06000464,read,0x20004020,2,0x6
185,296,master,0x06000464,read,0x20004020,2,0x6
186,297,master,0x06000464,read,0x20004020,2,0x6
187,298,master,0x06000464,read,0x20004020,2,0x6
188,299,master,0x06000464,read,0x20004020,2,0x6
189,300,master,0x06000464,read,0x20004020,2,0x6
190,301,master,0x06000464,read,0x20004020,2,0x6
191,302,master,0x06000464,read,0x20004020,2,0x6
192,303,master,0x06000464,read,0x20004020,2,0x6
193,304,master,0x06000464,read,0x20004020,2,0x6
194,305,master,0x06000464,read,0x20004020,2,0x6
195,306,master,0x06000464,read,0x20004020,2,0x6
196,307,master,0x06000464,read,0x20004020,2,0x6
197,308,master,0x06000464,read,0x20004020,2,0x6
198,309,master,0x06000464,read,0x20004020,2,0x6
199,310,master,0x06000464,read,0x20004020,2,0x6
200,311,master,0x06000464,read,0x20004020,2,0x6
201,312,master,0x06000464,read,0x20004020,2,0x6
202,313,master,0x06000464,read,0x20004020,2,0x6
203,314,master,0x06000464,read,0x20004020,2,0x6
204,315,master,0x06000464,read,0x20004020,2,0x6
205,316,master,0x06000464,read,0x20004020,2,0x6
206,317,master,0x06000464,read,0x20004020,2,0x6
207,318,master,0x06000464,read,0x20004020,2,0x6
208,319,master,0x06000464,read,0x20004020,2,0x6
209,320,master,0x06000464,read,0x20004020,2,0x6
210,321,master,0x06000464,read,0x20004020,2,0x6
211,322,master,0x06000464,read,0x20004020,2,0x6
212,323,master,0x06000464,read,0x20004020,2,0x6
213,324,master,0x06000464,read,0x20004020,2,0x6
214,325,master,0x06000464,read,0x20004020,2,0x6
215,326,master,0x06000464,read,0x20004020,2,0x6
216,327,master,0x06000464,read,0x20004020,2,0x6
217,328,master,0x06000464,read,0x20004020,2,0x6
218,329,master,0x06000464,read,0x20004020,2,0x6
219,330,master,0x06000464,read,0x20004020,2,0x6
220,331,master,0x06000464,read,0x20004020,2,0x6
221,332,master,0x06000464,read,0x20004020,2,0x6
222,333,master,0x06000464,read,0x20004020,2,0x6
223,334,master,0x06000464,read,0x20004020,2,0x6
224,335,master,0x06000464,read,0x20004020,2,0x6
225,336,master,0x06000464,read,0x20004020,2,0x6
226,337,master,0x06000464,read,0x20004020,2,0x6
227,338,master,0x06000464,read,0x20004020,2,0x6
228,339,master,0x06000464,read,0x20004020,2,0x6
229,340,master,0x06000464,read,0x20004020,2,0x6
230,341,master,0x06000464,read,0x20004020,2,0x6
231,342,master,0x06000464,read,0x20004020,2,0x6
232,343,master,0x06000464,read,0x20004020,2,0x6
233,344,master,0x06000464,read,0x20004020,2,0x6
234,345,master,0x06000464,read,0x20004020,2,0x6
235,346,master,0x06000464,read,0x20004020,2,0x6
236,347,master,0x06000464,read,0x20004020,2,0x6
237,348,master,0x06000464,read,0x20004020,2,0x6
238,349,master,0x06000464,read,0x20004020,2,0x6
239,350,master,0x06000464,read,0x20004020,2,0x6
240,351,master,0x06000464,read,0x20004020,2,0x6
241,352,master,0x06000464,read,0x20004020,2,0x6
242,353,master,0x06000464,read,0x20004020,2,0x6
243,354,master,0x06000464,read,0x20004020,2,0x6
244,355,master,0x06000464,read,0x20004020,2,0x6
245,356,master,0x06000464,read,0x20004020,2,0x6
246,357,master,0x06000464,read,0x20004020,2,0x6
247,358,master,0x06000464,read,0x20004020,2,0x6
248,359,master,0x06000464,read,0x20004020,2,0x6
249,360,master,0x06000464,read,0x20004020,2,0x6
250,361,master,0x06000464,read,0x20004020,2,0x6
251,362,master,0x06000464,read,0x20004020,2,0x6
252,363,master,0x06000464,read,0x20004020,2,0x6
253,364,master,0x06000464,read,0x20004020,2,0x6
254,365,master,0x06000464,read,0x20004020,2,0x6
255,366,master,0x06000464,read,0x20004020,2,0x6
256,367,master,0x06000464,read,0x20004020,2,0x6
257,368,master,0x06000464,read,0x20004020,2,0x6
258,369,master,0x06000464,read,0x20004020,2,0x6
259,370,master,0x06000464,read,0x20004020,2,0x6
260,371,master,0x06000464,read,0x20004020,2,0x6
261,372,master,0x06000464,read,0x20004020,1,0x0
262,372,master,0x06000464,read,0x20004020,1,0x0
263,372,master,0x06000464,read,0x20004020,1,0x0
264,372,master,0x06000464,read,0x20004020,1,0x0
265,372,master,0x06000464,read,0x20004020,1,0x0
266,372,master,0x06000464,read,0x20004020,1,0x0
267,372,master,0x06000464,read,0x20004020,1,0x0
268,372,master,0x06000464,read,0x20004020,1,0x0
269,372,master,0x06000464,read,0x20004020,1,0x0
270,372,master,0x06000464,read,0x20004020,1,0x0
271,372,master,0x06000464,read,0x20004020,2,0x0
272,373,master,0x06000464,read,0x20004020,2,0x0
273,374,master,0x06000464,read,0x20004020,2,0x0
274,375,master,0x06000464,read,0x20004020,1,0x1
275,375,master,0x0600046A,read,0x20004021,1,0x3
276,375,master,0x06000464,read,0x20004020,1,0x0
277,375,master,0x06000464,read,0x20004020,1,0x0
278,375,master,0x06000464,read,0x20004020,1,0x0
279,375,master,0x06000464,read,0x20004020,1,0x0
280,375,master,0x06000464,read,0x20004020,1,0x0
281,375,master,0x06000464,read,0x20004020,1,0x0
282,375,master,0x06000464,read,0x20004020,1,0x0
283,375,master,0x06000464,read,0x20004020,1,0x0
284,375,master,0x06000464,read,0x20004020,1,0x0
285,375,master,0x06000464,read,0x20004020,1,0x0
286,375,master,0x06000464,read,0x20004020,2,0x3
287,376,master,0x06000464,read,0x20004020,2,0x3
288,377,master,0x06000464,read,0x20004020,2,0x3
289,378,master,0x06000464,read,0x20004020,2,0x3
290,379,master,0x06000464,read,0x20004020,2,0x3
291,380,master,0x06000464,read,0x20004020,2,0x3
292,381,master,0x06000464,read,0x20004020,2,0x3
293,382,master,0x06000464,read,0x20004020,2,0x3
294,383,master,0x06000464,read,0x20004020,2,0x3
295,384,master,0x06000464,read,0x20004020,2,0x3
296,385,master,0x06000464,read,0x20004020,2,0x3
297,386,master,0x06000464,read,0x20004020,2,0x3
298,387,master,0x06000464,read,0x20004020,2,0x3
299,388,master,0x06000464,read,0x20004020,2,0x3
300,389,master,0x06000464,read,0x20004020,2,0x3
301,390,master,0x06000464,read,0x20004020,2,0x3
302,391,master,0x06000464,read,0x20004020,2,0x3
303,392,master,0x06000464,read,0x20004020,1,0x0
304,392,master,0x06000464,read,0x20004020,1,0x0
305,392,master,0x06000464,read,0x20004020,1,0x0
306,392,master,0x06000464,read,0x20004020,1,0x0
307,392,master,0x06000464,read,0x20004020,1,0x0
308,392,master,0x06000464,read,0x20004020,1,0x0
309,392,master,0x06000464,read,0x20004020,1,0x0
310,392,master,0x06000464,read,0x20004020,1,0x0
311,392,master,0x06000464,read,0x20004020,1,0x0
312,392,master,0x06000464,read,0x20004020,1,0x0
313,392,master,0x06000464,read,0x20004020,2,0x3
314,393,master,0x06000464,read,0x20004020,2,0x3
315,394,master,0x06000464,read,0x20004020,1,0x1
316,394,master,0x0600046A,read,0x20004021,1,0x5
317,395,master,0x06000464,read,0x20004020,1,0x0
318,395,master,0x06000464,read,0x20004020,1,0x0
319,395,master,0x06000464,read,0x20004020,1,0x0
320,395,master,0x06000464,read,0x20004020,1,0x0
321,395,master,0x06000464,read,0x20004020,1,0x0
322,395,master,0x06000464,read,0x20004020,1,0x0
323,395,master,0x06000464,read,0x20004020,1,0x0
324,395,master,0x06000464,read,0x20004020,1,0x0
325,395,master,0x06000464,read,0x20004020,1,0x0
326,395,master,0x06000464,read,0x20004020,1,0x0
327,395,master,0x06000464,read,0x20004020,2,0x5
328,396,master,0x06000464,read,0x20004020,2,0x5
329,397,master,0x06000464,read,0x20004020,1,0x0
330,397,master,0x06000464,read,0x20004020,1,0x0
331,397,master,0x06000464,read,0x20004020,1,0x0
332,397,master,0x06000464,read,0x20004020,1,0x0
333,397,master,0x06000464,read,0x20004020,1,0x0
334,397,master,0x06000464,read,0x20004020,1,0x0
335,397,master,0x06000464,read,0x20004020,1,0x0
336,397,master,0x06000464,read,0x20004020,1,0x0
337,397,master,0x06000464,read,0x20004020,1,0x0
338,397,master,0x06000464,read,0x20004020,1,0x0
339,397,master,0x06000464,read,0x20004020,1,0x1
340,397,master,0x0600046A,read,0x20004021,1,0x5
341,399,master,0x06000464,read,0x20004020,1,0x0
342,399,master,0x06000464,read,0x20004020,1,0x0
343,399,master,0x06000464,read,0x20004020,1,0x0
344,399,master,0x06000464,read,0x20004020,1,0x0
345,399,master,0x06000464,read,0x20004020,1,0x0
346,399,master,0x06000464,read,0x20004020,1,0x0
347,399,master,0x06000464,read,0x20004020,1,0x0
348,399,master,0x06000464,read,0x20004020,1,0x0
349,399,master,0x06000464,read,0x20004020,1,0x0
350,399,master,0x06000464,read,0x20004020,1,0x0
351,399,master,0x06000464,read,0x20004020,2,0x5
352,400,master,0x06000464,read,0x20004020,1,0x0
353,400,master,0x06000464,read,0x20004020,1,0x0
354,400,master,0x06000464,read,0x20004020,1,0x0
355,400,master,0x06000464,read,0x20004020,1,0x0
356,400,master,0x06000464,read,0x20004020,1,0x0
357,400,master,0x06000464,read,0x20004020,1,0x0
358,400,master,0x06000464,read,0x20004020,1,0x0
359,400,master,0x06000464,read,0x20004020,1,0x0
360,400,master,0x06000464,read,0x20004020,1,0x0
361,400,master,0x06000464,read,0x20004020,1,0x0
362,400,master,0x06000464,read,0x20004020,1,0x1
363,400,master,0x0600046A,read,0x20004021,1,0x5
364,402,master,0x06000464,read,0x20004020,1,0x0
365,402,master,0x06000464,read,0x20004020,1,0x0
366,402,master,0x06000464,read,0x20004020,1,0x0
367,402,master,0x06000464,read,0x20004020,1,0x0
368,402,master,0x06000464,read,0x20004020,1,0x0
369,402,master,0x06000464,read,0x20004020,1,0x0
370,402,master,0x06000464,read,0x20004020,1,0x0
371,402,master,0x06000464,read,0x20004020,1,0x0
372,402,master,0x06000464,read,0x20004020,1,0x0
373,402,master,0x06000464,read,0x20004020,1,0x0
374,402,master,0x06000464,read,0x20004020,2,0x5
375,403,master,0x06000464,read,0x20004020,1,0x0
376,403,master,0x06000464,read,0x20004020,1,0x0
377,403,master,0x06000464,read,0x20004020,1,0x0
378,403,master,0x06000464,read,0x20004020,1,0x0
379,403,master,0x06000464,read,0x20004020,1,0x0
380,403,master,0x06000464,read,0x20004020,1,0x0
381,403,master,0x06000464,read,0x20004020,1,0x0
382,403,master,0x06000464,read,0x20004020,1,0x0
383,403,master,0x06000464,read,0x20004020,1,0x0
384,403,master,0x06000464,read,0x20004020,1,0x0
385,403,master,0x06000464,read,0x20004020,1,0x1
386,403,master,0x0600046A,read,0x20004021,1,0x5
387,405,master,0x06000464,read,0x20004020,1,0x0
388,405,master,0x06000464,read,0x20004020,1,0x0
389,405,master,0x06000464,read,0x20004020,1,0x0
390,405,master,0x06000464,read,0x20004020,1,0x0
391,405,master,0x06000464,read,0x20004020,1,0x0
392,405,master,0x06000464,read,0x20004020,1,0x0
393,405,master,0x06000464,read,0x20004020,1,0x0
394,405,master,0x06000464,read,0x20004020,1,0x0
395,405,master,0x06000464,read,0x20004020,1,0x0
396,405,master,0x06000464,read,0x20004020,1,0x0
397,405,master,0x06000464,read,0x20004020,2,0x5
398,406,master,0x06000464,read,0x20004020,1,0x0
399,406,master,0x06000464,read,0x20004020,1,0x0
400,406,master,0x06000464,read,0x20004020,1,0x0
401,406,master,0x06000464,read,0x20004020,1,0x0
402,406,master,0x06000464,read,0x20004020,1,0x0
403,406,master,0x06000464,read,0x20004020,1,0x0
404,406,master,0x06000464,read,0x20004020,1,0x0
405,406,master,0x06000464,read,0x20004020,1,0x0
406,406,master,0x06000464,read,0x20004020,1,0x0
407,406,master,0x06000464,read,0x20004020,1,0x0
408,406,master,0x06000464,read,0x20004020,1,0x1
409,406,master,0x0600046A,read,0x20004021,1,0x5
410,408,master,0x06000464,read,0x20004020,1,0x0
411,408,master,0x06000464,read,0x20004020,1,0x0
412,408,master,0x06000464,read,0x20004020,1,0x0
413,408,master,0x06000464,read,0x20004020,1,0x0
414,408,master,0x06000464,read,0x20004020,1,0x0
415,408,master,0x06000464,read,0x20004020,1,0x0
416,408,master,0x06000464,read,0x20004020,1,0x0
417,408,master,0x06000464,read,0x20004020,1,0x0
418,408,master,0x06000464,read,0x20004020,1,0x0
419,408,master,0x06000464,read,0x20004020,1,0x0
420,408,master,0x06000464,read,0x20004020,2,0x5
421,409,master,0x06000464,read,0x20004020,1,0x0
422,409,master,0x06000464,read,0x20004020,1,0x0
423,409,master,0x06000464,read,0x20004020,1,0x0
424,409,master,0x06000464,read,0x20004020,1,0x0
425,409,master,0x06000464,read,0x20004020,1,0x0
426,409,master,0x06000464,read,0x20004020,1,0x0
427,409,master,0x06000464,read,0x20004020,1,0x0
428,409,master,0x06000464,read,0x20004020,1,0x0
429,409,master,0x06000464,read,0x20004020,1,0x0
430,409,master,0x06000464,read,0x20004020,1,0x0
431,409,master,0x06000464,read,0x20004020,1,0x1
432,409,master,0x0600046A,read,0x20004021,1,0x5
433,411,master,0x06000464,read,0x20004020,1,0x0
434,411,master,0x06000464,read,0x20004020,1,0x0
435,411,master,0x06000464,read,0x20004020,1,0x0
436,411,master,0x06000464,read,0x20004020,1,0x0
437,411,master,0x06000464,read,0x20004020,1,0x0
438,411,master,0x06000464,read,0x20004020,1,0x0
439,411,master,0x06000464,read,0x20004020,1,0x0
440,411,master,0x06000464,read,0x20004020,1,0x0
441,411,master,0x06000464,read,0x20004020,1,0x0
442,411,master,0x06000464,read,0x20004020,1,0x0
443,411,master,0x06000464,read,0x20004020,2,0x5
444,412,master,0x06000464,read,0x20004020,1,0x0
445,412,master,0x06000464,read,0x20004020,1,0x0
446,412,master,0x06000464,read,0x20004020,1,0x0
447,412,master,0x06000464,read,0x20004020,1,0x0
448,412,master,0x06000464,read,0x20004020,1,0x0
449,412,master,0x06000464,read,0x20004020,1,0x0
450,412,master,0x06000464,read,0x20004020,1,0x0
451,412,master,0x06000464,read,0x20004020,1,0x0
452,412,master,0x06000464,read,0x20004020,1,0x0
453,412,master,0x06000464,read,0x20004020,1,0x0
454,412,master,0x06000464,read,0x20004020,1,0x1
455,412,master,0x0600046A,read,0x20004021,1,0x5
456,414,master,0x06000464,read,0x20004020,1,0x0
457,414,master,0x06000464,read,0x20004020,1,0x0
458,414,master,0x06000464,read,0x20004020,1,0x0
459,414,master,0x06000464,read,0x20004020,1,0x0
460,414,master,0x06000464,read,0x20004020,1,0x0
461,414,master,0x06000464,read,0x20004020,1,0x0
462,414,master,0x06000464,read,0x20004020,1,0x0
463,414,master,0x06000464,read,0x20004020,1,0x0
464,414,master,0x06000464,read,0x20004020,1,0x0
465,414,master,0x06000464,read,0x20004020,1,0x0
466,414,master,0x06000464,read,0x20004020,2,0x5
467,415,master,0x06000464,read,0x20004020,1,0x0
468,415,master,0x06000464,read,0x20004020,1,0x0
469,415,master,0x06000464,read,0x20004020,1,0x0
470,415,master,0x06000464,read,0x20004020,1,0x0
471,415,master,0x06000464,read,0x20004020,1,0x0
472,415,master,0x06000464,read,0x20004020,1,0x0
473,415,master,0x06000464,read,0x20004020,1,0x0
474,415,master,0x06000464,read,0x20004020,1,0x0
475,415,master,0x06000464,read,0x20004020,1,0x0
476,415,master,0x06000464,read,0x20004020,1,0x0
477,415,master,0x06000464,read,0x20004020,1,0x1
478,415,master,0x0600046A,read,0x20004021,1,0x5
479,417,master,0x06000464,read,0x20004020,1,0x0
480,417,master,0x06000464,read,0x20004020,1,0x0
481,417,master,0x06000464,read,0x20004020,1,0x0
482,417,master,0x06000464,read,0x20004020,1,0x0
483,417,master,0x06000464,read,0x20004020,1,0x0
484,417,master,0x06000464,read,0x20004020,1,0x0
485,417,master,0x06000464,read,0x20004020,1,0x0
486,417,master,0x06000464,read,0x20004020,1,0x0
487,417,master,0x06000464,read,0x20004020,1,0x0
488,417,master,0x06000464,read,0x20004020,1,0x0
489,417,master,0x06000464,read,0x20004020,2,0x5
490,418,master,0x06000464,read,0x20004020,1,0x0
491,418,master,0x06000464,read,0x20004020,1,0x0
492,418,master,0x06000464,read,0x20004020,1,0x0
493,418,master,0x06000464,read,0x20004020,1,0x0
494,418,master,0x06000464,read,0x20004020,1,0x0
495,418,master,0x06000464,read,0x20004020,1,0x0
496,418,master,0x06000464,read,0x20004020,1,0x0
497,418,master,0x06000464,read,0x20004020,1,0x0
498,418,master,0x06000464,read,0x20004020,1,0x0
499,418,master,0x06000464,read,0x20004020,1,0x0
500,418,master,0x06000464,read,0x20004020,1,0x1
501,418,master,0x0600046A,read,0x20004021,1,0x5
502,420,master,0x06000464,read,0x20004020,1,0x0
503,420,master,0x06000464,read,0x20004020,1,0x0
504,420,master,0x06000464,read,0x20004020,1,0x0
505,420,master,0x06000464,read,0x20004020,1,0x0
506,420,master,0x06000464,read,0x20004020,1,0x0
507,420,master,0x06000464,read,0x20004020,1,0x0
508,420,master,0x06000464,read,0x20004020,1,0x0
509,420,master,0x06000464,read,0x20004020,1,0x0
510,420,master,0x06000464,read,0x20004020,1,0x0
511,420,master,0x06000464,read,0x20004020,1,0x0
512,420,master,0x06000464,read,0x20004020,2,0x5
513,421,master,0x06000464,read,0x20004020,1,0x0
514,421,master,0x06000464,read,0x20004020,1,0x0
515,421,master,0x06000464,read,0x20004020,1,0x0
516,421,master,0x06000464,read,0x20004020,1,0x0
517,421,master,0x06000464,read,0x20004020,1,0x0
518,421,master,0x06000464,read,0x20004020,1,0x0
519,421,master,0x06000464,read,0x20004020,1,0x0
520,421,master,0x06000464,read,0x20004020,1,0x0
521,421,master,0x06000464,read,0x20004020,1,0x0
522,421,master,0x06000464,read,0x20004020,1,0x0
523,421,master,0x06000464,read,0x20004020,1,0x1
524,421,master,0x0600046A,read,0x20004021,1,0x5
525,423,master,0x06000464,read,0x20004020,1,0x0
526,423,master,0x06000464,read,0x20004020,1,0x0
527,423,master,0x06000464,read,0x20004020,1,0x0
528,423,master,0x06000464,read,0x20004020,1,0x0
529,423,master,0x06000464,read,0x20004020,1,0x0
530,423,master,0x06000464,read,0x20004020,1,0x0
531,423,master,0x06000464,read,0x20004020,1,0x0
532,423,master,0x06000464,read,0x20004020,1,0x0
533,423,master,0x06000464,read,0x20004020,1,0x0
534,423,master,0x06000464,read,0x20004020,1,0x0
535,423,master,0x06000464,read,0x20004020,2,0x5
536,424,master,0x06000464,read,0x20004020,1,0x0
537,424,master,0x06000464,read,0x20004020,1,0x0
538,424,master,0x06000464,read,0x20004020,1,0x0
539,424,master,0x06000464,read,0x20004020,1,0x0
540,424,master,0x06000464,read,0x20004020,1,0x0
541,424,master,0x06000464,read,0x20004020,1,0x0
542,424,master,0x06000464,read,0x20004020,1,0x0
543,424,master,0x06000464,read,0x20004020,1,0x0
544,424,master,0x06000464,read,0x20004020,1,0x0
545,424,master,0x06000464,read,0x20004020,1,0x0
546,424,master,0x06000464,read,0x20004020,1,0x1
547,424,master,0x0600046A,read,0x20004021,1,0x5
548,426,master,0x06000464,read,0x20004020,1,0x0
549,426,master,0x06000464,read,0x20004020,1,0x0
550,426,master,0x06000464,read,0x20004020,1,0x0
551,426,master,0x06000464,read,0x20004020,1,0x0
552,426,master,0x06000464,read,0x20004020,1,0x0
553,426,master,0x06000464,read,0x20004020,1,0x0
554,426,master,0x06000464,read,0x20004020,1,0x0
555,426,master,0x06000464,read,0x20004020,1,0x0
556,426,master,0x06000464,read,0x20004020,1,0x0
557,426,master,0x06000464,read,0x20004020,1,0x0
558,426,master,0x06000464,read,0x20004020,2,0x5
559,427,master,0x06000464,read,0x20004020,1,0x0
560,427,master,0x06000464,read,0x20004020,1,0x0
561,427,master,0x06000464,read,0x20004020,1,0x0
562,427,master,0x06000464,read,0x20004020,1,0x0
563,427,master,0x06000464,read,0x20004020,1,0x0
564,427,master,0x06000464,read,0x20004020,1,0x0
565,427,master,0x06000464,read,0x20004020,1,0x0
566,427,master,0x06000464,read,0x20004020,1,0x0
567,427,master,0x06000464,read,0x20004020,1,0x0
568,427,master,0x06000464,read,0x20004020,1,0x0
569,427,master,0x06000464,read,0x20004020,1,0x1
570,427,master,0x0600046A,read,0x20004021,1,0x5
571,429,master,0x06000464,read,0x20004020,1,0x0
572,429,master,0x06000464,read,0x20004020,1,0x0
573,429,master,0x06000464,read,0x20004020,1,0x0
574,429,master,0x06000464,read,0x20004020,1,0x0
575,429,master,0x06000464,read,0x20004020,1,0x0
576,429,master,0x06000464,read,0x20004020,1,0x0
577,429,master,0x06000464,read,0x20004020,1,0x0
578,429,master,0x06000464,read,0x20004020,1,0x0
579,429,master,0x06000464,read,0x20004020,1,0x0
580,429,master,0x06000464,read,0x20004020,1,0x0
581,429,master,0x06000464,read,0x20004020,2,0x5
582,430,master,0x06000464,read,0x20004020,1,0x0
583,430,master,0x06000464,read,0x20004020,1,0x0
584,430,master,0x06000464,read,0x20004020,1,0x0
585,430,master,0x06000464,read,0x20004020,1,0x0
586,430,master,0x06000464,read,0x20004020,1,0x0
587,430,master,0x06000464,read,0x20004020,1,0x0
588,430,master,0x06000464,read,0x20004020,1,0x0
589,430,master,0x06000464,read,0x20004020,1,0x0
590,430,master,0x06000464,read,0x20004020,1,0x0
591,430,master,0x06000464,read,0x20004020,1,0x0
592,430,master,0x06000464,read,0x20004020,1,0x1
593,430,master,0x0600046A,read,0x20004021,1,0x5
594,432,master,0x06000464,read,0x20004020,1,0x0
595,432,master,0x06000464,read,0x20004020,1,0x0
596,432,master,0x06000464,read,0x20004020,1,0x0
597,432,master,0x06000464,read,0x20004020,1,0x0
598,432,master,0x06000464,read,0x20004020,1,0x0
599,432,master,0x06000464,read,0x20004020,1,0x0
600,432,master,0x06000464,read,0x20004020,1,0x0
601,432,master,0x06000464,read,0x20004020,1,0x0
602,432,master,0x06000464,read,0x20004020,1,0x0
603,432,master,0x06000464,read,0x20004020,1,0x0
604,432,master,0x06000464,read,0x20004020,2,0x5
605,433,master,0x06000464,read,0x20004020,1,0x0
606,433,master,0x06000464,read,0x20004020,1,0x0
607,433,master,0x06000464,read,0x20004020,1,0x0
608,433,master,0x06000464,read,0x20004020,1,0x0
609,433,master,0x06000464,read,0x20004020,1,0x0
610,433,master,0x06000464,read,0x20004020,1,0x0
611,433,master,0x06000464,read,0x20004020,1,0x0
612,433,master,0x06000464,read,0x20004020,1,0x0
613,433,master,0x06000464,read,0x20004020,1,0x0
614,433,master,0x06000464,read,0x20004020,1,0x0
615,433,master,0x06000464,read,0x20004020,1,0x1
616,433,master,0x0600046A,read,0x20004021,1,0x5
617,435,master,0x06000464,read,0x20004020,1,0x0
618,435,master,0x06000464,read,0x20004020,1,0x0
619,435,master,0x06000464,read,0x20004020,1,0x0
620,435,master,0x06000464,read,0x20004020,1,0x0
621,435,master,0x06000464,read,0x20004020,1,0x0
622,435,master,0x06000464,read,0x20004020,1,0x0
623,435,master,0x06000464,read,0x20004020,1,0x0
624,435,master,0x06000464,read,0x20004020,1,0x0
625,435,master,0x06000464,read,0x20004020,1,0x0
626,435,master,0x06000464,read,0x20004020,1,0x0
627,435,master,0x06000464,read,0x20004020,2,0x5
628,436,master,0x06000464,read,0x20004020,1,0x0
629,436,master,0x06000464,read,0x20004020,1,0x0
630,436,master,0x06000464,read,0x20004020,1,0x0
631,436,master,0x06000464,read,0x20004020,1,0x0
632,436,master,0x06000464,read,0x20004020,1,0x0
633,436,master,0x06000464,read,0x20004020,1,0x0
634,436,master,0x06000464,read,0x20004020,1,0x0
635,436,master,0x06000464,read,0x20004020,1,0x0
636,436,master,0x06000464,read,0x20004020,1,0x0
637,436,master,0x06000464,read,0x20004020,1,0x0
638,436,master,0x06000464,read,0x20004020,1,0x1
639,436,master,0x0600046A,read,0x20004021,1,0x5
640,438,master,0x06000464,read,0x20004020,1,0x0
641,438,master,0x06000464,read,0x20004020,1,0x0
642,438,master,0x06000464,read,0x20004020,1,0x0
643,438,master,0x06000464,read,0x20004020,1,0x0
644,438,master,0x06000464,read,0x20004020,1,0x0
645,438,master,0x06000464,read,0x20004020,1,0x0
646,438,master,0x06000464,read,0x20004020,1,0x0
647,438,master,0x06000464,read,0x20004020,1,0x0
648,438,master,0x06000464,read,0x20004020,1,0x0
649,438,master,0x06000464,read,0x20004020,1,0x0
650,438,master,0x06000464,read,0x20004020,2,0x5
651,439,master,0x06000464,read,0x20004020,1,0x0
652,439,master,0x06000464,read,0x20004020,1,0x0
653,439,master,0x06000464,read,0x20004020,1,0x0
654,439,master,0x06000464,read,0x20004020,1,0x0
655,439,master,0x06000464,read,0x20004020,1,0x0
656,439,master,0x06000464,read,0x20004020,1,0x0
657,439,master,0x06000464,read,0x20004020,1,0x0
658,439,master,0x06000464,read,0x20004020,1,0x0
659,439,master,0x06000464,read,0x20004020,1,0x0
660,439,master,0x06000464,read,0x20004020,1,0x0
661,439,master,0x06000464,read,0x20004020,1,0x1
662,439,master,0x0600046A,read,0x20004021,1,0x5
663,441,master,0x06000464,read,0x20004020,1,0x0
664,441,master,0x06000464,read,0x20004020,1,0x0
665,441,master,0x06000464,read,0x20004020,1,0x0
666,441,master,0x06000464,read,0x20004020,1,0x0
667,441,master,0x06000464,read,0x20004020,1,0x0
668,441,master,0x06000464,read,0x20004020,1,0x0
669,441,master,0x06000464,read,0x20004020,1,0x0
670,441,master,0x06000464,read,0x20004020,1,0x0
671,441,master,0x06000464,read,0x20004020,1,0x0
672,441,master,0x06000464,read,0x20004020,1,0x0
673,441,master,0x06000464,read,0x20004020,2,0x5
674,442,master,0x06000464,read,0x20004020,1,0x0
675,442,master,0x06000464,read,0x20004020,1,0x0
676,442,master,0x06000464,read,0x20004020,1,0x0
677,442,master,0x06000464,read,0x20004020,1,0x0
678,442,master,0x06000464,read,0x20004020,1,0x0
679,442,master,0x06000464,read,0x20004020,1,0x0
680,442,master,0x06000464,read,0x20004020,1,0x0
681,442,master,0x06000464,read,0x20004020,1,0x0
682,442,master,0x06000464,read,0x20004020,1,0x0
683,442,master,0x06000464,read,0x20004020,1,0x0
684,442,master,0x06000464,read,0x20004020,1,0x1
685,442,master,0x0600046A,read,0x20004021,1,0x5
686,444,master,0x06000464,read,0x20004020,1,0x0
687,444,master,0x06000464,read,0x20004020,1,0x0
688,444,master,0x06000464,read,0x20004020,1,0x0
689,444,master,0x06000464,read,0x20004020,1,0x0
690,444,master,0x06000464,read,0x20004020,1,0x0
691,444,master,0x06000464,read,0x20004020,1,0x0
692,444,master,0x06000464,read,0x20004020,1,0x0
693,444,master,0x06000464,read,0x20004020,1,0x0
694,444,master,0x06000464,read,0x20004020,1,0x0
695,444,master,0x06000464,read,0x20004020,1,0x0
696,444,master,0x06000464,read,0x20004020,2,0x5
697,445,master,0x06000464,read,0x20004020,1,0x0
698,445,master,0x06000464,read,0x20004020,1,0x0
699,445,master,0x06000464,read,0x20004020,1,0x0
700,445,master,0x06000464,read,0x20004020,1,0x0
701,445,master,0x06000464,read,0x20004020,1,0x0
702,445,master,0x06000464,read,0x20004020,1,0x0
703,445,master,0x06000464,read,0x20004020,1,0x0
704,445,master,0x06000464,read,0x20004020,1,0x0
705,445,master,0x06000464,read,0x20004020,1,0x0
706,445,master,0x06000464,read,0x20004020,1,0x0
707,445,master,0x06000464,read,0x20004020,1,0x1
708,445,master,0x0600046A,read,0x20004021,1,0x5
709,447,master,0x06000464,read,0x20004020,1,0x0
710,447,master,0x06000464,read,0x20004020,1,0x0
711,447,master,0x06000464,read,0x20004020,1,0x0
712,447,master,0x06000464,read,0x20004020,1,0x0
713,447,master,0x06000464,read,0x20004020,1,0x0
714,447,master,0x06000464,read,0x20004020,1,0x0
715,447,master,0x06000464,read,0x20004020,1,0x0
716,447,master,0x06000464,read,0x20004020,1,0x0
717,447,master,0x06000464,read,0x20004020,1,0x0
718,447,master,0x06000464,read,0x20004020,1,0x0
719,447,master,0x06000464,read,0x20004020,2,0x5
720,448,master,0x06000464,read,0x20004020,1,0x0
721,448,master,0x06000464,read,0x20004020,1,0x0
722,448,master,0x06000464,read,0x20004020,1,0x0
723,448,master,0x06000464,read,0x20004020,1,0x0
724,448,master,0x06000464,read,0x20004020,1,0x0
725,448,master,0x06000464,read,0x20004020,1,0x0
726,448,master,0x06000464,read,0x20004020,1,0x0
727,448,master,0x06000464,read,0x20004020,1,0x0
728,448,master,0x06000464,read,0x20004020,1,0x0
729,448,master,0x06000464,read,0x20004020,1,0x0
730,448,master,0x06000464,read,0x20004020,1,0x1
731,448,master,0x0600046A,read,0x20004021,1,0x5
732,450,master,0x06000464,read,0x20004020,1,0x0
733,450,master,0x06000464,read,0x20004020,1,0x0
734,450,master,0x06000464,read,0x20004020,1,0x0
735,450,master,0x06000464,read,0x20004020,1,0x0
736,450,master,0x06000464,read,0x20004020,1,0x0
737,450,master,0x06000464,read,0x20004020,1,0x0
738,450,master,0x06000464,read,0x20004020,1,0x0
739,450,master,0x06000464,read,0x20004020,1,0x0
740,450,master,0x06000464,read,0x20004020,1,0x0
741,450,master,0x06000464,read,0x20004020,1,0x0
742,450,master,0x06000464,read,0x20004020,2,0x5
743,451,master,0x06000464,read,0x20004020,1,0x0
744,451,master,0x06000464,read,0x20004020,1,0x0
745,451,master,0x06000464,read,0x20004020,1,0x0
746,451,master,0x06000464,read,0x20004020,1,0x0
747,451,master,0x06000464,read,0x20004020,1,0x0
748,451,master,0x06000464,read,0x20004020,1,0x0
749,451,master,0x06000464,read,0x20004020,1,0x0
750,451,master,0x06000464,read,0x20004020,1,0x0
751,451,master,0x06000464,read,0x20004020,1,0x0
752,451,master,0x06000464,read,0x20004020,1,0x0
753,451,master,0x06000464,read,0x20004020,1,0x1
754,451,master,0x0600046A,read,0x20004021,1,0x5
755,453,master,0x06000464,read,0x20004020,1,0x0
756,453,master,0x06000464,read,0x20004020,1,0x0
757,453,master,0x06000464,read,0x20004020,1,0x0
758,453,master,0x06000464,read,0x20004020,1,0x0
759,453,master,0x06000464,read,0x20004020,1,0x0
760,453,master,0x06000464,read,0x20004020,1,0x0
761,453,master,0x06000464,read,0x20004020,1,0x0
762,453,master,0x06000464,read,0x20004020,1,0x0
763,453,master,0x06000464,read,0x20004020,1,0x0
764,453,master,0x06000464,read,0x20004020,1,0x0
765,453,master,0x06000464,read,0x20004020,2,0x5
766,454,master,0x06000464,read,0x20004020,1,0x0
767,454,master,0x06000464,read,0x20004020,1,0x0
768,454,master,0x06000464,read,0x20004020,1,0x0
769,454,master,0x06000464,read,0x20004020,1,0x0
770,454,master,0x06000464,read,0x20004020,1,0x0
771,454,master,0x06000464,read,0x20004020,1,0x0
772,454,master,0x06000464,read,0x20004020,1,0x0
773,454,master,0x06000464,read,0x20004020,1,0x0
774,454,master,0x06000464,read,0x20004020,1,0x0
775,454,master,0x06000464,read,0x20004020,1,0x0
776,454,master,0x06000464,read,0x20004020,1,0x1
777,454,master,0x0600046A,read,0x20004021,1,0x5
778,456,master,0x06000464,read,0x20004020,1,0x0
779,456,master,0x06000464,read,0x20004020,1,0x0
780,456,master,0x06000464,read,0x20004020,1,0x0
781,456,master,0x06000464,read,0x20004020,1,0x0
782,456,master,0x06000464,read,0x20004020,1,0x0
783,456,master,0x06000464,read,0x20004020,1,0x0
784,456,master,0x06000464,read,0x20004020,1,0x0
785,456,master,0x06000464,read,0x20004020,1,0x0
786,456,master,0x06000464,read,0x20004020,1,0x0
787,456,master,0x06000464,read,0x20004020,1,0x0
788,456,master,0x06000464,read,0x20004020,2,0x5
789,457,master,0x06000464,read,0x20004020,1,0x0
790,457,master,0x06000464,read,0x20004020,1,0x0
791,457,master,0x06000464,read,0x20004020,1,0x0
792,457,master,0x06000464,read,0x20004020,1,0x0
793,457,master,0x06000464,read,0x20004020,1,0x0
794,457,master,0x06000464,read,0x20004020,1,0x0
795,457,master,0x06000464,read,0x20004020,1,0x0
796,457,master,0x06000464,read,0x20004020,1,0x0
797,457,master,0x06000464,read,0x20004020,1,0x0
798,457,master,0x06000464,read,0x20004020,1,0x0
799,457,master,0x06000464,read,0x20004020,1,0x1
800,457,master,0x0600046A,read,0x20004021,1,0x5
801,459,master,0x06000464,read,0x20004020,1,0x0
802,459,master,0x06000464,read,0x20004020,1,0x0
803,459,master,0x06000464,read,0x20004020,1,0x0
804,459,master,0x06000464,read,0x20004020,1,0x0
805,459,master,0x06000464,read,0x20004020,1,0x0
806,459,master,0x06000464,read,0x20004020,1,0x0
807,459,master,0x06000464,read,0x20004020,1,0x0
808,459,master,0x06000464,read,0x20004020,1,0x0
809,459,master,0x06000464,read,0x20004020,1,0x0
810,459,master,0x06000464,read,0x20004020,1,0x0
811,459,master,0x06000464,read,0x20004020,2,0x5
812,460,master,0x06000464,read,0x20004020,1,0x0
813,460,master,0x06000464,read,0x20004020,1,0x0
814,460,master,0x06000464,read,0x20004020,1,0x0
815,460,master,0x06000464,read,0x20004020,1,0x0
816,460,master,0x06000464,read,0x20004020,1,0x0
817,460,master,0x06000464,read,0x20004020,1,0x0
818,460,master,0x06000464,read,0x20004020,1,0x0
819,460,master,0x06000464,read,0x20004020,1,0x0
820,460,master,0x06000464,read,0x20004020,1,0x0
821,460,master,0x06000464,read,0x20004020,1,0x0
822,460,master,0x06000464,read,0x20004020,1,0x1
823,460,master,0x0600046A,read,0x20004021,1,0x5
824,462,master,0x06000464,read,0x20004020,1,0x0
825,462,master,0x06000464,read,0x20004020,1,0x0
826,462,master,0x06000464,read,0x20004020,1,0x0
827,462,master,0x06000464,read,0x20004020,1,0x0
828,462,master,0x06000464,read,0x20004020,1,0x0
829,462,master,0x06000464,read,0x20004020,1,0x0
830,462,master,0x06000464,read,0x20004020,1,0x0
831,462,master,0x06000464,read,0x20004020,1,0x0
832,462,master,0x06000464,read,0x20004020,1,0x0
833,462,master,0x06000464,read,0x20004020,1,0x0
834,462,master,0x06000464,read,0x20004020,2,0x5
835,463,master,0x06000464,read,0x20004020,1,0x0
836,463,master,0x06000464,read,0x20004020,1,0x0
837,463,master,0x06000464,read,0x20004020,1,0x0
838,463,master,0x06000464,read,0x20004020,1,0x0
839,463,master,0x06000464,read,0x20004020,1,0x0
840,463,master,0x06000464,read,0x20004020,1,0x0
841,463,master,0x06000464,read,0x20004020,1,0x0
842,463,master,0x06000464,read,0x20004020,1,0x0
843,463,master,0x06000464,read,0x20004020,1,0x0
844,463,master,0x06000464,read,0x20004020,1,0x0
845,463,master,0x06000464,read,0x20004020,1,0x1
846,463,master,0x0600046A,read,0x20004021,1,0x5
847,465,master,0x06000464,read,0x20004020,1,0x0
848,465,master,0x06000464,read,0x20004020,1,0x0
849,465,master,0x06000464,read,0x20004020,1,0x0
850,465,master,0x06000464,read,0x20004020,1,0x0
851,465,master,0x06000464,read,0x20004020,1,0x0
852,465,master,0x06000464,read,0x20004020,1,0x0
853,465,master,0x06000464,read,0x20004020,1,0x0
854,465,master,0x06000464,read,0x20004020,1,0x0
855,465,master,0x06000464,read,0x20004020,1,0x0
856,465,master,0x06000464,read,0x20004020,1,0x0
857,465,master,0x06000464,read,0x20004020,2,0x5
858,466,master,0x06000464,read,0x20004020,1,0x0
859,466,master,0x06000464,read,0x20004020,1,0x0
860,466,master,0x06000464,read,0x20004020,1,0x0
861,466,master,0x06000464,read,0x20004020,1,0x0
862,466,master,0x06000464,read,0x20004020,1,0x0
863,466,master,0x06000464,read,0x20004020,1,0x0
864,466,master,0x06000464,read,0x20004020,1,0x0
865,466,master,0x06000464,read,0x20004020,1,0x0
866,466,master,0x06000464,read,0x20004020,1,0x0
867,466,master,0x06000464,read,0x20004020,1,0x0
868,466,master,0x06000464,read,0x20004020,1,0x1
869,466,master,0x0600046A,read,0x20004021,1,0x5
870,468,master,0x06000464,read,0x20004020,1,0x0
871,468,master,0x06000464,read,0x20004020,1,0x0
872,468,master,0x06000464,read,0x20004020,1,0x0
873,468,master,0x06000464,read,0x20004020,1,0x0
874,468,master,0x06000464,read,0x20004020,1,0x0
875,468,master,0x06000464,read,0x20004020,1,0x0
876,468,master,0x06000464,read,0x20004020,1,0x0
877,468,master,0x06000464,read,0x20004020,1,0x0
878,468,master,0x06000464,read,0x20004020,1,0x0
879,468,master,0x06000464,read,0x20004020,1,0x0
880,468,master,0x06000464,read,0x20004020,2,0x5
881,469,master,0x06000464,read,0x20004020,1,0x0
882,469,master,0x06000464,read,0x20004020,1,0x0
883,469,master,0x06000464,read,0x20004020,1,0x0
884,469,master,0x06000464,read,0x20004020,1,0x0
885,469,master,0x06000464,read,0x20004020,1,0x0
886,469,master,0x06000464,read,0x20004020,1,0x0
887,469,master,0x06000464,read,0x20004020,1,0x0
888,469,master,0x06000464,read,0x20004020,1,0x0
889,469,master,0x06000464,read,0x20004020,1,0x0
890,469,master,0x06000464,read,0x20004020,1,0x0
891,469,master,0x06000464,read,0x20004020,1,0x1
892,469,master,0x0600046A,read,0x20004021,1,0x5
893,471,master,0x06000464,read,0x20004020,1,0x0
894,471,master,0x06000464,read,0x20004020,1,0x0
895,471,master,0x06000464,read,0x20004020,1,0x0
896,471,master,0x06000464,read,0x20004020,1,0x0
897,471,master,0x06000464,read,0x20004020,1,0x0
898,471,master,0x06000464,read,0x20004020,1,0x0
899,471,master,0x06000464,read,0x20004020,1,0x0
900,471,master,0x06000464,read,0x20004020,1,0x0
901,471,master,0x06000464,read,0x20004020,1,0x0
902,471,master,0x06000464,read,0x20004020,1,0x0
903,471,master,0x06000464,read,0x20004020,2,0x5
904,472,master,0x06000464,read,0x20004020,1,0x0
905,472,master,0x06000464,read,0x20004020,1,0x0
906,472,master,0x06000464,read,0x20004020,1,0x0
907,472,master,0x06000464,read,0x20004020,1,0x0
908,472,master,0x06000464,read,0x20004020,1,0x0
909,472,master,0x06000464,read,0x20004020,1,0x0
910,472,master,0x06000464,read,0x20004020,1,0x0
911,472,master,0x06000464,read,0x20004020,1,0x0
912,472,master,0x06000464,read,0x20004020,1,0x0
913,472,master,0x06000464,read,0x20004020,1,0x0
914,472,master,0x06000464,read,0x20004020,1,0x1
915,472,master,0x0600046A,read,0x20004021,1,0x5
916,474,master,0x06000464,read,0x20004020,1,0x0
917,474,master,0x06000464,read,0x20004020,1,0x0
918,474,master,0x06000464,read,0x20004020,1,0x0
919,474,master,0x06000464,read,0x20004020,1,0x0
920,474,master,0x06000464,read,0x20004020,1,0x0
921,474,master,0x06000464,read,0x20004020,1,0x0
922,474,master,0x06000464,read,0x20004020,1,0x0
923,474,master,0x06000464,read,0x20004020,1,0x0
924,474,master,0x06000464,read,0x20004020,1,0x0
925,474,master,0x06000464,read,0x20004020,1,0x0
926,474,master,0x06000464,read,0x20004020,2,0x5
927,475,master,0x06000464,read,0x20004020,1,0x0
928,475,master,0x06000464,read,0x20004020,1,0x0
929,475,master,0x06000464,read,0x20004020,1,0x0
930,475,master,0x06000464,read,0x20004020,1,0x0
931,475,master,0x06000464,read,0x20004020,1,0x0
932,475,master,0x06000464,read,0x20004020,1,0x0
933,475,master,0x06000464,read,0x20004020,1,0x0
934,475,master,0x06000464,read,0x20004020,1,0x0
935,475,master,0x06000464,read,0x20004020,1,0x0
936,475,master,0x06000464,read,0x20004020,1,0x0
937,475,master,0x06000464,read,0x20004020,1,0x1
938,475,master,0x0600046A,read,0x20004021,1,0x5
939,477,master,0x06000464,read,0x20004020,1,0x0
940,477,master,0x06000464,read,0x20004020,1,0x0
941,477,master,0x06000464,read,0x20004020,1,0x0
942,477,master,0x06000464,read,0x20004020,1,0x0
943,477,master,0x06000464,read,0x20004020,1,0x0
944,477,master,0x06000464,read,0x20004020,1,0x0
945,477,master,0x06000464,read,0x20004020,1,0x0
946,477,master,0x06000464,read,0x20004020,1,0x0
947,477,master,0x06000464,read,0x20004020,1,0x0
948,477,master,0x06000464,read,0x20004020,1,0x0
949,477,master,0x06000464,read,0x20004020,2,0x5
950,478,master,0x06000464,read,0x20004020,1,0x0
951,478,master,0x06000464,read,0x20004020,1,0x0
952,478,master,0x06000464,read,0x20004020,1,0x0
953,478,master,0x06000464,read,0x20004020,1,0x0
954,478,master,0x06000464,read,0x20004020,1,0x0
955,478,master,0x06000464,read,0x20004020,1,0x0
956,478,master,0x06000464,read,0x20004020,1,0x0
957,478,master,0x06000464,read,0x20004020,1,0x0
958,478,master,0x06000464,read,0x20004020,1,0x0
959,478,master,0x06000464,read,0x20004020,1,0x0
960,478,master,0x06000464,read,0x20004020,1,0x1
961,478,master,0x0600046A,read,0x20004021,1,0x5
962,480,master,0x06000464,read,0x20004020,1,0x0
963,480,master,0x06000464,read,0x20004020,1,0x0
964,480,master,0x06000464,read,0x20004020,1,0x0
965,480,master,0x06000464,read,0x20004020,1,0x0
966,480,master,0x06000464,read,0x20004020,1,0x0
967,480,master,0x06000464,read,0x20004020,1,0x0
968,480,master,0x06000464,read,0x20004020,1,0x0
969,480,master,0x06000464,read,0x20004020,1,0x0
970,480,master,0x06000464,read,0x20004020,1,0x0
971,480,master,0x06000464,read,0x20004020,1,0x0
972,480,master,0x06000464,read,0x20004020,2,0x5
973,481,master,0x06000464,read,0x20004020,1,0x0
974,481,master,0x06000464,read,0x20004020,1,0x0
975,481,master,0x06000464,read,0x20004020,1,0x0
976,481,master,0x06000464,read,0x20004020,1,0x0
977,481,master,0x06000464,read,0x20004020,1,0x0
978,481,master,0x06000464,read,0x20004020,1,0x0
979,481,master,0x06000464,read,0x20004020,1,0x0
980,481,master,0x06000464,read,0x20004020,1,0x0
981,481,master,0x06000464,read,0x20004020,1,0x0
982,481,master,0x06000464,read,0x20004020,1,0x0
983,481,master,0x06000464,read,0x20004020,1,0x1
984,481,master,0x0600046A,read,0x20004021,1,0x5
985,483,master,0x06000464,read,0x20004020,1,0x0
986,483,master,0x06000464,read,0x20004020,1,0x0
987,483,master,0x06000464,read,0x20004020,1,0x0
988,483,master,0x06000464,read,0x20004020,1,0x0
989,483,master,0x06000464,read,0x20004020,1,0x0
990,483,master,0x06000464,read,0x20004020,1,0x0
991,483,master,0x06000464,read,0x20004020,1,0x0
992,483,master,0x06000464,read,0x20004020,1,0x0
993,483,master,0x06000464,read,0x20004020,1,0x0
994,483,master,0x06000464,read,0x20004020,1,0x0
995,483,master,0x06000464,read,0x20004020,2,0x5
996,484,master,0x06000464,read,0x20004020,1,0x0
997,484,master,0x06000464,read,0x20004020,1,0x0
998,484,master,0x06000464,read,0x20004020,1,0x0
999,484,master,0x06000464,read,0x20004020,1,0x0
1000,484,master,0x06000464,read,0x20004020,1,0x0
1001,484,master,0x06000464,read,0x20004020,1,0x0
1002,484,master,0x06000464,read,0x20004020,1,0x0
1003,484,master,0x06000464,read,0x20004020,1,0x0
1004,484,master,0x06000464,read,0x20004020,1,0x0
1005,484,master,0x06000464,read,0x20004020,1,0x0
1006,484,master,0x06000464,read,0x20004020,1,0x1
1007,484,master,0x0600046A,read,0x20004021,1,0x5
1008,486,master,0x06000464,read,0x20004020,1,0x0
1009,486,master,0x06000464,read,0x20004020,1,0x0
1010,486,master,0x06000464,read,0x20004020,1,0x0
1011,486,master,0x06000464,read,0x20004020,1,0x0
1012,486,master,0x06000464,read,0x20004020,1,0x0
1013,486,master,0x06000464,read,0x20004020,1,0x0
1014,486,master,0x06000464,read,0x20004020,1,0x0
1015,486,master,0x06000464,read,0x20004020,1,0x0
1016,486,master,0x06000464,read,0x20004020,1,0x0
1017,486,master,0x06000464,read,0x20004020,1,0x0
1018,486,master,0x06000464,read,0x20004020,2,0x5
1019,487,master,0x06000464,read,0x20004020,1,0x0
1020,487,master,0x06000464,read,0x20004020,1,0x0
1021,487,master,0x06000464,read,0x20004020,1,0x0
1022,487,master,0x06000464,read,0x20004020,1,0x0
1023,487,master,0x06000464,read,0x20004020,1,0x0
1024,487,master,0x06000464,read,0x20004020,1,0x0
1025,487,master,0x06000464,read,0x20004020,1,0x0
1026,487,master,0x06000464,read,0x20004020,1,0x0
1027,487,master,0x06000464,read,0x20004020,1,0x0
1028,487,master,0x06000464,read,0x20004020,1,0x0
1029,487,master,0x06000464,read,0x20004020,1,0x1
1030,487,master,0x0600046A,read,0x20004021,1,0x5
1031,489,master,0x06000464,read,0x20004020,1,0x0
1032,489,master,0x06000464,read,0x20004020,1,0x0
1033,489,master,0x06000464,read,0x20004020,1,0x0
1034,489,master,0x06000464,read,0x20004020,1,0x0
1035,489,master,0x06000464,read,0x20004020,1,0x0
1036,489,master,0x06000464,read,0x20004020,1,0x0
1037,489,master,0x06000464,read,0x20004020,1,0x0
1038,489,master,0x06000464,read,0x20004020,1,0x0
1039,489,master,0x06000464,read,0x20004020,1,0x0
1040,489,master,0x06000464,read,0x20004020,1,0x0
1041,489,master,0x06000464,read,0x20004020,2,0x5
1042,490,master,0x06000464,read,0x20004020,1,0x0
1043,490,master,0x06000464,read,0x20004020,1,0x0
1044,490,master,0x06000464,read,0x20004020,1,0x0
1045,490,master,0x06000464,read,0x20004020,1,0x0
1046,490,master,0x06000464,read,0x20004020,1,0x0
1047,490,master,0x06000464,read,0x20004020,1,0x0
1048,490,master,0x06000464,read,0x20004020,1,0x0
1049,490,master,0x06000464,read,0x20004020,1,0x0
1050,490,master,0x06000464,read,0x20004020,1,0x0
1051,490,master,0x06000464,read,0x20004020,1,0x0
1052,490,master,0x06000464,read,0x20004020,1,0x1
1053,490,master,0x0600046A,read,0x20004021,1,0x5
1054,492,master,0x06000464,read,0x20004020,1,0x0
1055,492,master,0x06000464,read,0x20004020,1,0x0
1056,492,master,0x06000464,read,0x20004020,1,0x0
1057,492,master,0x06000464,read,0x20004020,1,0x0
1058,492,master,0x06000464,read,0x20004020,1,0x0
1059,492,master,0x06000464,read,0x20004020,1,0x0
1060,492,master,0x06000464,read,0x20004020,1,0x0
1061,492,master,0x06000464,read,0x20004020,1,0x0
1062,492,master,0x06000464,read,0x20004020,1,0x0
1063,492,master,0x06000464,read,0x20004020,1,0x0
1064,492,master,0x06000464,read,0x20004020,2,0x5
1065,493,master,0x06000464,read,0x20004020,1,0x0
1066,493,master,0x06000464,read,0x20004020,1,0x0
1067,493,master,0x06000464,read,0x20004020,1,0x0
1068,493,master,0x06000464,read,0x20004020,1,0x0
1069,493,master,0x06000464,read,0x20004020,1,0x0
1070,493,master,0x06000464,read,0x20004020,1,0x0
1071,493,master,0x06000464,read,0x20004020,1,0x0
1072,493,master,0x06000464,read,0x20004020,1,0x0
1073,493,master,0x06000464,read,0x20004020,1,0x0
1074,493,master,0x06000464,read,0x20004020,1,0x0
1075,493,master,0x06000464,read,0x20004020,1,0x1
1076,493,master,0x0600046A,read,0x20004021,1,0x5
1077,495,master,0x06000464,read,0x20004020,1,0x0
1078,495,master,0x06000464,read,0x20004020,1,0x0
1079,495,master,0x06000464,read,0x20004020,1,0x0
1080,495,master,0x06000464,read,0x20004020,1,0x0
1081,495,master,0x06000464,read,0x20004020,1,0x0
1082,495,master,0x06000464,read,0x20004020,1,0x0
1083,495,master,0x06000464,read,0x20004020,1,0x0
1084,495,master,0x06000464,read,0x20004020,1,0x0
1085,495,master,0x06000464,read,0x20004020,1,0x0
1086,495,master,0x06000464,read,0x20004020,1,0x0
1087,495,master,0x06000464,read,0x20004020,2,0x5
1088,496,master,0x06000464,read,0x20004020,1,0x0
1089,496,master,0x06000464,read,0x20004020,1,0x0
1090,496,master,0x06000464,read,0x20004020,1,0x0
1091,496,master,0x06000464,read,0x20004020,1,0x0
1092,496,master,0x06000464,read,0x20004020,1,0x0
1093,496,master,0x06000464,read,0x20004020,1,0x0
1094,496,master,0x06000464,read,0x20004020,1,0x0
1095,496,master,0x06000464,read,0x20004020,1,0x0
1096,496,master,0x06000464,read,0x20004020,1,0x0
1097,496,master,0x06000464,read,0x20004020,1,0x0
1098,496,master,0x06000464,read,0x20004020,1,0x1
1099,496,master,0x0600046A,read,0x20004021,1,0x5
1100,498,master,0x06000464,read,0x20004020,1,0x0
1101,498,master,0x06000464,read,0x20004020,1,0x0
1102,498,master,0x06000464,read,0x20004020,1,0x0
1103,498,master,0x06000464,read,0x20004020,1,0x0
1104,498,master,0x06000464,read,0x20004020,1,0x0
1105,498,master,0x06000464,read,0x20004020,1,0x0
1106,498,master,0x06000464,read,0x20004020,1,0x0
1107,498,master,0x06000464,read,0x20004020,1,0x0
1108,498,master,0x06000464,read,0x20004020,1,0x0
1109,498,master,0x06000464,read,0x20004020,1,0x0
1110,498,master,0x06000464,read,0x20004020,2,0x5
1111,499,master,0x06000464,read,0x20004020,1,0x0
1112,499,master,0x06000464,read,0x20004020,1,0x0
1113,499,master,0x06000464,read,0x20004020,1,0x0
1114,499,master,0x06000464,read,0x20004020,1,0x0
1115,499,master,0x06000464,read,0x20004020,1,0x0
1116,499,master,0x06000464,read,0x20004020,1,0x0
1117,499,master,0x06000464,read,0x20004020,1,0x0
1118,499,master,0x06000464,read,0x20004020,1,0x0
1119,499,master,0x06000464,read,0x20004020,1,0x0
1120,499,master,0x06000464,read,0x20004020,1,0x0
1121,499,master,0x06000464,read,0x20004020,1,0x1
1122,499,master,0x0600046A,read,0x20004021,1,0x5
1123,501,master,0x06000464,read,0x20004020,1,0x0
1124,501,master,0x06000464,read,0x20004020,1,0x0
1125,501,master,0x06000464,read,0x20004020,1,0x0
1126,501,master,0x06000464,read,0x20004020,1,0x0
1127,501,master,0x06000464,read,0x20004020,1,0x0
1128,501,master,0x06000464,read,0x20004020,1,0x0
1129,501,master,0x06000464,read,0x20004020,1,0x0
1130,501,master,0x06000464,read,0x20004020,1,0x0
1131,501,master,0x06000464,read,0x20004020,1,0x0
1132,501,master,0x06000464,read,0x20004020,1,0x0
1133,501,master,0x06000464,read,0x20004020,2,0x5
1134,502,master,0x06000464,read,0x20004020,1,0x0
1135,502,master,0x06000464,read,0x20004020,1,0x0
1136,502,master,0x06000464,read,0x20004020,1,0x0
1137,502,master,0x06000464,read,0x20004020,1,0x0
1138,502,master,0x06000464,read,0x20004020,1,0x0
1139,502,master,0x06000464,read,0x20004020,1,0x0
1140,502,master,0x06000464,read,0x20004020,1,0x0
1141,502,master,0x06000464,read,0x20004020,1,0x0
1142,502,master,0x06000464,read,0x20004020,1,0x0
1143,502,master,0x06000464,read,0x20004020,1,0x0
1144,502,master,0x06000464,read,0x20004020,1,0x1
1145,502,master,0x0600046A,read,0x20004021,1,0x5
1146,504,master,0x06000464,read,0x20004020,1,0x0
1147,504,master,0x06000464,read,0x20004020,1,0x0
1148,504,master,0x06000464,read,0x20004020,1,0x0
1149,504,master,0x06000464,read,0x20004020,1,0x0
1150,504,master,0x06000464,read,0x20004020,1,0x0
1151,504,master,0x06000464,read,0x20004020,1,0x0
1152,504,master,0x06000464,read,0x20004020,1,0x0
1153,504,master,0x06000464,read,0x20004020,1,0x0
1154,504,master,0x06000464,read,0x20004020,1,0x0
1155,504,master,0x06000464,read,0x20004020,1,0x0
1156,504,master,0x06000464,read,0x20004020,2,0x5
1157,505,master,0x06000464,read,0x20004020,1,0x0
1158,505,master,0x06000464,read,0x20004020,1,0x0
1159,505,master,0x06000464,read,0x20004020,1,0x0
1160,505,master,0x06000464,read,0x20004020,1,0x0
1161,505,master,0x06000464,read,0x20004020,1,0x0
1162,505,master,0x06000464,read,0x20004020,1,0x0
1163,505,master,0x06000464,read,0x20004020,1,0x0
1164,505,master,0x06000464,read,0x20004020,1,0x0
1165,505,master,0x06000464,read,0x20004020,1,0x0
1166,505,master,0x06000464,read,0x20004020,1,0x0
1167,505,master,0x06000464,read,0x20004020,1,0x1
1168,505,master,0x0600046A,read,0x20004021,1,0x5
1169,507,master,0x06000464,read,0x20004020,1,0x0
1170,507,master,0x06000464,read,0x20004020,1,0x0
1171,507,master,0x06000464,read,0x20004020,1,0x0
1172,507,master,0x06000464,read,0x20004020,1,0x0
1173,507,master,0x06000464,read,0x20004020,1,0x0
1174,507,master,0x06000464,read,0x20004020,1,0x0
1175,507,master,0x06000464,read,0x20004020,1,0x0
1176,507,master,0x06000464,read,0x20004020,1,0x0
1177,507,master,0x06000464,read,0x20004020,1,0x0
1178,507,master,0x06000464,read,0x20004020,1,0x0
1179,507,master,0x06000464,read,0x20004020,2,0x5
1180,508,master,0x06000464,read,0x20004020,1,0x0
1181,508,master,0x06000464,read,0x20004020,1,0x0
1182,508,master,0x06000464,read,0x20004020,1,0x0
1183,508,master,0x06000464,read,0x20004020,1,0x0
1184,508,master,0x06000464,read,0x20004020,1,0x0
1185,508,master,0x06000464,read,0x20004020,1,0x0
1186,508,master,0x06000464,read,0x20004020,1,0x0
1187,508,master,0x06000464,read,0x20004020,1,0x0
1188,508,master,0x06000464,read,0x20004020,1,0x0
1189,508,master,0x06000464,read,0x20004020,1,0x0
1190,508,master,0x06000464,read,0x20004020,1,0x1
1191,508,master,0x0600046A,read,0x20004021,1,0x5
1192,510,master,0x06000464,read,0x20004020,1,0x0
1193,510,master,0x06000464,read,0x20004020,1,0x0
1194,510,master,0x06000464,read,0x20004020,1,0x0
1195,510,master,0x06000464,read,0x20004020,1,0x0
1196,510,master,0x06000464,read,0x20004020,1,0x0
1197,510,master,0x06000464,read,0x20004020,1,0x0
1198,510,master,0x06000464,read,0x20004020,1,0x0
1199,510,master,0x06000464,read,0x20004020,1,0x0
1200,510,master,0x06000464,read,0x20004020,1,0x0
1201,510,master,0x06000464,read,0x20004020,1,0x0
1202,510,master,0x06000464,read,0x20004020,2,0x5
1203,511,master,0x06000464,read,0x20004020,1,0x0
1204,511,master,0x06000464,read,0x20004020,1,0x0
1205,511,master,0x06000464,read,0x20004020,1,0x0
1206,511,master,0x06000464,read,0x20004020,1,0x0
1207,511,master,0x06000464,read,0x20004020,1,0x0
1208,511,master,0x06000464,read,0x20004020,1,0x0
1209,511,master,0x06000464,read,0x20004020,1,0x0
1210,511,master,0x06000464,read,0x20004020,1,0x0
1211,511,master,0x06000464,read,0x20004020,1,0x0
1212,511,master,0x06000464,read,0x20004020,1,0x0
1213,511,master,0x06000464,read,0x20004020,1,0x1
1214,511,master,0x0600046A,read,0x20004021,1,0x5
1215,513,master,0x06000464,read,0x20004020,1,0x0
1216,513,master,0x06000464,read,0x20004020,1,0x0
1217,513,master,0x06000464,read,0x20004020,1,0x0
1218,513,master,0x06000464,read,0x20004020,1,0x0
1219,513,master,0x06000464,read,0x20004020,1,0x0
1220,513,master,0x06000464,read,0x20004020,1,0x0
1221,513,master,0x06000464,read,0x20004020,1,0x0
1222,513,master,0x06000464,read,0x20004020,1,0x0
1223,513,master,0x06000464,read,0x20004020,1,0x0
1224,513,master,0x06000464,read,0x20004020,1,0x0
1225,513,master,0x06000464,read,0x20004020,2,0x5
1226,514,master,0x06000464,read,0x20004020,1,0x0
1227,514,master,0x06000464,read,0x20004020,1,0x0
1228,514,master,0x06000464,read,0x20004020,1,0x0
1229,514,master,0x06000464,read,0x20004020,1,0x0
1230,514,master,0x06000464,read,0x20004020,1,0x0
1231,514,master,0x06000464,read,0x20004020,1,0x0
1232,514,master,0x06000464,read,0x20004020,1,0x0
1233,514,master,0x06000464,read,0x20004020,1,0x0
1234,514,master,0x06000464,read,0x20004020,1,0x0
1235,514,master,0x06000464,read,0x20004020,1,0x0
1236,514,master,0x06000464,read,0x20004020,1,0x1
1237,514,master,0x0600046A,read,0x20004021,1,0x5
1238,516,master,0x06000464,read,0x20004020,1,0x0
1239,516,master,0x06000464,read,0x20004020,1,0x0
1240,516,master,0x06000464,read,0x20004020,1,0x0
1241,516,master,0x06000464,read,0x20004020,1,0x0
1242,516,master,0x06000464,read,0x20004020,1,0x0
1243,516,master,0x06000464,read,0x20004020,1,0x0
1244,516,master,0x06000464,read,0x20004020,1,0x0
1245,516,master,0x06000464,read,0x20004020,1,0x0
1246,516,master,0x06000464,read,0x20004020,1,0x0
1247,516,master,0x06000464,read,0x20004020,1,0x0
1248,516,master,0x06000464,read,0x20004020,2,0x5
1249,517,master,0x06000464,read,0x20004020,1,0x0
1250,517,master,0x06000464,read,0x20004020,1,0x0
1251,517,master,0x06000464,read,0x20004020,1,0x0
1252,517,master,0x06000464,read,0x20004020,1,0x0
1253,517,master,0x06000464,read,0x20004020,1,0x0
1254,517,master,0x06000464,read,0x20004020,1,0x0
1255,517,master,0x06000464,read,0x20004020,1,0x0
1256,517,master,0x06000464,read,0x20004020,1,0x0
1257,517,master,0x06000464,read,0x20004020,1,0x0
1258,517,master,0x06000464,read,0x20004020,1,0x0
1259,517,master,0x06000464,read,0x20004020,1,0x1
1260,517,master,0x0600046A,read,0x20004021,1,0x5
1261,519,master,0x06000464,read,0x20004020,1,0x0
1262,519,master,0x06000464,read,0x20004020,1,0x0
1263,519,master,0x06000464,read,0x20004020,1,0x0
1264,519,master,0x06000464,read,0x20004020,1,0x0
1265,519,master,0x06000464,read,0x20004020,1,0x0
1266,519,master,0x06000464,read,0x20004020,1,0x0
1267,519,master,0x06000464,read,0x20004020,1,0x0
1268,519,master,0x06000464,read,0x20004020,1,0x0
1269,519,master,0x06000464,read,0x20004020,1,0x0
1270,519,master,0x06000464,read,0x20004020,1,0x0
1271,519,master,0x06000464,read,0x20004020,2,0x5
1272,520,master,0x06000464,read,0x20004020,1,0x0
1273,520,master,0x06000464,read,0x20004020,1,0x0
1274,520,master,0x06000464,read,0x20004020,1,0x0
1275,520,master,0x06000464,read,0x20004020,1,0x0
1276,520,master,0x06000464,read,0x20004020,1,0x0
1277,520,master,0x06000464,read,0x20004020,1,0x0
1278,520,master,0x06000464,read,0x20004020,1,0x0
1279,520,master,0x06000464,read,0x20004020,1,0x0
1280,520,master,0x06000464,read,0x20004020,1,0x0
1281,520,master,0x06000464,read,0x20004020,1,0x0
1282,520,master,0x06000464,read,0x20004020,1,0x1
1283,520,master,0x0600046A,read,0x20004021,1,0x5
1284,522,master,0x06000464,read,0x20004020,1,0x0
1285,522,master,0x06000464,read,0x20004020,1,0x0
1286,522,master,0x06000464,read,0x20004020,1,0x0
1287,522,master,0x06000464,read,0x20004020,1,0x0
1288,522,master,0x06000464,read,0x20004020,1,0x0
1289,522,master,0x06000464,read,0x20004020,1,0x0
1290,522,master,0x06000464,read,0x20004020,1,0x0
1291,522,master,0x06000464,read,0x20004020,1,0x0
1292,522,master,0x06000464,read,0x20004020,1,0x0
1293,522,master,0x06000464,read,0x20004020,1,0x0
1294,522,master,0x06000464,read,0x20004020,2,0x5
1295,523,master,0x06000464,read,0x20004020,1,0x0
1296,523,master,0x06000464,read,0x20004020,1,0x0
1297,523,master,0x06000464,read,0x20004020,1,0x0
1298,523,master,0x06000464,read,0x20004020,1,0x0
1299,523,master,0x06000464,read,0x20004020,1,0x0
1300,523,master,0x06000464,read,0x20004020,1,0x0
1301,523,master,0x06000464,read,0x20004020,1,0x0
1302,523,master,0x06000464,read,0x20004020,1,0x0
1303,523,master,0x06000464,read,0x20004020,1,0x0
1304,523,master,0x06000464,read,0x20004020,1,0x0
1305,523,master,0x06000464,read,0x20004020,1,0x1
1306,523,master,0x0600046A,read,0x20004021,1,0x5
1307,525,master,0x06000464,read,0x20004020,1,0x0
1308,525,master,0x06000464,read,0x20004020,1,0x0
1309,525,master,0x06000464,read,0x20004020,1,0x0
1310,525,master,0x06000464,read,0x20004020,1,0x0
1311,525,master,0x06000464,read,0x20004020,1,0x0
1312,525,master,0x06000464,read,0x20004020,1,0x0
1313,525,master,0x06000464,read,0x20004020,1,0x0
1314,525,master,0x06000464,read,0x20004020,1,0x0
1315,525,master,0x06000464,read,0x20004020,1,0x0
1316,525,master,0x06000464,read,0x20004020,1,0x0
1317,525,master,0x06000464,read,0x20004020,2,0x5
1318,526,master,0x06000464,read,0x20004020,1,0x0
1319,526,master,0x06000464,read,0x20004020,1,0x0
1320,526,master,0x06000464,read,0x20004020,1,0x0
1321,526,master,0x06000464,read,0x20004020,1,0x0
1322,526,master,0x06000464,read,0x20004020,1,0x0
1323,526,master,0x06000464,read,0x20004020,1,0x0
1324,526,master,0x06000464,read,0x20004020,1,0x0
1325,526,master,0x06000464,read,0x20004020,1,0x0
1326,526,master,0x06000464,read,0x20004020,1,0x0
1327,526,master,0x06000464,read,0x20004020,1,0x0
1328,526,master,0x06000464,read,0x20004020,1,0x1
1329,526,master,0x0600046A,read,0x20004021,1,0x5
1330,528,master,0x06000464,read,0x20004020,1,0x0
1331,528,master,0x06000464,read,0x20004020,1,0x0
1332,528,master,0x06000464,read,0x20004020,1,0x0
1333,528,master,0x06000464,read,0x20004020,1,0x0
1334,528,master,0x06000464,read,0x20004020,1,0x0
1335,528,master,0x06000464,read,0x20004020,1,0x0
1336,528,master,0x06000464,read,0x20004020,1,0x0
1337,528,master,0x06000464,read,0x20004020,1,0x0
1338,528,master,0x06000464,read,0x20004020,1,0x0
1339,528,master,0x06000464,read,0x20004020,1,0x0
1340,528,master,0x06000464,read,0x20004020,2,0x5
1341,529,master,0x06000464,read,0x20004020,1,0x0
1342,529,master,0x06000464,read,0x20004020,1,0x0
1343,529,master,0x06000464,read,0x20004020,1,0x0
1344,529,master,0x06000464,read,0x20004020,1,0x0
1345,529,master,0x06000464,read,0x20004020,1,0x0
1346,529,master,0x06000464,read,0x20004020,1,0x0
1347,529,master,0x06000464,read,0x20004020,1,0x0
1348,529,master,0x06000464,read,0x20004020,1,0x0
1349,529,master,0x06000464,read,0x20004020,1,0x0
1350,529,master,0x06000464,read,0x20004020,1,0x0
1351,529,master,0x06000464,read,0x20004020,1,0x1
1352,529,master,0x0600046A,read,0x20004021,1,0x5
1353,531,master,0x06000464,read,0x20004020,1,0x0
1354,531,master,0x06000464,read,0x20004020,1,0x0
1355,531,master,0x06000464,read,0x20004020,1,0x0
1356,531,master,0x06000464,read,0x20004020,1,0x0
1357,531,master,0x06000464,read,0x20004020,1,0x0
1358,531,master,0x06000464,read,0x20004020,1,0x0
1359,531,master,0x06000464,read,0x20004020,1,0x0
1360,531,master,0x06000464,read,0x20004020,1,0x0
1361,531,master,0x06000464,read,0x20004020,1,0x0
1362,531,master,0x06000464,read,0x20004020,1,0x0
1363,531,master,0x06000464,read,0x20004020,2,0x5
1364,532,master,0x06000464,read,0x20004020,1,0x0
1365,532,master,0x06000464,read,0x20004020,1,0x0
1366,532,master,0x06000464,read,0x20004020,1,0x0
1367,532,master,0x06000464,read,0x20004020,1,0x0
1368,532,master,0x06000464,read,0x20004020,1,0x0
1369,532,master,0x06000464,read,0x20004020,1,0x0
1370,532,master,0x06000464,read,0x20004020,1,0x0
1371,532,master,0x06000464,read,0x20004020,1,0x0
1372,532,master,0x06000464,read,0x20004020,1,0x0
1373,532,master,0x06000464,read,0x20004020,1,0x0
1374,532,master,0x06000464,read,0x20004020,1,0x1
1375,532,master,0x0600046A,read,0x20004021,1,0x5
1376,534,master,0x06000464,read,0x20004020,1,0x0
1377,534,master,0x06000464,read,0x20004020,1,0x0
1378,534,master,0x06000464,read,0x20004020,1,0x0
1379,534,master,0x06000464,read,0x20004020,1,0x0
1380,534,master,0x06000464,read,0x20004020,1,0x0
1381,534,master,0x06000464,read,0x20004020,1,0x0
1382,534,master,0x06000464,read,0x20004020,1,0x0
1383,534,master,0x06000464,read,0x20004020,1,0x0
1384,534,master,0x06000464,read,0x20004020,1,0x0
1385,534,master,0x06000464,read,0x20004020,1,0x0
1386,534,master,0x06000464,read,0x20004020,2,0x5
1387,535,master,0x06000464,read,0x20004020,1,0x0
1388,535,master,0x06000464,read,0x20004020,1,0x0
1389,535,master,0x06000464,read,0x20004020,1,0x0
1390,535,master,0x06000464,read,0x20004020,1,0x0
1391,535,master,0x06000464,read,0x20004020,1,0x0
1392,535,master,0x06000464,read,0x20004020,1,0x0
1393,535,master,0x06000464,read,0x20004020,1,0x0
1394,535,master,0x06000464,read,0x20004020,1,0x0
1395,535,master,0x06000464,read,0x20004020,1,0x0
1396,535,master,0x06000464,read,0x20004020,1,0x0
1397,535,master,0x06000464,read,0x20004020,1,0x1
1398,535,master,0x0600046A,read,0x20004021,1,0x5
1399,537,master,0x06000464,read,0x20004020,1,0x0
1400,537,master,0x06000464,read,0x20004020,1,0x0
1401,537,master,0x06000464,read,0x20004020,1,0x0
1402,537,master,0x06000464,read,0x20004020,1,0x0
1403,537,master,0x06000464,read,0x20004020,1,0x0
1404,537,master,0x06000464,read,0x20004020,1,0x0
1405,537,master,0x06000464,read,0x20004020,1,0x0
1406,537,master,0x06000464,read,0x20004020,1,0x0
1407,537,master,0x06000464,read,0x20004020,1,0x0
1408,537,master,0x06000464,read,0x20004020,1,0x0
1409,537,master,0x06000464,read,0x20004020,2,0x5
1410,538,master,0x06000464,read,0x20004020,1,0x0
1411,538,master,0x06000464,read,0x20004020,1,0x0
1412,538,master,0x06000464,read,0x20004020,1,0x0
1413,538,master,0x06000464,read,0x20004020,1,0x0
1414,538,master,0x06000464,read,0x20004020,1,0x0
1415,538,master,0x06000464,read,0x20004020,1,0x0
1416,538,master,0x06000464,read,0x20004020,1,0x0
1417,538,master,0x06000464,read,0x20004020,1,0x0
1418,538,master,0x06000464,read,0x20004020,1,0x0
1419,538,master,0x06000464,read,0x20004020,1,0x0
1420,538,master,0x06000464,read,0x20004020,1,0x1
1421,538,master,0x0600046A,read,0x20004021,1,0x5
1422,540,master,0x06000464,read,0x20004020,1,0x0
1423,540,master,0x06000464,read,0x20004020,1,0x0
1424,540,master,0x06000464,read,0x20004020,1,0x0
1425,540,master,0x06000464,read,0x20004020,1,0x0
1426,540,master,0x06000464,read,0x20004020,1,0x0
1427,540,master,0x06000464,read,0x20004020,1,0x0
1428,540,master,0x06000464,read,0x20004020,1,0x0
1429,540,master,0x06000464,read,0x20004020,1,0x0
1430,540,master,0x06000464,read,0x20004020,1,0x0
1431,540,master,0x06000464,read,0x20004020,1,0x0
1432,540,master,0x06000464,read,0x20004020,2,0x5
1433,541,master,0x06000464,read,0x20004020,1,0x0
1434,541,master,0x06000464,read,0x20004020,1,0x0
1435,541,master,0x06000464,read,0x20004020,1,0x0
1436,541,master,0x06000464,read,0x20004020,1,0x0
1437,541,master,0x06000464,read,0x20004020,1,0x0
1438,541,master,0x06000464,read,0x20004020,1,0x0
1439,541,master,0x06000464,read,0x20004020,1,0x0
1440,541,master,0x06000464,read,0x20004020,1,0x0
1441,541,master,0x06000464,read,0x20004020,1,0x0
1442,541,master,0x06000464,read,0x20004020,1,0x0
1443,541,master,0x06000464,read,0x20004020,1,0x1
1444,541,master,0x0600046A,read,0x20004021,1,0x5
1445,543,master,0x06000464,read,0x20004020,1,0x0
1446,543,master,0x06000464,read,0x20004020,1,0x0
1447,543,master,0x06000464,read,0x20004020,1,0x0
1448,543,master,0x06000464,read,0x20004020,1,0x0
1449,543,master,0x06000464,read,0x20004020,1,0x0
1450,543,master,0x06000464,read,0x20004020,1,0x0
1451,543,master,0x06000464,read,0x20004020,1,0x0
1452,543,master,0x06000464,read,0x20004020,1,0x0
1453,543,master,0x06000464,read,0x20004020,1,0x0
1454,543,master,0x06000464,read,0x20004020,1,0x0
1455,543,master,0x06000464,read,0x20004020,2,0x5
1456,544,master,0x06000464,read,0x20004020,1,0x0
1457,544,master,0x06000464,read,0x20004020,1,0x0
1458,544,master,0x06000464,read,0x20004020,1,0x0
1459,544,master,0x06000464,read,0x20004020,1,0x0
1460,544,master,0x06000464,read,0x20004020,1,0x0
1461,544,master,0x06000464,read,0x20004020,1,0x0
1462,544,master,0x06000464,read,0x20004020,1,0x0
1463,544,master,0x06000464,read,0x20004020,1,0x0
1464,544,master,0x06000464,read,0x20004020,1,0x0
1465,544,master,0x06000464,read,0x20004020,1,0x0
1466,544,master,0x06000464,read,0x20004020,1,0x1
1467,544,master,0x0600046A,read,0x20004021,1,0x5
1468,546,master,0x06000464,read,0x20004020,1,0x0
1469,546,master,0x06000464,read,0x20004020,1,0x0
1470,546,master,0x06000464,read,0x20004020,1,0x0
1471,546,master,0x06000464,read,0x20004020,1,0x0
1472,546,master,0x06000464,read,0x20004020,1,0x0
1473,546,master,0x06000464,read,0x20004020,1,0x0
1474,546,master,0x06000464,read,0x20004020,1,0x0
1475,546,master,0x06000464,read,0x20004020,1,0x0
1476,546,master,0x06000464,read,0x20004020,1,0x0
1477,546,master,0x06000464,read,0x20004020,1,0x0
1478,546,master,0x06000464,read,0x20004020,2,0x5
1479,547,master,0x06000464,read,0x20004020,1,0x0
1480,547,master,0x06000464,read,0x20004020,1,0x0
1481,547,master,0x06000464,read,0x20004020,1,0x0
1482,547,master,0x06000464,read,0x20004020,1,0x0
1483,547,master,0x06000464,read,0x20004020,1,0x0
1484,547,master,0x06000464,read,0x20004020,1,0x0
1485,547,master,0x06000464,read,0x20004020,1,0x0
1486,547,master,0x06000464,read,0x20004020,1,0x0
1487,547,master,0x06000464,read,0x20004020,1,0x0
1488,547,master,0x06000464,read,0x20004020,1,0x0
1489,547,master,0x06000464,read,0x20004020,1,0x1
1490,547,master,0x0600046A,read,0x20004021,1,0x5
1491,549,master,0x06000464,read,0x20004020,1,0x0
1492,549,master,0x06000464,read,0x20004020,1,0x0
1493,549,master,0x06000464,read,0x20004020,1,0x0
1494,549,master,0x06000464,read,0x20004020,1,0x0
1495,549,master,0x06000464,read,0x20004020,1,0x0
1496,549,master,0x06000464,read,0x20004020,1,0x0
1497,549,master,0x06000464,read,0x20004020,1,0x0
1498,549,master,0x06000464,read,0x20004020,1,0x0
1499,549,master,0x06000464,read,0x20004020,1,0x0
1500,549,master,0x06000464,read,0x20004020,1,0x0
1501,549,master,0x06000464,read,0x20004020,2,0x5
1502,550,master,0x06000464,read,0x20004020,1,0x0
1503,550,master,0x06000464,read,0x20004020,1,0x0
1504,550,master,0x06000464,read,0x20004020,1,0x0
1505,550,master,0x06000464,read,0x20004020,1,0x0
1506,550,master,0x06000464,read,0x20004020,1,0x0
1507,550,master,0x06000464,read,0x20004020,1,0x0
1508,550,master,0x06000464,read,0x20004020,1,0x0
1509,550,master,0x06000464,read,0x20004020,1,0x0
1510,550,master,0x06000464,read,0x20004020,1,0x0
1511,550,master,0x06000464,read,0x20004020,1,0x0
1512,550,master,0x06000464,read,0x20004020,1,0x1
1513,550,master,0x0600046A,read,0x20004021,1,0x5
1514,552,master,0x06000464,read,0x20004020,1,0x0
1515,552,master,0x06000464,read,0x20004020,1,0x0
1516,552,master,0x06000464,read,0x20004020,1,0x0
1517,552,master,0x06000464,read,0x20004020,1,0x0
1518,552,master,0x06000464,read,0x20004020,1,0x0
1519,552,master,0x06000464,read,0x20004020,1,0x0
1520,552,master,0x06000464,read,0x20004020,1,0x0
1521,552,master,0x06000464,read,0x20004020,1,0x0
1522,552,master,0x06000464,read,0x20004020,1,0x0
1523,552,master,0x06000464,read,0x20004020,1,0x0
1524,552,master,0x06000464,read,0x20004020,2,0x5
1525,553,master,0x06000464,read,0x20004020,1,0x0
1526,553,master,0x06000464,read,0x20004020,1,0x0
1527,553,master,0x06000464,read,0x20004020,1,0x0
1528,553,master,0x06000464,read,0x20004020,1,0x0
1529,553,master,0x06000464,read,0x20004020,1,0x0
1530,553,master,0x06000464,read,0x20004020,1,0x0
1531,553,master,0x06000464,read,0x20004020,1,0x0
1532,553,master,0x06000464,read,0x20004020,1,0x0
1533,553,master,0x06000464,read,0x20004020,1,0x0
1534,553,master,0x06000464,read,0x20004020,1,0x0
1535,553,master,0x06000464,read,0x20004020,1,0x1
1536,553,master,0x0600046A,read,0x20004021,1,0x5
1537,555,master,0x06000464,read,0x20004020,1,0x0
1538,555,master,0x06000464,read,0x20004020,1,0x0
1539,555,master,0x06000464,read,0x20004020,1,0x0
1540,555,master,0x06000464,read,0x20004020,1,0x0
1541,555,master,0x06000464,read,0x20004020,1,0x0
1542,555,master,0x06000464,read,0x20004020,1,0x0
1543,555,master,0x06000464,read,0x20004020,1,0x0
1544,555,master,0x06000464,read,0x20004020,1,0x0
1545,555,master,0x06000464,read,0x20004020,1,0x0
1546,555,master,0x06000464,read,0x20004020,1,0x0
1547,555,master,0x06000464,read,0x20004020,2,0x5
1548,556,master,0x06000464,read,0x20004020,1,0x0
1549,556,master,0x06000464,read,0x20004020,1,0x0
1550,556,master,0x06000464,read,0x20004020,1,0x0
1551,556,master,0x06000464,read,0x20004020,1,0x0
1552,556,master,0x06000464,read,0x20004020,1,0x0
1553,556,master,0x06000464,read,0x20004020,1,0x0
1554,556,master,0x06000464,read,0x20004020,1,0x0
1555,556,master,0x06000464,read,0x20004020,1,0x0
1556,556,master,0x06000464,read,0x20004020,1,0x0
1557,556,master,0x06000464,read,0x20004020,1,0x0
1558,556,master,0x06000464,read,0x20004020,1,0x1
1559,556,master,0x0600046A,read,0x20004021,1,0x5
1560,558,master,0x06000464,read,0x20004020,1,0x0
1561,558,master,0x06000464,read,0x20004020,1,0x0
1562,558,master,0x06000464,read,0x20004020,1,0x0
1563,558,master,0x06000464,read,0x20004020,1,0x0
1564,558,master,0x06000464,read,0x20004020,1,0x0
1565,558,master,0x06000464,read,0x20004020,1,0x0
1566,558,master,0x06000464,read,0x20004020,1,0x0
1567,558,master,0x06000464,read,0x20004020,1,0x0
1568,558,master,0x06000464,read,0x20004020,1,0x0
1569,558,master,0x06000464,read,0x20004020,1,0x0
1570,558,master,0x06000464,read,0x20004020,2,0x5
1571,559,master,0x06000464,read,0x20004020,1,0x0
1572,559,master,0x06000464,read,0x20004020,1,0x0
1573,559,master,0x06000464,read,0x20004020,1,0x0
1574,559,master,0x06000464,read,0x20004020,1,0x0
1575,559,master,0x06000464,read,0x20004020,1,0x0
1576,559,master,0x06000464,read,0x20004020,1,0x0
1577,559,master,0x06000464,read,0x20004020,1,0x0
1578,559,master,0x06000464,read,0x20004020,1,0x0
1579,559,master,0x06000464,read,0x20004020,1,0x0
1580,559,master,0x06000464,read,0x20004020,1,0x0
1581,559,master,0x06000464,read,0x20004020,1,0x1
1582,559,master,0x0600046A,read,0x20004021,1,0x5
1583,561,master,0x06000464,read,0x20004020,1,0x0
1584,561,master,0x06000464,read,0x20004020,1,0x0
1585,561,master,0x06000464,read,0x20004020,1,0x0
1586,561,master,0x06000464,read,0x20004020,1,0x0
1587,561,master,0x06000464,read,0x20004020,1,0x0
1588,561,master,0x06000464,read,0x20004020,1,0x0
1589,561,master,0x06000464,read,0x20004020,1,0x0
1590,561,master,0x06000464,read,0x20004020,1,0x0
1591,561,master,0x06000464,read,0x20004020,1,0x0
1592,561,master,0x06000464,read,0x20004020,1,0x0
1593,561,master,0x06000464,read,0x20004020,2,0x5
1594,562,master,0x06000464,read,0x20004020,1,0x0
1595,562,master,0x06000464,read,0x20004020,1,0x0
1596,562,master,0x06000464,read,0x20004020,1,0x0
1597,562,master,0x06000464,read,0x20004020,1,0x0
1598,562,master,0x06000464,read,0x20004020,1,0x0
1599,562,master,0x06000464,read,0x20004020,1,0x0
1600,562,master,0x06000464,read,0x20004020,1,0x0
1601,562,master,0x06000464,read,0x20004020,1,0x0
1602,562,master,0x06000464,read,0x20004020,1,0x0
1603,562,master,0x06000464,read,0x20004020,1,0x0
1604,562,master,0x06000464,read,0x20004020,1,0x1
1605,562,master,0x0600046A,read,0x20004021,1,0x5
1606,564,master,0x06000464,read,0x20004020,1,0x0
1607,564,master,0x06000464,read,0x20004020,1,0x0
1608,564,master,0x06000464,read,0x20004020,1,0x0
1609,564,master,0x06000464,read,0x20004020,1,0x0
1610,564,master,0x06000464,read,0x20004020,1,0x0
1611,564,master,0x06000464,read,0x20004020,1,0x0
1612,564,master,0x06000464,read,0x20004020,1,0x0
1613,564,master,0x06000464,read,0x20004020,1,0x0
1614,564,master,0x06000464,read,0x20004020,1,0x0
1615,564,master,0x06000464,read,0x20004020,1,0x0
1616,564,master,0x06000464,read,0x20004020,2,0x5
1617,565,master,0x06000464,read,0x20004020,1,0x0
1618,565,master,0x06000464,read,0x20004020,1,0x0
1619,565,master,0x06000464,read,0x20004020,1,0x0
1620,565,master,0x06000464,read,0x20004020,1,0x0
1621,565,master,0x06000464,read,0x20004020,1,0x0
1622,565,master,0x06000464,read,0x20004020,1,0x0
1623,565,master,0x06000464,read,0x20004020,1,0x0
1624,565,master,0x06000464,read,0x20004020,1,0x0
1625,565,master,0x06000464,read,0x20004020,1,0x0
1626,565,master,0x06000464,read,0x20004020,1,0x0
1627,565,master,0x06000464,read,0x20004020,1,0x1
1628,565,master,0x0600046A,read,0x20004021,1,0x5
1629,567,master,0x06000464,read,0x20004020,1,0x0
1630,567,master,0x06000464,read,0x20004020,1,0x0
1631,567,master,0x06000464,read,0x20004020,1,0x0
1632,567,master,0x06000464,read,0x20004020,1,0x0
1633,567,master,0x06000464,read,0x20004020,1,0x0
1634,567,master,0x06000464,read,0x20004020,1,0x0
1635,567,master,0x06000464,read,0x20004020,1,0x0
1636,567,master,0x06000464,read,0x20004020,1,0x0
1637,567,master,0x06000464,read,0x20004020,1,0x0
1638,567,master,0x06000464,read,0x20004020,1,0x0
1639,567,master,0x06000464,read,0x20004020,2,0x5
1640,568,master,0x06000464,read,0x20004020,1,0x0
1641,568,master,0x06000464,read,0x20004020,1,0x0
1642,568,master,0x06000464,read,0x20004020,1,0x0
1643,568,master,0x06000464,read,0x20004020,1,0x0
1644,568,master,0x06000464,read,0x20004020,1,0x0
1645,568,master,0x06000464,read,0x20004020,1,0x0
1646,568,master,0x06000464,read,0x20004020,1,0x0
1647,568,master,0x06000464,read,0x20004020,1,0x0
1648,568,master,0x06000464,read,0x20004020,1,0x0
1649,568,master,0x06000464,read,0x20004020,1,0x0
1650,568,master,0x06000464,read,0x20004020,1,0x1
1651,568,master,0x0600046A,read,0x20004021,1,0x5
1652,570,master,0x06000464,read,0x20004020,1,0x0
1653,570,master,0x06000464,read,0x20004020,1,0x0
1654,570,master,0x06000464,read,0x20004020,1,0x0
1655,570,master,0x06000464,read,0x20004020,1,0x0
1656,570,master,0x06000464,read,0x20004020,1,0x0
1657,570,master,0x06000464,read,0x20004020,1,0x0
1658,570,master,0x06000464,read,0x20004020,1,0x0
1659,570,master,0x06000464,read,0x20004020,1,0x0
1660,570,master,0x06000464,read,0x20004020,1,0x0
1661,570,master,0x06000464,read,0x20004020,1,0x0
1662,570,master,0x06000464,read,0x20004020,2,0x5
1663,571,master,0x06000464,read,0x20004020,1,0x0
1664,571,master,0x06000464,read,0x20004020,1,0x0
1665,571,master,0x06000464,read,0x20004020,1,0x0
1666,571,master,0x06000464,read,0x20004020,1,0x0
1667,571,master,0x06000464,read,0x20004020,1,0x0
1668,571,master,0x06000464,read,0x20004020,1,0x0
1669,571,master,0x06000464,read,0x20004020,1,0x0
1670,571,master,0x06000464,read,0x20004020,1,0x0
1671,571,master,0x06000464,read,0x20004020,1,0x0
1672,571,master,0x06000464,read,0x20004020,1,0x0
1673,571,master,0x06000464,read,0x20004020,1,0x1
1674,571,master,0x0600046A,read,0x20004021,1,0x5
1675,573,master,0x06000464,read,0x20004020,1,0x0
1676,573,master,0x06000464,read,0x20004020,1,0x0
1677,573,master,0x06000464,read,0x20004020,1,0x0
1678,573,master,0x06000464,read,0x20004020,1,0x0
1679,573,master,0x06000464,read,0x20004020,1,0x0
1680,573,master,0x06000464,read,0x20004020,1,0x0
1681,573,master,0x06000464,read,0x20004020,1,0x0
1682,573,master,0x06000464,read,0x20004020,1,0x0
1683,573,master,0x06000464,read,0x20004020,1,0x0
1684,573,master,0x06000464,read,0x20004020,1,0x0
1685,573,master,0x06000464,read,0x20004020,2,0x5
1686,574,master,0x06000464,read,0x20004020,1,0x0
1687,574,master,0x06000464,read,0x20004020,1,0x0
1688,574,master,0x06000464,read,0x20004020,1,0x0
1689,574,master,0x06000464,read,0x20004020,1,0x0
1690,574,master,0x06000464,read,0x20004020,1,0x0
1691,574,master,0x06000464,read,0x20004020,1,0x0
1692,574,master,0x06000464,read,0x20004020,1,0x0
1693,574,master,0x06000464,read,0x20004020,1,0x0
1694,574,master,0x06000464,read,0x20004020,1,0x0
1695,574,master,0x06000464,read,0x20004020,1,0x0
1696,574,master,0x06000464,read,0x20004020,1,0x1
1697,574,master,0x0600046A,read,0x20004021,1,0x5
1698,576,master,0x06000464,read,0x20004020,1,0x0
1699,576,master,0x06000464,read,0x20004020,1,0x0
1700,576,master,0x06000464,read,0x20004020,1,0x0
1701,576,master,0x06000464,read,0x20004020,1,0x0
1702,576,master,0x06000464,read,0x20004020,1,0x0
1703,576,master,0x06000464,read,0x20004020,1,0x0
1704,576,master,0x06000464,read,0x20004020,1,0x0
1705,576,master,0x06000464,read,0x20004020,1,0x0
1706,576,master,0x06000464,read,0x20004020,1,0x0
1707,576,master,0x06000464,read,0x20004020,1,0x0
1708,576,master,0x06000464,read,0x20004020,2,0x5
1709,577,master,0x06000464,read,0x20004020,1,0x0
1710,577,master,0x06000464,read,0x20004020,1,0x0
1711,577,master,0x06000464,read,0x20004020,1,0x0
1712,577,master,0x06000464,read,0x20004020,1,0x0
1713,577,master,0x06000464,read,0x20004020,1,0x0
1714,577,master,0x06000464,read,0x20004020,1,0x0
1715,577,master,0x06000464,read,0x20004020,1,0x0
1716,577,master,0x06000464,read,0x20004020,1,0x0
1717,577,master,0x06000464,read,0x20004020,1,0x0
1718,577,master,0x06000464,read,0x20004020,1,0x0
1719,577,master,0x06000464,read,0x20004020,1,0x1
1720,577,master,0x0600046A,read,0x20004021,1,0x5
1721,579,master,0x06000464,read,0x20004020,1,0x0
1722,579,master,0x06000464,read,0x20004020,1,0x0
1723,579,master,0x06000464,read,0x20004020,1,0x0
1724,579,master,0x06000464,read,0x20004020,1,0x0
1725,579,master,0x06000464,read,0x20004020,1,0x0
1726,579,master,0x06000464,read,0x20004020,1,0x0
1727,579,master,0x06000464,read,0x20004020,1,0x0
1728,579,master,0x06000464,read,0x20004020,1,0x0
1729,579,master,0x06000464,read,0x20004020,1,0x0
1730,579,master,0x06000464,read,0x20004020,1,0x0
1731,579,master,0x06000464,read,0x20004020,2,0x5
1732,580,master,0x06000464,read,0x20004020,1,0x0
1733,580,master,0x06000464,read,0x20004020,1,0x0
1734,580,master,0x06000464,read,0x20004020,1,0x0
1735,580,master,0x06000464,read,0x20004020,1,0x0
1736,580,master,0x06000464,read,0x20004020,1,0x0
1737,580,master,0x06000464,read,0x20004020,1,0x0
1738,580,master,0x06000464,read,0x20004020,1,0x0
1739,580,master,0x06000464,read,0x20004020,1,0x0
1740,580,master,0x06000464,read,0x20004020,1,0x0
1741,580,master,0x06000464,read,0x20004020,1,0x0
1742,580,master,0x06000464,read,0x20004020,1,0x1
1743,580,master,0x0600046A,read,0x20004021,1,0x5
1744,582,master,0x06000464,read,0x20004020,1,0x0
1745,582,master,0x06000464,read,0x20004020,1,0x0
1746,582,master,0x06000464,read,0x20004020,1,0x0
1747,582,master,0x06000464,read,0x20004020,1,0x0
1748,582,master,0x06000464,read,0x20004020,1,0x0
1749,582,master,0x06000464,read,0x20004020,1,0x0
1750,582,master,0x06000464,read,0x20004020,1,0x0
1751,582,master,0x06000464,read,0x20004020,1,0x0
1752,582,master,0x06000464,read,0x20004020,1,0x0
1753,582,master,0x06000464,read,0x20004020,1,0x0
1754,582,master,0x06000464,read,0x20004020,2,0x5
1755,583,master,0x06000464,read,0x20004020,1,0x0
1756,583,master,0x06000464,read,0x20004020,1,0x0
1757,583,master,0x06000464,read,0x20004020,1,0x0
1758,583,master,0x06000464,read,0x20004020,1,0x0
1759,583,master,0x06000464,read,0x20004020,1,0x0
1760,583,master,0x06000464,read,0x20004020,1,0x0
1761,583,master,0x06000464,read,0x20004020,1,0x0
1762,583,master,0x06000464,read,0x20004020,1,0x0
1763,583,master,0x06000464,read,0x20004020,1,0x0
1764,583,master,0x06000464,read,0x20004020,1,0x0
1765,583,master,0x06000464,read,0x20004020,1,0x1
1766,583,master,0x0600046A,read,0x20004021,1,0x5
1767,585,master,0x06000464,read,0x20004020,1,0x0
1768,585,master,0x06000464,read,0x20004020,1,0x0
1769,585,master,0x06000464,read,0x20004020,1,0x0
1770,585,master,0x06000464,read,0x20004020,1,0x0
1771,585,master,0x06000464,read,0x20004020,1,0x0
1772,585,master,0x06000464,read,0x20004020,1,0x0
1773,585,master,0x06000464,read,0x20004020,1,0x0
1774,585,master,0x06000464,read,0x20004020,1,0x0
1775,585,master,0x06000464,read,0x20004020,1,0x0
1776,585,master,0x06000464,read,0x20004020,1,0x0
1777,585,master,0x06000464,read,0x20004020,2,0x5
1778,586,master,0x06000464,read,0x20004020,1,0x0
1779,586,master,0x06000464,read,0x20004020,1,0x0
1780,586,master,0x06000464,read,0x20004020,1,0x0
1781,586,master,0x06000464,read,0x20004020,1,0x0
1782,586,master,0x06000464,read,0x20004020,1,0x0
1783,586,master,0x06000464,read,0x20004020,1,0x0
1784,586,master,0x06000464,read,0x20004020,1,0x0
1785,586,master,0x06000464,read,0x20004020,1,0x0
1786,586,master,0x06000464,read,0x20004020,1,0x0
1787,586,master,0x06000464,read,0x20004020,1,0x0
1788,586,master,0x06000464,read,0x20004020,1,0x1
1789,586,master,0x0600046A,read,0x20004021,1,0x5
1790,588,master,0x06000464,read,0x20004020,1,0x0
1791,588,master,0x06000464,read,0x20004020,1,0x0
1792,588,master,0x06000464,read,0x20004020,1,0x0
1793,588,master,0x06000464,read,0x20004020,1,0x0
1794,588,master,0x06000464,read,0x20004020,1,0x0
1795,588,master,0x06000464,read,0x20004020,1,0x0
1796,588,master,0x06000464,read,0x20004020,1,0x0
1797,588,master,0x06000464,read,0x20004020,1,0x0
1798,588,master,0x06000464,read,0x20004020,1,0x0
1799,588,master,0x06000464,read,0x20004020,1,0x0
1800,588,master,0x06000464,read,0x20004020,2,0x5
1801,589,master,0x06000464,read,0x20004020,1,0x0
1802,589,master,0x06000464,read,0x20004020,1,0x0
1803,589,master,0x06000464,read,0x20004020,1,0x0
1804,589,master,0x06000464,read,0x20004020,1,0x0
1805,589,master,0x06000464,read,0x20004020,1,0x0
1806,589,master,0x06000464,read,0x20004020,1,0x0
1807,589,master,0x06000464,read,0x20004020,1,0x0
1808,589,master,0x06000464,read,0x20004020,1,0x0
1809,589,master,0x06000464,read,0x20004020,1,0x0
1810,589,master,0x06000464,read,0x20004020,1,0x0
1811,589,master,0x06000464,read,0x20004020,1,0x1
1812,589,master,0x0600046A,read,0x20004021,1,0x5
1813,591,master,0x06000464,read,0x20004020,1,0x0
1814,591,master,0x06000464,read,0x20004020,1,0x0
1815,591,master,0x06000464,read,0x20004020,1,0x0
1816,591,master,0x06000464,read,0x20004020,1,0x0
1817,591,master,0x06000464,read,0x20004020,1,0x0
1818,591,master,0x06000464,read,0x20004020,1,0x0
1819,591,master,0x06000464,read,0x20004020,1,0x0
1820,591,master,0x06000464,read,0x20004020,1,0x0
1821,591,master,0x06000464,read,0x20004020,1,0x0
1822,591,master,0x06000464,read,0x20004020,1,0x0
1823,591,master,0x06000464,read,0x20004020,2,0x5
1824,592,master,0x06000464,read,0x20004020,1,0x0
1825,592,master,0x06000464,read,0x20004020,1,0x0
1826,592,master,0x06000464,read,0x20004020,1,0x0
1827,592,master,0x06000464,read,0x20004020,1,0x0
1828,592,master,0x06000464,read,0x20004020,1,0x0
1829,592,master,0x06000464,read,0x20004020,1,0x0
1830,592,master,0x06000464,read,0x20004020,1,0x0
1831,592,master,0x06000464,read,0x20004020,1,0x0
1832,592,master,0x06000464,read,0x20004020,1,0x0
1833,592,master,0x06000464,read,0x20004020,1,0x0
1834,592,master,0x06000464,read,0x20004020,1,0x1
1835,592,master,0x0600046A,read,0x20004021,1,0x5
1836,594,master,0x06000464,read,0x20004020,1,0x0
1837,594,master,0x06000464,read,0x20004020,1,0x0
1838,594,master,0x06000464,read,0x20004020,1,0x0
1839,594,master,0x06000464,read,0x20004020,1,0x0
1840,594,master,0x06000464,read,0x20004020,1,0x0
1841,594,master,0x06000464,read,0x20004020,1,0x0
1842,594,master,0x06000464,read,0x20004020,1,0x0
1843,594,master,0x06000464,read,0x20004020,1,0x0
1844,594,master,0x06000464,read,0x20004020,1,0x0
1845,594,master,0x06000464,read,0x20004020,1,0x0
1846,594,master,0x06000464,read,0x20004020,2,0x5
1847,595,master,0x06000464,read,0x20004020,1,0x0
1848,595,master,0x06000464,read,0x20004020,1,0x0
1849,595,master,0x06000464,read,0x20004020,1,0x0
1850,595,master,0x06000464,read,0x20004020,1,0x0
1851,595,master,0x06000464,read,0x20004020,1,0x0
1852,595,master,0x06000464,read,0x20004020,1,0x0
1853,595,master,0x06000464,read,0x20004020,1,0x0
1854,595,master,0x06000464,read,0x20004020,1,0x0
1855,595,master,0x06000464,read,0x20004020,1,0x0
1856,595,master,0x06000464,read,0x20004020,1,0x0
1857,595,master,0x06000464,read,0x20004020,1,0x1
1858,595,master,0x0600046A,read,0x20004021,1,0x5
1859,597,master,0x06000464,read,0x20004020,1,0x0
1860,597,master,0x06000464,read,0x20004020,1,0x0
1861,597,master,0x06000464,read,0x20004020,1,0x0
1862,597,master,0x06000464,read,0x20004020,1,0x0
1863,597,master,0x06000464,read,0x20004020,1,0x0
1864,597,master,0x06000464,read,0x20004020,1,0x0
1865,597,master,0x06000464,read,0x20004020,1,0x0
1866,597,master,0x06000464,read,0x20004020,1,0x0
1867,597,master,0x06000464,read,0x20004020,1,0x0
1868,597,master,0x06000464,read,0x20004020,1,0x0
1869,597,master,0x06000464,read,0x20004020,2,0x5
1870,598,master,0x06000464,read,0x20004020,1,0x0
1871,598,master,0x06000464,read,0x20004020,1,0x0
1872,598,master,0x06000464,read,0x20004020,1,0x0
1873,598,master,0x06000464,read,0x20004020,1,0x0
1874,598,master,0x06000464,read,0x20004020,1,0x0
1875,598,master,0x06000464,read,0x20004020,1,0x0
1876,598,master,0x06000464,read,0x20004020,1,0x0
1877,598,master,0x06000464,read,0x20004020,1,0x0
1878,598,master,0x06000464,read,0x20004020,1,0x0
1879,598,master,0x06000464,read,0x20004020,1,0x0
1880,598,master,0x06000464,read,0x20004020,1,0x1
1881,598,master,0x0600046A,read,0x20004021,1,0x5
1882,600,master,0x06000464,read,0x20004020,1,0x0
1883,600,master,0x06000464,read,0x20004020,1,0x0
1884,600,master,0x06000464,read,0x20004020,1,0x0
1885,600,master,0x06000464,read,0x20004020,1,0x0
1886,600,master,0x06000464,read,0x20004020,1,0x0
1887,600,master,0x06000464,read,0x20004020,1,0x0
1888,600,master,0x06000464,read,0x20004020,1,0x0
1889,600,master,0x06000464,read,0x20004020,1,0x0
1890,600,master,0x06000464,read,0x20004020,1,0x0
1891,600,master,0x06000464,read,0x20004020,1,0x0
1892,600,master,0x06000464,read,0x20004020,2,0x5
1893,601,master,0x06000464,read,0x20004020,1,0x0
1894,601,master,0x06000464,read,0x20004020,1,0x0
1895,601,master,0x06000464,read,0x20004020,1,0x0
1896,601,master,0x06000464,read,0x20004020,1,0x0
1897,601,master,0x06000464,read,0x20004020,1,0x0
1898,601,master,0x06000464,read,0x20004020,1,0x0
1899,601,master,0x06000464,read,0x20004020,1,0x0
1900,601,master,0x06000464,read,0x20004020,1,0x0
1901,601,master,0x06000464,read,0x20004020,1,0x0
1902,601,master,0x06000464,read,0x20004020,1,0x0
1903,601,master,0x06000464,read,0x20004020,1,0x1
1904,601,master,0x0600046A,read,0x20004021,1,0x5
1905,603,master,0x06000464,read,0x20004020,1,0x0
1906,603,master,0x06000464,read,0x20004020,1,0x0
1907,603,master,0x06000464,read,0x20004020,1,0x0
1908,603,master,0x06000464,read,0x20004020,1,0x0
1909,603,master,0x06000464,read,0x20004020,1,0x0
1910,603,master,0x06000464,read,0x20004020,1,0x0
1911,603,master,0x06000464,read,0x20004020,1,0x0
1912,603,master,0x06000464,read,0x20004020,1,0x0
1913,603,master,0x06000464,read,0x20004020,1,0x0
1914,603,master,0x06000464,read,0x20004020,1,0x0
1915,603,master,0x06000464,read,0x20004020,2,0x5
1916,604,master,0x06000464,read,0x20004020,1,0x0
1917,604,master,0x06000464,read,0x20004020,1,0x0
1918,604,master,0x06000464,read,0x20004020,1,0x0
1919,604,master,0x06000464,read,0x20004020,1,0x0
1920,604,master,0x06000464,read,0x20004020,1,0x0
1921,604,master,0x06000464,read,0x20004020,1,0x0
1922,604,master,0x06000464,read,0x20004020,1,0x0
1923,604,master,0x06000464,read,0x20004020,1,0x0
1924,604,master,0x06000464,read,0x20004020,1,0x0
1925,604,master,0x06000464,read,0x20004020,1,0x0
1926,604,master,0x06000464,read,0x20004020,1,0x1
1927,604,master,0x0600046A,read,0x20004021,1,0x5
1928,606,master,0x06000464,read,0x20004020,1,0x0
1929,606,master,0x06000464,read,0x20004020,1,0x0
1930,606,master,0x06000464,read,0x20004020,1,0x0
1931,606,master,0x06000464,read,0x20004020,1,0x0
1932,606,master,0x06000464,read,0x20004020,1,0x0
1933,606,master,0x06000464,read,0x20004020,1,0x0
1934,606,master,0x06000464,read,0x20004020,1,0x0
1935,606,master,0x06000464,read,0x20004020,1,0x0
1936,606,master,0x06000464,read,0x20004020,1,0x0
1937,606,master,0x06000464,read,0x20004020,1,0x0
1938,606,master,0x06000464,read,0x20004020,2,0x5
1939,607,master,0x06000464,read,0x20004020,1,0x0
1940,607,master,0x06000464,read,0x20004020,1,0x0
1941,607,master,0x06000464,read,0x20004020,1,0x0
1942,607,master,0x06000464,read,0x20004020,1,0x0
1943,607,master,0x06000464,read,0x20004020,1,0x0
1944,607,master,0x06000464,read,0x20004020,1,0x0
1945,607,master,0x06000464,read,0x20004020,1,0x0
1946,607,master,0x06000464,read,0x20004020,1,0x0
1947,607,master,0x06000464,read,0x20004020,1,0x0
1948,607,master,0x06000464,read,0x20004020,1,0x0
1949,607,master,0x06000464,read,0x20004020,1,0x1
1950,607,master,0x0600046A,read,0x20004021,1,0x5
1951,609,master,0x06000464,read,0x20004020,1,0x0
1952,609,master,0x06000464,read,0x20004020,1,0x0
1953,609,master,0x06000464,read,0x20004020,1,0x0
1954,609,master,0x06000464,read,0x20004020,1,0x0
1955,609,master,0x06000464,read,0x20004020,1,0x0
1956,609,master,0x06000464,read,0x20004020,1,0x0
1957,609,master,0x06000464,read,0x20004020,1,0x0
1958,609,master,0x06000464,read,0x20004020,1,0x0
1959,609,master,0x06000464,read,0x20004020,1,0x0
1960,609,master,0x06000464,read,0x20004020,1,0x0
1961,609,master,0x06000464,read,0x20004020,2,0x5
1962,610,master,0x06000464,read,0x20004020,1,0x0
1963,610,master,0x06000464,read,0x20004020,1,0x0
1964,610,master,0x06000464,read,0x20004020,1,0x0
1965,610,master,0x06000464,read,0x20004020,1,0x0
1966,610,master,0x06000464,read,0x20004020,1,0x0
1967,610,master,0x06000464,read,0x20004020,1,0x0
1968,610,master,0x06000464,read,0x20004020,1,0x0
1969,610,master,0x06000464,read,0x20004020,1,0x0
1970,610,master,0x06000464,read,0x20004020,1,0x0
1971,610,master,0x06000464,read,0x20004020,1,0x0
1972,610,master,0x06000464,read,0x20004020,1,0x1
1973,610,master,0x0600046A,read,0x20004021,1,0x5
1974,612,master,0x06000464,read,0x20004020,1,0x0
1975,612,master,0x06000464,read,0x20004020,1,0x0
1976,612,master,0x06000464,read,0x20004020,1,0x0
1977,612,master,0x06000464,read,0x20004020,1,0x0
1978,612,master,0x06000464,read,0x20004020,1,0x0
1979,612,master,0x06000464,read,0x20004020,1,0x0
1980,612,master,0x06000464,read,0x20004020,1,0x0
1981,612,master,0x06000464,read,0x20004020,1,0x0
1982,612,master,0x06000464,read,0x20004020,1,0x0
1983,612,master,0x06000464,read,0x20004020,1,0x0
1984,612,master,0x06000464,read,0x20004020,2,0x5
1985,613,master,0x06000464,read,0x20004020,1,0x0
1986,613,master,0x06000464,read,0x20004020,1,0x0
1987,613,master,0x06000464,read,0x20004020,1,0x0
1988,613,master,0x06000464,read,0x20004020,1,0x0
1989,613,master,0x06000464,read,0x20004020,1,0x0
1990,613,master,0x06000464,read,0x20004020,1,0x0
1991,613,master,0x06000464,read,0x20004020,1,0x0
1992,613,master,0x06000464,read,0x20004020,1,0x0
1993,613,master,0x06000464,read,0x20004020,1,0x0
1994,613,master,0x06000464,read,0x20004020,1,0x0
1995,613,master,0x06000464,read,0x20004020,1,0x1
1996,613,master,0x0600046A,read,0x20004021,1,0x5
1997,615,master,0x06000464,read,0x20004020,1,0x0
1998,615,master,0x06000464,read,0x20004020,1,0x0
1999,615,master,0x06000464,read,0x20004020,1,0x0
2000,615,master,0x06000464,read,0x20004020,1,0x0
2001,615,master,0x06000464,read,0x20004020,1,0x0
2002,615,master,0x06000464,read,0x20004020,1,0x0
2003,615,master,0x06000464,read,0x20004020,1,0x0
2004,615,master,0x06000464,read,0x20004020,1,0x0
2005,615,master,0x06000464,read,0x20004020,1,0x0
2006,615,master,0x06000464,read,0x20004020,1,0x0
2007,615,master,0x06000464,read,0x20004020,2,0x5
2008,616,master,0x06000464,read,0x20004020,1,0x0
2009,616,master,0x06000464,read,0x20004020,1,0x0
2010,616,master,0x06000464,read,0x20004020,1,0x0
2011,616,master,0x06000464,read,0x20004020,1,0x0
2012,616,master,0x06000464,read,0x20004020,1,0x0
2013,616,master,0x06000464,read,0x20004020,1,0x0
2014,616,master,0x06000464,read,0x20004020,1,0x0
2015,616,master,0x06000464,read,0x20004020,1,0x0
2016,616,master,0x06000464,read,0x20004020,1,0x0
2017,616,master,0x06000464,read,0x20004020,1,0x0
2018,616,master,0x06000464,read,0x20004020,1,0x1
2019,616,master,0x0600046A,read,0x20004021,1,0x5
2020,618,master,0x06000464,read,0x20004020,1,0x0
2021,618,master,0x06000464,read,0x20004020,1,0x0
2022,618,master,0x06000464,read,0x20004020,1,0x0
2023,618,master,0x06000464,read,0x20004020,1,0x0
2024,618,master,0x06000464,read,0x20004020,1,0x0
2025,618,master,0x06000464,read,0x20004020,1,0x0
2026,618,master,0x06000464,read,0x20004020,1,0x0
2027,618,master,0x06000464,read,0x20004020,1,0x0
2028,618,master,0x06000464,read,0x20004020,1,0x0
2029,618,master,0x06000464,read,0x20004020,1,0x0
2030,618,master,0x06000464,read,0x20004020,2,0x5
2031,619,master,0x06000464,read,0x20004020,1,0x0
2032,619,master,0x06000464,read,0x20004020,1,0x0
2033,619,master,0x06000464,read,0x20004020,1,0x0
2034,619,master,0x06000464,read,0x20004020,1,0x0
2035,619,master,0x06000464,read,0x20004020,1,0x0
2036,619,master,0x06000464,read,0x20004020,1,0x0
2037,619,master,0x06000464,read,0x20004020,1,0x0
2038,619,master,0x06000464,read,0x20004020,1,0x0
2039,619,master,0x06000464,read,0x20004020,1,0x0
2040,619,master,0x06000464,read,0x20004020,1,0x0
2041,619,master,0x06000464,read,0x20004020,1,0x1
2042,619,master,0x0600046A,read,0x20004021,1,0x5
2043,621,master,0x06000464,read,0x20004020,1,0x0
2044,621,master,0x06000464,read,0x20004020,1,0x0
2045,621,master,0x06000464,read,0x20004020,1,0x0
2046,621,master,0x06000464,read,0x20004020,1,0x0
2047,621,master,0x06000464,read,0x20004020,1,0x0
2048,621,master,0x06000464,read,0x20004020,1,0x0
2049,621,master,0x06000464,read,0x20004020,1,0x0
2050,621,master,0x06000464,read,0x20004020,1,0x0
2051,621,master,0x06000464,read,0x20004020,1,0x0
2052,621,master,0x06000464,read,0x20004020,1,0x0
2053,621,master,0x06000464,read,0x20004020,2,0x5
2054,622,master,0x06000464,read,0x20004020,1,0x0
2055,622,master,0x06000464,read,0x20004020,1,0x0
2056,622,master,0x06000464,read,0x20004020,1,0x0
2057,622,master,0x06000464,read,0x20004020,1,0x0
2058,622,master,0x06000464,read,0x20004020,1,0x0
2059,622,master,0x06000464,read,0x20004020,1,0x0
2060,622,master,0x06000464,read,0x20004020,1,0x0
2061,622,master,0x06000464,read,0x20004020,1,0x0
2062,622,master,0x06000464,read,0x20004020,1,0x0
2063,622,master,0x06000464,read,0x20004020,1,0x0
2064,622,master,0x06000464,read,0x20004020,1,0x1
2065,622,master,0x0600046A,read,0x20004021,1,0x5
2066,624,master,0x06000464,read,0x20004020,1,0x0
2067,624,master,0x06000464,read,0x20004020,1,0x0
2068,624,master,0x06000464,read,0x20004020,1,0x0
2069,624,master,0x06000464,read,0x20004020,1,0x0
2070,624,master,0x06000464,read,0x20004020,1,0x0
2071,624,master,0x06000464,read,0x20004020,1,0x0
2072,624,master,0x06000464,read,0x20004020,1,0x0
2073,624,master,0x06000464,read,0x20004020,1,0x0
2074,624,master,0x06000464,read,0x20004020,1,0x0
2075,624,master,0x06000464,read,0x20004020,1,0x0
2076,624,master,0x06000464,read,0x20004020,2,0x5
2077,625,master,0x06000464,read,0x20004020,1,0x0
2078,625,master,0x06000464,read,0x20004020,1,0x0
2079,625,master,0x06000464,read,0x20004020,1,0x0
2080,625,master,0x06000464,read,0x20004020,1,0x0
2081,625,master,0x06000464,read,0x20004020,1,0x0
2082,625,master,0x06000464,read,0x20004020,1,0x0
2083,625,master,0x06000464,read,0x20004020,1,0x0
2084,625,master,0x06000464,read,0x20004020,1,0x0
2085,625,master,0x06000464,read,0x20004020,1,0x0
2086,625,master,0x06000464,read,0x20004020,1,0x0
2087,625,master,0x06000464,read,0x20004020,1,0x1
2088,625,master,0x0600046A,read,0x20004021,1,0x5
2089,627,master,0x06000464,read,0x20004020,1,0x0
2090,627,master,0x06000464,read,0x20004020,1,0x0
2091,627,master,0x06000464,read,0x20004020,1,0x0
2092,627,master,0x06000464,read,0x20004020,1,0x0
2093,627,master,0x06000464,read,0x20004020,1,0x0
2094,627,master,0x06000464,read,0x20004020,1,0x0
2095,627,master,0x06000464,read,0x20004020,1,0x0
2096,627,master,0x06000464,read,0x20004020,1,0x0
2097,627,master,0x06000464,read,0x20004020,1,0x0
2098,627,master,0x06000464,read,0x20004020,1,0x0
2099,627,master,0x06000464,read,0x20004020,2,0x5
2100,628,master,0x06000464,read,0x20004020,1,0x0
2101,628,master,0x06000464,read,0x20004020,1,0x0
2102,628,master,0x06000464,read,0x20004020,1,0x0
2103,628,master,0x06000464,read,0x20004020,1,0x0
2104,628,master,0x06000464,read,0x20004020,1,0x0
2105,628,master,0x06000464,read,0x20004020,1,0x0
2106,628,master,0x06000464,read,0x20004020,1,0x0
2107,628,master,0x06000464,read,0x20004020,1,0x0
2108,628,master,0x06000464,read,0x20004020,1,0x0
2109,628,master,0x06000464,read,0x20004020,1,0x0
2110,628,master,0x06000464,read,0x20004020,1,0x1
2111,628,master,0x0600046A,read,0x20004021,1,0x5
2112,630,master,0x06000464,read,0x20004020,1,0x0
2113,630,master,0x06000464,read,0x20004020,1,0x0
2114,630,master,0x06000464,read,0x20004020,1,0x0
2115,630,master,0x06000464,read,0x20004020,1,0x0
2116,630,master,0x06000464,read,0x20004020,1,0x0
2117,630,master,0x06000464,read,0x20004020,1,0x0
2118,630,master,0x06000464,read,0x20004020,1,0x0
2119,630,master,0x06000464,read,0x20004020,1,0x0
2120,630,master,0x06000464,read,0x20004020,1,0x0
2121,630,master,0x06000464,read,0x20004020,1,0x0
2122,630,master,0x06000464,read,0x20004020,2,0x5
2123,631,master,0x06000464,read,0x20004020,1,0x0
2124,631,master,0x06000464,read,0x20004020,1,0x0
2125,631,master,0x06000464,read,0x20004020,1,0x0
2126,631,master,0x06000464,read,0x20004020,1,0x0
2127,631,master,0x06000464,read,0x20004020,1,0x0
2128,631,master,0x06000464,read,0x20004020,1,0x0
2129,631,master,0x06000464,read,0x20004020,1,0x0
2130,631,master,0x06000464,read,0x20004020,1,0x0
2131,631,master,0x06000464,read,0x20004020,1,0x0
2132,631,master,0x06000464,read,0x20004020,1,0x0
2133,631,master,0x06000464,read,0x20004020,1,0x1
2134,631,master,0x0600046A,read,0x20004021,1,0x5
2135,633,master,0x06000464,read,0x20004020,1,0x0
2136,633,master,0x06000464,read,0x20004020,1,0x0
2137,633,master,0x06000464,read,0x20004020,1,0x0
2138,633,master,0x06000464,read,0x20004020,1,0x0
2139,633,master,0x06000464,read,0x20004020,1,0x0
2140,633,master,0x06000464,read,0x20004020,1,0x0
2141,633,master,0x06000464,read,0x20004020,1,0x0
2142,633,master,0x06000464,read,0x20004020,1,0x0
2143,633,master,0x06000464,read,0x20004020,1,0x0
2144,633,master,0x06000464,read,0x20004020,1,0x0
2145,633,master,0x06000464,read,0x20004020,2,0x5
2146,634,master,0x06000464,read,0x20004020,1,0x0
2147,634,master,0x06000464,read,0x20004020,1,0x0
2148,634,master,0x06000464,read,0x20004020,1,0x0
2149,634,master,0x06000464,read,0x20004020,1,0x0
2150,634,master,0x06000464,read,0x20004020,1,0x0
2151,634,master,0x06000464,read,0x20004020,1,0x0
2152,634,master,0x06000464,read,0x20004020,1,0x0
2153,634,master,0x06000464,read,0x20004020,1,0x0
2154,634,master,0x06000464,read,0x20004020,1,0x0
2155,634,master,0x06000464,read,0x20004020,1,0x0
2156,634,master,0x06000464,read,0x20004020,1,0x1
2157,634,master,0x0600046A,read,0x20004021,1,0x5
2158,636,master,0x06000464,read,0x20004020,1,0x0
2159,636,master,0x06000464,read,0x20004020,1,0x0
2160,636,master,0x06000464,read,0x20004020,1,0x0
2161,636,master,0x06000464,read,0x20004020,1,0x0
2162,636,master,0x06000464,read,0x20004020,1,0x0
2163,636,master,0x06000464,read,0x20004020,1,0x0
2164,636,master,0x06000464,read,0x20004020,1,0x0
2165,636,master,0x06000464,read,0x20004020,1,0x0
2166,636,master,0x06000464,read,0x20004020,1,0x0
2167,636,master,0x06000464,read,0x20004020,1,0x0
2168,636,master,0x06000464,read,0x20004020,2,0x5
2169,637,master,0x06000464,read,0x20004020,1,0x0
2170,637,master,0x06000464,read,0x20004020,1,0x0
2171,637,master,0x06000464,read,0x20004020,1,0x0
2172,637,master,0x06000464,read,0x20004020,1,0x0
2173,637,master,0x06000464,read,0x20004020,1,0x0
2174,637,master,0x06000464,read,0x20004020,1,0x0
2175,637,master,0x06000464,read,0x20004020,1,0x0
2176,637,master,0x06000464,read,0x20004020,1,0x0
2177,637,master,0x06000464,read,0x20004020,1,0x0
2178,637,master,0x06000464,read,0x20004020,1,0x0
2179,637,master,0x06000464,read,0x20004020,1,0x1
2180,637,master,0x0600046A,read,0x20004021,1,0x5
2181,639,master,0x06000464,read,0x20004020,1,0x0
2182,639,master,0x06000464,read,0x20004020,1,0x0
2183,639,master,0x06000464,read,0x20004020,1,0x0
2184,639,master,0x06000464,read,0x20004020,1,0x0
2185,639,master,0x06000464,read,0x20004020,1,0x0
2186,639,master,0x06000464,read,0x20004020,1,0x0
2187,639,master,0x06000464,read,0x20004020,1,0x0
2188,639,master,0x06000464,read,0x20004020,1,0x0
2189,639,master,0x06000464,read,0x20004020,1,0x0
2190,639,master,0x06000464,read,0x20004020,1,0x0
2191,639,master,0x06000464,read,0x20004020,2,0x5
2192,640,master,0x06000464,read,0x20004020,1,0x0
2193,640,master,0x06000464,read,0x20004020,1,0x0
2194,640,master,0x06000464,read,0x20004020,1,0x0
2195,640,master,0x06000464,read,0x20004020,1,0x0
2196,640,master,0x06000464,read,0x20004020,1,0x0
2197,640,master,0x06000464,read,0x20004020,1,0x0
2198,640,master,0x06000464,read,0x20004020,1,0x0
2199,640,master,0x06000464,read,0x20004020,1,0x0
2200,640,master,0x06000464,read,0x20004020,1,0x0
2201,640,master,0x06000464,read,0x20004020,1,0x0
2202,640,master,0x06000464,read,0x20004020,1,0x1
2203,640,master,0x0600046A,read,0x20004021,1,0x5
2204,642,master,0x06000464,read,0x20004020,1,0x0
2205,642,master,0x06000464,read,0x20004020,1,0x0
2206,642,master,0x06000464,read,0x20004020,1,0x0
2207,642,master,0x06000464,read,0x20004020,1,0x0
2208,642,master,0x06000464,read,0x20004020,1,0x0
2209,642,master,0x06000464,read,0x20004020,1,0x0
2210,642,master,0x06000464,read,0x20004020,1,0x0
2211,642,master,0x06000464,read,0x20004020,1,0x0
2212,642,master,0x06000464,read,0x20004020,1,0x0
2213,642,master,0x06000464,read,0x20004020,1,0x0
2214,642,master,0x06000464,read,0x20004020,2,0x5
2215,643,master,0x06000464,read,0x20004020,1,0x0
2216,643,master,0x06000464,read,0x20004020,1,0x0
2217,643,master,0x06000464,read,0x20004020,1,0x0
2218,643,master,0x06000464,read,0x20004020,1,0x0
2219,643,master,0x06000464,read,0x20004020,1,0x0
2220,643,master,0x06000464,read,0x20004020,1,0x0
2221,643,master,0x06000464,read,0x20004020,1,0x0
2222,643,master,0x06000464,read,0x20004020,1,0x0
2223,643,master,0x06000464,read,0x20004020,1,0x0
2224,643,master,0x06000464,read,0x20004020,1,0x0
2225,643,master,0x06000464,read,0x20004020,1,0x1
2226,643,master,0x0600046A,read,0x20004021,1,0x5
2227,645,master,0x06000464,read,0x20004020,1,0x0
2228,645,master,0x06000464,read,0x20004020,1,0x0
2229,645,master,0x06000464,read,0x20004020,1,0x0
2230,645,master,0x06000464,read,0x20004020,1,0x0
2231,645,master,0x06000464,read,0x20004020,1,0x0
2232,645,master,0x06000464,read,0x20004020,1,0x0
2233,645,master,0x06000464,read,0x20004020,1,0x0
2234,645,master,0x06000464,read,0x20004020,1,0x0
2235,645,master,0x06000464,read,0x20004020,1,0x0
2236,645,master,0x06000464,read,0x20004020,1,0x0
2237,645,master,0x06000464,read,0x20004020,2,0x5
2238,646,master,0x06000464,read,0x20004020,1,0x0
2239,646,master,0x06000464,read,0x20004020,1,0x0
2240,646,master,0x06000464,read,0x20004020,1,0x0
2241,646,master,0x06000464,read,0x20004020,1,0x0
2242,646,master,0x06000464,read,0x20004020,1,0x0
2243,646,master,0x06000464,read,0x20004020,1,0x0
2244,646,master,0x06000464,read,0x20004020,1,0x0
2245,646,master,0x06000464,read,0x20004020,1,0x0
2246,646,master,0x06000464,read,0x20004020,1,0x0
2247,646,master,0x06000464,read,0x20004020,1,0x0
2248,646,master,0x06000464,read,0x20004020,1,0x1
2249,646,master,0x0600046A,read,0x20004021,1,0x5
2250,648,master,0x06000464,read,0x20004020,1,0x0
2251,648,master,0x06000464,read,0x20004020,1,0x0
2252,648,master,0x06000464,read,0x20004020,1,0x0
2253,648,master,0x06000464,read,0x20004020,1,0x0
2254,648,master,0x06000464,read,0x20004020,1,0x0
2255,648,master,0x06000464,read,0x20004020,1,0x0
2256,648,master,0x06000464,read,0x20004020,1,0x0
2257,648,master,0x06000464,read,0x20004020,1,0x0
2258,648,master,0x06000464,read,0x20004020,1,0x0
2259,648,master,0x06000464,read,0x20004020,1,0x0
2260,648,master,0x06000464,read,0x20004020,2,0x5
2261,649,master,0x06000464,read,0x20004020,1,0x0
2262,649,master,0x06000464,read,0x20004020,1,0x0
2263,649,master,0x06000464,read,0x20004020,1,0x0
2264,649,master,0x06000464,read,0x20004020,1,0x0
2265,649,master,0x06000464,read,0x20004020,1,0x0
2266,649,master,0x06000464,read,0x20004020,1,0x0
2267,649,master,0x06000464,read,0x20004020,1,0x0
2268,649,master,0x06000464,read,0x20004020,1,0x0
2269,649,master,0x06000464,read,0x20004020,1,0x0
2270,649,master,0x06000464,read,0x20004020,1,0x0
2271,649,master,0x06000464,read,0x20004020,1,0x1
2272,649,master,0x0600046A,read,0x20004021,1,0x5
2273,651,master,0x06000464,read,0x20004020,1,0x0
2274,651,master,0x06000464,read,0x20004020,1,0x0
2275,651,master,0x06000464,read,0x20004020,1,0x0
2276,651,master,0x06000464,read,0x20004020,1,0x0
2277,651,master,0x06000464,read,0x20004020,1,0x0
2278,651,master,0x06000464,read,0x20004020,1,0x0
2279,651,master,0x06000464,read,0x20004020,1,0x0
2280,651,master,0x06000464,read,0x20004020,1,0x0
2281,651,master,0x06000464,read,0x20004020,1,0x0
2282,651,master,0x06000464,read,0x20004020,1,0x0
2283,651,master,0x06000464,read,0x20004020,2,0x5
2284,652,master,0x06000464,read,0x20004020,1,0x0
2285,652,master,0x06000464,read,0x20004020,1,0x0
2286,652,master,0x06000464,read,0x20004020,1,0x0
2287,652,master,0x06000464,read,0x20004020,1,0x0
2288,652,master,0x06000464,read,0x20004020,1,0x0
2289,652,master,0x06000464,read,0x20004020,1,0x0
2290,652,master,0x06000464,read,0x20004020,1,0x0
2291,652,master,0x06000464,read,0x20004020,1,0x0
2292,652,master,0x06000464,read,0x20004020,1,0x0
2293,652,master,0x06000464,read,0x20004020,1,0x0
2294,652,master,0x06000464,read,0x20004020,1,0x1
2295,652,master,0x0600046A,read,0x20004021,1,0x5
2296,654,master,0x06000464,read,0x20004020,1,0x0
2297,654,master,0x06000464,read,0x20004020,1,0x0
2298,654,master,0x06000464,read,0x20004020,1,0x0
2299,654,master,0x06000464,read,0x20004020,1,0x0
2300,654,master,0x06000464,read,0x20004020,1,0x0
2301,654,master,0x06000464,read,0x20004020,1,0x0
2302,654,master,0x06000464,read,0x20004020,1,0x0
2303,654,master,0x06000464,read,0x20004020,1,0x0
2304,654,master,0x06000464,read,0x20004020,1,0x0
2305,654,master,0x06000464,read,0x20004020,1,0x0
2306,654,master,0x06000464,read,0x20004020,2,0x5
2307,655,master,0x06000464,read,0x20004020,1,0x0
2308,655,master,0x06000464,read,0x20004020,1,0x0
2309,655,master,0x06000464,read,0x20004020,1,0x0
2310,655,master,0x06000464,read,0x20004020,1,0x0
2311,655,master,0x06000464,read,0x20004020,1,0x0
2312,655,master,0x06000464,read,0x20004020,1,0x0
2313,655,master,0x06000464,read,0x20004020,1,0x0
2314,655,master,0x06000464,read,0x20004020,1,0x0
2315,655,master,0x06000464,read,0x20004020,1,0x0
2316,655,master,0x06000464,read,0x20004020,1,0x0
2317,655,master,0x06000464,read,0x20004020,1,0x1
2318,655,master,0x0600046A,read,0x20004021,1,0x5
2319,657,master,0x06000464,read,0x20004020,1,0x0
2320,657,master,0x06000464,read,0x20004020,1,0x0
2321,657,master,0x06000464,read,0x20004020,1,0x0
2322,657,master,0x06000464,read,0x20004020,1,0x0
2323,657,master,0x06000464,read,0x20004020,1,0x0
2324,657,master,0x06000464,read,0x20004020,1,0x0
2325,657,master,0x06000464,read,0x20004020,1,0x0
2326,657,master,0x06000464,read,0x20004020,1,0x0
2327,657,master,0x06000464,read,0x20004020,1,0x0
2328,657,master,0x06000464,read,0x20004020,1,0x0
2329,657,master,0x06000464,read,0x20004020,2,0x5
2330,658,master,0x06000464,read,0x20004020,1,0x0
2331,658,master,0x06000464,read,0x20004020,1,0x0
2332,658,master,0x06000464,read,0x20004020,1,0x0
2333,658,master,0x06000464,read,0x20004020,1,0x0
2334,658,master,0x06000464,read,0x20004020,1,0x0
2335,658,master,0x06000464,read,0x20004020,1,0x0
2336,658,master,0x06000464,read,0x20004020,1,0x0
2337,658,master,0x06000464,read,0x20004020,1,0x0
2338,658,master,0x06000464,read,0x20004020,1,0x0
2339,658,master,0x06000464,read,0x20004020,1,0x0
2340,658,master,0x06000464,read,0x20004020,1,0x1
2341,658,master,0x0600046A,read,0x20004021,1,0x5
2342,660,master,0x06000464,read,0x20004020,1,0x0
2343,660,master,0x06000464,read,0x20004020,1,0x0
2344,660,master,0x06000464,read,0x20004020,1,0x0
2345,660,master,0x06000464,read,0x20004020,1,0x0
2346,660,master,0x06000464,read,0x20004020,1,0x0
2347,660,master,0x06000464,read,0x20004020,1,0x0
2348,660,master,0x06000464,read,0x20004020,1,0x0
2349,660,master,0x06000464,read,0x20004020,1,0x0
2350,660,master,0x06000464,read,0x20004020,1,0x0
2351,660,master,0x06000464,read,0x20004020,1,0x0
2352,660,master,0x06000464,read,0x20004020,2,0x5
2353,661,master,0x06000464,read,0x20004020,1,0x0
2354,661,master,0x06000464,read,0x20004020,1,0x0
2355,661,master,0x06000464,read,0x20004020,1,0x0
2356,661,master,0x06000464,read,0x20004020,1,0x0
2357,661,master,0x06000464,read,0x20004020,1,0x0
2358,661,master,0x06000464,read,0x20004020,1,0x0
2359,661,master,0x06000464,read,0x20004020,1,0x0
2360,661,master,0x06000464,read,0x20004020,1,0x0
2361,661,master,0x06000464,read,0x20004020,1,0x0
2362,661,master,0x06000464,read,0x20004020,1,0x0
2363,661,master,0x06000464,read,0x20004020,1,0x1
2364,661,master,0x0600046A,read,0x20004021,1,0x5
2365,663,master,0x06000464,read,0x20004020,1,0x0
2366,663,master,0x06000464,read,0x20004020,1,0x0
2367,663,master,0x06000464,read,0x20004020,1,0x0
2368,663,master,0x06000464,read,0x20004020,1,0x0
2369,663,master,0x06000464,read,0x20004020,1,0x0
2370,663,master,0x06000464,read,0x20004020,1,0x0
2371,663,master,0x06000464,read,0x20004020,1,0x0
2372,663,master,0x06000464,read,0x20004020,1,0x0
2373,663,master,0x06000464,read,0x20004020,1,0x0
2374,663,master,0x06000464,read,0x20004020,1,0x0
2375,663,master,0x06000464,read,0x20004020,2,0x5
2376,664,master,0x06000464,read,0x20004020,1,0x0
2377,664,master,0x06000464,read,0x20004020,1,0x0
2378,664,master,0x06000464,read,0x20004020,1,0x0
2379,664,master,0x06000464,read,0x20004020,1,0x0
2380,664,master,0x06000464,read,0x20004020,1,0x0
2381,664,master,0x06000464,read,0x20004020,1,0x0
2382,664,master,0x06000464,read,0x20004020,1,0x0
2383,664,master,0x06000464,read,0x20004020,1,0x0
2384,664,master,0x06000464,read,0x20004020,1,0x0
2385,664,master,0x06000464,read,0x20004020,1,0x0
2386,664,master,0x06000464,read,0x20004020,1,0x1
2387,664,master,0x0600046A,read,0x20004021,1,0x5
2388,666,master,0x06000464,read,0x20004020,1,0x0
2389,666,master,0x06000464,read,0x20004020,1,0x0
2390,666,master,0x06000464,read,0x20004020,1,0x0
2391,666,master,0x06000464,read,0x20004020,1,0x0
2392,666,master,0x06000464,read,0x20004020,1,0x0
2393,666,master,0x06000464,read,0x20004020,1,0x0
2394,666,master,0x06000464,read,0x20004020,1,0x0
2395,666,master,0x06000464,read,0x20004020,1,0x0
2396,666,master,0x06000464,read,0x20004020,1,0x0
2397,666,master,0x06000464,read,0x20004020,1,0x0
2398,666,master,0x06000464,read,0x20004020,2,0x5
2399,667,master,0x06000464,read,0x20004020,1,0x0
2400,667,master,0x06000464,read,0x20004020,1,0x0
2401,667,master,0x06000464,read,0x20004020,1,0x0
2402,667,master,0x06000464,read,0x20004020,1,0x0
2403,667,master,0x06000464,read,0x20004020,1,0x0
2404,667,master,0x06000464,read,0x20004020,1,0x0
2405,667,master,0x06000464,read,0x20004020,1,0x0
2406,667,master,0x06000464,read,0x20004020,1,0x0
2407,667,master,0x06000464,read,0x20004020,1,0x0
2408,667,master,0x06000464,read,0x20004020,1,0x0
2409,667,master,0x06000464,read,0x20004020,1,0x1
2410,667,master,0x0600046A,read,0x20004021,1,0x5
2411,669,master,0x06000464,read,0x20004020,1,0x0
2412,669,master,0x06000464,read,0x20004020,1,0x0
2413,669,master,0x06000464,read,0x20004020,1,0x0
2414,669,master,0x06000464,read,0x20004020,1,0x0
2415,669,master,0x06000464,read,0x20004020,1,0x0
2416,669,master,0x06000464,read,0x20004020,1,0x0
2417,669,master,0x06000464,read,0x20004020,1,0x0
2418,669,master,0x06000464,read,0x20004020,1,0x0
2419,669,master,0x06000464,read,0x20004020,1,0x0
2420,669,master,0x06000464,read,0x20004020,1,0x0
2421,669,master,0x06000464,read,0x20004020,2,0x5
2422,670,master,0x06000464,read,0x20004020,1,0x0
2423,670,master,0x06000464,read,0x20004020,1,0x0
2424,670,master,0x06000464,read,0x20004020,1,0x0
2425,670,master,0x06000464,read,0x20004020,1,0x0
2426,670,master,0x06000464,read,0x20004020,1,0x0
2427,670,master,0x06000464,read,0x20004020,1,0x0
2428,670,master,0x06000464,read,0x20004020,1,0x0
2429,670,master,0x06000464,read,0x20004020,1,0x0
2430,670,master,0x06000464,read,0x20004020,1,0x0
2431,670,master,0x06000464,read,0x20004020,1,0x0
2432,670,master,0x06000464,read,0x20004020,1,0x1
2433,670,master,0x0600046A,read,0x20004021,1,0x5
2434,672,master,0x06000464,read,0x20004020,1,0x0
2435,672,master,0x06000464,read,0x20004020,1,0x0
2436,672,master,0x06000464,read,0x20004020,1,0x0
2437,672,master,0x06000464,read,0x20004020,1,0x0
2438,672,master,0x06000464,read,0x20004020,1,0x0
2439,672,master,0x06000464,read,0x20004020,1,0x0
2440,672,master,0x06000464,read,0x20004020,1,0x0
2441,672,master,0x06000464,read,0x20004020,1,0x0
2442,672,master,0x06000464,read,0x20004020,1,0x0
2443,672,master,0x06000464,read,0x20004020,1,0x0
2444,672,master,0x06000464,read,0x20004020,2,0x5
2445,673,master,0x06000464,read,0x20004020,1,0x0
2446,673,master,0x06000464,read,0x20004020,1,0x0
2447,673,master,0x06000464,read,0x20004020,1,0x0
2448,673,master,0x06000464,read,0x20004020,1,0x0
2449,673,master,0x06000464,read,0x20004020,1,0x0
2450,673,master,0x06000464,read,0x20004020,1,0x0
2451,673,master,0x06000464,read,0x20004020,1,0x0
2452,673,master,0x06000464,read,0x20004020,1,0x0
2453,673,master,0x06000464,read,0x20004020,1,0x0
2454,673,master,0x06000464,read,0x20004020,1,0x0
2455,673,master,0x06000464,read,0x20004020,1,0x1
2456,673,master,0x0600046A,read,0x20004021,1,0x5
2457,675,master,0x06000464,read,0x20004020,1,0x0
2458,675,master,0x06000464,read,0x20004020,1,0x0
2459,675,master,0x06000464,read,0x20004020,1,0x0
2460,675,master,0x06000464,read,0x20004020,1,0x0
2461,675,master,0x06000464,read,0x20004020,1,0x0
2462,675,master,0x06000464,read,0x20004020,1,0x0
2463,675,master,0x06000464,read,0x20004020,1,0x0
2464,675,master,0x06000464,read,0x20004020,1,0x0
2465,675,master,0x06000464,read,0x20004020,1,0x0
2466,675,master,0x06000464,read,0x20004020,1,0x0
2467,675,master,0x06000464,read,0x20004020,2,0x5
2468,676,master,0x06000464,read,0x20004020,1,0x0
2469,676,master,0x06000464,read,0x20004020,1,0x0
2470,676,master,0x06000464,read,0x20004020,1,0x0
2471,676,master,0x06000464,read,0x20004020,1,0x0
2472,676,master,0x06000464,read,0x20004020,1,0x0
2473,676,master,0x06000464,read,0x20004020,1,0x0
2474,676,master,0x06000464,read,0x20004020,1,0x0
2475,676,master,0x06000464,read,0x20004020,1,0x0
2476,676,master,0x06000464,read,0x20004020,1,0x0
2477,676,master,0x06000464,read,0x20004020,1,0x0
2478,676,master,0x06000464,read,0x20004020,1,0x1
2479,676,master,0x0600046A,read,0x20004021,1,0x5
2480,678,master,0x06000464,read,0x20004020,1,0x0
2481,678,master,0x06000464,read,0x20004020,1,0x0
2482,678,master,0x06000464,read,0x20004020,1,0x0
2483,678,master,0x06000464,read,0x20004020,1,0x0
2484,678,master,0x06000464,read,0x20004020,1,0x0
2485,678,master,0x06000464,read,0x20004020,1,0x0
2486,678,master,0x06000464,read,0x20004020,1,0x0
2487,678,master,0x06000464,read,0x20004020,1,0x0
2488,678,master,0x06000464,read,0x20004020,1,0x0
2489,678,master,0x06000464,read,0x20004020,1,0x0
2490,678,master,0x06000464,read,0x20004020,2,0x5
2491,679,master,0x06000464,read,0x20004020,1,0x0
2492,679,master,0x06000464,read,0x20004020,1,0x0
2493,679,master,0x06000464,read,0x20004020,1,0x0
2494,679,master,0x06000464,read,0x20004020,1,0x0
2495,679,master,0x06000464,read,0x20004020,1,0x0
2496,679,master,0x06000464,read,0x20004020,1,0x0
2497,679,master,0x06000464,read,0x20004020,1,0x0
2498,679,master,0x06000464,read,0x20004020,1,0x0
2499,679,master,0x06000464,read,0x20004020,1,0x0
2500,679,master,0x06000464,read,0x20004020,1,0x0
2501,679,master,0x06000464,read,0x20004020,1,0x1
2502,679,master,0x0600046A,read,0x20004021,1,0x5
2503,681,master,0x06000464,read,0x20004020,1,0x0
2504,681,master,0x06000464,read,0x20004020,1,0x0
2505,681,master,0x06000464,read,0x20004020,1,0x0
2506,681,master,0x06000464,read,0x20004020,1,0x0
2507,681,master,0x06000464,read,0x20004020,1,0x0
2508,681,master,0x06000464,read,0x20004020,1,0x0
2509,681,master,0x06000464,read,0x20004020,1,0x0
2510,681,master,0x06000464,read,0x20004020,1,0x0
2511,681,master,0x06000464,read,0x20004020,1,0x0
2512,681,master,0x06000464,read,0x20004020,1,0x0
2513,681,master,0x06000464,read,0x20004020,2,0x5
2514,682,master,0x06000464,read,0x20004020,1,0x0
2515,682,master,0x06000464,read,0x20004020,1,0x0
2516,682,master,0x06000464,read,0x20004020,1,0x0
2517,682,master,0x06000464,read,0x20004020,1,0x0
2518,682,master,0x06000464,read,0x20004020,1,0x0
2519,682,master,0x06000464,read,0x20004020,1,0x0
2520,682,master,0x06000464,read,0x20004020,1,0x0
2521,682,master,0x06000464,read,0x20004020,1,0x0
2522,682,master,0x06000464,read,0x20004020,1,0x0
2523,682,master,0x06000464,read,0x20004020,1,0x0
2524,682,master,0x06000464,read,0x20004020,1,0x1
2525,682,master,0x0600046A,read,0x20004021,1,0x5
2526,684,master,0x06000464,read,0x20004020,1,0x0
2527,684,master,0x06000464,read,0x20004020,1,0x0
2528,684,master,0x06000464,read,0x20004020,1,0x0
2529,684,master,0x06000464,read,0x20004020,1,0x0
2530,684,master,0x06000464,read,0x20004020,1,0x0
2531,684,master,0x06000464,read,0x20004020,1,0x0
2532,684,master,0x06000464,read,0x20004020,1,0x0
2533,684,master,0x06000464,read,0x20004020,1,0x0
2534,684,master,0x06000464,read,0x20004020,1,0x0
2535,684,master,0x06000464,read,0x20004020,1,0x0
2536,684,master,0x06000464,read,0x20004020,2,0x5
2537,685,master,0x06000464,read,0x20004020,1,0x0
2538,685,master,0x06000464,read,0x20004020,1,0x0
2539,685,master,0x06000464,read,0x20004020,1,0x0
2540,685,master,0x06000464,read,0x20004020,1,0x0
2541,685,master,0x06000464,read,0x20004020,1,0x0
2542,685,master,0x06000464,read,0x20004020,1,0x0
2543,685,master,0x06000464,read,0x20004020,1,0x0
2544,685,master,0x06000464,read,0x20004020,1,0x0
2545,685,master,0x06000464,read,0x20004020,1,0x0
2546,685,master,0x06000464,read,0x20004020,1,0x0
2547,685,master,0x06000464,read,0x20004020,1,0x1
2548,685,master,0x0600046A,read,0x20004021,1,0x5
2549,687,master,0x06000464,read,0x20004020,1,0x0
2550,687,master,0x06000464,read,0x20004020,1,0x0
2551,687,master,0x06000464,read,0x20004020,1,0x0
2552,687,master,0x06000464,read,0x20004020,1,0x0
2553,687,master,0x06000464,read,0x20004020,1,0x0
2554,687,master,0x06000464,read,0x20004020,1,0x0
2555,687,master,0x06000464,read,0x20004020,1,0x0
2556,687,master,0x06000464,read,0x20004020,1,0x0
2557,687,master,0x06000464,read,0x20004020,1,0x0
2558,687,master,0x06000464,read,0x20004020,1,0x0
2559,687,master,0x06000464,read,0x20004020,2,0x5
2560,688,master,0x06000464,read,0x20004020,1,0x0
2561,688,master,0x06000464,read,0x20004020,1,0x0
2562,688,master,0x06000464,read,0x20004020,1,0x0
2563,688,master,0x06000464,read,0x20004020,1,0x0
2564,688,master,0x06000464,read,0x20004020,1,0x0
2565,688,master,0x06000464,read,0x20004020,1,0x0
2566,688,master,0x06000464,read,0x20004020,1,0x0
2567,688,master,0x06000464,read,0x20004020,1,0x0
2568,688,master,0x06000464,read,0x20004020,1,0x0
2569,688,master,0x06000464,read,0x20004020,1,0x0
2570,688,master,0x06000464,read,0x20004020,1,0x1
2571,688,master,0x0600046A,read,0x20004021,1,0x5
2572,690,master,0x06000464,read,0x20004020,1,0x0
2573,690,master,0x06000464,read,0x20004020,1,0x0
2574,690,master,0x06000464,read,0x20004020,1,0x0
2575,690,master,0x06000464,read,0x20004020,1,0x0
2576,690,master,0x06000464,read,0x20004020,1,0x0
2577,690,master,0x06000464,read,0x20004020,1,0x0
2578,690,master,0x06000464,read,0x20004020,1,0x0
2579,690,master,0x06000464,read,0x20004020,1,0x0
2580,690,master,0x06000464,read,0x20004020,1,0x0
2581,690,master,0x06000464,read,0x20004020,1,0x0
2582,690,master,0x06000464,read,0x20004020,2,0x5
2583,691,master,0x06000464,read,0x20004020,1,0x0
2584,691,master,0x06000464,read,0x20004020,1,0x0
2585,691,master,0x06000464,read,0x20004020,1,0x0
2586,691,master,0x06000464,read,0x20004020,1,0x0
2587,691,master,0x06000464,read,0x20004020,1,0x0
2588,691,master,0x06000464,read,0x20004020,1,0x0
2589,691,master,0x06000464,read,0x20004020,1,0x0
2590,691,master,0x06000464,read,0x20004020,1,0x0
2591,691,master,0x06000464,read,0x20004020,1,0x0
2592,691,master,0x06000464,read,0x20004020,1,0x0
2593,691,master,0x06000464,read,0x20004020,1,0x1
2594,691,master,0x0600046A,read,0x20004021,1,0x5
2595,693,master,0x06000464,read,0x20004020,1,0x0
2596,693,master,0x06000464,read,0x20004020,1,0x0
2597,693,master,0x06000464,read,0x20004020,1,0x0
2598,693,master,0x06000464,read,0x20004020,1,0x0
2599,693,master,0x06000464,read,0x20004020,1,0x0
2600,693,master,0x06000464,read,0x20004020,1,0x0
2601,693,master,0x06000464,read,0x20004020,1,0x0
2602,693,master,0x06000464,read,0x20004020,1,0x0
2603,693,master,0x06000464,read,0x20004020,1,0x0
2604,693,master,0x06000464,read,0x20004020,1,0x0
2605,693,master,0x06000464,read,0x20004020,2,0x5
2606,694,master,0x06000464,read,0x20004020,1,0x0
2607,694,master,0x06000464,read,0x20004020,1,0x0
2608,694,master,0x06000464,read,0x20004020,1,0x0
2609,694,master,0x06000464,read,0x20004020,1,0x0
2610,694,master,0x06000464,read,0x20004020,1,0x0
2611,694,master,0x06000464,read,0x20004020,1,0x0
2612,694,master,0x06000464,read,0x20004020,1,0x0
2613,694,master,0x06000464,read,0x20004020,1,0x0
2614,694,master,0x06000464,read,0x20004020,1,0x0
2615,694,master,0x06000464,read,0x20004020,1,0x0
2616,694,master,0x06000464,read,0x20004020,1,0x1
2617,694,master,0x0600046A,read,0x20004021,1,0x5
2618,696,master,0x06000464,read,0x20004020,1,0x0
2619,696,master,0x06000464,read,0x20004020,1,0x0
2620,696,master,0x06000464,read,0x20004020,1,0x0
2621,696,master,0x06000464,read,0x20004020,1,0x0
2622,696,master,0x06000464,read,0x20004020,1,0x0
2623,696,master,0x06000464,read,0x20004020,1,0x0
2624,696,master,0x06000464,read,0x20004020,1,0x0
2625,696,master,0x06000464,read,0x20004020,1,0x0
2626,696,master,0x06000464,read,0x20004020,1,0x0
2627,696,master,0x06000464,read,0x20004020,1,0x0
2628,696,master,0x06000464,read,0x20004020,2,0x5
2629,697,master,0x06000464,read,0x20004020,1,0x0
2630,697,master,0x06000464,read,0x20004020,1,0x0
2631,697,master,0x06000464,read,0x20004020,1,0x0
2632,697,master,0x06000464,read,0x20004020,1,0x0
2633,697,master,0x06000464,read,0x20004020,1,0x0
2634,697,master,0x06000464,read,0x20004020,1,0x0
2635,697,master,0x06000464,read,0x20004020,1,0x0
2636,697,master,0x06000464,read,0x20004020,1,0x0
2637,697,master,0x06000464,read,0x20004020,1,0x0
2638,697,master,0x06000464,read,0x20004020,1,0x0
2639,697,master,0x06000464,read,0x20004020,1,0x1
2640,697,master,0x0600046A,read,0x20004021,1,0x5
2641,699,master,0x06000464,read,0x20004020,1,0x0
2642,699,master,0x06000464,read,0x20004020,1,0x0
2643,699,master,0x06000464,read,0x20004020,1,0x0
2644,699,master,0x06000464,read,0x20004020,1,0x0
2645,699,master,0x06000464,read,0x20004020,1,0x0
2646,699,master,0x06000464,read,0x20004020,1,0x0
2647,699,master,0x06000464,read,0x20004020,1,0x0
2648,699,master,0x06000464,read,0x20004020,1,0x0
2649,699,master,0x06000464,read,0x20004020,1,0x0
2650,699,master,0x06000464,read,0x20004020,1,0x0
2651,699,master,0x06000464,read,0x20004020,2,0x5
2652,700,master,0x06000464,read,0x20004020,1,0x0
2653,700,master,0x06000464,read,0x20004020,1,0x0
2654,700,master,0x06000464,read,0x20004020,1,0x0
2655,700,master,0x06000464,read,0x20004020,1,0x0
2656,700,master,0x06000464,read,0x20004020,1,0x0
2657,700,master,0x06000464,read,0x20004020,1,0x0
2658,700,master,0x06000464,read,0x20004020,1,0x0
2659,700,master,0x06000464,read,0x20004020,1,0x0
2660,700,master,0x06000464,read,0x20004020,1,0x0
2661,700,master,0x06000464,read,0x20004020,1,0x0
2662,700,master,0x06000464,read,0x20004020,1,0x1
2663,700,master,0x0600046A,read,0x20004021,1,0x5
2664,702,master,0x06000464,read,0x20004020,1,0x0
2665,702,master,0x06000464,read,0x20004020,1,0x0
2666,702,master,0x06000464,read,0x20004020,1,0x0
2667,702,master,0x06000464,read,0x20004020,1,0x0
2668,702,master,0x06000464,read,0x20004020,1,0x0
2669,702,master,0x06000464,read,0x20004020,1,0x0
2670,702,master,0x06000464,read,0x20004020,1,0x0
2671,702,master,0x06000464,read,0x20004020,1,0x0
2672,702,master,0x06000464,read,0x20004020,1,0x0
2673,702,master,0x06000464,read,0x20004020,1,0x0
2674,702,master,0x06000464,read,0x20004020,2,0x5
2675,703,master,0x06000464,read,0x20004020,1,0x0
2676,703,master,0x06000464,read,0x20004020,1,0x0
2677,703,master,0x06000464,read,0x20004020,1,0x0
2678,703,master,0x06000464,read,0x20004020,1,0x0
2679,703,master,0x06000464,read,0x20004020,1,0x0
2680,703,master,0x06000464,read,0x20004020,1,0x0
2681,703,master,0x06000464,read,0x20004020,1,0x0
2682,703,master,0x06000464,read,0x20004020,1,0x0
2683,703,master,0x06000464,read,0x20004020,1,0x0
2684,703,master,0x06000464,read,0x20004020,1,0x0
2685,703,master,0x06000464,read,0x20004020,1,0x1
2686,703,master,0x0600046A,read,0x20004021,1,0x5
2687,705,master,0x06000464,read,0x20004020,1,0x0
2688,705,master,0x06000464,read,0x20004020,1,0x0
2689,705,master,0x06000464,read,0x20004020,1,0x0
2690,705,master,0x06000464,read,0x20004020,1,0x0
2691,705,master,0x06000464,read,0x20004020,1,0x0
2692,705,master,0x06000464,read,0x20004020,1,0x0
2693,705,master,0x06000464,read,0x20004020,1,0x0
2694,705,master,0x06000464,read,0x20004020,1,0x0
2695,705,master,0x06000464,read,0x20004020,1,0x0
2696,705,master,0x06000464,read,0x20004020,1,0x0
2697,705,master,0x06000464,read,0x20004020,2,0x5
2698,706,master,0x06000464,read,0x20004020,1,0x0
2699,706,master,0x06000464,read,0x20004020,1,0x0
2700,706,master,0x06000464,read,0x20004020,1,0x0
2701,706,master,0x06000464,read,0x20004020,1,0x0
2702,706,master,0x06000464,read,0x20004020,1,0x0
2703,706,master,0x06000464,read,0x20004020,1,0x0
2704,706,master,0x06000464,read,0x20004020,1,0x0
2705,706,master,0x06000464,read,0x20004020,1,0x0
2706,706,master,0x06000464,read,0x20004020,1,0x0
2707,706,master,0x06000464,read,0x20004020,1,0x0
2708,706,master,0x06000464,read,0x20004020,1,0x1
2709,706,master,0x0600046A,read,0x20004021,1,0x5
2710,708,master,0x06000464,read,0x20004020,1,0x0
2711,708,master,0x06000464,read,0x20004020,1,0x0
2712,708,master,0x06000464,read,0x20004020,1,0x0
2713,708,master,0x06000464,read,0x20004020,1,0x0
2714,708,master,0x06000464,read,0x20004020,1,0x0
2715,708,master,0x06000464,read,0x20004020,1,0x0
2716,708,master,0x06000464,read,0x20004020,1,0x0
2717,708,master,0x06000464,read,0x20004020,1,0x0
2718,708,master,0x06000464,read,0x20004020,1,0x0
2719,708,master,0x06000464,read,0x20004020,1,0x0
2720,708,master,0x06000464,read,0x20004020,2,0x5
2721,709,master,0x06000464,read,0x20004020,1,0x0
2722,709,master,0x06000464,read,0x20004020,1,0x0
2723,709,master,0x06000464,read,0x20004020,1,0x0
2724,709,master,0x06000464,read,0x20004020,1,0x0
2725,709,master,0x06000464,read,0x20004020,1,0x0
2726,709,master,0x06000464,read,0x20004020,1,0x0
2727,709,master,0x06000464,read,0x20004020,1,0x0
2728,709,master,0x06000464,read,0x20004020,1,0x0
2729,709,master,0x06000464,read,0x20004020,1,0x0
2730,709,master,0x06000464,read,0x20004020,1,0x0
2731,709,master,0x06000464,read,0x20004020,1,0x1
2732,709,master,0x0600046A,read,0x20004021,1,0x5
2733,711,master,0x06000464,read,0x20004020,1,0x0
2734,711,master,0x06000464,read,0x20004020,1,0x0
2735,711,master,0x06000464,read,0x20004020,1,0x0
2736,711,master,0x06000464,read,0x20004020,1,0x0
2737,711,master,0x06000464,read,0x20004020,1,0x0
2738,711,master,0x06000464,read,0x20004020,1,0x0
2739,711,master,0x06000464,read,0x20004020,1,0x0
2740,711,master,0x06000464,read,0x20004020,1,0x0
2741,711,master,0x06000464,read,0x20004020,1,0x0
2742,711,master,0x06000464,read,0x20004020,1,0x0
2743,711,master,0x06000464,read,0x20004020,2,0x5
2744,712,master,0x06000464,read,0x20004020,1,0x0
2745,712,master,0x06000464,read,0x20004020,1,0x0
2746,712,master,0x06000464,read,0x20004020,1,0x0
2747,712,master,0x06000464,read,0x20004020,1,0x0
2748,712,master,0x06000464,read,0x20004020,1,0x0
2749,712,master,0x06000464,read,0x20004020,1,0x0
2750,712,master,0x06000464,read,0x20004020,1,0x0
2751,712,master,0x06000464,read,0x20004020,1,0x0
2752,712,master,0x06000464,read,0x20004020,1,0x0
2753,712,master,0x06000464,read,0x20004020,1,0x0
2754,712,master,0x06000464,read,0x20004020,1,0x1
2755,712,master,0x0600046A,read,0x20004021,1,0x5
2756,714,master,0x06000464,read,0x20004020,1,0x0
2757,714,master,0x06000464,read,0x20004020,1,0x0
2758,714,master,0x06000464,read,0x20004020,1,0x0
2759,714,master,0x06000464,read,0x20004020,1,0x0
2760,714,master,0x06000464,read,0x20004020,1,0x0
2761,714,master,0x06000464,read,0x20004020,1,0x0
2762,714,master,0x06000464,read,0x20004020,1,0x0
2763,714,master,0x06000464,read,0x20004020,1,0x0
2764,714,master,0x06000464,read,0x20004020,1,0x0
2765,714,master,0x06000464,read,0x20004020,1,0x0
2766,714,master,0x06000464,read,0x20004020,2,0x5
2767,715,master,0x06000464,read,0x20004020,1,0x0
2768,715,master,0x06000464,read,0x20004020,1,0x0
2769,715,master,0x06000464,read,0x20004020,1,0x0
2770,715,master,0x06000464,read,0x20004020,1,0x0
2771,715,master,0x06000464,read,0x20004020,1,0x0
2772,715,master,0x06000464,read,0x20004020,1,0x0
2773,715,master,0x06000464,read,0x20004020,1,0x0
2774,715,master,0x06000464,read,0x20004020,1,0x0
2775,715,master,0x06000464,read,0x20004020,1,0x0
2776,715,master,0x06000464,read,0x20004020,1,0x0
2777,715,master,0x06000464,read,0x20004020,1,0x1
2778,715,master,0x0600046A,read,0x20004021,1,0x5
2779,717,master,0x06000464,read,0x20004020,1,0x0
2780,717,master,0x06000464,read,0x20004020,1,0x0
2781,717,master,0x06000464,read,0x20004020,1,0x0
2782,717,master,0x06000464,read,0x20004020,1,0x0
2783,717,master,0x06000464,read,0x20004020,1,0x0
2784,717,master,0x06000464,read,0x20004020,1,0x0
2785,717,master,0x06000464,read,0x20004020,1,0x0
2786,717,master,0x06000464,read,0x20004020,1,0x0
2787,717,master,0x06000464,read,0x20004020,1,0x0
2788,717,master,0x06000464,read,0x20004020,1,0x0
2789,717,master,0x06000464,read,0x20004020,2,0x5
2790,718,master,0x06000464,read,0x20004020,1,0x0
2791,718,master,0x06000464,read,0x20004020,1,0x0
2792,718,master,0x06000464,read,0x20004020,1,0x0
2793,718,master,0x06000464,read,0x20004020,1,0x0
2794,718,master,0x06000464,read,0x20004020,1,0x0
2795,718,master,0x06000464,read,0x20004020,1,0x0
2796,718,master,0x06000464,read,0x20004020,1,0x0
2797,718,master,0x06000464,read,0x20004020,1,0x0
2798,718,master,0x06000464,read,0x20004020,1,0x0
2799,718,master,0x06000464,read,0x20004020,1,0x0
2800,718,master,0x06000464,read,0x20004020,1,0x1
2801,718,master,0x0600046A,read,0x20004021,1,0x5
2802,720,master,0x06000464,read,0x20004020,1,0x0
2803,720,master,0x06000464,read,0x20004020,1,0x0
2804,720,master,0x06000464,read,0x20004020,1,0x0
2805,720,master,0x06000464,read,0x20004020,1,0x0
2806,720,master,0x06000464,read,0x20004020,1,0x0
2807,720,master,0x06000464,read,0x20004020,1,0x0
2808,720,master,0x06000464,read,0x20004020,1,0x0
2809,720,master,0x06000464,read,0x20004020,1,0x0
2810,720,master,0x06000464,read,0x20004020,1,0x0
2811,720,master,0x06000464,read,0x20004020,1,0x0
2812,720,master,0x06000464,read,0x20004020,2,0x5
2813,721,master,0x06000464,read,0x20004020,1,0x0
2814,721,master,0x06000464,read,0x20004020,1,0x0
2815,721,master,0x06000464,read,0x20004020,1,0x0
2816,721,master,0x06000464,read,0x20004020,1,0x0
2817,721,master,0x06000464,read,0x20004020,1,0x0
2818,721,master,0x06000464,read,0x20004020,1,0x0
2819,721,master,0x06000464,read,0x20004020,1,0x0
2820,721,master,0x06000464,read,0x20004020,1,0x0
2821,721,master,0x06000464,read,0x20004020,1,0x0
2822,721,master,0x06000464,read,0x20004020,1,0x0
2823,721,master,0x06000464,read,0x20004020,1,0x1
2824,721,master,0x0600046A,read,0x20004021,1,0x5
2825,723,master,0x06000464,read,0x20004020,1,0x0
2826,723,master,0x06000464,read,0x20004020,1,0x0
2827,723,master,0x06000464,read,0x20004020,1,0x0
2828,723,master,0x06000464,read,0x20004020,1,0x0
2829,723,master,0x06000464,read,0x20004020,1,0x0
2830,723,master,0x06000464,read,0x20004020,1,0x0
2831,723,master,0x06000464,read,0x20004020,1,0x0
2832,723,master,0x06000464,read,0x20004020,1,0x0
2833,723,master,0x06000464,read,0x20004020,1,0x0
2834,723,master,0x06000464,read,0x20004020,1,0x0
2835,723,master,0x06000464,read,0x20004020,2,0x5
2836,724,master,0x06000464,read,0x20004020,1,0x0
2837,724,master,0x06000464,read,0x20004020,1,0x0
2838,724,master,0x06000464,read,0x20004020,1,0x0
2839,724,master,0x06000464,read,0x20004020,1,0x0
2840,724,master,0x06000464,read,0x20004020,1,0x0
2841,724,master,0x06000464,read,0x20004020,1,0x0
2842,724,master,0x06000464,read,0x20004020,1,0x0
2843,724,master,0x06000464,read,0x20004020,1,0x0
2844,724,master,0x06000464,read,0x20004020,1,0x0
2845,724,master,0x06000464,read,0x20004020,1,0x0
2846,724,master,0x06000464,read,0x20004020,1,0x1
2847,724,master,0x0600046A,read,0x20004021,1,0x5
2848,726,master,0x06000464,read,0x20004020,1,0x0
2849,726,master,0x06000464,read,0x20004020,1,0x0
2850,726,master,0x06000464,read,0x20004020,1,0x0
2851,726,master,0x06000464,read,0x20004020,1,0x0
2852,726,master,0x06000464,read,0x20004020,1,0x0
2853,726,master,0x06000464,read,0x20004020,1,0x0
2854,726,master,0x06000464,read,0x20004020,1,0x0
2855,726,master,0x06000464,read,0x20004020,1,0x0
2856,726,master,0x06000464,read,0x20004020,1,0x0
2857,726,master,0x06000464,read,0x20004020,1,0x0
2858,726,master,0x06000464,read,0x20004020,2,0x5
2859,727,master,0x06000464,read,0x20004020,1,0x0
2860,727,master,0x06000464,read,0x20004020,1,0x0
2861,727,master,0x06000464,read,0x20004020,1,0x0
2862,727,master,0x06000464,read,0x20004020,1,0x0
2863,727,master,0x06000464,read,0x20004020,1,0x0
2864,727,master,0x06000464,read,0x20004020,1,0x0
2865,727,master,0x06000464,read,0x20004020,1,0x0
2866,727,master,0x06000464,read,0x20004020,1,0x0
2867,727,master,0x06000464,read,0x20004020,1,0x0
2868,727,master,0x06000464,read,0x20004020,1,0x0
2869,727,master,0x06000464,read,0x20004020,1,0x1
2870,727,master,0x0600046A,read,0x20004021,1,0x5
2871,729,master,0x06000464,read,0x20004020,1,0x0
2872,729,master,0x06000464,read,0x20004020,1,0x0
2873,729,master,0x06000464,read,0x20004020,1,0x0
2874,729,master,0x06000464,read,0x20004020,1,0x0
2875,729,master,0x06000464,read,0x20004020,1,0x0
2876,729,master,0x06000464,read,0x20004020,1,0x0
2877,729,master,0x06000464,read,0x20004020,1,0x0
2878,729,master,0x06000464,read,0x20004020,1,0x0
2879,729,master,0x06000464,read,0x20004020,1,0x0
2880,729,master,0x06000464,read,0x20004020,1,0x0
2881,729,master,0x06000464,read,0x20004020,2,0x5
2882,730,master,0x06000464,read,0x20004020,1,0x0
2883,730,master,0x06000464,read,0x20004020,1,0x0
2884,730,master,0x06000464,read,0x20004020,1,0x0
2885,730,master,0x06000464,read,0x20004020,1,0x0
2886,730,master,0x06000464,read,0x20004020,1,0x0
2887,730,master,0x06000464,read,0x20004020,1,0x0
2888,730,master,0x06000464,read,0x20004020,1,0x0
2889,730,master,0x06000464,read,0x20004020,1,0x0
2890,730,master,0x06000464,read,0x20004020,1,0x0
2891,730,master,0x06000464,read,0x20004020,1,0x0
2892,730,master,0x06000464,read,0x20004020,1,0x1
2893,730,master,0x0600046A,read,0x20004021,1,0x5
2894,732,master,0x06000464,read,0x20004020,1,0x0
2895,732,master,0x06000464,read,0x20004020,1,0x0
2896,732,master,0x06000464,read,0x20004020,1,0x0
2897,732,master,0x06000464,read,0x20004020,1,0x0
2898,732,master,0x06000464,read,0x20004020,1,0x0
2899,732,master,0x06000464,read,0x20004020,1,0x0
2900,732,master,0x06000464,read,0x20004020,1,0x0
2901,732,master,0x06000464,read,0x20004020,1,0x0
2902,732,master,0x06000464,read,0x20004020,1,0x0
2903,732,master,0x06000464,read,0x20004020,1,0x0
2904,732,master,0x06000464,read,0x20004020,2,0x5
2905,733,master,0x06000464,read,0x20004020,1,0x0
2906,733,master,0x06000464,read,0x20004020,1,0x0
2907,733,master,0x06000464,read,0x20004020,1,0x0
2908,733,master,0x06000464,read,0x20004020,1,0x0
2909,733,master,0x06000464,read,0x20004020,1,0x0
2910,733,master,0x06000464,read,0x20004020,1,0x0
2911,733,master,0x06000464,read,0x20004020,1,0x0
2912,733,master,0x06000464,read,0x20004020,1,0x0
2913,733,master,0x06000464,read,0x20004020,1,0x0
2914,733,master,0x06000464,read,0x20004020,1,0x0
2915,733,master,0x06000464,read,0x20004020,2,0x0
2916,734,master,0x06000464,read,0x20004020,2,0x0
2917,735,master,0x06000464,read,0x20004020,2,0x0
2918,736,master,0x06000464,read,0x20004020,2,0x0
2919,737,master,0x06000464,read,0x20004020,2,0x0
2920,738,master,0x06000464,read,0x20004020,2,0x0
2921,739,master,0x06000464,read,0x20004020,2,0x0
2922,740,master,0x06000464,read,0x20004020,1,0x1
2923,740,master,0x0600046A,read,0x20004021,1,0x25
2924,741,master,0x06000464,read,0x20004020,1,0x0
2925,741,master,0x06000464,read,0x20004020,1,0x0
2926,741,master,0x06000464,read,0x20004020,1,0x0
2927,741,master,0x06000464,read,0x20004020,1,0x0
2928,741,master,0x06000464,read,0x20004020,1,0x0
2929,741,master,0x06000464,read,0x20004020,1,0x0
2930,741,master,0x06000464,read,0x20004020,1,0x0
2931,741,master,0x06000464,read,0x20004020,1,0x0
2932,741,master,0x06000464,read,0x20004020,1,0x0
2933,741,master,0x06000464,read,0x20004020,1,0x0
2934,741,master,0x06000464,read,0x20004020,1,0x1
2935,741,master,0x0600046A,read,0x20004021,1,0x25
2936,741,master,0x06000464,read,0x20004020,1,0x0
2937,741,master,0x06000464,read,0x20004020,1,0x0
2938,741,master,0x06000464,read,0x20004020,1,0x0
2939,741,master,0x06000464,read,0x20004020,1,0x0
2940,741,master,0x06000464,read,0x20004020,1,0x0
2941,741,master,0x06000464,read,0x20004020,1,0x0
2942,741,master,0x06000464,read,0x20004020,1,0x0
2943,741,master,0x06000464,read,0x20004020,1,0x0
2944,741,master,0x06000464,read,0x20004020,1,0x0
2945,741,master,0x06000464,read,0x20004020,1,0x0
2946,741,master,0x06000464,read,0x20004020,1,0x0
2947,741,master,0x06000464,read,0x20004020,1,0x0
2948,741,master,0x06000464,read,0x20004020,1,0x0
2949,741,master,0x06000464,read,0x20004020,1,0x0
2950,741,master,0x06000464,read,0x20004020,1,0x0
2951,741,master,0x06000464,read,0x20004020,1,0x0
2952,741,master,0x06000464,read,0x20004020,1,0x0
2953,741,master,0x06000464,read,0x20004020,1,0x0
2954,741,master,0x06000464,read,0x20004020,1,0x0
2955,741,master,0x06000464,read,0x20004020,1,0x0
2956,741,master,0x06000464,read,0x20004020,1,0x1
2957,741,master,0x0600046A,read,0x20004021,1,0x3
2958,742,master,0x06000464,read,0x20004020,1,0x0
2959,742,master,0x06000464,read,0x20004020,1,0x0
2960,742,master,0x06000464,read,0x20004020,1,0x0
2961,742,master,0x06000464,read,0x20004020,1,0x0
2962,742,master,0x06000464,read,0x20004020,1,0x0
2963,742,master,0x06000464,read,0x20004020,1,0x0
2964,742,master,0x06000464,read,0x20004020,1,0x0
2965,742,master,0x06000464,read,0x20004020,1,0x0
2966,742,master,0x06000464,read,0x20004020,1,0x0
2967,742,master,0x06000464,read,0x20004020,1,0x0
2968,742,master,0x06000464,read,0x20004020,1,0x1
2969,742,master,0x0600046A,read,0x20004021,1,0x2B
2970,743,master,0x06000464,read,0x20004020,1,0x0
2971,743,master,0x06000464,read,0x20004020,1,0x0
2972,743,master,0x06000464,read,0x20004020,1,0x0
2973,743,master,0x06000464,read,0x20004020,1,0x0
2974,743,master,0x06000464,read,0x20004020,1,0x0
2975,743,master,0x06000464,read,0x20004020,1,0x0
2976,743,master,0x06000464,read,0x20004020,1,0x0
2977,743,master,0x06000464,read,0x20004020,1,0x0
2978,743,master,0x06000464,read,0x20004020,1,0x0
2979,743,master,0x06000464,read,0x20004020,1,0x0
2980,743,master,0x06000464,read,0x20004020,2,0x2B
2981,744,master,0x06000464,read,0x20004020,1,0x1
2982,744,master,0x0600046A,read,0x20004021,1,0x22
2983,745,master,0x06000464,read,0x20004020,1,0x0
2984,745,master,0x06000464,read,0x20004020,1,0x0
2985,745,master,0x06000464,read,0x20004020,1,0x0
2986,745,master,0x06000464,read,0x20004020,1,0x0
2987,745,master,0x06000464,read,0x20004020,1,0x0
2988,745,master,0x06000464,read,0x20004020,1,0x0
2989,745,master,0x06000464,read,0x20004020,1,0x0
2990,745,master,0x06000464,read,0x20004020,1,0x0
2991,745,master,0x06000464,read,0x20004020,1,0x0
2992,745,master,0x06000464,read,0x20004020,1,0x1
2993,745,master,0x0600046A,read,0x20004021,1,0x22
2994,745,master,0x06000464,read,0x20004020,1,0x0
2995,745,master,0x06000464,read,0x20004020,1,0x0
2996,745,master,0x06000464,read,0x20004020,1,0x0
2997,745,master,0x06000464,read,0x20004020,1,0x0
2998,745,master,0x06000464,read,0x20004020,1,0x0
2999,745,master,0x06000464,read,0x20004020,1,0x0
3000,745,master,0x06000464,read,0x20004020,1,0x0
3001,745,master,0x06000464,read,0x20004020,1,0x0
3002,745,master,0x06000464,read,0x20004020,1,0x0
3003,745,master,0x06000464,read,0x20004020,1,0x1
3004,745,master,0x0600046A,read,0x20004021,1,0x2B
3005,746,master,0x06000464,read,0x20004020,1,0x0
3006,746,master,0x06000464,read,0x20004020,1,0x0
3007,746,master,0x06000464,read,0x20004020,1,0x0
3008,746,master,0x06000464,read,0x20004020,1,0x0
3009,746,master,0x06000464,read,0x20004020,1,0x0
3010,746,master,0x06000464,read,0x20004020,1,0x0
3011,746,master,0x06000464,read,0x20004020,1,0x0
3012,746,master,0x06000464,read,0x20004020,1,0x0
3013,746,master,0x06000464,read,0x20004020,1,0x0
3014,746,master,0x06000464,read,0x20004020,1,0x0
3015,746,master,0x06000464,read,0x20004020,2,0x2B
3016,747,master,0x06000464,read,0x20004020,1,0x1
3017,747,master,0x0600046A,read,0x20004021,1,0x22
3018,748,master,0x06000464,read,0x20004020,1,0x0
3019,748,master,0x06000464,read,0x20004020,1,0x0
3020,748,master,0x06000464,read,0x20004020,1,0x0
3021,748,master,0x06000464,read,0x20004020,1,0x0
3022,748,master,0x06000464,read,0x20004020,1,0x0
3023,748,master,0x06000464,read,0x20004020,1,0x0
3024,748,master,0x06000464,read,0x20004020,1,0x0
3025,748,master,0x06000464,read,0x20004020,1,0x0
3026,748,master,0x06000464,read,0x20004020,1,0x0
3027,748,master,0x06000464,read,0x20004020,1,0x1
3028,748,master,0x0600046A,read,0x20004021,1,0x22
3029,748,master,0x06000464,read,0x20004020,1,0x0
3030,748,master,0x06000464,read,0x20004020,1,0x0
3031,748,master,0x06000464,read,0x20004020,1,0x0
3032,748,master,0x06000464,read,0x20004020,1,0x0
3033,748,master,0x06000464,read,0x20004020,1,0x0
3034,748,master,0x06000464,read,0x20004020,1,0x0
3035,748,master,0x06000464,read,0x20004020,1,0x0
3036,748,master,0x06000464,read,0x20004020,1,0x0
3037,748,master,0x06000464,read,0x20004020,1,0x0
3038,748,master,0x06000464,read,0x20004020,1,0x1
3039,748,master,0x0600046A,read,0x20004021,1,0x2B
3040,749,master,0x06000464,read,0x20004020,1,0x0
3041,749,master,0x06000464,read,0x20004020,1,0x0
3042,749,master,0x06000464,read,0x20004020,1,0x0
3043,749,master,0x06000464,read,0x20004020,1,0x0
3044,749,master,0x06000464,read,0x20004020,1,0x0
3045,749,master,0x06000464,read,0x20004020,1,0x0
3046,749,master,0x06000464,read,0x20004020,1,0x0
3047,749,master,0x06000464,read,0x20004020,1,0x0
3048,749,master,0x06000464,read,0x20004020,1,0x0
3049,749,master,0x06000464,read,0x20004020,1,0x0
3050,749,master,0x06000464,read,0x20004020,2,0x2B
3051,750,master,0x06000464,read,0x20004020,1,0x1
3052,750,master,0x0600046A,read,0x20004021,1,0x22
3053,751,master,0x06000464,read,0x20004020,1,0x0
3054,751,master,0x06000464,read,0x20004020,1,0x0
3055,751,master,0x06000464,read,0x20004020,1,0x0
3056,751,master,0x06000464,read,0x20004020,1,0x0
3057,751,master,0x06000464,read,0x20004020,1,0x0
3058,751,master,0x06000464,read,0x20004020,1,0x0
3059,751,master,0x06000464,read,0x20004020,1,0x0
3060,751,master,0x06000464,read,0x20004020,1,0x0
3061,751,master,0x06000464,read,0x20004020,1,0x0
3062,751,master,0x06000464,read,0x20004020,1,0x1
3063,751,master,0x0600046A,read,0x20004021,1,0x22
3064,751,master,0x06000464,read,0x20004020,1,0x0
3065,751,master,0x06000464,read,0x20004020,1,0x0
3066,751,master,0x06000464,read,0x20004020,1,0x0
3067,751,master,0x06000464,read,0x20004020,1,0x0
3068,751,master,0x06000464,read,0x20004020,1,0x0
3069,751,master,0x06000464,read,0x20004020,1,0x0
3070,751,master,0x06000464,read,0x20004020,1,0x0
3071,751,master,0x06000464,read,0x20004020,1,0x0
3072,751,master,0x06000464,read,0x20004020,1,0x0
3073,751,master,0x06000464,read,0x20004020,1,0x1
3074,751,master,0x0600046A,read,0x20004021,1,0x2B
3075,752,master,0x06000464,read,0x20004020,1,0x0
3076,752,master,0x06000464,read,0x20004020,1,0x0
3077,752,master,0x06000464,read,0x20004020,1,0x0
3078,752,master,0x06000464,read,0x20004020,1,0x0
3079,752,master,0x06000464,read,0x20004020,1,0x0
3080,752,master,0x06000464,read,0x20004020,1,0x0
3081,752,master,0x06000464,read,0x20004020,1,0x0
3082,752,master,0x06000464,read,0x20004020,1,0x0
3083,752,master,0x06000464,read,0x20004020,1,0x0
3084,752,master,0x06000464,read,0x20004020,1,0x0
3085,752,master,0x06000464,read,0x20004020,2,0x2B
3086,753,master,0x06000464,read,0x20004020,2,0x2B
3087,754,master,0x06000464,read,0x20004020,1,0x1
3088,754,master,0x0600046A,read,0x20004021,1,0x22
3089,754,master,0x06000464,read,0x20004020,1,0x0
3090,754,master,0x06000464,read,0x20004020,1,0x0
3091,754,master,0x06000464,read,0x20004020,1,0x0
3092,754,master,0x06000464,read,0x20004020,1,0x0
3093,754,master,0x06000464,read,0x20004020,1,0x0
3094,754,master,0x06000464,read,0x20004020,1,0x0
3095,754,master,0x06000464,read,0x20004020,1,0x0
3096,754,master,0x06000464,read,0x20004020,1,0x0
3097,754,master,0x06000464,read,0x20004020,1,0x0
3098,754,master,0x06000464,read,0x20004020,1,0x1
3099,754,master,0x0600046A,read,0x20004021,1,0x22
3100,754,master,0x06000464,read,0x20004020,1,0x0
3101,754,master,0x06000464,read,0x20004020,1,0x0
3102,754,master,0x06000464,read,0x20004020,1,0x0
3103,754,master,0x06000464,read,0x20004020,1,0x0
3104,754,master,0x06000464,read,0x20004020,1,0x0
3105,754,master,0x06000464,read,0x20004020,1,0x0
3106,754,master,0x06000464,read,0x20004020,1,0x0
3107,754,master,0x06000464,read,0x20004020,1,0x0
3108,754,master,0x06000464,read,0x20004020,1,0x0
3109,754,master,0x06000464,read,0x20004020,1,0x1
3110,754,master,0x0600046A,read,0x20004021,1,0x2B
3111,755,master,0x06000464,read,0x20004020,1,0x0
3112,755,master,0x06000464,read,0x20004020,1,0x0
3113,755,master,0x06000464,read,0x20004020,1,0x0
3114,755,master,0x06000464,read,0x20004020,1,0x0
3115,755,master,0x06000464,read,0x20004020,1,0x0
3116,755,master,0x06000464,read,0x20004020,1,0x0
3117,755,master,0x06000464,read,0x20004020,1,0x0
3118,755,master,0x06000464,read,0x20004020,1,0x0
3119,755,master,0x06000464,read,0x20004020,1,0x0
3120,755,master,0x06000464,read,0x20004020,1,0x0
3121,755,master,0x06000464,read,0x20004020,2,0x2B
3122,756,master,0x06000464,read,0x20004020,1,0x1
3123,756,master,0x0600046A,read,0x20004021,1,0x22
3124,757,master,0x06000464,read,0x20004020,1,0x0
3125,757,master,0x06000464,read,0x20004020,1,0x0
3126,757,master,0x06000464,read,0x20004020,1,0x0
3127,757,master,0x06000464,read,0x20004020,1,0x0
3128,757,master,0x06000464,read,0x20004020,1,0x0
3129,757,master,0x06000464,read,0x20004020,1,0x0
3130,757,master,0x06000464,read,0x20004020,1,0x0
3131,757,master,0x06000464,read,0x20004020,1,0x0
3132,757,master,0x06000464,read,0x20004020,1,0x0
3133,757,master,0x06000464,read,0x20004020,1,0x1
3134,757,master,0x0600046A,read,0x20004021,1,0x22
3135,757,master,0x06000464,read,0x20004020,1,0x0
3136,757,master,0x06000464,read,0x20004020,1,0x0
3137,757,master,0x06000464,read,0x20004020,1,0x0
3138,757,master,0x06000464,read,0x20004020,1,0x0
3139,757,master,0x06000464,read,0x20004020,1,0x0
3140,757,master,0x06000464,read,0x20004020,1,0x0
3141,757,master,0x06000464,read,0x20004020,1,0x0
3142,757,master,0x06000464,read,0x20004020,1,0x0
3143,757,master,0x06000464,read,0x20004020,1,0x0
3144,757,master,0x06000464,read,0x20004020,1,0x1
3145,757,master,0x0600046A,read,0x20004021,1,0x2B
3146,758,master,0x06000464,read,0x20004020,1,0x0
3147,758,master,0x06000464,read,0x20004020,1,0x0
3148,758,master,0x06000464,read,0x20004020,1,0x0
3149,758,master,0x06000464,read,0x20004020,1,0x0
3150,758,master,0x06000464,read,0x20004020,1,0x0
3151,758,master,0x06000464,read,0x20004020,1,0x0
3152,758,master,0x06000464,read,0x20004020,1,0x0
3153,758,master,0x06000464,read,0x20004020,1,0x0
3154,758,master,0x06000464,read,0x20004020,1,0x0
3155,758,master,0x06000464,read,0x20004020,1,0x0
3156,758,master,0x06000464,read,0x20004020,2,0x2B
3157,759,master,0x06000464,read,0x20004020,1,0x1
3158,759,master,0x0600046A,read,0x20004021,1,0x22
3159,760,master,0x06000464,read,0x20004020,1,0x0
3160,760,master,0x06000464,read,0x20004020,1,0x0
3161,760,master,0x06000464,read,0x20004020,1,0x0
3162,760,master,0x06000464,read,0x20004020,1,0x0
3163,760,master,0x06000464,read,0x20004020,1,0x0
3164,760,master,0x06000464,read,0x20004020,1,0x0
3165,760,master,0x06000464,read,0x20004020,1,0x0
3166,760,master,0x06000464,read,0x20004020,1,0x0
3167,760,master,0x06000464,read,0x20004020,1,0x0
3168,760,master,0x06000464,read,0x20004020,1,0x1
3169,760,master,0x0600046A,read,0x20004021,1,0x22
3170,760,master,0x06000464,read,0x20004020,1,0x0
3171,760,master,0x06000464,read,0x20004020,1,0x0
3172,760,master,0x06000464,read,0x20004020,1,0x0
3173,760,master,0x06000464,read,0x20004020,1,0x0
3174,760,master,0x06000464,read,0x20004020,1,0x0
3175,760,master,0x06000464,read,0x20004020,1,0x0
3176,760,master,0x06000464,read,0x20004020,1,0x0
3177,760,master,0x06000464,read,0x20004020,1,0x0
3178,760,master,0x06000464,read,0x20004020,1,0x0
3179,760,master,0x06000464,read,0x20004020,1,0x1
3180,760,master,0x0600046A,read,0x20004021,1,0x2B
3181,761,master,0x06000464,read,0x20004020,1,0x0
3182,761,master,0x06000464,read,0x20004020,1,0x0
3183,761,master,0x06000464,read,0x20004020,1,0x0
3184,761,master,0x06000464,read,0x20004020,1,0x0
3185,761,master,0x06000464,read,0x20004020,1,0x0
3186,761,master,0x06000464,read,0x20004020,1,0x0
3187,761,master,0x06000464,read,0x20004020,1,0x0
3188,761,master,0x06000464,read,0x20004020,1,0x0
3189,761,master,0x06000464,read,0x20004020,1,0x0
3190,761,master,0x06000464,read,0x20004020,1,0x0
3191,761,master,0x06000464,read,0x20004020,2,0x2B
3192,762,master,0x06000464,read,0x20004020,1,0x1
3193,762,master,0x0600046A,read,0x20004021,1,0x22
3194,763,master,0x06000464,read,0x20004020,1,0x0
3195,763,master,0x06000464,read,0x20004020,1,0x0
3196,763,master,0x06000464,read,0x20004020,1,0x0
3197,763,master,0x06000464,read,0x20004020,1,0x0
3198,763,master,0x06000464,read,0x20004020,1,0x0
3199,763,master,0x06000464,read,0x20004020,1,0x0
3200,763,master,0x06000464,read,0x20004020,1,0x0
3201,763,master,0x06000464,read,0x20004020,1,0x0
3202,763,master,0x06000464,read,0x20004020,1,0x0
3203,763,master,0x06000464,read,0x20004020,1,0x1
3204,763,master,0x0600046A,read,0x20004021,1,0x22
3205,763,master,0x06000464,read,0x20004020,1,0x0
3206,763,master,0x06000464,read,0x20004020,1,0x0
3207,763,master,0x06000464,read,0x20004020,1,0x0
3208,763,master,0x06000464,read,0x20004020,1,0x0
3209,763,master,0x06000464,read,0x20004020,1,0x0
3210,763,master,0x06000464,read,0x20004020,1,0x0
3211,763,master,0x06000464,read,0x20004020,1,0x0
3212,763,master,0x06000464,read,0x20004020,1,0x0
3213,763,master,0x06000464,read,0x20004020,1,0x0
3214,763,master,0x06000464,read,0x20004020,2,0x0
3215,764,master,0x06000464,read,0x20004020,1,0x1
3216,764,master,0x0600046A,read,0x20004021,1,0x2B
3217,764,master,0x06000464,read,0x20004020,1,0x0
3218,764,master,0x06000464,read,0x20004020,1,0x0
3219,764,master,0x06000464,read,0x20004020,1,0x0
3220,764,master,0x06000464,read,0x20004020,1,0x0
3221,764,master,0x06000464,read,0x20004020,1,0x0
3222,764,master,0x06000464,read,0x20004020,1,0x0
3223,764,master,0x06000464,read,0x20004020,1,0x0
3224,764,master,0x06000464,read,0x20004020,1,0x0
3225,764,master,0x06000464,read,0x20004020,1,0x0
3226,764,master,0x06000464,read,0x20004020,1,0x0
3227,764,master,0x06000464,read,0x20004020,2,0x2B
3228,765,master,0x06000464,read,0x20004020,1,0x1
3229,765,master,0x0600046A,read,0x20004021,1,0x22
3230,766,master,0x06000464,read,0x20004020,1,0x0
3231,766,master,0x06000464,read,0x20004020,1,0x0
3232,766,master,0x06000464,read,0x20004020,1,0x0
3233,766,master,0x06000464,read,0x20004020,1,0x0
3234,766,master,0x06000464,read,0x20004020,1,0x0
3235,766,master,0x06000464,read,0x20004020,1,0x0
3236,766,master,0x06000464,read,0x20004020,1,0x0
3237,766,master,0x06000464,read,0x20004020,1,0x0
3238,766,master,0x06000464,read,0x20004020,1,0x0
3239,766,master,0x06000464,read,0x20004020,1,0x1
3240,766,master,0x0600046A,read,0x20004021,1,0x22
3241,766,master,0x06000464,read,0x20004020,1,0x0
3242,766,master,0x06000464,read,0x20004020,1,0x0
3243,766,master,0x06000464,read,0x20004020,1,0x0
3244,766,master,0x06000464,read,0x20004020,1,0x0
3245,766,master,0x06000464,read,0x20004020,1,0x0
3246,766,master,0x06000464,read,0x20004020,1,0x0
3247,766,master,0x06000464,read,0x20004020,1,0x0
3248,766,master,0x06000464,read,0x20004020,1,0x0
3249,766,master,0x06000464,read,0x20004020,1,0x0
3250,766,master,0x06000464,read,0x20004020,1,0x1
3251,766,master,0x0600046A,read,0x20004021,1,0x2B
3252,767,master,0x06000464,read,0x20004020,1,0x0
3253,767,master,0x06000464,read,0x20004020,1,0x0
3254,767,master,0x06000464,read,0x20004020,1,0x0
3255,767,master,0x06000464,read,0x20004020,1,0x0
3256,767,master,0x06000464,read,0x20004020,1,0x0
3257,767,master,0x06000464,read,0x20004020,1,0x0
3258,767,master,0x06000464,read,0x20004020,1,0x0
3259,767,master,0x06000464,read,0x20004020,1,0x0
3260,767,master,0x06000464,read,0x20004020,1,0x0
3261,767,master,0x06000464,read,0x20004020,1,0x0
3262,767,master,0x06000464,read,0x20004020,2,0x2B
3263,768,master,0x06000464,read,0x20004020,1,0x1
3264,768,master,0x0600046A,read,0x20004021,1,0x22
3265,769,master,0x06000464,read,0x20004020,1,0x0
3266,769,master,0x06000464,read,0x20004020,1,0x0
3267,769,master,0x06000464,read,0x20004020,1,0x0
3268,769,master,0x06000464,read,0x20004020,1,0x0
3269,769,master,0x06000464,read,0x20004020,1,0x0
3270,769,master,0x06000464,read,0x20004020,1,0x0
3271,769,master,0x06000464,read,0x20004020,1,0x0
3272,769,master,0x06000464,read,0x20004020,1,0x0
3273,769,master,0x06000464,read,0x20004020,1,0x0
3274,769,master,0x06000464,read,0x20004020,1,0x1
3275,769,master,0x0600046A,read,0x20004021,1,0x22
3276,769,master,0x06000464,read,0x20004020,1,0x0
3277,769,master,0x06000464,read,0x20004020,1,0x0
3278,769,master,0x06000464,read,0x20004020,1,0x0
3279,769,master,0x06000464,read,0x20004020,1,0x0
3280,769,master,0x06000464,read,0x20004020,1,0x0
3281,769,master,0x06000464,read,0x20004020,1,0x0
3282,769,master,0x06000464,read,0x20004020,1,0x0
3283,769,master,0x06000464,read,0x20004020,1,0x0
3284,769,master,0x06000464,read,0x20004020,1,0x0
3285,769,master,0x06000464,read,0x20004020,1,0x1
3286,769,master,0x0600046A,read,0x20004021,1,0x2B
3287,770,master,0x06000464,read,0x20004020,1,0x0
3288,770,master,0x06000464,read,0x20004020,1,0x0
3289,770,master,0x06000464,read,0x20004020,1,0x0
3290,770,master,0x06000464,read,0x20004020,1,0x0
3291,770,master,0x06000464,read,0x20004020,1,0x0
3292,770,master,0x06000464,read,0x20004020,1,0x0
3293,770,master,0x06000464,read,0x20004020,1,0x0
3294,770,master,0x06000464,read,0x20004020,1,0x0
3295,770,master,0x06000464,read,0x20004020,1,0x0
3296,770,master,0x06000464,read,0x20004020,1,0x0
3297,770,master,0x06000464,read,0x20004020,2,0x2B
3298,771,master,0x06000464,read,0x20004020,1,0x1
3299,771,master,0x0600046A,read,0x20004021,1,0x22
3300,772,master,0x06000464,read,0x20004020,1,0x0
3301,772,master,0x06000464,read,0x20004020,1,0x0
3302,772,master,0x06000464,read,0x20004020,1,0x0
3303,772,master,0x06000464,read,0x20004020,1,0x0
3304,772,master,0x06000464,read,0x20004020,1,0x0
3305,772,master,0x06000464,read,0x20004020,1,0x0
3306,772,master,0x06000464,read,0x20004020,1,0x0
3307,772,master,0x06000464,read,0x20004020,1,0x0
3308,772,master,0x06000464,read,0x20004020,1,0x0
3309,772,master,0x06000464,read,0x20004020,1,0x1
3310,772,master,0x0600046A,read,0x20004021,1,0x22
3311,772,master,0x06000464,read,0x20004020,1,0x0
3312,772,master,0x06000464,read,0x20004020,1,0x0
3313,772,master,0x06000464,read,0x20004020,1,0x0
3314,772,master,0x06000464,read,0x20004020,1,0x0
3315,772,master,0x06000464,read,0x20004020,1,0x0
3316,772,master,0x06000464,read,0x20004020,1,0x0
3317,772,master,0x06000464,read,0x20004020,1,0x0
3318,772,master,0x06000464,read,0x20004020,1,0x0
3319,772,master,0x06000464,read,0x20004020,1,0x0
3320,772,master,0x06000464,read,0x20004020,1,0x1
3321,772,master,0x0600046A,read,0x20004021,1,0x2B
3322,773,master,0x06000464,read,0x20004020,1,0x0
3323,773,master,0x06000464,read,0x20004020,1,0x0
3324,773,master,0x06000464,read,0x20004020,1,0x0
3325,773,master,0x06000464,read,0x20004020,1,0x0
3326,773,master,0x06000464,read,0x20004020,1,0x0
3327,773,master,0x06000464,read,0x20004020,1,0x0
3328,773,master,0x06000464,read,0x20004020,1,0x0
3329,773,master,0x06000464,read,0x20004020,1,0x0
3330,773,master,0x06000464,read,0x20004020,1,0x0
3331,773,master,0x06000464,read,0x20004020,1,0x0
3332,773,master,0x06000464,read,0x20004020,2,0x2B
3333,774,master,0x06000464,read,0x20004020,2,0x2B
3334,775,master,0x06000464,read,0x20004020,1,0x1
3335,775,master,0x0600046A,read,0x20004021,1,0x22
3336,775,master,0x06000464,read,0x20004020,1,0x0
3337,775,master,0x06000464,read,0x20004020,1,0x0
3338,775,master,0x06000464,read,0x20004020,1,0x0
3339,775,master,0x06000464,read,0x20004020,1,0x0
3340,775,master,0x06000464,read,0x20004020,1,0x0
3341,775,master,0x06000464,read,0x20004020,1,0x0
3342,775,master,0x06000464,read,0x20004020,1,0x0
3343,775,master,0x06000464,read,0x20004020,1,0x0
3344,775,master,0x06000464,read,0x20004020,1,0x0
3345,775,master,0x06000464,read,0x20004020,1,0x1
3346,775,master,0x0600046A,read,0x20004021,1,0x22
3347,775,master,0x06000464,read,0x20004020,1,0x0
3348,775,master,0x06000464,read,0x20004020,1,0x0
3349,775,master,0x06000464,read,0x20004020,1,0x0
3350,775,master,0x06000464,read,0x20004020,1,0x0
3351,775,master,0x06000464,read,0x20004020,1,0x0
3352,775,master,0x06000464,read,0x20004020,1,0x0
3353,775,master,0x06000464,read,0x20004020,1,0x0
3354,775,master,0x06000464,read,0x20004020,1,0x0
3355,775,master,0x06000464,read,0x20004020,1,0x0
3356,775,master,0x06000464,read,0x20004020,1,0x1
3357,775,master,0x0600046A,read,0x20004021,1,0x2B
3358,776,master,0x06000464,read,0x20004020,1,0x0
3359,776,master,0x06000464,read,0x20004020,1,0x0
3360,776,master,0x06000464,read,0x20004020,1,0x0
3361,776,master,0x06000464,read,0x20004020,1,0x0
3362,776,master,0x06000464,read,0x20004020,1,0x0
3363,776,master,0x06000464,read,0x20004020,1,0x0
3364,776,master,0x06000464,read,0x20004020,1,0x0
3365,776,master,0x06000464,read,0x20004020,1,0x0
3366,776,master,0x06000464,read,0x20004020,1,0x0
3367,776,master,0x06000464,read,0x20004020,1,0x0
3368,776,master,0x06000464,read,0x20004020,2,0x2B
3369,777,master,0x06000464,read,0x20004020,1,0x1
3370,777,master,0x0600046A,read,0x20004021,1,0x22
3371,778,master,0x06000464,read,0x20004020,1,0x0
3372,778,master,0x06000464,read,0x20004020,1,0x0
3373,778,master,0x06000464,read,0x20004020,1,0x0
3374,778,master,0x06000464,read,0x20004020,1,0x0
3375,778,master,0x06000464,read,0x20004020,1,0x0
3376,778,master,0x06000464,read,0x20004020,1,0x0
3377,778,master,0x06000464,read,0x20004020,1,0x0
3378,778,master,0x06000464,read,0x20004020,1,0x0
3379,778,master,0x06000464,read,0x20004020,1,0x0
3380,778,master,0x06000464,read,0x20004020,1,0x1
3381,778,master,0x0600046A,read,0x20004021,1,0x22
3382,778,master,0x06000464,read,0x20004020,1,0x0
3383,778,master,0x06000464,read,0x20004020,1,0x0
3384,778,master,0x06000464,read,0x20004020,1,0x0
3385,778,master,0x06000464,read,0x20004020,1,0x0
3386,778,master,0x06000464,read,0x20004020,1,0x0
3387,778,master,0x06000464,read,0x20004020,1,0x0
3388,778,master,0x06000464,read,0x20004020,1,0x0
3389,778,master,0x06000464,read,0x20004020,1,0x0
3390,778,master,0x06000464,read,0x20004020,1,0x0
3391,778,master,0x06000464,read,0x20004020,1,0x1
3392,778,master,0x0600046A,read,0x20004021,1,0x2B
3393,779,master,0x06000464,read,0x20004020,1,0x0
3394,779,master,0x06000464,read,0x20004020,1,0x0
3395,779,master,0x06000464,read,0x20004020,1,0x0
3396,779,master,0x06000464,read,0x20004020,1,0x0
3397,779,master,0x06000464,read,0x20004020,1,0x0
3398,779,master,0x06000464,read,0x20004020,1,0x0
3399,779,master,0x06000464,read,0x20004020,1,0x0
3400,779,master,0x06000464,read,0x20004020,1,0x0
3401,779,master,0x06000464,read,0x20004020,1,0x0
3402,779,master,0x06000464,read,0x20004020,1,0x0
3403,779,master,0x06000464,read,0x20004020,2,0x2B
3404,780,master,0x06000464,read,0x20004020,1,0x1
3405,780,master,0x0600046A,read,0x20004021,1,0x22
3406,781,master,0x06000464,read,0x20004020,1,0x0
3407,781,master,0x06000464,read,0x20004020,1,0x0
3408,781,master,0x06000464,read,0x20004020,1,0x0
3409,781,master,0x06000464,read,0x20004020,1,0x0
3410,781,master,0x06000464,read,0x20004020,1,0x0
3411,781,master,0x06000464,read,0x20004020,1,0x0
3412,781,master,0x06000464,read,0x20004020,1,0x0
3413,781,master,0x06000464,read,0x20004020,1,0x0
3414,781,master,0x06000464,read,0x20004020,1,0x0
3415,781,master,0x06000464,read,0x20004020,1,0x1
3416,781,master,0x0600046A,read,0x20004021,1,0x22
3417,781,master,0x06000464,read,0x20004020,1,0x0
3418,781,master,0x06000464,read,0x20004020,1,0x0
3419,781,master,0x06000464,read,0x20004020,1,0x0
3420,781,master,0x06000464,read,0x20004020,1,0x0
3421,781,master,0x06000464,read,0x20004020,1,0x0
3422,781,master,0x06000464,read,0x20004020,1,0x0
3423,781,master,0x06000464,read,0x20004020,1,0x0
3424,781,master,0x06000464,read,0x20004020,1,0x0
3425,781,master,0x06000464,read,0x20004020,1,0x0
3426,781,master,0x06000464,read,0x20004020,1,0x1
3427,781,master,0x0600046A,read,0x20004021,1,0x2B
3428,782,master,0x06000464,read,0x20004020,1,0x0
3429,782,master,0x06000464,read,0x20004020,1,0x0
3430,782,master,0x06000464,read,0x20004020,1,0x0
3431,782,master,0x06000464,read,0x20004020,1,0x0
3432,782,master,0x06000464,read,0x20004020,1,0x0
3433,782,master,0x06000464,read,0x20004020,1,0x0
3434,782,master,0x06000464,read,0x20004020,1,0x0
3435,782,master,0x06000464,read,0x20004020,1,0x0
3436,782,master,0x06000464,read,0x20004020,1,0x0
3437,782,master,0x06000464,read,0x20004020,1,0x0
3438,782,master,0x06000464,read,0x20004020,2,0x2B
3439,783,master,0x06000464,read,0x20004020,1,0x1
3440,783,master,0x0600046A,read,0x20004021,1,0x22
3441,784,master,0x06000464,read,0x20004020,1,0x0
3442,784,master,0x06000464,read,0x20004020,1,0x0
3443,784,master,0x06000464,read,0x20004020,1,0x0
3444,784,master,0x06000464,read,0x20004020,1,0x0
3445,784,master,0x06000464,read,0x20004020,1,0x0
3446,784,master,0x06000464,read,0x20004020,1,0x0
3447,784,master,0x06000464,read,0x20004020,1,0x0
3448,784,master,0x06000464,read,0x20004020,1,0x0
3449,784,master,0x06000464,read,0x20004020,1,0x0
3450,784,master,0x06000464,read,0x20004020,1,0x1
3451,784,master,0x0600046A,read,0x20004021,1,0x22
3452,784,master,0x06000464,read,0x20004020,1,0x0
3453,784,master,0x06000464,read,0x20004020,1,0x0
3454,784,master,0x06000464,read,0x20004020,1,0x0
3455,784,master,0x06000464,read,0x20004020,1,0x0
3456,784,master,0x06000464,read,0x20004020,1,0x0
3457,784,master,0x06000464,read,0x20004020,1,0x0
3458,784,master,0x06000464,read,0x20004020,1,0x0
3459,784,master,0x06000464,read,0x20004020,1,0x0
3460,784,master,0x06000464,read,0x20004020,1,0x0
3461,784,master,0x06000464,read,0x20004020,2,0x0
3462,785,master,0x06000464,read,0x20004020,1,0x1
3463,785,master,0x0600046A,read,0x20004021,1,0x2B
3464,785,master,0x06000464,read,0x20004020,1,0x0
3465,785,master,0x06000464,read,0x20004020,1,0x0
3466,785,master,0x06000464,read,0x20004020,1,0x0
3467,785,master,0x06000464,read,0x20004020,1,0x0
3468,785,master,0x06000464,read,0x20004020,1,0x0
3469,785,master,0x06000464,read,0x20004020,1,0x0
3470,785,master,0x06000464,read,0x20004020,1,0x0
3471,785,master,0x06000464,read,0x20004020,1,0x0
3472,785,master,0x06000464,read,0x20004020,1,0x0
3473,785,master,0x06000464,read,0x20004020,1,0x0
3474,785,master,0x06000464,read,0x20004020,2,0x2B
3475,786,master,0x06000464,read,0x20004020,1,0x1
3476,786,master,0x0600046A,read,0x20004021,1,0x22
3477,787,master,0x06000464,read,0x20004020,1,0x0
3478,787,master,0x06000464,read,0x20004020,1,0x0
3479,787,master,0x06000464,read,0x20004020,1,0x0
3480,787,master,0x06000464,read,0x20004020,1,0x0
3481,787,master,0x06000464,read,0x20004020,1,0x0
3482,787,master,0x06000464,read,0x20004020,1,0x0
3483,787,master,0x06000464,read,0x20004020,1,0x0
3484,787,master,0x06000464,read,0x20004020,1,0x0
3485,787,master,0x06000464,read,0x20004020,1,0x0
3486,787,master,0x06000464,read,0x20004020,1,0x1
3487,787,master,0x0600046A,read,0x20004021,1,0x22
3488,787,master,0x06000464,read,0x20004020,1,0x0
3489,787,master,0x06000464,read,0x20004020,1,0x0
3490,787,master,0x06000464,read,0x20004020,1,0x0
3491,787,master,0x06000464,read,0x20004020,1,0x0
3492,787,master,0x06000464,read,0x20004020,1,0x0
3493,787,master,0x06000464,read,0x20004020,1,0x0
3494,787,master,0x06000464,read,0x20004020,1,0x0
3495,787,master,0x06000464,read,0x20004020,1,0x0
3496,787,master,0x06000464,read,0x20004020,1,0x0
3497,787,master,0x06000464,read,0x20004020,1,0x1
3498,787,master,0x0600046A,read,0x20004021,1,0x2B
3499,788,master,0x06000464,read,0x20004020,1,0x0
3500,788,master,0x06000464,read,0x20004020,1,0x0
3501,788,master,0x06000464,read,0x20004020,1,0x0
3502,788,master,0x06000464,read,0x20004020,1,0x0
3503,788,master,0x06000464,read,0x20004020,1,0x0
3504,788,master,0x06000464,read,0x20004020,1,0x0
3505,788,master,0x06000464,read,0x20004020,1,0x0
3506,788,master,0x06000464,read,0x20004020,1,0x0
3507,788,master,0x06000464,read,0x20004020,1,0x0
3508,788,master,0x06000464,read,0x20004020,1,0x0
3509,788,master,0x06000464,read,0x20004020,2,0x2B
3510,789,master,0x06000464,read,0x20004020,2,0x2B
3511,790,master,0x06000464,read,0x20004020,1,0x1
3512,790,master,0x0600046A,read,0x20004021,1,0x22
3513,790,master,0x06000464,read,0x20004020,1,0x0
3514,790,master,0x06000464,read,0x20004020,1,0x0
3515,790,master,0x06000464,read,0x20004020,1,0x0
3516,790,master,0x06000464,read,0x20004020,1,0x0
3517,790,master,0x06000464,read,0x20004020,1,0x0
3518,790,master,0x06000464,read,0x20004020,1,0x0
3519,790,master,0x06000464,read,0x20004020,1,0x0
3520,790,master,0x06000464,read,0x20004020,1,0x0
3521,790,master,0x06000464,read,0x20004020,1,0x0
3522,790,master,0x06000464,read,0x20004020,1,0x1
3523,790,master,0x0600046A,read,0x20004021,1,0x22
3524,790,master,0x06000464,read,0x20004020,1,0x0
3525,790,master,0x06000464,read,0x20004020,1,0x0
3526,790,master,0x06000464,read,0x20004020,1,0x0
3527,790,master,0x06000464,read,0x20004020,1,0x0
3528,790,master,0x06000464,read,0x20004020,1,0x0
3529,790,master,0x06000464,read,0x20004020,1,0x0
3530,790,master,0x06000464,read,0x20004020,1,0x0
3531,790,master,0x06000464,read,0x20004020,1,0x0
3532,790,master,0x06000464,read,0x20004020,1,0x0
3533,790,master,0x06000464,read,0x20004020,1,0x1
3534,790,master,0x0600046A,read,0x20004021,1,0x2B
3535,791,master,0x06000464,read,0x20004020,1,0x0
3536,791,master,0x06000464,read,0x20004020,1,0x0
3537,791,master,0x06000464,read,0x20004020,1,0x0
3538,791,master,0x06000464,read,0x20004020,1,0x0
3539,791,master,0x06000464,read,0x20004020,1,0x0
3540,791,master,0x06000464,read,0x20004020,1,0x0
3541,791,master,0x06000464,read,0x20004020,1,0x0
3542,791,master,0x06000464,read,0x20004020,1,0x0
3543,791,master,0x06000464,read,0x20004020,1,0x0
3544,791,master,0x06000464,read,0x20004020,1,0x0
3545,791,master,0x06000464,read,0x20004020,2,0x2B
3546,792,master,0x06000464,read,0x20004020,1,0x1
3547,792,master,0x0600046A,read,0x20004021,1,0x22
3548,793,master,0x06000464,read,0x20004020,1,0x0
3549,793,master,0x06000464,read,0x20004020,1,0x0
3550,793,master,0x06000464,read,0x20004020,1,0x0
3551,793,master,0x06000464,read,0x20004020,1,0x0
3552,793,master,0x06000464,read,0x20004020,1,0x0
3553,793,master,0x06000464,read,0x20004020,1,0x0
3554,793,master,0x06000464,read,0x20004020,1,0x0
3555,793,master,0x06000464,read,0x20004020,1,0x0
3556,793,master,0x06000464,read,0x20004020,1,0x0
3557,793,master,0x06000464,read,0x20004020,1,0x1
3558,793,master,0x0600046A,read,0x20004021,1,0x22
3559,793,master,0x06000464,read,0x20004020,1,0x0
3560,793,master,0x06000464,read,0x20004020,1,0x0
3561,793,master,0x06000464,read,0x20004020,1,0x0
3562,793,master,0x06000464,read,0x20004020,1,0x0
3563,793,master,0x06000464,read,0x20004020,1,0x0
3564,793,master,0x06000464,read,0x20004020,1,0x0
3565,793,master,0x06000464,read,0x20004020,1,0x0
3566,793,master,0x06000464,read,0x20004020,1,0x0
3567,793,master,0x06000464,read,0x20004020,1,0x0
3568,793,master,0x06000464,read,0x20004020,1,0x1
3569,793,master,0x0600046A,read,0x20004021,1,0x2B
3570,794,master,0x06000464,read,0x20004020,1,0x0
3571,794,master,0x06000464,read,0x20004020,1,0x0
3572,794,master,0x06000464,read,0x20004020,1,0x0
3573,794,master,0x06000464,read,0x20004020,1,0x0
3574,794,master,0x06000464,read,0x20004020,1,0x0
3575,794,master,0x06000464,read,0x20004020,1,0x0
3576,794,master,0x06000464,read,0x20004020,1,0x0
3577,794,master,0x06000464,read,0x20004020,1,0x0
3578,794,master,0x06000464,read,0x20004020,1,0x0
3579,794,master,0x06000464,read,0x20004020,1,0x0
3580,794,master,0x06000464,read,0x20004020,2,0x2B
3581,795,master,0x06000464,read,0x20004020,1,0x1
3582,795,master,0x0600046A,read,0x20004021,1,0x22
3583,796,master,0x06000464,read,0x20004020,1,0x0
3584,796,master,0x06000464,read,0x20004020,1,0x0
3585,796,master,0x06000464,read,0x20004020,1,0x0
3586,796,master,0x06000464,read,0x20004020,1,0x0
3587,796,master,0x06000464,read,0x20004020,1,0x0
3588,796,master,0x06000464,read,0x20004020,1,0x0
3589,796,master,0x06000464,read,0x20004020,1,0x0
3590,796,master,0x06000464,read,0x20004020,1,0x0
3591,796,master,0x06000464,read,0x20004020,1,0x0
3592,796,master,0x06000464,read,0x20004020,1,0x1
3593,796,master,0x0600046A,read,0x20004021,1,0x22
3594,796,master,0x06000464,read,0x20004020,1,0x0
3595,796,master,0x06000464,read,0x20004020,1,0x0
3596,796,master,0x06000464,read,0x20004020,1,0x0
3597,796,master,0x06000464,read,0x20004020,1,0x0
3598,796,master,0x06000464,read,0x20004020,1,0x0
3599,796,master,0x06000464,read,0x20004020,1,0x0
3600,796,master,0x06000464,read,0x20004020,1,0x0
3601,796,master,0x06000464,read,0x20004020,1,0x0
3602,796,master,0x06000464,read,0x20004020,1,0x0
3603,796,master,0x06000464,read,0x20004020,1,0x1
3604,796,master,0x0600046A,read,0x20004021,1,0x2B
3605,797,master,0x06000464,read,0x20004020,1,0x0
3606,797,master,0x06000464,read,0x20004020,1,0x0
3607,797,master,0x06000464,read,0x20004020,1,0x0
3608,797,master,0x06000464,read,0x20004020,1,0x0
3609,797,master,0x06000464,read,0x20004020,1,0x0
3610,797,master,0x06000464,read,0x20004020,1,0x0
3611,797,master,0x06000464,read,0x20004020,1,0x0
3612,797,master,0x06000464,read,0x20004020,1,0x0
3613,797,master,0x06000464,read,0x20004020,1,0x0
3614,797,master,0x06000464,read,0x20004020,1,0x0
3615,797,master,0x06000464,read,0x20004020,2,0x2B
3616,798,master,0x06000464,read,0x20004020,1,0x1
3617,798,master,0x0600046A,read,0x20004021,1,0x22
3618,799,master,0x06000464,read,0x20004020,1,0x0
3619,799,master,0x06000464,read,0x20004020,1,0x0
3620,799,master,0x06000464,read,0x20004020,1,0x0
3621,799,master,0x06000464,read,0x20004020,1,0x0
3622,799,master,0x06000464,read,0x20004020,1,0x0
3623,799,master,0x06000464,read,0x20004020,1,0x0
3624,799,master,0x06000464,read,0x20004020,1,0x0
3625,799,master,0x06000464,read,0x20004020,1,0x0
3626,799,master,0x06000464,read,0x20004020,1,0x0
3627,799,master,0x06000464,read,0x20004020,1,0x1
3628,799,master,0x0600046A,read,0x20004021,1,0x22
3629,799,master,0x06000464,read,0x20004020,1,0x0
3630,799,master,0x06000464,read,0x20004020,1,0x0
3631,799,master,0x06000464,read,0x20004020,1,0x0
3632,799,master,0x06000464,read,0x20004020,1,0x0
3633,799,master,0x06000464,read,0x20004020,1,0x0
3634,799,master,0x06000464,read,0x20004020,1,0x0
3635,799,master,0x06000464,read,0x20004020,1,0x0
3636,799,master,0x06000464,read,0x20004020,1,0x0
3637,799,master,0x06000464,read,0x20004020,1,0x0
3638,799,master,0x06000464,read,0x20004020,1,0x1
3639,799,master,0x0600046A,read,0x20004021,1,0x2B
3640,800,master,0x06000464,read,0x20004020,1,0x0
3641,800,master,0x06000464,read,0x20004020,1,0x0
3642,800,master,0x06000464,read,0x20004020,1,0x0
3643,800,master,0x06000464,read,0x20004020,1,0x0
3644,800,master,0x06000464,read,0x20004020,1,0x0
3645,800,master,0x06000464,read,0x20004020,1,0x0
3646,800,master,0x06000464,read,0x20004020,1,0x0
3647,800,master,0x06000464,read,0x20004020,1,0x0
3648,800,master,0x06000464,read,0x20004020,1,0x0
3649,800,master,0x06000464,read,0x20004020,1,0x0
3650,800,master,0x06000464,read,0x20004020,2,0x2B
3651,801,master,0x06000464,read,0x20004020,1,0x1
3652,801,master,0x0600046A,read,0x20004021,1,0x22
3653,802,master,0x06000464,read,0x20004020,1,0x0
3654,802,master,0x06000464,read,0x20004020,1,0x0
3655,802,master,0x06000464,read,0x20004020,1,0x0
3656,802,master,0x06000464,read,0x20004020,1,0x0
3657,802,master,0x06000464,read,0x20004020,1,0x0
3658,802,master,0x06000464,read,0x20004020,1,0x0
3659,802,master,0x06000464,read,0x20004020,1,0x0
3660,802,master,0x06000464,read,0x20004020,1,0x0
3661,802,master,0x06000464,read,0x20004020,1,0x0
3662,802,master,0x06000464,read,0x20004020,1,0x1
3663,802,master,0x0600046A,read,0x20004021,1,0x22
3664,802,master,0x06000464,read,0x20004020,1,0x0
3665,802,master,0x06000464,read,0x20004020,1,0x0
3666,802,master,0x06000464,read,0x20004020,1,0x0
3667,802,master,0x06000464,read,0x20004020,1,0x0
3668,802,master,0x06000464,read,0x20004020,1,0x0
3669,802,master,0x06000464,read,0x20004020,1,0x0
3670,802,master,0x06000464,read,0x20004020,1,0x0
3671,802,master,0x06000464,read,0x20004020,1,0x0
3672,802,master,0x06000464,read,0x20004020,1,0x0
3673,802,master,0x06000464,read,0x20004020,1,0x1
3674,802,master,0x0600046A,read,0x20004021,1,0x2B
3675,803,master,0x06000464,read,0x20004020,1,0x0
3676,803,master,0x06000464,read,0x20004020,1,0x0
3677,803,master,0x06000464,read,0x20004020,1,0x0
3678,803,master,0x06000464,read,0x20004020,1,0x0
3679,803,master,0x06000464,read,0x20004020,1,0x0
3680,803,master,0x06000464,read,0x20004020,1,0x0
3681,803,master,0x06000464,read,0x20004020,1,0x0
3682,803,master,0x06000464,read,0x20004020,1,0x0
3683,803,master,0x06000464,read,0x20004020,1,0x0
3684,803,master,0x06000464,read,0x20004020,1,0x0
3685,803,master,0x06000464,read,0x20004020,2,0x2B
3686,804,master,0x06000464,read,0x20004020,1,0x1
3687,804,master,0x0600046A,read,0x20004021,1,0x22
3688,805,master,0x06000464,read,0x20004020,1,0x0
3689,805,master,0x06000464,read,0x20004020,1,0x0
3690,805,master,0x06000464,read,0x20004020,1,0x0
3691,805,master,0x06000464,read,0x20004020,1,0x0
3692,805,master,0x06000464,read,0x20004020,1,0x0
3693,805,master,0x06000464,read,0x20004020,1,0x0
3694,805,master,0x06000464,read,0x20004020,1,0x0
3695,805,master,0x06000464,read,0x20004020,1,0x0
3696,805,master,0x06000464,read,0x20004020,1,0x0
3697,805,master,0x06000464,read,0x20004020,1,0x1
3698,805,master,0x0600046A,read,0x20004021,1,0x22
3699,805,master,0x06000464,read,0x20004020,1,0x0
3700,805,master,0x06000464,read,0x20004020,1,0x0
3701,805,master,0x06000464,read,0x20004020,1,0x0
3702,805,master,0x06000464,read,0x20004020,1,0x0
3703,805,master,0x06000464,read,0x20004020,1,0x0
3704,805,master,0x06000464,read,0x20004020,1,0x0
3705,805,master,0x06000464,read,0x20004020,1,0x0
3706,805,master,0x06000464,read,0x20004020,1,0x0
3707,805,master,0x06000464,read,0x20004020,1,0x0
3708,805,master,0x06000464,read,0x20004020,1,0x1
3709,805,master,0x0600046A,read,0x20004021,1,0x2B
3710,806,master,0x06000464,read,0x20004020,1,0x0
3711,806,master,0x06000464,read,0x20004020,1,0x0
3712,806,master,0x06000464,read,0x20004020,1,0x0
3713,806,master,0x06000464,read,0x20004020,1,0x0
3714,806,master,0x06000464,read,0x20004020,1,0x0
3715,806,master,0x06000464,read,0x20004020,1,0x0
3716,806,master,0x06000464,read,0x20004020,1,0x0
3717,806,master,0x06000464,read,0x20004020,1,0x0
3718,806,master,0x06000464,read,0x20004020,1,0x0
3719,806,master,0x06000464,read,0x20004020,1,0x0
3720,806,master,0x06000464,read,0x20004020,2,0x2B
3721,807,master,0x06000464,read,0x20004020,1,0x1
3722,807,master,0x0600046A,read,0x20004021,1,0x22
3723,808,master,0x06000464,read,0x20004020,1,0x0
3724,808,master,0x06000464,read,0x20004020,1,0x0
3725,808,master,0x06000464,read,0x20004020,1,0x0
3726,808,master,0x06000464,read,0x20004020,1,0x0
3727,808,master,0x06000464,read,0x20004020,1,0x0
3728,808,master,0x06000464,read,0x20004020,1,0x0
3729,808,master,0x06000464,read,0x20004020,1,0x0
3730,808,master,0x06000464,read,0x20004020,1,0x0
3731,808,master,0x06000464,read,0x20004020,1,0x0
3732,808,master,0x06000464,read,0x20004020,1,0x1
3733,808,master,0x0600046A,read,0x20004021,1,0x22
3734,808,master,0x06000464,read,0x20004020,1,0x0
3735,808,master,0x06000464,read,0x20004020,1,0x0
3736,808,master,0x06000464,read,0x20004020,1,0x0
3737,808,master,0x06000464,read,0x20004020,1,0x0
3738,808,master,0x06000464,read,0x20004020,1,0x0
3739,808,master,0x06000464,read,0x20004020,1,0x0
3740,808,master,0x06000464,read,0x20004020,1,0x0
3741,808,master,0x06000464,read,0x20004020,1,0x0
3742,808,master,0x06000464,read,0x20004020,1,0x0
3743,808,master,0x06000464,read,0x20004020,1,0x1
3744,808,master,0x0600046A,read,0x20004021,1,0x2B
3745,809,master,0x06000464,read,0x20004020,1,0x0
3746,809,master,0x06000464,read,0x20004020,1,0x0
3747,809,master,0x06000464,read,0x20004020,1,0x0
3748,809,master,0x06000464,read,0x20004020,1,0x0
3749,809,master,0x06000464,read,0x20004020,1,0x0
3750,809,master,0x06000464,read,0x20004020,1,0x0
3751,809,master,0x06000464,read,0x20004020,1,0x0
3752,809,master,0x06000464,read,0x20004020,1,0x0
3753,809,master,0x06000464,read,0x20004020,1,0x0
3754,809,master,0x06000464,read,0x20004020,1,0x0
3755,809,master,0x06000464,read,0x20004020,2,0x2B
3756,810,master,0x06000464,read,0x20004020,1,0x1
3757,810,master,0x0600046A,read,0x20004021,1,0x22
3758,811,master,0x06000464,read,0x20004020,1,0x0
3759,811,master,0x06000464,read,0x20004020,1,0x0
3760,811,master,0x06000464,read,0x20004020,1,0x0
3761,811,master,0x06000464,read,0x20004020,1,0x0
3762,811,master,0x06000464,read,0x20004020,1,0x0
3763,811,master,0x06000464,read,0x20004020,1,0x0
3764,811,master,0x06000464,read,0x20004020,1,0x0
3765,811,master,0x06000464,read,0x20004020,1,0x0
3766,811,master,0x06000464,read,0x20004020,1,0x0
3767,811,master,0x06000464,read,0x20004020,1,0x1
3768,811,master,0x0600046A,read,0x20004021,1,0x22
3769,811,master,0x06000464,read,0x20004020,1,0x0
3770,811,master,0x06000464,read,0x20004020,1,0x0
3771,811,master,0x06000464,read,0x20004020,1,0x0
3772,811,master,0x06000464,read,0x20004020,1,0x0
3773,811,master,0x06000464,read,0x20004020,1,0x0
3774,811,master,0x06000464,read,0x20004020,1,0x0
3775,811,master,0x06000464,read,0x20004020,1,0x0
3776,811,master,0x06000464,read,0x20004020,1,0x0
3777,811,master,0x06000464,read,0x20004020,1,0x0
3778,811,master,0x06000464,read,0x20004020,1,0x1
3779,811,master,0x0600046A,read,0x20004021,1,0x2B
3780,812,master,0x06000464,read,0x20004020,1,0x0
3781,812,master,0x06000464,read,0x20004020,1,0x0
3782,812,master,0x06000464,read,0x20004020,1,0x0
3783,812,master,0x06000464,read,0x20004020,1,0x0
3784,812,master,0x06000464,read,0x20004020,1,0x0
3785,812,master,0x06000464,read,0x20004020,1,0x0
3786,812,master,0x06000464,read,0x20004020,1,0x0
3787,812,master,0x06000464,read,0x20004020,1,0x0
3788,812,master,0x06000464,read,0x20004020,1,0x0
3789,812,master,0x06000464,read,0x20004020,1,0x0
3790,812,master,0x06000464,read,0x20004020,2,0x2B
3791,813,master,0x06000464,read,0x20004020,1,0x1
3792,813,master,0x0600046A,read,0x20004021,1,0x22
3793,814,master,0x06000464,read,0x20004020,1,0x0
3794,814,master,0x06000464,read,0x20004020,1,0x0
3795,814,master,0x06000464,read,0x20004020,1,0x0
3796,814,master,0x06000464,read,0x20004020,1,0x0
3797,814,master,0x06000464,read,0x20004020,1,0x0
3798,814,master,0x06000464,read,0x20004020,1,0x0
3799,814,master,0x06000464,read,0x20004020,1,0x0
3800,814,master,0x06000464,read,0x20004020,1,0x0
3801,814,master,0x06000464,read,0x20004020,1,0x0
3802,814,master,0x06000464,read,0x20004020,1,0x1
3803,814,master,0x0600046A,read,0x20004021,1,0x22
3804,814,master,0x06000464,read,0x20004020,1,0x0
3805,814,master,0x06000464,read,0x20004020,1,0x0
3806,814,master,0x06000464,read,0x20004020,1,0x0
3807,814,master,0x06000464,read,0x20004020,1,0x0
3808,814,master,0x06000464,read,0x20004020,1,0x0
3809,814,master,0x06000464,read,0x20004020,1,0x0
3810,814,master,0x06000464,read,0x20004020,1,0x0
3811,814,master,0x06000464,read,0x20004020,1,0x0
3812,814,master,0x06000464,read,0x20004020,1,0x0
3813,814,master,0x06000464,read,0x20004020,2,0x0
3814,815,master,0x06000464,read,0x20004020,1,0x1
3815,815,master,0x0600046A,read,0x20004021,1,0x2B
3816,815,master,0x06000464,read,0x20004020,1,0x0
3817,815,master,0x06000464,read,0x20004020,1,0x0
3818,815,master,0x06000464,read,0x20004020,1,0x0
3819,815,master,0x06000464,read,0x20004020,1,0x0
3820,815,master,0x06000464,read,0x20004020,1,0x0
3821,815,master,0x06000464,read,0x20004020,1,0x0
3822,815,master,0x06000464,read,0x20004020,1,0x0
3823,815,master,0x06000464,read,0x20004020,1,0x0
3824,815,master,0x06000464,read,0x20004020,1,0x0
3825,815,master,0x06000464,read,0x20004020,1,0x0
3826,815,master,0x06000464,read,0x20004020,2,0x2B
3827,816,master,0x06000464,read,0x20004020,1,0x1
3828,816,master,0x0600046A,read,0x20004021,1,0x22
3829,817,master,0x06000464,read,0x20004020,1,0x0
3830,817,master,0x06000464,read,0x20004020,1,0x0
3831,817,master,0x06000464,read,0x20004020,1,0x0
3832,817,master,0x06000464,read,0x20004020,1,0x0
3833,817,master,0x06000464,read,0x20004020,1,0x0
3834,817,master,0x06000464,read,0x20004020,1,0x0
3835,817,master,0x06000464,read,0x20004020,1,0x0
3836,817,master,0x06000464,read,0x20004020,1,0x0
3837,817,master,0x06000464,read,0x20004020,1,0x0
3838,817,master,0x06000464,read,0x20004020,1,0x1
3839,817,master,0x0600046A,read,0x20004021,1,0x22
3840,817,master,0x06000464,read,0x20004020,1,0x0
3841,817,master,0x06000464,read,0x20004020,1,0x0
3842,817,master,0x06000464,read,0x20004020,1,0x0
3843,817,master,0x06000464,read,0x20004020,1,0x0
3844,817,master,0x06000464,read,0x20004020,1,0x0
3845,817,master,0x06000464,read,0x20004020,1,0x0
3846,817,master,0x06000464,read,0x20004020,1,0x0
3847,817,master,0x06000464,read,0x20004020,1,0x0
3848,817,master,0x06000464,read,0x20004020,1,0x0
3849,817,master,0x06000464,read,0x20004020,1,0x1
3850,817,master,0x0600046A,read,0x20004021,1,0x2B
3851,818,master,0x06000464,read,0x20004020,1,0x0
3852,818,master,0x06000464,read,0x20004020,1,0x0
3853,818,master,0x06000464,read,0x20004020,1,0x0
3854,818,master,0x06000464,read,0x20004020,1,0x0
3855,818,master,0x06000464,read,0x20004020,1,0x0
3856,818,master,0x06000464,read,0x20004020,1,0x0
3857,818,master,0x06000464,read,0x20004020,1,0x0
3858,818,master,0x06000464,read,0x20004020,1,0x0
3859,818,master,0x06000464,read,0x20004020,1,0x0
3860,818,master,0x06000464,read,0x20004020,1,0x0
3861,818,master,0x06000464,read,0x20004020,2,0x2B
3862,819,master,0x06000464,read,0x20004020,1,0x1
3863,819,master,0x0600046A,read,0x20004021,1,0x22
3864,820,master,0x06000464,read,0x20004020,1,0x0
3865,820,master,0x06000464,read,0x20004020,1,0x0
3866,820,master,0x06000464,read,0x20004020,1,0x0
3867,820,master,0x06000464,read,0x20004020,1,0x0
3868,820,master,0x06000464,read,0x20004020,1,0x0
3869,820,master,0x06000464,read,0x20004020,1,0x0
3870,820,master,0x06000464,read,0x20004020,1,0x0
3871,820,master,0x06000464,read,0x20004020,1,0x0
3872,820,master,0x06000464,read,0x20004020,1,0x0
3873,820,master,0x06000464,read,0x20004020,1,0x1
3874,820,master,0x0600046A,read,0x20004021,1,0x22
3875,820,master,0x06000464,read,0x20004020,1,0x0
3876,820,master,0x06000464,read,0x20004020,1,0x0
3877,820,master,0x06000464,read,0x20004020,1,0x0
3878,820,master,0x06000464,read,0x20004020,1,0x0
3879,820,master,0x06000464,read,0x20004020,1,0x0
3880,820,master,0x06000464,read,0x20004020,1,0x0
3881,820,master,0x06000464,read,0x20004020,1,0x0
3882,820,master,0x06000464,read,0x20004020,1,0x0
3883,820,master,0x06000464,read,0x20004020,1,0x0
3884,820,master,0x06000464,read,0x20004020,1,0x1
3885,820,master,0x0600046A,read,0x20004021,1,0x2B
3886,821,master,0x06000464,read,0x20004020,1,0x0
3887,821,master,0x06000464,read,0x20004020,1,0x0
3888,821,master,0x06000464,read,0x20004020,1,0x0
3889,821,master,0x06000464,read,0x20004020,1,0x0
3890,821,master,0x06000464,read,0x20004020,1,0x0
3891,821,master,0x06000464,read,0x20004020,1,0x0
3892,821,master,0x06000464,read,0x20004020,1,0x0
3893,821,master,0x06000464,read,0x20004020,1,0x0
3894,821,master,0x06000464,read,0x20004020,1,0x0
3895,821,master,0x06000464,read,0x20004020,1,0x0
3896,821,master,0x06000464,read,0x20004020,2,0x2B
3897,822,master,0x06000464,read,0x20004020,1,0x1
3898,822,master,0x0600046A,read,0x20004021,1,0x22
3899,823,master,0x06000464,read,0x20004020,1,0x0
3900,823,master,0x06000464,read,0x20004020,1,0x0
3901,823,master,0x06000464,read,0x20004020,1,0x0
3902,823,master,0x06000464,read,0x20004020,1,0x0
3903,823,master,0x06000464,read,0x20004020,1,0x0
3904,823,master,0x06000464,read,0x20004020,1,0x0
3905,823,master,0x06000464,read,0x20004020,1,0x0
3906,823,master,0x06000464,read,0x20004020,1,0x0
3907,823,master,0x06000464,read,0x20004020,1,0x0
3908,823,master,0x06000464,read,0x20004020,1,0x1
3909,823,master,0x0600046A,read,0x20004021,1,0x22
3910,823,master,0x06000464,read,0x20004020,1,0x0
3911,823,master,0x06000464,read,0x20004020,1,0x0
3912,823,master,0x06000464,read,0x20004020,1,0x0
3913,823,master,0x06000464,read,0x20004020,1,0x0
3914,823,master,0x06000464,read,0x20004020,1,0x0
3915,823,master,0x06000464,read,0x20004020,1,0x0
3916,823,master,0x06000464,read,0x20004020,1,0x0
3917,823,master,0x06000464,read,0x20004020,1,0x0
3918,823,master,0x06000464,read,0x20004020,1,0x0
3919,823,master,0x06000464,read,0x20004020,1,0x1
3920,823,master,0x0600046A,read,0x20004021,1,0x2B
3921,824,master,0x06000464,read,0x20004020,1,0x0
3922,824,master,0x06000464,read,0x20004020,1,0x0
3923,824,master,0x06000464,read,0x20004020,1,0x0
3924,824,master,0x06000464,read,0x20004020,1,0x0
3925,824,master,0x06000464,read,0x20004020,1,0x0
3926,824,master,0x06000464,read,0x20004020,1,0x0
3927,824,master,0x06000464,read,0x20004020,1,0x0
3928,824,master,0x06000464,read,0x20004020,1,0x0
3929,824,master,0x06000464,read,0x20004020,1,0x0
3930,824,master,0x06000464,read,0x20004020,1,0x0
3931,824,master,0x06000464,read,0x20004020,2,0x2B
3932,825,master,0x06000464,read,0x20004020,1,0x1
3933,825,master,0x0600046A,read,0x20004021,1,0x22
3934,826,master,0x06000464,read,0x20004020,1,0x0
3935,826,master,0x06000464,read,0x20004020,1,0x0
3936,826,master,0x06000464,read,0x20004020,1,0x0
3937,826,master,0x06000464,read,0x20004020,1,0x0
3938,826,master,0x06000464,read,0x20004020,1,0x0
3939,826,master,0x06000464,read,0x20004020,1,0x0
3940,826,master,0x06000464,read,0x20004020,1,0x0
3941,826,master,0x06000464,read,0x20004020,1,0x0
3942,826,master,0x06000464,read,0x20004020,1,0x0
3943,826,master,0x06000464,read,0x20004020,1,0x1
3944,826,master,0x0600046A,read,0x20004021,1,0x22
3945,826,master,0x06000464,read,0x20004020,1,0x0
3946,826,master,0x06000464,read,0x20004020,1,0x0
3947,826,master,0x06000464,read,0x20004020,1,0x0
3948,826,master,0x06000464,read,0x20004020,1,0x0
3949,826,master,0x06000464,read,0x20004020,1,0x0
3950,826,master,0x06000464,read,0x20004020,1,0x0
3951,826,master,0x06000464,read,0x20004020,1,0x0
3952,826,master,0x06000464,read,0x20004020,1,0x0
3953,826,master,0x06000464,read,0x20004020,1,0x0
3954,826,master,0x06000464,read,0x20004020,1,0x1
3955,826,master,0x0600046A,read,0x20004021,1,0x2B
3956,827,master,0x06000464,read,0x20004020,1,0x0
3957,827,master,0x06000464,read,0x20004020,1,0x0
3958,827,master,0x06000464,read,0x20004020,1,0x0
3959,827,master,0x06000464,read,0x20004020,1,0x0
3960,827,master,0x06000464,read,0x20004020,1,0x0
3961,827,master,0x06000464,read,0x20004020,1,0x0
3962,827,master,0x06000464,read,0x20004020,1,0x0
3963,827,master,0x06000464,read,0x20004020,1,0x0
3964,827,master,0x06000464,read,0x20004020,1,0x0
3965,827,master,0x06000464,read,0x20004020,1,0x0
3966,827,master,0x06000464,read,0x20004020,2,0x2B
3967,828,master,0x06000464,read,0x20004020,1,0x1
3968,828,master,0x0600046A,read,0x20004021,1,0x22
3969,829,master,0x06000464,read,0x20004020,1,0x0
3970,829,master,0x06000464,read,0x20004020,1,0x0
3971,829,master,0x06000464,read,0x20004020,1,0x0
3972,829,master,0x06000464,read,0x20004020,1,0x0
3973,829,master,0x06000464,read,0x20004020,1,0x0
3974,829,master,0x06000464,read,0x20004020,1,0x0
3975,829,master,0x06000464,read,0x20004020,1,0x0
3976,829,master,0x06000464,read,0x20004020,1,0x0
3977,829,master,0x06000464,read,0x20004020,1,0x0
3978,829,master,0x06000464,read,0x20004020,1,0x1
3979,829,master,0x0600046A,read,0x20004021,1,0x22
3980,829,master,0x06000464,read,0x20004020,1,0x0
3981,829,master,0x06000464,read,0x20004020,1,0x0
3982,829,master,0x06000464,read,0x20004020,1,0x0
3983,829,master,0x06000464,read,0x20004020,1,0x0
3984,829,master,0x06000464,read,0x20004020,1,0x0
3985,829,master,0x06000464,read,0x20004020,1,0x0
3986,829,master,0x06000464,read,0x20004020,1,0x0
3987,829,master,0x06000464,read,0x20004020,1,0x0
3988,829,master,0x06000464,read,0x20004020,1,0x0
3989,829,master,0x06000464,read,0x20004020,1,0x1
3990,829,master,0x0600046A,read,0x20004021,1,0x2B
3991,830,master,0x06000464,read,0x20004020,1,0x0
3992,830,master,0x06000464,read,0x20004020,1,0x0
3993,830,master,0x06000464,read,0x20004020,1,0x0
3994,830,master,0x06000464,read,0x20004020,1,0x0
3995,830,master,0x06000464,read,0x20004020,1,0x0
3996,830,master,0x06000464,read,0x20004020,1,0x0
3997,830,master,0x06000464,read,0x20004020,1,0x0
3998,830,master,0x06000464,read,0x20004020,1,0x0
3999,830,master,0x06000464,read,0x20004020,1,0x0
4000,830,master,0x06000464,read,0x20004020,1,0x0
4001,830,master,0x06000464,read,0x20004020,2,0x2B
4002,831,master,0x06000464,read,0x20004020,1,0x1
4003,831,master,0x0600046A,read,0x20004021,1,0x22
4004,832,master,0x06000464,read,0x20004020,1,0x0
4005,832,master,0x06000464,read,0x20004020,1,0x0
4006,832,master,0x06000464,read,0x20004020,1,0x0
4007,832,master,0x06000464,read,0x20004020,1,0x0
4008,832,master,0x06000464,read,0x20004020,1,0x0
4009,832,master,0x06000464,read,0x20004020,1,0x0
4010,832,master,0x06000464,read,0x20004020,1,0x0
4011,832,master,0x06000464,read,0x20004020,1,0x0
4012,832,master,0x06000464,read,0x20004020,1,0x0
4013,832,master,0x06000464,read,0x20004020,1,0x1
4014,832,master,0x0600046A,read,0x20004021,1,0x22
4015,832,master,0x06000464,read,0x20004020,1,0x0
4016,832,master,0x06000464,read,0x20004020,1,0x0
4017,832,master,0x06000464,read,0x20004020,1,0x0
4018,832,master,0x06000464,read,0x20004020,1,0x0
4019,832,master,0x06000464,read,0x20004020,1,0x0
4020,832,master,0x06000464,read,0x20004020,1,0x0
4021,832,master,0x06000464,read,0x20004020,1,0x0
4022,832,master,0x06000464,read,0x20004020,1,0x0
4023,832,master,0x06000464,read,0x20004020,1,0x0
4024,832,master,0x06000464,read,0x20004020,1,0x1
4025,832,master,0x0600046A,read,0x20004021,1,0x2B
4026,833,master,0x06000464,read,0x20004020,1,0x0
4027,833,master,0x06000464,read,0x20004020,1,0x0
4028,833,master,0x06000464,read,0x20004020,1,0x0
4029,833,master,0x06000464,read,0x20004020,1,0x0
4030,833,master,0x06000464,read,0x20004020,1,0x0
4031,833,master,0x06000464,read,0x20004020,1,0x0
4032,833,master,0x06000464,read,0x20004020,1,0x0
4033,833,master,0x06000464,read,0x20004020,1,0x0
4034,833,master,0x06000464,read,0x20004020,1,0x0
4035,833,master,0x06000464,read,0x20004020,1,0x0
4036,833,master,0x06000464,read,0x20004020,2,0x2B
4037,834,master,0x06000464,read,0x20004020,2,0x2B
4038,835,master,0x06000464,read,0x20004020,1,0x1
4039,835,master,0x0600046A,read,0x20004021,1,0x22
4040,835,master,0x06000464,read,0x20004020,1,0x0
4041,835,master,0x06000464,read,0x20004020,1,0x0
4042,835,master,0x06000464,read,0x20004020,1,0x0
4043,835,master,0x06000464,read,0x20004020,1,0x0
4044,835,master,0x06000464,read,0x20004020,1,0x0
4045,835,master,0x06000464,read,0x20004020,1,0x0
4046,835,master,0x06000464,read,0x20004020,1,0x0
4047,835,master,0x06000464,read,0x20004020,1,0x0
4048,835,master,0x06000464,read,0x20004020,1,0x0
4049,835,master,0x06000464,read,0x20004020,1,0x1
4050,835,master,0x0600046A,read,0x20004021,1,0x22
4051,835,master,0x06000464,read,0x20004020,1,0x0
4052,835,master,0x06000464,read,0x20004020,1,0x0
4053,835,master,0x06000464,read,0x20004020,1,0x0
4054,835,master,0x06000464,read,0x20004020,1,0x0
4055,835,master,0x06000464,read,0x20004020,1,0x0
4056,835,master,0x06000464,read,0x20004020,1,0x0
4057,835,master,0x06000464,read,0x20004020,1,0x0
4058,835,master,0x06000464,read,0x20004020,1,0x0
4059,835,master,0x06000464,read,0x20004020,1,0x0
4060,835,master,0x06000464,read,0x20004020,1,0x1
4061,835,master,0x0600046A,read,0x20004021,1,0x2B
4062,836,master,0x06000464,read,0x20004020,1,0x0
4063,836,master,0x06000464,read,0x20004020,1,0x0
4064,836,master,0x06000464,read,0x20004020,1,0x0
4065,836,master,0x06000464,read,0x20004020,1,0x0
4066,836,master,0x06000464,read,0x20004020,1,0x0
4067,836,master,0x06000464,read,0x20004020,1,0x0
4068,836,master,0x06000464,read,0x20004020,1,0x0
4069,836,master,0x06000464,read,0x20004020,1,0x0
4070,836,master,0x06000464,read,0x20004020,1,0x0
4071,836,master,0x06000464,read,0x20004020,1,0x0
4072,836,master,0x06000464,read,0x20004020,2,0x2B
4073,837,master,0x06000464,read,0x20004020,1,0x1
4074,837,master,0x0600046A,read,0x20004021,1,0x22
4075,838,master,0x06000464,read,0x20004020,1,0x0
4076,838,master,0x06000464,read,0x20004020,1,0x0
4077,838,master,0x06000464,read,0x20004020,1,0x0
4078,838,master,0x06000464,read,0x20004020,1,0x0
4079,838,master,0x06000464,read,0x20004020,1,0x0
4080,838,master,0x06000464,read,0x20004020,1,0x0
4081,838,master,0x06000464,read,0x20004020,1,0x0
4082,838,master,0x06000464,read,0x20004020,1,0x0
4083,838,master,0x06000464,read,0x20004020,1,0x0
4084,838,master,0x06000464,read,0x20004020,1,0x1
4085,838,master,0x0600046A,read,0x20004021,1,0x22
4086,838,master,0x06000464,read,0x20004020,1,0x0
4087,838,master,0x06000464,read,0x20004020,1,0x0
4088,838,master,0x06000464,read,0x20004020,1,0x0
4089,838,master,0x06000464,read,0x20004020,1,0x0
4090,838,master,0x06000464,read,0x20004020,1,0x0
4091,838,master,0x06000464,read,0x20004020,1,0x0
4092,838,master,0x06000464,read,0x20004020,1,0x0
4093,838,master,0x06000464,read,0x20004020,1,0x0
4094,838,master,0x06000464,read,0x20004020,1,0x0
4095,838,master,0x06000464,read,0x20004020,1,0x1
4096,838,master,0x0600046A,read,0x20004021,1,0x2B
4097,839,master,0x06000464,read,0x20004020,1,0x0
4098,839,master,0x06000464,read,0x20004020,1,0x0
4099,839,master,0x06000464,read,0x20004020,1,0x0
4100,839,master,0x06000464,read,0x20004020,1,0x0
4101,839,master,0x06000464,read,0x20004020,1,0x0
4102,839,master,0x06000464,read,0x20004020,1,0x0
4103,839,master,0x06000464,read,0x20004020,1,0x0
4104,839,master,0x06000464,read,0x20004020,1,0x0
4105,839,master,0x06000464,read,0x20004020,1,0x0
4106,839,master,0x06000464,read,0x20004020,1,0x0
4107,839,master,0x06000464,read,0x20004020,2,0x2B
4108,840,master,0x06000464,read,0x20004020,1,0x1
4109,840,master,0x0600046A,read,0x20004021,1,0x22
4110,841,master,0x06000464,read,0x20004020,1,0x0
4111,841,master,0x06000464,read,0x20004020,1,0x0
4112,841,master,0x06000464,read,0x20004020,1,0x0
4113,841,master,0x06000464,read,0x20004020,1,0x0
4114,841,master,0x06000464,read,0x20004020,1,0x0
4115,841,master,0x06000464,read,0x20004020,1,0x0
4116,841,master,0x06000464,read,0x20004020,1,0x0
4117,841,master,0x06000464,read,0x20004020,1,0x0
4118,841,master,0x06000464,read,0x20004020,1,0x0
4119,841,master,0x06000464,read,0x20004020,1,0x1
4120,841,master,0x0600046A,read,0x20004021,1,0x22
4121,841,master,0x06000464,read,0x20004020,1,0x0
4122,841,master,0x06000464,read,0x20004020,1,0x0
4123,841,master,0x06000464,read,0x20004020,1,0x0
4124,841,master,0x06000464,read,0x20004020,1,0x0
4125,841,master,0x06000464,read,0x20004020,1,0x0
4126,841,master,0x06000464,read,0x20004020,1,0x0
4127,841,master,0x06000464,read,0x20004020,1,0x0
4128,841,master,0x06000464,read,0x20004020,1,0x0
4129,841,master,0x06000464,read,0x20004020,1,0x0
4130,841,master,0x06000464,read,0x20004020,2,0x0
4131,842,master,0x06000464,read,0x20004020,1,0x1
4132,842,master,0x0600046A,read,0x20004021,1,0x2B
4133,842,master,0x06000464,read,0x20004020,1,0x0
4134,842,master,0x06000464,read,0x20004020,1,0x0
4135,842,master,0x06000464,read,0x20004020,1,0x0
4136,842,master,0x06000464,read,0x20004020,1,0x0
4137,842,master,0x06000464,read,0x20004020,1,0x0
4138,842,master,0x06000464,read,0x20004020,1,0x0
4139,842,master,0x06000464,read,0x20004020,1,0x0
4140,842,master,0x06000464,read,0x20004020,1,0x0
4141,842,master,0x06000464,read,0x20004020,1,0x0
4142,842,master,0x06000464,read,0x20004020,1,0x0
4143,842,master,0x06000464,read,0x20004020,2,0x2B
4144,843,master,0x06000464,read,0x20004020,1,0x1
4145,843,master,0x0600046A,read,0x20004021,1,0x22
4146,844,master,0x06000464,read,0x20004020,1,0x0
4147,844,master,0x06000464,read,0x20004020,1,0x0
4148,844,master,0x06000464,read,0x20004020,1,0x0
4149,844,master,0x06000464,read,0x20004020,1,0x0
4150,844,master,0x06000464,read,0x20004020,1,0x0
4151,844,master,0x06000464,read,0x20004020,1,0x0
4152,844,master,0x06000464,read,0x20004020,1,0x0
4153,844,master,0x06000464,read,0x20004020,1,0x0
4154,844,master,0x06000464,read,0x20004020,1,0x0
4155,844,master,0x06000464,read,0x20004020,1,0x1
4156,844,master,0x0600046A,read,0x20004021,1,0x22
4157,844,master,0x06000464,read,0x20004020,1,0x0
4158,844,master,0x06000464,read,0x20004020,1,0x0
4159,844,master,0x06000464,read,0x20004020,1,0x0
4160,844,master,0x06000464,read,0x20004020,1,0x0
4161,844,master,0x06000464,read,0x20004020,1,0x0
4162,844,master,0x06000464,read,0x20004020,1,0x0
4163,844,master,0x06000464,read,0x20004020,1,0x0
4164,844,master,0x06000464,read,0x20004020,1,0x0
4165,844,master,0x06000464,read,0x20004020,1,0x0
4166,844,master,0x06000464,read,0x20004020,2,0x0
4167,845,master,0x06000464,read,0x20004020,1,0x1
4168,845,master,0x0600046A,read,0x20004021,1,0x2B
4169,845,master,0x06000464,read,0x20004020,1,0x0
4170,845,master,0x06000464,read,0x20004020,1,0x0
4171,845,master,0x06000464,read,0x20004020,1,0x0
4172,845,master,0x06000464,read,0x20004020,1,0x0
4173,845,master,0x06000464,read,0x20004020,1,0x0
4174,845,master,0x06000464,read,0x20004020,1,0x0
4175,845,master,0x06000464,read,0x20004020,1,0x0
4176,845,master,0x06000464,read,0x20004020,1,0x0
4177,845,master,0x06000464,read,0x20004020,1,0x0
4178,845,master,0x06000464,read,0x20004020,1,0x0
4179,845,master,0x06000464,read,0x20004020,2,0x2B
4180,846,master,0x06000464,read,0x20004020,1,0x1
4181,846,master,0x0600046A,read,0x20004021,1,0x22
4182,847,master,0x06000464,read,0x20004020,1,0x0
4183,847,master,0x06000464,read,0x20004020,1,0x0
4184,847,master,0x06000464,read,0x20004020,1,0x0
4185,847,master,0x06000464,read,0x20004020,1,0x0
4186,847,master,0x06000464,read,0x20004020,1,0x0
4187,847,master,0x06000464,read,0x20004020,1,0x0
4188,847,master,0x06000464,read,0x20004020,1,0x0
4189,847,master,0x06000464,read,0x20004020,1,0x0
4190,847,master,0x06000464,read,0x20004020,1,0x0
4191,847,master,0x06000464,read,0x20004020,1,0x1
4192,847,master,0x0600046A,read,0x20004021,1,0x22
4193,847,master,0x06000464,read,0x20004020,1,0x0
4194,847,master,0x06000464,read,0x20004020,1,0x0
4195,847,master,0x06000464,read,0x20004020,1,0x0
4196,847,master,0x06000464,read,0x20004020,1,0x0
4197,847,master,0x06000464,read,0x20004020,1,0x0
4198,847,master,0x06000464,read,0x20004020,1,0x0
4199,847,master,0x06000464,read,0x20004020,1,0x0
4200,847,master,0x06000464,read,0x20004020,1,0x0
4201,847,master,0x06000464,read,0x20004020,1,0x0
4202,847,master,0x06000464,read,0x20004020,1,0x1
4203,847,master,0x0600046A,read,0x20004021,1,0x2B
4204,848,master,0x06000464,read,0x20004020,1,0x0
4205,848,master,0x06000464,read,0x20004020,1,0x0
4206,848,master,0x06000464,read,0x20004020,1,0x0
4207,848,master,0x06000464,read,0x20004020,1,0x0
4208,848,master,0x06000464,read,0x20004020,1,0x0
4209,848,master,0x06000464,read,0x20004020,1,0x0
4210,848,master,0x06000464,read,0x20004020,1,0x0
4211,848,master,0x06000464,read,0x20004020,1,0x0
4212,848,master,0x06000464,read,0x20004020,1,0x0
4213,848,master,0x06000464,read,0x20004020,1,0x0
4214,848,master,0x06000464,read,0x20004020,2,0x2B
4215,849,master,0x06000464,read,0x20004020,1,0x1
4216,849,master,0x0600046A,read,0x20004021,1,0x22
4217,850,master,0x06000464,read,0x20004020,1,0x0
4218,850,master,0x06000464,read,0x20004020,1,0x0
4219,850,master,0x06000464,read,0x20004020,1,0x0
4220,850,master,0x06000464,read,0x20004020,1,0x0
4221,850,master,0x06000464,read,0x20004020,1,0x0
4222,850,master,0x06000464,read,0x20004020,1,0x0
4223,850,master,0x06000464,read,0x20004020,1,0x0
4224,850,master,0x06000464,read,0x20004020,1,0x0
4225,850,master,0x06000464,read,0x20004020,1,0x0
4226,850,master,0x06000464,read,0x20004020,1,0x1
4227,850,master,0x0600046A,read,0x20004021,1,0x22
4228,850,master,0x06000464,read,0x20004020,1,0x0
4229,850,master,0x06000464,read,0x20004020,1,0x0
4230,850,master,0x06000464,read,0x20004020,1,0x0
4231,850,master,0x06000464,read,0x20004020,1,0x0
4232,850,master,0x06000464,read,0x20004020,1,0x0
4233,850,master,0x06000464,read,0x20004020,1,0x0
4234,850,master,0x06000464,read,0x20004020,1,0x0
4235,850,master,0x06000464,read,0x20004020,1,0x0
4236,850,master,0x06000464,read,0x20004020,1,0x0
4237,850,master,0x06000464,read,0x20004020,1,0x1
4238,850,master,0x0600046A,read,0x20004021,1,0x2B
4239,851,master,0x06000464,read,0x20004020,1,0x0
4240,851,master,0x06000464,read,0x20004020,1,0x0
4241,851,master,0x06000464,read,0x20004020,1,0x0
4242,851,master,0x06000464,read,0x20004020,1,0x0
4243,851,master,0x06000464,read,0x20004020,1,0x0
4244,851,master,0x06000464,read,0x20004020,1,0x0
4245,851,master,0x06000464,read,0x20004020,1,0x0
4246,851,master,0x06000464,read,0x20004020,1,0x0
4247,851,master,0x06000464,read,0x20004020,1,0x0
4248,851,master,0x06000464,read,0x20004020,1,0x0
4249,851,master,0x06000464,read,0x20004020,2,0x2B
4250,852,master,0x06000464,read,0x20004020,1,0x1
4251,852,master,0x0600046A,read,0x20004021,1,0x22
4252,853,master,0x06000464,read,0x20004020,1,0x0
4253,853,master,0x06000464,read,0x20004020,1,0x0
4254,853,master,0x06000464,read,0x20004020,1,0x0
4255,853,master,0x06000464,read,0x20004020,1,0x0
4256,853,master,0x06000464,read,0x20004020,1,0x0
4257,853,master,0x06000464,read,0x20004020,1,0x0
4258,853,master,0x06000464,read,0x20004020,1,0x0
4259,853,master,0x06000464,read,0x20004020,1,0x0
4260,853,master,0x06000464,read,0x20004020,1,0x0
4261,853,master,0x06000464,read,0x20004020,1,0x1
4262,853,master,0x0600046A,read,0x20004021,1,0x22
4263,853,master,0x06000464,read,0x20004020,1,0x0
4264,853,master,0x06000464,read,0x20004020,1,0x0
4265,853,master,0x06000464,read,0x20004020,1,0x0
4266,853,master,0x06000464,read,0x20004020,1,0x0
4267,853,master,0x06000464,read,0x20004020,1,0x0
4268,853,master,0x06000464,read,0x20004020,1,0x0
4269,853,master,0x06000464,read,0x20004020,1,0x0
4270,853,master,0x06000464,read,0x20004020,1,0x0
4271,853,master,0x06000464,read,0x20004020,1,0x0
4272,853,master,0x06000464,read,0x20004020,1,0x1
4273,853,master,0x0600046A,read,0x20004021,1,0x2B
4274,854,master,0x06000464,read,0x20004020,1,0x0
4275,854,master,0x06000464,read,0x20004020,1,0x0
4276,854,master,0x06000464,read,0x20004020,1,0x0
4277,854,master,0x06000464,read,0x20004020,1,0x0
4278,854,master,0x06000464,read,0x20004020,1,0x0
4279,854,master,0x06000464,read,0x20004020,1,0x0
4280,854,master,0x06000464,read,0x20004020,1,0x0
4281,854,master,0x06000464,read,0x20004020,1,0x0
4282,854,master,0x06000464,read,0x20004020,1,0x0
4283,854,master,0x06000464,read,0x20004020,1,0x0
4284,854,master,0x06000464,read,0x20004020,2,0x2B
4285,855,master,0x06000464,read,0x20004020,1,0x1
4286,855,master,0x0600046A,read,0x20004021,1,0x22
4287,856,master,0x06000464,read,0x20004020,1,0x0
4288,856,master,0x06000464,read,0x20004020,1,0x0
4289,856,master,0x06000464,read,0x20004020,1,0x0
4290,856,master,0x06000464,read,0x20004020,1,0x0
4291,856,master,0x06000464,read,0x20004020,1,0x0
4292,856,master,0x06000464,read,0x20004020,1,0x0
4293,856,master,0x06000464,read,0x20004020,1,0x0
4294,856,master,0x06000464,read,0x20004020,1,0x0
4295,856,master,0x06000464,read,0x20004020,1,0x0
4296,856,master,0x06000464,read,0x20004020,1,0x1
4297,856,master,0x0600046A,read,0x20004021,1,0x22
4298,856,master,0x06000464,read,0x20004020,1,0x0
4299,856,master,0x06000464,read,0x20004020,1,0x0
4300,856,master,0x06000464,read,0x20004020,1,0x0
4301,856,master,0x06000464,read,0x20004020,1,0x0
4302,856,master,0x06000464,read,0x20004020,1,0x0
4303,856,master,0x06000464,read,0x20004020,1,0x0
4304,856,master,0x06000464,read,0x20004020,1,0x0
4305,856,master,0x06000464,read,0x20004020,1,0x0
4306,856,master,0x06000464,read,0x20004020,1,0x0
4307,856,master,0x06000464,read,0x20004020,1,0x1
4308,856,master,0x0600046A,read,0x20004021,1,0x2B
4309,857,master,0x06000464,read,0x20004020,1,0x0
4310,857,master,0x06000464,read,0x20004020,1,0x0
4311,857,master,0x06000464,read,0x20004020,1,0x0
4312,857,master,0x06000464,read,0x20004020,1,0x0
4313,857,master,0x06000464,read,0x20004020,1,0x0
4314,857,master,0x06000464,read,0x20004020,1,0x0
4315,857,master,0x06000464,read,0x20004020,1,0x0
4316,857,master,0x06000464,read,0x20004020,1,0x0
4317,857,master,0x06000464,read,0x20004020,1,0x0
4318,857,master,0x06000464,read,0x20004020,1,0x0
4319,857,master,0x06000464,read,0x20004020,2,0x2B
4320,858,master,0x06000464,read,0x20004020,1,0x1
4321,858,master,0x0600046A,read,0x20004021,1,0x22
4322,859,master,0x06000464,read,0x20004020,1,0x0
4323,859,master,0x06000464,read,0x20004020,1,0x0
4324,859,master,0x06000464,read,0x20004020,1,0x0
4325,859,master,0x06000464,read,0x20004020,1,0x0
4326,859,master,0x06000464,read,0x20004020,1,0x0
4327,859,master,0x06000464,read,0x20004020,1,0x0
4328,859,master,0x06000464,read,0x20004020,1,0x0
4329,859,master,0x06000464,read,0x20004020,1,0x0
4330,859,master,0x06000464,read,0x20004020,1,0x0
4331,859,master,0x06000464,read,0x20004020,1,0x1
4332,859,master,0x0600046A,read,0x20004021,1,0x22
4333,859,master,0x06000464,read,0x20004020,1,0x0
4334,859,master,0x06000464,read,0x20004020,1,0x0
4335,859,master,0x06000464,read,0x20004020,1,0x0
4336,859,master,0x06000464,read,0x20004020,1,0x0
4337,859,master,0x06000464,read,0x20004020,1,0x0
4338,859,master,0x06000464,read,0x20004020,1,0x0
4339,859,master,0x06000464,read,0x20004020,1,0x0
4340,859,master,0x06000464,read,0x20004020,1,0x0
4341,859,master,0x06000464,read,0x20004020,1,0x0
4342,859,master,0x06000464,read,0x20004020,1,0x1
4343,859,master,0x0600046A,read,0x20004021,1,0x2B
4344,860,master,0x06000464,read,0x20004020,1,0x0
4345,860,master,0x06000464,read,0x20004020,1,0x0
4346,860,master,0x06000464,read,0x20004020,1,0x0
4347,860,master,0x06000464,read,0x20004020,1,0x0
4348,860,master,0x06000464,read,0x20004020,1,0x0
4349,860,master,0x06000464,read,0x20004020,1,0x0
4350,860,master,0x06000464,read,0x20004020,1,0x0
4351,860,master,0x06000464,read,0x20004020,1,0x0
4352,860,master,0x06000464,read,0x20004020,1,0x0
4353,860,master,0x06000464,read,0x20004020,1,0x0
4354,860,master,0x06000464,read,0x20004020,2,0x2B
4355,861,master,0x06000464,read,0x20004020,1,0x1
4356,861,master,0x0600046A,read,0x20004021,1,0x22
4357,862,master,0x06000464,read,0x20004020,1,0x0
4358,862,master,0x06000464,read,0x20004020,1,0x0
4359,862,master,0x06000464,read,0x20004020,1,0x0
4360,862,master,0x06000464,read,0x20004020,1,0x0
4361,862,master,0x06000464,read,0x20004020,1,0x0
4362,862,master,0x06000464,read,0x20004020,1,0x0
4363,862,master,0x06000464,read,0x20004020,1,0x0
4364,862,master,0x06000464,read,0x20004020,1,0x0
4365,862,master,0x06000464,read,0x20004020,1,0x0
4366,862,master,0x06000464,read,0x20004020,1,0x1
4367,862,master,0x0600046A,read,0x20004021,1,0x22
4368,862,master,0x06000464,read,0x20004020,1,0x0
4369,862,master,0x06000464,read,0x20004020,1,0x0
4370,862,master,0x06000464,read,0x20004020,1,0x0
4371,862,master,0x06000464,read,0x20004020,1,0x0
4372,862,master,0x06000464,read,0x20004020,1,0x0
4373,862,master,0x06000464,read,0x20004020,1,0x0
4374,862,master,0x06000464,read,0x20004020,1,0x0
4375,862,master,0x06000464,read,0x20004020,1,0x0
4376,862,master,0x06000464,read,0x20004020,1,0x0
4377,862,master,0x06000464,read,0x20004020,1,0x1
4378,862,master,0x0600046A,read,0x20004021,1,0x2B
4379,863,master,0x06000464,read,0x20004020,1,0x0
4380,863,master,0x06000464,read,0x20004020,1,0x0
4381,863,master,0x06000464,read,0x20004020,1,0x0
4382,863,master,0x06000464,read,0x20004020,1,0x0
4383,863,master,0x06000464,read,0x20004020,1,0x0
4384,863,master,0x06000464,read,0x20004020,1,0x0
4385,863,master,0x06000464,read,0x20004020,1,0x0
4386,863,master,0x06000464,read,0x20004020,1,0x0
4387,863,master,0x06000464,read,0x20004020,1,0x0
4388,863,master,0x06000464,read,0x20004020,1,0x0
4389,863,master,0x06000464,read,0x20004020,2,0x2B
4390,864,master,0x06000464,read,0x20004020,2,0x2B
4391,865,master,0x06000464,read,0x20004020,1,0x1
4392,865,master,0x0600046A,read,0x20004021,1,0x22
4393,865,master,0x06000464,read,0x20004020,1,0x0
4394,865,master,0x06000464,read,0x20004020,1,0x0
4395,865,master,0x06000464,read,0x20004020,1,0x0
4396,865,master,0x06000464,read,0x20004020,1,0x0
4397,865,master,0x06000464,read,0x20004020,1,0x0
4398,865,master,0x06000464,read,0x20004020,1,0x0
4399,865,master,0x06000464,read,0x20004020,1,0x0
4400,865,master,0x06000464,read,0x20004020,1,0x0
4401,865,master,0x06000464,read,0x20004020,1,0x0
4402,865,master,0x06000464,read,0x20004020,1,0x1
4403,865,master,0x0600046A,read,0x20004021,1,0x22
4404,865,master,0x06000464,read,0x20004020,1,0x0
4405,865,master,0x06000464,read,0x20004020,1,0x0
4406,865,master,0x06000464,read,0x20004020,1,0x0
4407,865,master,0x06000464,read,0x20004020,1,0x0
4408,865,master,0x06000464,read,0x20004020,1,0x0
4409,865,master,0x06000464,read,0x20004020,1,0x0
4410,865,master,0x06000464,read,0x20004020,1,0x0
4411,865,master,0x06000464,read,0x20004020,1,0x0
4412,865,master,0x06000464,read,0x20004020,1,0x0
4413,865,master,0x06000464,read,0x20004020,1,0x1
4414,865,master,0x0600046A,read,0x20004021,1,0x2B
4415,866,master,0x06000464,read,0x20004020,1,0x0
4416,866,master,0x06000464,read,0x20004020,1,0x0
4417,866,master,0x06000464,read,0x20004020,1,0x0
4418,866,master,0x06000464,read,0x20004020,1,0x0
4419,866,master,0x06000464,read,0x20004020,1,0x0
4420,866,master,0x06000464,read,0x20004020,1,0x0
4421,866,master,0x06000464,read,0x20004020,1,0x0
4422,866,master,0x06000464,read,0x20004020,1,0x0
4423,866,master,0x06000464,read,0x20004020,1,0x0
4424,866,master,0x06000464,read,0x20004020,1,0x0
4425,866,master,0x06000464,read,0x20004020,2,0x2B
4426,867,master,0x06000464,read,0x20004020,1,0x1
4427,867,master,0x0600046A,read,0x20004021,1,0x22
4428,868,master,0x06000464,read,0x20004020,1,0x0
4429,868,master,0x06000464,read,0x20004020,1,0x0
4430,868,master,0x06000464,read,0x20004020,1,0x0
4431,868,master,0x06000464,read,0x20004020,1,0x0
4432,868,master,0x06000464,read,0x20004020,1,0x0
4433,868,master,0x06000464,read,0x20004020,1,0x0
4434,868,master,0x06000464,read,0x20004020,1,0x0
4435,868,master,0x06000464,read,0x20004020,1,0x0
4436,868,master,0x06000464,read,0x20004020,1,0x0
4437,868,master,0x06000464,read,0x20004020,1,0x1
4438,868,master,0x0600046A,read,0x20004021,1,0x22
4439,868,master,0x06000464,read,0x20004020,1,0x0
4440,868,master,0x06000464,read,0x20004020,1,0x0
4441,868,master,0x06000464,read,0x20004020,1,0x0
4442,868,master,0x06000464,read,0x20004020,1,0x0
4443,868,master,0x06000464,read,0x20004020,1,0x0
4444,868,master,0x06000464,read,0x20004020,1,0x0
4445,868,master,0x06000464,read,0x20004020,1,0x0
4446,868,master,0x06000464,read,0x20004020,1,0x0
4447,868,master,0x06000464,read,0x20004020,1,0x0
4448,868,master,0x06000464,read,0x20004020,1,0x1
4449,868,master,0x0600046A,read,0x20004021,1,0x2B
4450,869,master,0x06000464,read,0x20004020,1,0x0
4451,869,master,0x06000464,read,0x20004020,1,0x0
4452,869,master,0x06000464,read,0x20004020,1,0x0
4453,869,master,0x06000464,read,0x20004020,1,0x0
4454,869,master,0x06000464,read,0x20004020,1,0x0
4455,869,master,0x06000464,read,0x20004020,1,0x0
4456,869,master,0x06000464,read,0x20004020,1,0x0
4457,869,master,0x06000464,read,0x20004020,1,0x0
4458,869,master,0x06000464,read,0x20004020,1,0x0
4459,869,master,0x06000464,read,0x20004020,1,0x0
4460,869,master,0x06000464,read,0x20004020,2,0x2B
4461,870,master,0x06000464,read,0x20004020,1,0x1
4462,870,master,0x0600046A,read,0x20004021,1,0x22
4463,871,master,0x06000464,read,0x20004020,1,0x0
4464,871,master,0x06000464,read,0x20004020,1,0x0
4465,871,master,0x06000464,read,0x20004020,1,0x0
4466,871,master,0x06000464,read,0x20004020,1,0x0
4467,871,master,0x06000464,read,0x20004020,1,0x0
4468,871,master,0x06000464,read,0x20004020,1,0x0
4469,871,master,0x06000464,read,0x20004020,1,0x0
4470,871,master,0x06000464,read,0x20004020,1,0x0
4471,871,master,0x06000464,read,0x20004020,1,0x0
4472,871,master,0x06000464,read,0x20004020,1,0x1
4473,871,master,0x0600046A,read,0x20004021,1,0x22
4474,871,master,0x06000464,read,0x20004020,1,0x0
4475,871,master,0x06000464,read,0x20004020,1,0x0
4476,871,master,0x06000464,read,0x20004020,1,0x0
4477,871,master,0x06000464,read,0x20004020,1,0x0
4478,871,master,0x06000464,read,0x20004020,1,0x0
4479,871,master,0x06000464,read,0x20004020,1,0x0
4480,871,master,0x06000464,read,0x20004020,1,0x0
4481,871,master,0x06000464,read,0x20004020,1,0x0
4482,871,master,0x06000464,read,0x20004020,1,0x0
4483,871,master,0x06000464,read,0x20004020,2,0x0
4484,872,master,0x06000464,read,0x20004020,1,0x0
4485,872,master,0x06000464,read,0x20004020,1,0x0
4486,872,master,0x06000464,read,0x20004020,1,0x0
4487,872,master,0x06000464,read,0x20004020,1,0x0
4488,872,master,0x06000464,read,0x20004020,1,0x0
4489,872,master,0x06000464,read,0x20004020,1,0x0
4490,872,master,0x06000464,read,0x20004020,1,0x0
4491,872,master,0x06000464,read,0x20004020,1,0x0
4492,872,master,0x06000464,read,0x20004020,1,0x0
4493,872,master,0x06000464,read,0x20004020,1,0x0
4494,872,master,0x06000464,read,0x20004020,2,0x0
4495,873,master,0x06000464,read,0x20004020,2,0x0
4496,874,master,0x06000464,read,0x20004020,2,0x0
4497,875,master,0x06000464,read,0x20004020,2,0x0
4498,876,master,0x06000464,read,0x20004020,2,0x0
4499,877,master,0x06000464,read,0x20004020,2,0x0
4500,878,master,0x06000464,read,0x20004020,2,0x0
4501,879,master,0x06000464,read,0x20004020,1,0x1
4502,879,master,0x0600046A,read,0x20004021,1,0x25
4503,879,master,0x06000464,read,0x20004020,1,0x0
4504,879,master,0x06000464,read,0x20004020,1,0x0
4505,879,master,0x06000464,read,0x20004020,1,0x0
4506,879,master,0x06000464,read,0x20004020,1,0x0
4507,879,master,0x06000464,read,0x20004020,1,0x0
4508,879,master,0x06000464,read,0x20004020,1,0x0
4509,879,master,0x06000464,read,0x20004020,1,0x0
4510,879,master,0x06000464,read,0x20004020,1,0x0
4511,879,master,0x06000464,read,0x20004020,1,0x0
4512,879,master,0x06000464,read,0x20004020,1,0x0
4513,879,master,0x06000464,read,0x20004020,1,0x1
4514,879,master,0x0600046A,read,0x20004021,1,0x25
4515,880,master,0x06000464,read,0x20004020,1,0x0
4516,880,master,0x06000464,read,0x20004020,1,0x0
4517,880,master,0x06000464,read,0x20004020,1,0x0
4518,880,master,0x06000464,read,0x20004020,1,0x0
4519,880,master,0x06000464,read,0x20004020,1,0x0
4520,880,master,0x06000464,read,0x20004020,1,0x0
4521,880,master,0x06000464,read,0x20004020,1,0x0
4522,880,master,0x06000464,read,0x20004020,1,0x0
4523,880,master,0x06000464,read,0x20004020,1,0x0
4524,880,master,0x06000464,read,0x20004020,1,0x0
4525,880,master,0x06000464,read,0x20004020,1,0x1
4526,880,master,0x0600046A,read,0x20004021,1,0x25
4527,880,master,0x06000464,read,0x20004020,1,0x0
4528,880,master,0x06000464,read,0x20004020,1,0x0
4529,880,master,0x06000464,read,0x20004020,1,0x0
4530,880,master,0x06000464,read,0x20004020,1,0x0
4531,880,master,0x06000464,read,0x20004020,1,0x0
4532,880,master,0x06000464,read,0x20004020,1,0x0
4533,880,master,0x06000464,read,0x20004020,1,0x0
4534,880,master,0x06000464,read,0x20004020,1,0x0
4535,880,master,0x06000464,read,0x20004020,1,0x0
4536,880,master,0x06000464,read,0x20004020,1,0x0
4537,880,master,0x06000464,read,0x20004020,1,0x1
4538,880,master,0x0600046A,read,0x20004021,1,0x25
4539,880,master,0x06000464,read,0x20004020,1,0x0
4540,880,master,0x06000464,read,0x20004020,1,0x0
4541,880,master,0x06000464,read,0x20004020,1,0x0
4542,880,master,0x06000464,read,0x20004020,1,0x0
4543,880,master,0x06000464,read,0x20004020,1,0x0
4544,880,master,0x06000464,read,0x20004020,1,0x0
4545,880,master,0x06000464,read,0x20004020,1,0x0
4546,880,master,0x06000464,read,0x20004020,1,0x0
4547,880,master,0x06000464,read,0x20004020,1,0x0
4548,880,master,0x06000464,read,0x20004020,1,0x0
4549,880,master,0x06000464,read,0x20004020,1,0x1
4550,880,master,0x0600046A,read,0x20004021,1,0x3
4551,881,master,0x06000464,read,0x20004020,1,0x0
4552,881,master,0x06000464,read,0x20004020,1,0x0
4553,881,master,0x06000464,read,0x20004020,1,0x0
4554,881,master,0x06000464,read,0x20004020,1,0x0
4555,881,master,0x06000464,read,0x20004020,1,0x0
4556,881,master,0x06000464,read,0x20004020,1,0x0
4557,881,master,0x06000464,read,0x20004020,1,0x0
4558,881,master,0x06000464,read,0x20004020,1,0x0
4559,881,master,0x06000464,read,0x20004020,1,0x0
4560,881,master,0x06000464,read,0x20004020,1,0x0
4561,881,master,0x06000464,read,0x20004020,1,0x1
4562,881,master,0x0600046A,read,0x20004021,1,0x22
4563,881,master,0x06000464,read,0x20004020,1,0x0
4564,881,master,0x06000464,read,0x20004020,1,0x0
4565,881,master,0x06000464,read,0x20004020,1,0x0
4566,881,master,0x06000464,read,0x20004020,1,0x0
4567,881,master,0x06000464,read,0x20004020,1,0x0
4568,881,master,0x06000464,read,0x20004020,1,0x0
4569,881,master,0x06000464,read,0x20004020,1,0x0
4570,881,master,0x06000464,read,0x20004020,1,0x0
4571,881,master,0x06000464,read,0x20004020,1,0x0
4572,881,master,0x06000464,read,0x20004020,1,0x1
4573,881,master,0x0600046A,read,0x20004021,1,0x22
4574,882,master,0x06000464,read,0x20004020,1,0x0
4575,882,master,0x06000464,read,0x20004020,1,0x0
4576,882,master,0x06000464,read,0x20004020,1,0x0
4577,882,master,0x06000464,read,0x20004020,1,0x0
4578,882,master,0x06000464,read,0x20004020,1,0x0
4579,882,master,0x06000464,read,0x20004020,1,0x0
4580,882,master,0x06000464,read,0x20004020,1,0x0
4581,882,master,0x06000464,read,0x20004020,1,0x0
4582,882,master,0x06000464,read,0x20004020,1,0x0
4583,882,master,0x06000464,read,0x20004020,1,0x1
4584,882,master,0x0600046A,read,0x20004021,1,0x2A
4585,882,master,0x06000464,read,0x20004020,1,0x0
4586,882,master,0x06000464,read,0x20004020,1,0x0
4587,882,master,0x06000464,read,0x20004020,1,0x0
4588,882,master,0x06000464,read,0x20004020,1,0x0
4589,882,master,0x06000464,read,0x20004020,1,0x0
4590,882,master,0x06000464,read,0x20004020,1,0x0
4591,882,master,0x06000464,read,0x20004020,1,0x0
4592,882,master,0x06000464,read,0x20004020,1,0x0
4593,882,master,0x06000464,read,0x20004020,1,0x0
4594,882,master,0x06000464,read,0x20004020,1,0x0
4595,882,master,0x06000464,read,0x20004020,1,0x0
4596,882,master,0x06000464,read,0x20004020,1,0x1
4597,882,master,0x0600046A,read,0x20004021,1,0x22
4598,882,master,0x06000464,read,0x20004020,1,0x0
4599,882,master,0x06000464,read,0x20004020,1,0x0
4600,882,master,0x06000464,read,0x20004020,1,0x0
4601,882,master,0x06000464,read,0x20004020,1,0x0
4602,882,master,0x06000464,read,0x20004020,1,0x0
4603,882,master,0x06000464,read,0x20004020,1,0x0
4604,882,master,0x06000464,read,0x20004020,1,0x0
4605,882,master,0x06000464,read,0x20004020,1,0x0
4606,882,master,0x06000464,read,0x20004020,1,0x0
4607,882,master,0x06000464,read,0x20004020,1,0x1
4608,882,master,0x0600046A,read,0x20004021,1,0x22
4609,882,master,0x06000464,read,0x20004020,1,0x0
4610,882,master,0x06000464,read,0x20004020,1,0x0
4611,882,master,0x06000464,read,0x20004020,1,0x0
4612,882,master,0x06000464,read,0x20004020,1,0x0
4613,882,master,0x06000464,read,0x20004020,1,0x0
4614,882,master,0x06000464,read,0x20004020,1,0x0
4615,882,master,0x06000464,read,0x20004020,1,0x0
4616,882,master,0x06000464,read,0x20004020,1,0x0
4617,882,master,0x06000464,read,0x20004020,1,0x0
4618,882,master,0x06000464,read,0x20004020,2,0x0
4619,883,master,0x06000464,read,0x20004020,1,0x1
4620,883,master,0x0600046A,read,0x20004021,1,0x22
4621,884,master,0x06000464,read,0x20004020,1,0x0
4622,884,master,0x06000464,read,0x20004020,1,0x0
4623,884,master,0x06000464,read,0x20004020,1,0x0
4624,884,master,0x06000464,read,0x20004020,1,0x0
4625,884,master,0x06000464,read,0x20004020,1,0x0
4626,884,master,0x06000464,read,0x20004020,1,0x0
4627,884,master,0x06000464,read,0x20004020,1,0x0
4628,884,master,0x06000464,read,0x20004020,1,0x0
4629,884,master,0x06000464,read,0x20004020,1,0x0
4630,884,master,0x06000464,read,0x20004020,1,0x1
4631,884,master,0x0600046A,read,0x20004021,1,0x22
4632,884,master,0x06000464,read,0x20004020,1,0x0
4633,884,master,0x06000464,read,0x20004020,1,0x0
4634,884,master,0x06000464,read,0x20004020,1,0x0
4635,884,master,0x06000464,read,0x20004020,1,0x0
4636,884,master,0x06000464,read,0x20004020,1,0x0
4637,884,master,0x06000464,read,0x20004020,1,0x0
4638,884,master,0x06000464,read,0x20004020,1,0x0
4639,884,master,0x06000464,read,0x20004020,1,0x0
4640,884,master,0x06000464,read,0x20004020,1,0x0
4641,884,master,0x06000464,read,0x20004020,1,0x1
4642,884,master,0x0600046A,read,0x20004021,1,0x2A
4643,890,master,0x06000464,read,0x20004020,1,0x0
4644,890,master,0x06000464,read,0x20004020,1,0x0
4645,890,master,0x06000464,read,0x20004020,1,0x0
4646,890,master,0x06000464,read,0x20004020,1,0x0
4647,890,master,0x06000464,read,0x20004020,1,0x0
4648,890,master,0x06000464,read,0x20004020,1,0x0
4649,890,master,0x06000464,read,0x20004020,1,0x0
4650,890,master,0x06000464,read,0x20004020,1,0x0
4651,890,master,0x06000464,read,0x20004020,1,0x0
4652,890,master,0x06000464,read,0x20004020,1,0x0
4653,890,master,0x06000464,read,0x20004020,1,0x1
4654,890,master,0x0600046A,read,0x20004021,1,0x22
4655,890,master,0x06000464,read,0x20004020,1,0x0
4656,890,master,0x06000464,read,0x20004020,1,0x0
4657,890,master,0x06000464,read,0x20004020,1,0x0
4658,890,master,0x06000464,read,0x20004020,1,0x0
4659,890,master,0x06000464,read,0x20004020,1,0x0
4660,890,master,0x06000464,read,0x20004020,1,0x0
4661,890,master,0x06000464,read,0x20004020,1,0x0
4662,890,master,0x06000464,read,0x20004020,1,0x0
4663,890,master,0x06000464,read,0x20004020,1,0x0
4664,890,master,0x06000464,read,0x20004020,1,0x1
4665,890,master,0x0600046A,read,0x20004021,1,0x22
4666,890,master,0x06000464,read,0x20004020,1,0x0
4667,890,master,0x06000464,read,0x20004020,1,0x0
4668,890,master,0x06000464,read,0x20004020,1,0x0
4669,890,master,0x06000464,read,0x20004020,1,0x0
4670,890,master,0x06000464,read,0x20004020,1,0x0
4671,890,master,0x06000464,read,0x20004020,1,0x0
4672,890,master,0x06000464,read,0x20004020,1,0x0
4673,890,master,0x06000464,read,0x20004020,1,0x0
4674,890,master,0x06000464,read,0x20004020,1,0x0
4675,890,master,0x06000464,read,0x20004020,1,0x1
4676,890,master,0x0600046A,read,0x20004021,1,0x22
4677,891,master,0x06000464,read,0x20004020,1,0x0
4678,891,master,0x06000464,read,0x20004020,1,0x0
4679,891,master,0x06000464,read,0x20004020,1,0x0
4680,891,master,0x06000464,read,0x20004020,1,0x0
4681,891,master,0x06000464,read,0x20004020,1,0x0
4682,891,master,0x06000464,read,0x20004020,1,0x0
4683,891,master,0x06000464,read,0x20004020,1,0x0
4684,891,master,0x06000464,read,0x20004020,1,0x0
4685,891,master,0x06000464,read,0x20004020,1,0x0
4686,891,master,0x06000464,read,0x20004020,1,0x1
4687,891,master,0x0600046A,read,0x20004021,1,0x22
4688,891,master,0x06000464,read,0x20004020,1,0x0
4689,891,master,0x06000464,read,0x20004020,1,0x0
4690,891,master,0x06000464,read,0x20004020,1,0x0
4691,891,master,0x06000464,read,0x20004020,1,0x0
4692,891,master,0x06000464,read,0x20004020,1,0x0
4693,891,master,0x06000464,read,0x20004020,1,0x0
4694,891,master,0x06000464,read,0x20004020,1,0x0
4695,891,master,0x06000464,read,0x20004020,1,0x0
4696,891,master,0x06000464,read,0x20004020,1,0x0
4697,891,master,0x06000464,read,0x20004020,1,0x1
4698,891,master,0x0600046A,read,0x20004021,1,0x2A
4699,898,master,0x06000464,read,0x20004020,1,0x0
4700,898,master,0x06000464,read,0x20004020,1,0x0
4701,898,master,0x06000464,read,0x20004020,1,0x0
4702,898,master,0x06000464,read,0x20004020,1,0x0
4703,898,master,0x06000464,read,0x20004020,1,0x0
4704,898,master,0x06000464,read,0x20004020,1,0x0
4705,898,master,0x06000464,read,0x20004020,1,0x0
4706,898,master,0x06000464,read,0x20004020,1,0x0
4707,898,master,0x06000464,read,0x20004020,1,0x0
4708,898,master,0x06000464,read,0x20004020,1,0x0
4709,898,master,0x06000464,read,0x20004020,1,0x1
4710,898,master,0x0600046A,read,0x20004021,1,0x22
4711,898,master,0x06000464,read,0x20004020,1,0x0
4712,898,master,0x06000464,read,0x20004020,1,0x0
4713,898,master,0x06000464,read,0x20004020,1,0x0
4714,898,master,0x06000464,read,0x20004020,1,0x0
4715,898,master,0x06000464,read,0x20004020,1,0x0
4716,898,master,0x06000464,read,0x20004020,1,0x0
4717,898,master,0x06000464,read,0x20004020,1,0x0
4718,898,master,0x06000464,read,0x20004020,1,0x0
4719,898,master,0x06000464,read,0x20004020,1,0x0
4720,898,master,0x06000464,read,0x20004020,1,0x1
4721,898,master,0x0600046A,read,0x20004021,1,0x22
4722,898,master,0x06000464,read,0x20004020,1,0x0
4723,898,master,0x06000464,read,0x20004020,1,0x0
4724,898,master,0x06000464,read,0x20004020,1,0x0
4725,898,master,0x06000464,read,0x20004020,1,0x0
4726,898,master,0x06000464,read,0x20004020,1,0x0
4727,898,master,0x06000464,read,0x20004020,1,0x0
4728,898,master,0x06000464,read,0x20004020,1,0x0
4729,898,master,0x06000464,read,0x20004020,1,0x0
4730,898,master,0x06000464,read,0x20004020,1,0x0
4731,898,master,0x06000464,read,0x20004020,1,0x1
4732,898,master,0x0600046A,read,0x20004021,1,0x22
4733,899,master,0x06000464,read,0x20004020,1,0x0
4734,899,master,0x06000464,read,0x20004020,1,0x0
4735,899,master,0x06000464,read,0x20004020,1,0x0
4736,899,master,0x06000464,read,0x20004020,1,0x0
4737,899,master,0x06000464,read,0x20004020,1,0x0
4738,899,master,0x06000464,read,0x20004020,1,0x0
4739,899,master,0x06000464,read,0x20004020,1,0x0
4740,899,master,0x06000464,read,0x20004020,1,0x0
4741,899,master,0x06000464,read,0x20004020,1,0x0
4742,899,master,0x06000464,read,0x20004020,1,0x1
4743,899,master,0x0600046A,read,0x20004021,1,0x22
4744,899,master,0x06000464,read,0x20004020,1,0x0
4745,899,master,0x06000464,read,0x20004020,1,0x0
4746,899,master,0x06000464,read,0x20004020,1,0x0
4747,899,master,0x06000464,read,0x20004020,1,0x0
4748,899,master,0x06000464,read,0x20004020,1,0x0
4749,899,master,0x06000464,read,0x20004020,1,0x0
4750,899,master,0x06000464,read,0x20004020,1,0x0
4751,899,master,0x06000464,read,0x20004020,1,0x0
4752,899,master,0x06000464,read,0x20004020,1,0x0
4753,899,master,0x06000464,read,0x20004020,1,0x1
4754,899,master,0x0600046A,read,0x20004021,1,0x2A
4755,905,master,0x06000464,read,0x20004020,1,0x0
4756,905,master,0x06000464,read,0x20004020,1,0x0
4757,905,master,0x06000464,read,0x20004020,1,0x0
4758,905,master,0x06000464,read,0x20004020,1,0x0
4759,905,master,0x06000464,read,0x20004020,1,0x0
4760,905,master,0x06000464,read,0x20004020,1,0x0
4761,905,master,0x06000464,read,0x20004020,1,0x0
4762,905,master,0x06000464,read,0x20004020,1,0x0
4763,905,master,0x06000464,read,0x20004020,1,0x0
4764,905,master,0x06000464,read,0x20004020,1,0x0
4765,905,master,0x06000464,read,0x20004020,1,0x1
4766,905,master,0x0600046A,read,0x20004021,1,0x22
4767,905,master,0x06000464,read,0x20004020,1,0x0
4768,905,master,0x06000464,read,0x20004020,1,0x0
4769,905,master,0x06000464,read,0x20004020,1,0x0
4770,905,master,0x06000464,read,0x20004020,1,0x0
4771,905,master,0x06000464,read,0x20004020,1,0x0
4772,905,master,0x06000464,read,0x20004020,1,0x0
4773,905,master,0x06000464,read,0x20004020,1,0x0
4774,905,master,0x06000464,read,0x20004020,1,0x0
4775,905,master,0x06000464,read,0x20004020,1,0x0
4776,905,master,0x06000464,read,0x20004020,1,0x1
4777,905,master,0x0600046A,read,0x20004021,1,0x22
4778,905,master,0x06000464,read,0x20004020,1,0x0
4779,905,master,0x06000464,read,0x20004020,1,0x0
4780,905,master,0x06000464,read,0x20004020,1,0x0
4781,905,master,0x06000464,read,0x20004020,1,0x0
4782,905,master,0x06000464,read,0x20004020,1,0x0
4783,905,master,0x06000464,read,0x20004020,1,0x0
4784,905,master,0x06000464,read,0x20004020,1,0x0
4785,905,master,0x06000464,read,0x20004020,1,0x0
4786,905,master,0x06000464,read,0x20004020,1,0x0
4787,905,master,0x06000464,read,0x20004020,2,0x0
4788,906,master,0x06000464,read,0x20004020,1,0x1
4789,906,master,0x0600046A,read,0x20004021,1,0x22
4790,907,master,0x06000464,read,0x20004020,1,0x0
4791,907,master,0x06000464,read,0x20004020,1,0x0
4792,907,master,0x06000464,read,0x20004020,1,0x0
4793,907,master,0x06000464,read,0x20004020,1,0x0
4794,907,master,0x06000464,read,0x20004020,1,0x0
4795,907,master,0x06000464,read,0x20004020,1,0x0
4796,907,master,0x06000464,read,0x20004020,1,0x0
4797,907,master,0x06000464,read,0x20004020,1,0x0
4798,907,master,0x06000464,read,0x20004020,1,0x0
4799,907,master,0x06000464,read,0x20004020,1,0x1
4800,907,master,0x0600046A,read,0x20004021,1,0x22
4801,907,master,0x06000464,read,0x20004020,1,0x0
4802,907,master,0x06000464,read,0x20004020,1,0x0
4803,907,master,0x06000464,read,0x20004020,1,0x0
4804,907,master,0x06000464,read,0x20004020,1,0x0
4805,907,master,0x06000464,read,0x20004020,1,0x0
4806,907,master,0x06000464,read,0x20004020,1,0x0
4807,907,master,0x06000464,read,0x20004020,1,0x0
4808,907,master,0x06000464,read,0x20004020,1,0x0
4809,907,master,0x06000464,read,0x20004020,1,0x0
4810,907,master,0x06000464,read,0x20004020,1,0x1
4811,907,master,0x0600046A,read,0x20004021,1,0x2A
4812,913,master,0x06000464,read,0x20004020,1,0x0
4813,913,master,0x06000464,read,0x20004020,1,0x0
4814,913,master,0x06000464,read,0x20004020,1,0x0
4815,913,master,0x06000464,read,0x20004020,1,0x0
4816,913,master,0x06000464,read,0x20004020,1,0x0
4817,913,master,0x06000464,read,0x20004020,1,0x0
4818,913,master,0x06000464,read,0x20004020,1,0x0
4819,913,master,0x06000464,read,0x20004020,1,0x0
4820,913,master,0x06000464,read,0x20004020,1,0x0
4821,913,master,0x06000464,read,0x20004020,1,0x0
4822,913,master,0x06000464,read,0x20004020,1,0x1
4823,913,master,0x0600046A,read,0x20004021,1,0x22
4824,913,master,0x06000464,read,0x20004020,1,0x0
4825,913,master,0x06000464,read,0x20004020,1,0x0
4826,913,master,0x06000464,read,0x20004020,1,0x0
4827,913,master,0x06000464,read,0x20004020,1,0x0
4828,913,master,0x06000464,read,0x20004020,1,0x0
4829,913,master,0x06000464,read,0x20004020,1,0x0
4830,913,master,0x06000464,read,0x20004020,1,0x0
4831,913,master,0x06000464,read,0x20004020,1,0x0
4832,913,master,0x06000464,read,0x20004020,1,0x0
4833,913,master,0x06000464,read,0x20004020,1,0x1
4834,913,master,0x0600046A,read,0x20004021,1,0x22
4835,913,master,0x06000464,read,0x20004020,1,0x0
4836,913,master,0x06000464,read,0x20004020,1,0x0
4837,913,master,0x06000464,read,0x20004020,1,0x0
4838,913,master,0x06000464,read,0x20004020,1,0x0
4839,913,master,0x06000464,read,0x20004020,1,0x0
4840,913,master,0x06000464,read,0x20004020,1,0x0
4841,913,master,0x06000464,read,0x20004020,1,0x0
4842,913,master,0x06000464,read,0x20004020,1,0x0
4843,913,master,0x06000464,read,0x20004020,1,0x0
4844,913,master,0x06000464,read,0x20004020,1,0x1
4845,913,master,0x0600046A,read,0x20004021,1,0x22
4846,914,master,0x06000464,read,0x20004020,1,0x0
4847,914,master,0x06000464,read,0x20004020,1,0x0
4848,914,master,0x06000464,read,0x20004020,1,0x0
4849,914,master,0x06000464,read,0x20004020,1,0x0
4850,914,master,0x06000464,read,0x20004020,1,0x0
4851,914,master,0x06000464,read,0x20004020,1,0x0
4852,914,master,0x06000464,read,0x20004020,1,0x0
4853,914,master,0x06000464,read,0x20004020,1,0x0
4854,914,master,0x06000464,read,0x20004020,1,0x0
4855,914,master,0x06000464,read,0x20004020,1,0x1
4856,914,master,0x0600046A,read,0x20004021,1,0x22
4857,914,master,0x06000464,read,0x20004020,1,0x0
4858,914,master,0x06000464,read,0x20004020,1,0x0
4859,914,master,0x06000464,read,0x20004020,1,0x0
4860,914,master,0x06000464,read,0x20004020,1,0x0
4861,914,master,0x06000464,read,0x20004020,1,0x0
4862,914,master,0x06000464,read,0x20004020,1,0x0
4863,914,master,0x06000464,read,0x20004020,1,0x0
4864,914,master,0x06000464,read,0x20004020,1,0x0
4865,914,master,0x06000464,read,0x20004020,1,0x0
4866,914,master,0x06000464,read,0x20004020,1,0x1
4867,914,master,0x0600046A,read,0x20004021,1,0x2A
4868,921,master,0x06000464,read,0x20004020,1,0x0
4869,921,master,0x06000464,read,0x20004020,1,0x0
4870,921,master,0x06000464,read,0x20004020,1,0x0
4871,921,master,0x06000464,read,0x20004020,1,0x0
4872,921,master,0x06000464,read,0x20004020,1,0x0
4873,921,master,0x06000464,read,0x20004020,1,0x0
4874,921,master,0x06000464,read,0x20004020,1,0x0
4875,921,master,0x06000464,read,0x20004020,1,0x0
4876,921,master,0x06000464,read,0x20004020,1,0x0
4877,921,master,0x06000464,read,0x20004020,1,0x0
4878,921,master,0x06000464,read,0x20004020,1,0x1
4879,921,master,0x0600046A,read,0x20004021,1,0x22
4880,921,master,0x06000464,read,0x20004020,1,0x0
4881,921,master,0x06000464,read,0x20004020,1,0x0
4882,921,master,0x06000464,read,0x20004020,1,0x0
4883,921,master,0x06000464,read,0x20004020,1,0x0
4884,921,master,0x06000464,read,0x20004020,1,0x0
4885,921,master,0x06000464,read,0x20004020,1,0x0
4886,921,master,0x06000464,read,0x20004020,1,0x0
4887,921,master,0x06000464,read,0x20004020,1,0x0
4888,921,master,0x06000464,read,0x20004020,1,0x0
4889,921,master,0x06000464,read,0x20004020,1,0x1
4890,921,master,0x0600046A,read,0x20004021,1,0x22
4891,921,master,0x06000464,read,0x20004020,1,0x0
4892,921,master,0x06000464,read,0x20004020,1,0x0
4893,921,master,0x06000464,read,0x20004020,1,0x0
4894,921,master,0x06000464,read,0x20004020,1,0x0
4895,921,master,0x06000464,read,0x20004020,1,0x0
4896,921,master,0x06000464,read,0x20004020,1,0x0
4897,921,master,0x06000464,read,0x20004020,1,0x0
4898,921,master,0x06000464,read,0x20004020,1,0x0
4899,921,master,0x06000464,read,0x20004020,1,0x0
4900,921,master,0x06000464,read,0x20004020,1,0x1
4901,921,master,0x0600046A,read,0x20004021,1,0x22
4902,922,master,0x06000464,read,0x20004020,1,0x0
4903,922,master,0x06000464,read,0x20004020,1,0x0
4904,922,master,0x06000464,read,0x20004020,1,0x0
4905,922,master,0x06000464,read,0x20004020,1,0x0
4906,922,master,0x06000464,read,0x20004020,1,0x0
4907,922,master,0x06000464,read,0x20004020,1,0x0
4908,922,master,0x06000464,read,0x20004020,1,0x0
4909,922,master,0x06000464,read,0x20004020,1,0x0
4910,922,master,0x06000464,read,0x20004020,1,0x0
4911,922,master,0x06000464,read,0x20004020,1,0x1
4912,922,master,0x0600046A,read,0x20004021,1,0x22
4913,922,master,0x06000464,read,0x20004020,1,0x0
4914,922,master,0x06000464,read,0x20004020,1,0x0
4915,922,master,0x06000464,read,0x20004020,1,0x0
4916,922,master,0x06000464,read,0x20004020,1,0x0
4917,922,master,0x06000464,read,0x20004020,1,0x0
4918,922,master,0x06000464,read,0x20004020,1,0x0
4919,922,master,0x06000464,read,0x20004020,1,0x0
4920,922,master,0x06000464,read,0x20004020,1,0x0
4921,922,master,0x06000464,read,0x20004020,1,0x0
4922,922,master,0x06000464,read,0x20004020,1,0x1
4923,922,master,0x0600046A,read,0x20004021,1,0x2A
4924,928,master,0x06000464,read,0x20004020,1,0x0
4925,928,master,0x06000464,read,0x20004020,1,0x0
4926,928,master,0x06000464,read,0x20004020,1,0x0
4927,928,master,0x06000464,read,0x20004020,1,0x0
4928,928,master,0x06000464,read,0x20004020,1,0x0
4929,928,master,0x06000464,read,0x20004020,1,0x0
4930,928,master,0x06000464,read,0x20004020,1,0x0
4931,928,master,0x06000464,read,0x20004020,1,0x0
4932,928,master,0x06000464,read,0x20004020,1,0x0
4933,928,master,0x06000464,read,0x20004020,1,0x0
4934,928,master,0x06000464,read,0x20004020,1,0x1
4935,928,master,0x0600046A,read,0x20004021,1,0x22
4936,928,master,0x06000464,read,0x20004020,1,0x0
4937,928,master,0x06000464,read,0x20004020,1,0x0
4938,928,master,0x06000464,read,0x20004020,1,0x0
4939,928,master,0x06000464,read,0x20004020,1,0x0
4940,928,master,0x06000464,read,0x20004020,1,0x0
4941,928,master,0x06000464,read,0x20004020,1,0x0
4942,928,master,0x06000464,read,0x20004020,1,0x0
4943,928,master,0x06000464,read,0x20004020,1,0x0
4944,928,master,0x06000464,read,0x20004020,1,0x0
4945,928,master,0x06000464,read,0x20004020,1,0x1
4946,928,master,0x0600046A,read,0x20004021,1,0x22
4947,928,master,0x06000464,read,0x20004020,1,0x0
4948,928,master,0x06000464,read,0x20004020,1,0x0
4949,928,master,0x06000464,read,0x20004020,1,0x0
4950,928,master,0x06000464,read,0x20004020,1,0x0
4951,928,master,0x06000464,read,0x20004020,1,0x0
4952,928,master,0x06000464,read,0x20004020,1,0x0
4953,928,master,0x06000464,read,0x20004020,1,0x0
4954,928,master,0x06000464,read,0x20004020,1,0x0
4955,928,master,0x06000464,read,0x20004020,1,0x0
4956,928,master,0x06000464,read,0x20004020,1,0x1
4957,928,master,0x0600046A,read,0x20004021,1,0x22
4958,929,master,0x06000464,read,0x20004020,1,0x0
4959,929,master,0x06000464,read,0x20004020,1,0x0
4960,929,master,0x06000464,read,0x20004020,1,0x0
4961,929,master,0x06000464,read,0x20004020,1,0x0
4962,929,master,0x06000464,read,0x20004020,1,0x0
4963,929,master,0x06000464,read,0x20004020,1,0x0
4964,929,master,0x06000464,read,0x20004020,1,0x0
4965,929,master,0x06000464,read,0x20004020,1,0x0
4966,929,master,0x06000464,read,0x20004020,1,0x0
4967,929,master,0x06000464,read,0x20004020,1,0x1
4968,929,master,0x0600046A,read,0x20004021,1,0x22
4969,929,master,0x06000464,read,0x20004020,1,0x0
4970,929,master,0x06000464,read,0x20004020,1,0x0
4971,929,master,0x06000464,read,0x20004020,1,0x0
4972,929,master,0x06000464,read,0x20004020,1,0x0
4973,929,master,0x06000464,read,0x20004020,1,0x0
4974,929,master,0x06000464,read,0x20004020,1,0x0
4975,929,master,0x06000464,read,0x20004020,1,0x0
4976,929,master,0x06000464,read,0x20004020,1,0x0
4977,929,master,0x06000464,read,0x20004020,1,0x0
4978,929,master,0x06000464,read,0x20004020,1,0x1
4979,929,master,0x0600046A,read,0x20004021,1,0x2A
4980,975,master,0x06000464,read,0x20004020,1,0x0
4981,975,master,0x06000464,read,0x20004020,1,0x0
4982,975,master,0x06000464,read,0x20004020,1,0x0
4983,975,master,0x06000464,read,0x20004020,1,0x0
4984,975,master,0x06000464,read,0x20004020,1,0x0
4985,975,master,0x06000464,read,0x20004020,1,0x0
4986,975,master,0x06000464,read,0x20004020,1,0x0
4987,975,master,0x06000464,read,0x20004020,1,0x0
4988,975,master,0x06000464,read,0x20004020,1,0x0
4989,975,master,0x06000464,read,0x20004020,1,0x0
4990,975,master,0x06000464,read,0x20004020,1,0x1
4991,975,master,0x0600046A,read,0x20004021,1,0x22
4992,975,master,0x06000464,read,0x20004020,1,0x0
4993,975,master,0x06000464,read,0x20004020,1,0x0
4994,975,master,0x06000464,read,0x20004020,1,0x0
4995,975,master,0x06000464,read,0x20004020,1,0x0
4996,975,master,0x06000464,read,0x20004020,1,0x0
4997,975,master,0x06000464,read,0x20004020,1,0x0
4998,975,master,0x06000464,read,0x20004020,1,0x0
4999,975,master,0x06000464,read,0x20004020,1,0x0
5000,975,master,0x06000464,read,0x20004020,1,0x0
5001,975,master,0x06000464,read,0x20004020,1,0x1
5002,975,master,0x0600046A,read,0x20004021,1,0x22
5003,975,master,0x06000464,read,0x20004020,1,0x0
5004,975,master,0x06000464,read,0x20004020,1,0x0
5005,975,master,0x06000464,read,0x20004020,1,0x0
5006,975,master,0x06000464,read,0x20004020,1,0x0
5007,975,master,0x06000464,read,0x20004020,1,0x0
5008,975,master,0x06000464,read,0x20004020,1,0x0
5009,975,master,0x06000464,read,0x20004020,1,0x0
5010,975,master,0x06000464,read,0x20004020,1,0x0
5011,975,master,0x06000464,read,0x20004020,1,0x0
5012,975,master,0x06000464,read,0x20004020,2,0x0
5013,976,master,0x06000464,read,0x20004020,1,0x1
5014,976,master,0x0600046A,read,0x20004021,1,0x22
5015,976,master,0x06000464,read,0x20004020,1,0x0
5016,976,master,0x06000464,read,0x20004020,1,0x0
5017,976,master,0x06000464,read,0x20004020,1,0x0
5018,976,master,0x06000464,read,0x20004020,1,0x0
5019,976,master,0x06000464,read,0x20004020,1,0x0
5020,976,master,0x06000464,read,0x20004020,1,0x0
5021,976,master,0x06000464,read,0x20004020,1,0x0
5022,976,master,0x06000464,read,0x20004020,1,0x0
5023,976,master,0x06000464,read,0x20004020,1,0x0
5024,976,master,0x06000464,read,0x20004020,1,0x1
5025,976,master,0x0600046A,read,0x20004021,1,0x22
5026,976,master,0x06000464,read,0x20004020,1,0x0
5027,976,master,0x06000464,read,0x20004020,1,0x0
5028,976,master,0x06000464,read,0x20004020,1,0x0
5029,976,master,0x06000464,read,0x20004020,1,0x0
5030,976,master,0x06000464,read,0x20004020,1,0x0
5031,976,master,0x06000464,read,0x20004020,1,0x0
5032,976,master,0x06000464,read,0x20004020,1,0x0
5033,976,master,0x06000464,read,0x20004020,1,0x0
5034,976,master,0x06000464,read,0x20004020,1,0x0
5035,976,master,0x06000464,read,0x20004020,1,0x1
5036,976,master,0x0600046A,read,0x20004021,1,0x2A
5037,983,master,0x06000464,read,0x20004020,1,0x0
5038,983,master,0x06000464,read,0x20004020,1,0x0
5039,983,master,0x06000464,read,0x20004020,1,0x0
5040,983,master,0x06000464,read,0x20004020,1,0x0
5041,983,master,0x06000464,read,0x20004020,1,0x0
5042,983,master,0x06000464,read,0x20004020,1,0x0
5043,983,master,0x06000464,read,0x20004020,1,0x0
5044,983,master,0x06000464,read,0x20004020,1,0x0
5045,983,master,0x06000464,read,0x20004020,1,0x0
5046,983,master,0x06000464,read,0x20004020,1,0x0
5047,983,master,0x06000464,read,0x20004020,1,0x1
5048,983,master,0x0600046A,read,0x20004021,1,0x22
5049,983,master,0x06000464,read,0x20004020,1,0x0
5050,983,master,0x06000464,read,0x20004020,1,0x0
5051,983,master,0x06000464,read,0x20004020,1,0x0
5052,983,master,0x06000464,read,0x20004020,1,0x0
5053,983,master,0x06000464,read,0x20004020,1,0x0
5054,983,master,0x06000464,read,0x20004020,1,0x0
5055,983,master,0x06000464,read,0x20004020,1,0x0
5056,983,master,0x06000464,read,0x20004020,1,0x0
5057,983,master,0x06000464,read,0x20004020,1,0x0
5058,983,master,0x06000464,read,0x20004020,1,0x1
5059,983,master,0x0600046A,read,0x20004021,1,0x22
5060,983,master,0x06000464,read,0x20004020,1,0x0
5061,983,master,0x06000464,read,0x20004020,1,0x0
5062,983,master,0x06000464,read,0x20004020,1,0x0
5063,983,master,0x06000464,read,0x20004020,1,0x0
5064,983,master,0x06000464,read,0x20004020,1,0x0
5065,983,master,0x06000464,read,0x20004020,1,0x0
5066,983,master,0x06000464,read,0x20004020,1,0x0
5067,983,master,0x06000464,read,0x20004020,1,0x0
5068,983,master,0x06000464,read,0x20004020,1,0x0
5069,983,master,0x06000464,read,0x20004020,1,0x1
5070,983,master,0x0600046A,read,0x20004021,1,0x22
5071,984,master,0x06000464,read,0x20004020,1,0x0
5072,984,master,0x06000464,read,0x20004020,1,0x0
5073,984,master,0x06000464,read,0x20004020,1,0x0
5074,984,master,0x06000464,read,0x20004020,1,0x0
5075,984,master,0x06000464,read,0x20004020,1,0x0
5076,984,master,0x06000464,read,0x20004020,1,0x0
5077,984,master,0x06000464,read,0x20004020,1,0x0
5078,984,master,0x06000464,read,0x20004020,1,0x0
5079,984,master,0x06000464,read,0x20004020,1,0x0
5080,984,master,0x06000464,read,0x20004020,1,0x1
5081,984,master,0x0600046A,read,0x20004021,1,0x22
5082,984,master,0x06000464,read,0x20004020,1,0x0
5083,984,master,0x06000464,read,0x20004020,1,0x0
5084,984,master,0x06000464,read,0x20004020,1,0x0
5085,984,master,0x06000464,read,0x20004020,1,0x0
5086,984,master,0x06000464,read,0x20004020,1,0x0
5087,984,master,0x06000464,read,0x20004020,1,0x0
5088,984,master,0x06000464,read,0x20004020,1,0x0
5089,984,master,0x06000464,read,0x20004020,1,0x0
5090,984,master,0x06000464,read,0x20004020,1,0x0
5091,984,master,0x06000464,read,0x20004020,1,0x1
5092,984,master,0x0600046A,read,0x20004021,1,0x2A
5093,990,master,0x06000464,read,0x20004020,1,0x0
5094,990,master,0x06000464,read,0x20004020,1,0x0
5095,990,master,0x06000464,read,0x20004020,1,0x0
5096,990,master,0x06000464,read,0x20004020,1,0x0
5097,990,master,0x06000464,read,0x20004020,1,0x0
5098,990,master,0x06000464,read,0x20004020,1,0x0
5099,990,master,0x06000464,read,0x20004020,1,0x0
5100,990,master,0x06000464,read,0x20004020,1,0x0
5101,990,master,0x06000464,read,0x20004020,1,0x0
5102,990,master,0x06000464,read,0x20004020,1,0x0
5103,990,master,0x06000464,read,0x20004020,1,0x1
5104,990,master,0x0600046A,read,0x20004021,1,0x22
5105,990,master,0x06000464,read,0x20004020,1,0x0
5106,990,master,0x06000464,read,0x20004020,1,0x0
5107,990,master,0x06000464,read,0x20004020,1,0x0
5108,990,master,0x06000464,read,0x20004020,1,0x0
5109,990,master,0x06000464,read,0x20004020,1,0x0
5110,990,master,0x06000464,read,0x20004020,1,0x0
5111,990,master,0x06000464,read,0x20004020,1,0x0
5112,990,master,0x06000464,read,0x20004020,1,0x0
5113,990,master,0x06000464,read,0x20004020,1,0x0
5114,990,master,0x06000464,read,0x20004020,1,0x1
5115,990,master,0x0600046A,read,0x20004021,1,0x22
5116,990,master,0x06000464,read,0x20004020,1,0x0
5117,990,master,0x06000464,read,0x20004020,1,0x0
5118,990,master,0x06000464,read,0x20004020,1,0x0
5119,990,master,0x06000464,read,0x20004020,1,0x0
5120,990,master,0x06000464,read,0x20004020,1,0x0
5121,990,master,0x06000464,read,0x20004020,1,0x0
5122,990,master,0x06000464,read,0x20004020,1,0x0
5123,990,master,0x06000464,read,0x20004020,1,0x0
5124,990,master,0x06000464,read,0x20004020,1,0x0
5125,990,master,0x06000464,read,0x20004020,1,0x1
5126,990,master,0x0600046A,read,0x20004021,1,0x22
5127,991,master,0x06000464,read,0x20004020,1,0x0
5128,991,master,0x06000464,read,0x20004020,1,0x0
5129,991,master,0x06000464,read,0x20004020,1,0x0
5130,991,master,0x06000464,read,0x20004020,1,0x0
5131,991,master,0x06000464,read,0x20004020,1,0x0
5132,991,master,0x06000464,read,0x20004020,1,0x0
5133,991,master,0x06000464,read,0x20004020,1,0x0
5134,991,master,0x06000464,read,0x20004020,1,0x0
5135,991,master,0x06000464,read,0x20004020,1,0x0
5136,991,master,0x06000464,read,0x20004020,1,0x1
5137,991,master,0x0600046A,read,0x20004021,1,0x22
5138,991,master,0x06000464,read,0x20004020,1,0x0
5139,991,master,0x06000464,read,0x20004020,1,0x0
5140,991,master,0x06000464,read,0x20004020,1,0x0
5141,991,master,0x06000464,read,0x20004020,1,0x0
5142,991,master,0x06000464,read,0x20004020,1,0x0
5143,991,master,0x06000464,read,0x20004020,1,0x0
5144,991,master,0x06000464,read,0x20004020,1,0x0
5145,991,master,0x06000464,read,0x20004020,1,0x0
5146,991,master,0x06000464,read,0x20004020,1,0x0
5147,991,master,0x06000464,read,0x20004020,1,0x1
5148,991,master,0x0600046A,read,0x20004021,1,0x2A
5149,998,master,0x06000464,read,0x20004020,1,0x0
5150,998,master,0x06000464,read,0x20004020,1,0x0
5151,998,master,0x06000464,read,0x20004020,1,0x0
5152,998,master,0x06000464,read,0x20004020,1,0x0
5153,998,master,0x06000464,read,0x20004020,1,0x0
5154,998,master,0x06000464,read,0x20004020,1,0x0
5155,998,master,0x06000464,read,0x20004020,1,0x0
5156,998,master,0x06000464,read,0x20004020,1,0x0
5157,998,master,0x06000464,read,0x20004020,1,0x0
5158,998,master,0x06000464,read,0x20004020,1,0x0
5159,998,master,0x06000464,read,0x20004020,1,0x1
5160,998,master,0x0600046A,read,0x20004021,1,0x22
5161,998,master,0x06000464,read,0x20004020,1,0x0
5162,998,master,0x06000464,read,0x20004020,1,0x0
5163,998,master,0x06000464,read,0x20004020,1,0x0
5164,998,master,0x06000464,read,0x20004020,1,0x0
5165,998,master,0x06000464,read,0x20004020,1,0x0
5166,998,master,0x06000464,read,0x20004020,1,0x0
5167,998,master,0x06000464,read,0x20004020,1,0x0
5168,998,master,0x06000464,read,0x20004020,1,0x0
5169,998,master,0x06000464,read,0x20004020,1,0x0
5170,998,master,0x06000464,read,0x20004020,1,0x1
5171,998,master,0x0600046A,read,0x20004021,1,0x22
5172,998,master,0x06000464,read,0x20004020,1,0x0
5173,998,master,0x06000464,read,0x20004020,1,0x0
5174,998,master,0x06000464,read,0x20004020,1,0x0
5175,998,master,0x06000464,read,0x20004020,1,0x0
5176,998,master,0x06000464,read,0x20004020,1,0x0
5177,998,master,0x06000464,read,0x20004020,1,0x0
5178,998,master,0x06000464,read,0x20004020,1,0x0
5179,998,master,0x06000464,read,0x20004020,1,0x0
5180,998,master,0x06000464,read,0x20004020,1,0x0
5181,998,master,0x06000464,read,0x20004020,1,0x1
5182,998,master,0x0600046A,read,0x20004021,1,0x22
5183,999,master,0x06000464,read,0x20004020,1,0x0
5184,999,master,0x06000464,read,0x20004020,1,0x0
5185,999,master,0x06000464,read,0x20004020,1,0x0
5186,999,master,0x06000464,read,0x20004020,1,0x0
5187,999,master,0x06000464,read,0x20004020,1,0x0
5188,999,master,0x06000464,read,0x20004020,1,0x0
5189,999,master,0x06000464,read,0x20004020,1,0x0
5190,999,master,0x06000464,read,0x20004020,1,0x0
5191,999,master,0x06000464,read,0x20004020,1,0x0
5192,999,master,0x06000464,read,0x20004020,1,0x1
5193,999,master,0x0600046A,read,0x20004021,1,0x22
5194,999,master,0x06000464,read,0x20004020,1,0x0
5195,999,master,0x06000464,read,0x20004020,1,0x0
5196,999,master,0x06000464,read,0x20004020,1,0x0
5197,999,master,0x06000464,read,0x20004020,1,0x0
5198,999,master,0x06000464,read,0x20004020,1,0x0
5199,999,master,0x06000464,read,0x20004020,1,0x0
5200,999,master,0x06000464,read,0x20004020,1,0x0
5201,999,master,0x06000464,read,0x20004020,1,0x0
5202,999,master,0x06000464,read,0x20004020,1,0x0
5203,999,master,0x06000464,read,0x20004020,1,0x1
5204,999,master,0x0600046A,read,0x20004021,1,0x2A
5205,1006,master,0x06000464,read,0x20004020,1,0x0
5206,1006,master,0x06000464,read,0x20004020,1,0x0
5207,1006,master,0x06000464,read,0x20004020,1,0x0
5208,1006,master,0x06000464,read,0x20004020,1,0x0
5209,1006,master,0x06000464,read,0x20004020,1,0x0
5210,1006,master,0x06000464,read,0x20004020,1,0x0
5211,1006,master,0x06000464,read,0x20004020,1,0x0
5212,1006,master,0x06000464,read,0x20004020,1,0x0
5213,1006,master,0x06000464,read,0x20004020,1,0x0
5214,1006,master,0x06000464,read,0x20004020,1,0x0
5215,1006,master,0x06000464,read,0x20004020,1,0x1
5216,1006,master,0x0600046A,read,0x20004021,1,0x22
5217,1006,master,0x06000464,read,0x20004020,1,0x0
5218,1006,master,0x06000464,read,0x20004020,1,0x0
5219,1006,master,0x06000464,read,0x20004020,1,0x0
5220,1006,master,0x06000464,read,0x20004020,1,0x0
5221,1006,master,0x06000464,read,0x20004020,1,0x0
5222,1006,master,0x06000464,read,0x20004020,1,0x0
5223,1006,master,0x06000464,read,0x20004020,1,0x0
5224,1006,master,0x06000464,read,0x20004020,1,0x0
5225,1006,master,0x06000464,read,0x20004020,1,0x0
5226,1006,master,0x06000464,read,0x20004020,1,0x1
5227,1006,master,0x0600046A,read,0x20004021,1,0x22
5228,1006,master,0x06000464,read,0x20004020,1,0x0
5229,1006,master,0x06000464,read,0x20004020,1,0x0
5230,1006,master,0x06000464,read,0x20004020,1,0x0
5231,1006,master,0x06000464,read,0x20004020,1,0x0
5232,1006,master,0x06000464,read,0x20004020,1,0x0
5233,1006,master,0x06000464,read,0x20004020,1,0x0
5234,1006,master,0x06000464,read,0x20004020,1,0x0
5235,1006,master,0x06000464,read,0x20004020,1,0x0
5236,1006,master,0x06000464,read,0x20004020,1,0x0
5237,1006,master,0x06000464,read,0x20004020,1,0x1
5238,1006,master,0x0600046A,read,0x20004021,1,0x22
5239,1007,master,0x06000464,read,0x20004020,1,0x0
5240,1007,master,0x06000464,read,0x20004020,1,0x0
5241,1007,master,0x06000464,read,0x20004020,1,0x0
5242,1007,master,0x06000464,read,0x20004020,1,0x0
5243,1007,master,0x06000464,read,0x20004020,1,0x0
5244,1007,master,0x06000464,read,0x20004020,1,0x0
5245,1007,master,0x06000464,read,0x20004020,1,0x0
5246,1007,master,0x06000464,read,0x20004020,1,0x0
5247,1007,master,0x06000464,read,0x20004020,1,0x0
5248,1007,master,0x06000464,read,0x20004020,1,0x1
5249,1007,master,0x0600046A,read,0x20004021,1,0x22
5250,1007,master,0x06000464,read,0x20004020,1,0x0
5251,1007,master,0x06000464,read,0x20004020,1,0x0
5252,1007,master,0x06000464,read,0x20004020,1,0x0
5253,1007,master,0x06000464,read,0x20004020,1,0x0
5254,1007,master,0x06000464,read,0x20004020,1,0x0
5255,1007,master,0x06000464,read,0x20004020,1,0x0
5256,1007,master,0x06000464,read,0x20004020,1,0x0
5257,1007,master,0x06000464,read,0x20004020,1,0x0
5258,1007,master,0x06000464,read,0x20004020,1,0x0
5259,1007,master,0x06000464,read,0x20004020,1,0x1
5260,1007,master,0x0600046A,read,0x20004021,1,0x2A
5261,1013,master,0x06000464,read,0x20004020,1,0x0
5262,1013,master,0x06000464,read,0x20004020,1,0x0
5263,1013,master,0x06000464,read,0x20004020,1,0x0
5264,1013,master,0x06000464,read,0x20004020,1,0x0
5265,1013,master,0x06000464,read,0x20004020,1,0x0
5266,1013,master,0x06000464,read,0x20004020,1,0x0
5267,1013,master,0x06000464,read,0x20004020,1,0x0
5268,1013,master,0x06000464,read,0x20004020,1,0x0
5269,1013,master,0x06000464,read,0x20004020,1,0x0
5270,1013,master,0x06000464,read,0x20004020,1,0x0
5271,1013,master,0x06000464,read,0x20004020,1,0x1
5272,1013,master,0x0600046A,read,0x20004021,1,0x22
5273,1013,master,0x06000464,read,0x20004020,1,0x0
5274,1013,master,0x06000464,read,0x20004020,1,0x0
5275,1013,master,0x06000464,read,0x20004020,1,0x0
5276,1013,master,0x06000464,read,0x20004020,1,0x0
5277,1013,master,0x06000464,read,0x20004020,1,0x0
5278,1013,master,0x06000464,read,0x20004020,1,0x0
5279,1013,master,0x06000464,read,0x20004020,1,0x0
5280,1013,master,0x06000464,read,0x20004020,1,0x0
5281,1013,master,0x06000464,read,0x20004020,1,0x0
5282,1013,master,0x06000464,read,0x20004020,1,0x1
5283,1013,master,0x0600046A,read,0x20004021,1,0x22
5284,1013,master,0x06000464,read,0x20004020,1,0x0
5285,1013,master,0x06000464,read,0x20004020,1,0x0
5286,1013,master,0x06000464,read,0x20004020,1,0x0
5287,1013,master,0x06000464,read,0x20004020,1,0x0
5288,1013,master,0x06000464,read,0x20004020,1,0x0
5289,1013,master,0x06000464,read,0x20004020,1,0x0
5290,1013,master,0x06000464,read,0x20004020,1,0x0
5291,1013,master,0x06000464,read,0x20004020,1,0x0
5292,1013,master,0x06000464,read,0x20004020,1,0x0
5293,1013,master,0x06000464,read,0x20004020,1,0x1
5294,1013,master,0x0600046A,read,0x20004021,1,0x22
5295,1014,master,0x06000464,read,0x20004020,1,0x0
5296,1014,master,0x06000464,read,0x20004020,1,0x0
5297,1014,master,0x06000464,read,0x20004020,1,0x0
5298,1014,master,0x06000464,read,0x20004020,1,0x0
5299,1014,master,0x06000464,read,0x20004020,1,0x0
5300,1014,master,0x06000464,read,0x20004020,1,0x0
5301,1014,master,0x06000464,read,0x20004020,1,0x0
5302,1014,master,0x06000464,read,0x20004020,1,0x0
5303,1014,master,0x06000464,read,0x20004020,1,0x0
5304,1014,master,0x06000464,read,0x20004020,1,0x1
5305,1014,master,0x0600046A,read,0x20004021,1,0x22
5306,1014,master,0x06000464,read,0x20004020,1,0x0
5307,1014,master,0x06000464,read,0x20004020,1,0x0
5308,1014,master,0x06000464,read,0x20004020,1,0x0
5309,1014,master,0x06000464,read,0x20004020,1,0x0
5310,1014,master,0x06000464,read,0x20004020,1,0x0
5311,1014,master,0x06000464,read,0x20004020,1,0x0
5312,1014,master,0x06000464,read,0x20004020,1,0x0
5313,1014,master,0x06000464,read,0x20004020,1,0x0
5314,1014,master,0x06000464,read,0x20004020,1,0x0
5315,1014,master,0x06000464,read,0x20004020,1,0x1
5316,1014,master,0x0600046A,read,0x20004021,1,0x2A
5317,1021,master,0x06000464,read,0x20004020,1,0x0
5318,1021,master,0x06000464,read,0x20004020,1,0x0
5319,1021,master,0x06000464,read,0x20004020,1,0x0
5320,1021,master,0x06000464,read,0x20004020,1,0x0
5321,1021,master,0x06000464,read,0x20004020,1,0x0
5322,1021,master,0x06000464,read,0x20004020,1,0x0
5323,1021,master,0x06000464,read,0x20004020,1,0x0
5324,1021,master,0x06000464,read,0x20004020,1,0x0
5325,1021,master,0x06000464,read,0x20004020,1,0x0
5326,1021,master,0x06000464,read,0x20004020,1,0x0
5327,1021,master,0x06000464,read,0x20004020,1,0x1
5328,1021,master,0x0600046A,read,0x20004021,1,0x22
5329,1021,master,0x06000464,read,0x20004020,1,0x0
5330,1021,master,0x06000464,read,0x20004020,1,0x0
5331,1021,master,0x06000464,read,0x20004020,1,0x0
5332,1021,master,0x06000464,read,0x20004020,1,0x0
5333,1021,master,0x06000464,read,0x20004020,1,0x0
5334,1021,master,0x06000464,read,0x20004020,1,0x0
5335,1021,master,0x06000464,read,0x20004020,1,0x0
5336,1021,master,0x06000464,read,0x20004020,1,0x0
5337,1021,master,0x06000464,read,0x20004020,1,0x0
5338,1021,master,0x06000464,read,0x20004020,1,0x1
5339,1021,master,0x0600046A,read,0x20004021,1,0x22
5340,1021,master,0x06000464,read,0x20004020,1,0x0
5341,1021,master,0x06000464,read,0x20004020,1,0x0
5342,1021,master,0x06000464,read,0x20004020,1,0x0
5343,1021,master,0x06000464,read,0x20004020,1,0x0
5344,1021,master,0x06000464,read,0x20004020,1,0x0
5345,1021,master,0x06000464,read,0x20004020,1,0x0
5346,1021,master,0x06000464,read,0x20004020,1,0x0
5347,1021,master,0x06000464,read,0x20004020,1,0x0
5348,1021,master,0x06000464,read,0x20004020,1,0x0
5349,1021,master,0x06000464,read,0x20004020,1,0x1
5350,1021,master,0x0600046A,read,0x20004021,1,0x22
5351,1022,master,0x06000464,read,0x20004020,1,0x0
5352,1022,master,0x06000464,read,0x20004020,1,0x0
5353,1022,master,0x06000464,read,0x20004020,1,0x0
5354,1022,master,0x06000464,read,0x20004020,1,0x0
5355,1022,master,0x06000464,read,0x20004020,1,0x0
5356,1022,master,0x06000464,read,0x20004020,1,0x0
5357,1022,master,0x06000464,read,0x20004020,1,0x0
5358,1022,master,0x06000464,read,0x20004020,1,0x0
5359,1022,master,0x06000464,read,0x20004020,1,0x0
5360,1022,master,0x06000464,read,0x20004020,1,0x1
5361,1022,master,0x0600046A,read,0x20004021,1,0x22
5362,1022,master,0x06000464,read,0x20004020,1,0x0
5363,1022,master,0x06000464,read,0x20004020,1,0x0
5364,1022,master,0x06000464,read,0x20004020,1,0x0
5365,1022,master,0x06000464,read,0x20004020,1,0x0
5366,1022,master,0x06000464,read,0x20004020,1,0x0
5367,1022,master,0x06000464,read,0x20004020,1,0x0
5368,1022,master,0x06000464,read,0x20004020,1,0x0
5369,1022,master,0x06000464,read,0x20004020,1,0x0
5370,1022,master,0x06000464,read,0x20004020,1,0x0
5371,1022,master,0x06000464,read,0x20004020,1,0x1
5372,1022,master,0x0600046A,read,0x20004021,1,0x2A
5373,1028,master,0x06000464,read,0x20004020,1,0x0
5374,1028,master,0x06000464,read,0x20004020,1,0x0
5375,1028,master,0x06000464,read,0x20004020,1,0x0
5376,1028,master,0x06000464,read,0x20004020,1,0x0
5377,1028,master,0x06000464,read,0x20004020,1,0x0
5378,1028,master,0x06000464,read,0x20004020,1,0x0
5379,1028,master,0x06000464,read,0x20004020,1,0x0
5380,1028,master,0x06000464,read,0x20004020,1,0x0
5381,1028,master,0x06000464,read,0x20004020,1,0x0
5382,1028,master,0x06000464,read,0x20004020,1,0x0
5383,1028,master,0x06000464,read,0x20004020,1,0x1
5384,1028,master,0x0600046A,read,0x20004021,1,0x22
5385,1028,master,0x06000464,read,0x20004020,1,0x0
5386,1028,master,0x06000464,read,0x20004020,1,0x0
5387,1028,master,0x06000464,read,0x20004020,1,0x0
5388,1028,master,0x06000464,read,0x20004020,1,0x0
5389,1028,master,0x06000464,read,0x20004020,1,0x0
5390,1028,master,0x06000464,read,0x20004020,1,0x0
5391,1028,master,0x06000464,read,0x20004020,1,0x0
5392,1028,master,0x06000464,read,0x20004020,1,0x0
5393,1028,master,0x06000464,read,0x20004020,1,0x0
5394,1028,master,0x06000464,read,0x20004020,2,0x0
5395,1029,master,0x06000464,read,0x20004020,1,0x1
5396,1029,master,0x0600046A,read,0x20004021,1,0x22
5397,1029,master,0x06000464,read,0x20004020,1,0x0
5398,1029,master,0x06000464,read,0x20004020,1,0x0
5399,1029,master,0x06000464,read,0x20004020,1,0x0
5400,1029,master,0x06000464,read,0x20004020,1,0x0
5401,1029,master,0x06000464,read,0x20004020,1,0x0
5402,1029,master,0x06000464,read,0x20004020,1,0x0
5403,1029,master,0x06000464,read,0x20004020,1,0x0
5404,1029,master,0x06000464,read,0x20004020,1,0x0
5405,1029,master,0x06000464,read,0x20004020,1,0x0
5406,1029,master,0x06000464,read,0x20004020,2,0x0
5407,1030,master,0x06000464,read,0x20004020,1,0x1
5408,1030,master,0x0600046A,read,0x20004021,1,0x22
5409,1030,master,0x06000464,read,0x20004020,1,0x0
5410,1030,master,0x06000464,read,0x20004020,1,0x0
5411,1030,master,0x06000464,read,0x20004020,1,0x0
5412,1030,master,0x06000464,read,0x20004020,1,0x0
5413,1030,master,0x06000464,read,0x20004020,1,0x0
5414,1030,master,0x06000464,read,0x20004020,1,0x0
5415,1030,master,0x06000464,read,0x20004020,1,0x0
5416,1030,master,0x06000464,read,0x20004020,1,0x0
5417,1030,master,0x06000464,read,0x20004020,1,0x0
5418,1030,master,0x06000464,read,0x20004020,1,0x1
5419,1030,master,0x0600046A,read,0x20004021,1,0x22
5420,1030,master,0x06000464,read,0x20004020,1,0x0
5421,1030,master,0x06000464,read,0x20004020,1,0x0
5422,1030,master,0x06000464,read,0x20004020,1,0x0
5423,1030,master,0x06000464,read,0x20004020,1,0x0
5424,1030,master,0x06000464,read,0x20004020,1,0x0
5425,1030,master,0x06000464,read,0x20004020,1,0x0
5426,1030,master,0x06000464,read,0x20004020,1,0x0
5427,1030,master,0x06000464,read,0x20004020,1,0x0
5428,1030,master,0x06000464,read,0x20004020,1,0x0
5429,1030,master,0x06000464,read,0x20004020,1,0x1
5430,1030,master,0x0600046A,read,0x20004021,1,0x2A
5431,1036,master,0x06000464,read,0x20004020,1,0x0
5432,1036,master,0x06000464,read,0x20004020,1,0x0
5433,1036,master,0x06000464,read,0x20004020,1,0x0
5434,1036,master,0x06000464,read,0x20004020,1,0x0
5435,1036,master,0x06000464,read,0x20004020,1,0x0
5436,1036,master,0x06000464,read,0x20004020,1,0x0
5437,1036,master,0x06000464,read,0x20004020,1,0x0
5438,1036,master,0x06000464,read,0x20004020,1,0x0
5439,1036,master,0x06000464,read,0x20004020,1,0x0
5440,1036,master,0x06000464,read,0x20004020,1,0x0
5441,1036,master,0x06000464,read,0x20004020,1,0x1
5442,1036,master,0x0600046A,read,0x20004021,1,0x22
5443,1036,master,0x06000464,read,0x20004020,1,0x0
5444,1036,master,0x06000464,read,0x20004020,1,0x0
5445,1036,master,0x06000464,read,0x20004020,1,0x0
5446,1036,master,0x06000464,read,0x20004020,1,0x0
5447,1036,master,0x06000464,read,0x20004020,1,0x0
5448,1036,master,0x06000464,read,0x20004020,1,0x0
5449,1036,master,0x06000464,read,0x20004020,1,0x0
5450,1036,master,0x06000464,read,0x20004020,1,0x0
5451,1036,master,0x06000464,read,0x20004020,1,0x0
5452,1036,master,0x06000464,read,0x20004020,1,0x1
5453,1036,master,0x0600046A,read,0x20004021,1,0x22
5454,1036,master,0x06000464,read,0x20004020,1,0x0
5455,1036,master,0x06000464,read,0x20004020,1,0x0
5456,1036,master,0x06000464,read,0x20004020,1,0x0
5457,1036,master,0x06000464,read,0x20004020,1,0x0
5458,1036,master,0x06000464,read,0x20004020,1,0x0
5459,1036,master,0x06000464,read,0x20004020,1,0x0
5460,1036,master,0x06000464,read,0x20004020,1,0x0
5461,1036,master,0x06000464,read,0x20004020,1,0x0
5462,1036,master,0x06000464,read,0x20004020,1,0x0
5463,1036,master,0x06000464,read,0x20004020,1,0x1
5464,1036,master,0x0600046A,read,0x20004021,1,0x22
5465,1037,master,0x06000464,read,0x20004020,1,0x0
5466,1037,master,0x06000464,read,0x20004020,1,0x0
5467,1037,master,0x06000464,read,0x20004020,1,0x0
5468,1037,master,0x06000464,read,0x20004020,1,0x0
5469,1037,master,0x06000464,read,0x20004020,1,0x0
5470,1037,master,0x06000464,read,0x20004020,1,0x0
5471,1037,master,0x06000464,read,0x20004020,1,0x0
5472,1037,master,0x06000464,read,0x20004020,1,0x0
5473,1037,master,0x06000464,read,0x20004020,1,0x0
5474,1037,master,0x06000464,read,0x20004020,1,0x1
5475,1037,master,0x0600046A,read,0x20004021,1,0x22
5476,1037,master,0x06000464,read,0x20004020,1,0x0
5477,1037,master,0x06000464,read,0x20004020,1,0x0
5478,1037,master,0x06000464,read,0x20004020,1,0x0
5479,1037,master,0x06000464,read,0x20004020,1,0x0
5480,1037,master,0x06000464,read,0x20004020,1,0x0
5481,1037,master,0x06000464,read,0x20004020,1,0x0
5482,1037,master,0x06000464,read,0x20004020,1,0x0
5483,1037,master,0x06000464,read,0x20004020,1,0x0
5484,1037,master,0x06000464,read,0x20004020,1,0x0
5485,1037,master,0x06000464,read,0x20004020,1,0x1
5486,1037,master,0x0600046A,read,0x20004021,1,0x2A
5487,1044,master,0x06000464,read,0x20004020,1,0x0
5488,1044,master,0x06000464,read,0x20004020,1,0x0
5489,1044,master,0x06000464,read,0x20004020,1,0x0
5490,1044,master,0x06000464,read,0x20004020,1,0x0
5491,1044,master,0x06000464,read,0x20004020,1,0x0
5492,1044,master,0x06000464,read,0x20004020,1,0x0
5493,1044,master,0x06000464,read,0x20004020,1,0x0
5494,1044,master,0x06000464,read,0x20004020,1,0x0
5495,1044,master,0x06000464,read,0x20004020,1,0x0
5496,1044,master,0x06000464,read,0x20004020,1,0x0
5497,1044,master,0x06000464,read,0x20004020,1,0x1
5498,1044,master,0x0600046A,read,0x20004021,1,0x22
5499,1044,master,0x06000464,read,0x20004020,1,0x0
5500,1044,master,0x06000464,read,0x20004020,1,0x0
5501,1044,master,0x06000464,read,0x20004020,1,0x0
5502,1044,master,0x06000464,read,0x20004020,1,0x0
5503,1044,master,0x06000464,read,0x20004020,1,0x0
5504,1044,master,0x06000464,read,0x20004020,1,0x0
5505,1044,master,0x06000464,read,0x20004020,1,0x0
5506,1044,master,0x06000464,read,0x20004020,1,0x0
5507,1044,master,0x06000464,read,0x20004020,1,0x0
5508,1044,master,0x06000464,read,0x20004020,1,0x1
5509,1044,master,0x0600046A,read,0x20004021,1,0x22
5510,1044,master,0x06000464,read,0x20004020,1,0x0
5511,1044,master,0x06000464,read,0x20004020,1,0x0
5512,1044,master,0x06000464,read,0x20004020,1,0x0
5513,1044,master,0x06000464,read,0x20004020,1,0x0
5514,1044,master,0x06000464,read,0x20004020,1,0x0
5515,1044,master,0x06000464,read,0x20004020,1,0x0
5516,1044,master,0x06000464,read,0x20004020,1,0x0
5517,1044,master,0x06000464,read,0x20004020,1,0x0
5518,1044,master,0x06000464,read,0x20004020,1,0x0
5519,1044,master,0x06000464,read,0x20004020,1,0x1
5520,1044,master,0x0600046A,read,0x20004021,1,0x22
5521,1045,master,0x06000464,read,0x20004020,1,0x0
5522,1045,master,0x06000464,read,0x20004020,1,0x0
5523,1045,master,0x06000464,read,0x20004020,1,0x0
5524,1045,master,0x06000464,read,0x20004020,1,0x0
5525,1045,master,0x06000464,read,0x20004020,1,0x0
5526,1045,master,0x06000464,read,0x20004020,1,0x0
5527,1045,master,0x06000464,read,0x20004020,1,0x0
5528,1045,master,0x06000464,read,0x20004020,1,0x0
5529,1045,master,0x06000464,read,0x20004020,1,0x0
5530,1045,master,0x06000464,read,0x20004020,1,0x1
5531,1045,master,0x0600046A,read,0x20004021,1,0x22
5532,1045,master,0x06000464,read,0x20004020,1,0x0
5533,1045,master,0x06000464,read,0x20004020,1,0x0
5534,1045,master,0x06000464,read,0x20004020,1,0x0
5535,1045,master,0x06000464,read,0x20004020,1,0x0
5536,1045,master,0x06000464,read,0x20004020,1,0x0
5537,1045,master,0x06000464,read,0x20004020,1,0x0
5538,1045,master,0x06000464,read,0x20004020,1,0x0
5539,1045,master,0x06000464,read,0x20004020,1,0x0
5540,1045,master,0x06000464,read,0x20004020,1,0x0
5541,1045,master,0x06000464,read,0x20004020,1,0x1
5542,1045,master,0x0600046A,read,0x20004021,1,0x2A
5543,1051,master,0x06000464,read,0x20004020,1,0x0
5544,1051,master,0x06000464,read,0x20004020,1,0x0
5545,1051,master,0x06000464,read,0x20004020,1,0x0
5546,1051,master,0x06000464,read,0x20004020,1,0x0
5547,1051,master,0x06000464,read,0x20004020,1,0x0
5548,1051,master,0x06000464,read,0x20004020,1,0x0
5549,1051,master,0x06000464,read,0x20004020,1,0x0
5550,1051,master,0x06000464,read,0x20004020,1,0x0
5551,1051,master,0x06000464,read,0x20004020,1,0x0
5552,1051,master,0x06000464,read,0x20004020,1,0x0
5553,1051,master,0x06000464,read,0x20004020,1,0x1
5554,1051,master,0x0600046A,read,0x20004021,1,0x22
5555,1051,master,0x06000464,read,0x20004020,1,0x0
5556,1051,master,0x06000464,read,0x20004020,1,0x0
5557,1051,master,0x06000464,read,0x20004020,1,0x0
5558,1051,master,0x06000464,read,0x20004020,1,0x0
5559,1051,master,0x06000464,read,0x20004020,1,0x0
5560,1051,master,0x06000464,read,0x20004020,1,0x0
5561,1051,master,0x06000464,read,0x20004020,1,0x0
5562,1051,master,0x06000464,read,0x20004020,1,0x0
5563,1051,master,0x06000464,read,0x20004020,1,0x0
5564,1051,master,0x06000464,read,0x20004020,1,0x1
5565,1051,master,0x0600046A,read,0x20004021,1,0x22
5566,1051,master,0x06000464,read,0x20004020,1,0x0
5567,1051,master,0x06000464,read,0x20004020,1,0x0
5568,1051,master,0x06000464,read,0x20004020,1,0x0
5569,1051,master,0x06000464,read,0x20004020,1,0x0
5570,1051,master,0x06000464,read,0x20004020,1,0x0
5571,1051,master,0x06000464,read,0x20004020,1,0x0
5572,1051,master,0x06000464,read,0x20004020,1,0x0
5573,1051,master,0x06000464,read,0x20004020,1,0x0
5574,1051,master,0x06000464,read,0x20004020,1,0x0
5575,1051,master,0x06000464,read,0x20004020,2,0x0
5576,1052,master,0x06000464,read,0x20004020,1,0x1
5577,1052,master,0x0600046A,read,0x20004021,1,0x22
5578,1053,master,0x06000464,read,0x20004020,1,0x0
5579,1053,master,0x06000464,read,0x20004020,1,0x0
5580,1053,master,0x06000464,read,0x20004020,1,0x0
5581,1053,master,0x06000464,read,0x20004020,1,0x0
5582,1053,master,0x06000464,read,0x20004020,1,0x0
5583,1053,master,0x06000464,read,0x20004020,1,0x0
5584,1053,master,0x06000464,read,0x20004020,1,0x0
5585,1053,master,0x06000464,read,0x20004020,1,0x0
5586,1053,master,0x06000464,read,0x20004020,1,0x0
5587,1053,master,0x06000464,read,0x20004020,1,0x1
5588,1053,master,0x0600046A,read,0x20004021,1,0x22
5589,1053,master,0x06000464,read,0x20004020,1,0x0
5590,1053,master,0x06000464,read,0x20004020,1,0x0
5591,1053,master,0x06000464,read,0x20004020,1,0x0
5592,1053,master,0x06000464,read,0x20004020,1,0x0
5593,1053,master,0x06000464,read,0x20004020,1,0x0
5594,1053,master,0x06000464,read,0x20004020,1,0x0
5595,1053,master,0x06000464,read,0x20004020,1,0x0
5596,1053,master,0x06000464,read,0x20004020,1,0x0
5597,1053,master,0x06000464,read,0x20004020,1,0x0
5598,1053,master,0x06000464,read,0x20004020,1,0x1
5599,1053,master,0x0600046A,read,0x20004021,1,0x2A
5600,1059,master,0x06000464,read,0x20004020,1,0x0
5601,1059,master,0x06000464,read,0x20004020,1,0x0
5602,1059,master,0x06000464,read,0x20004020,1,0x0
5603,1059,master,0x06000464,read,0x20004020,1,0x0
5604,1059,master,0x06000464,read,0x20004020,1,0x0
5605,1059,master,0x06000464,read,0x20004020,1,0x0
5606,1059,master,0x06000464,read,0x20004020,1,0x0
5607,1059,master,0x06000464,read,0x20004020,1,0x0
5608,1059,master,0x06000464,read,0x20004020,1,0x0
5609,1059,master,0x06000464,read,0x20004020,1,0x0
5610,1059,master,0x06000464,read,0x20004020,1,0x1
5611,1059,master,0x0600046A,read,0x20004021,1,0x22
5612,1059,master,0x06000464,read,0x20004020,1,0x0
5613,1059,master,0x06000464,read,0x20004020,1,0x0
5614,1059,master,0x06000464,read,0x20004020,1,0x0
5615,1059,master,0x06000464,read,0x20004020,1,0x0
5616,1059,master,0x06000464,read,0x20004020,1,0x0
5617,1059,master,0x06000464,read,0x20004020,1,0x0
5618,1059,master,0x06000464,read,0x20004020,1,0x0
5619,1059,master,0x06000464,read,0x20004020,1,0x0
5620,1059,master,0x06000464,read,0x20004020,1,0x0
5621,1059,master,0x06000464,read,0x20004020,1,0x1
5622,1059,master,0x0600046A,read,0x20004021,1,0x22
5623,1059,master,0x06000464,read,0x20004020,1,0x0
5624,1059,master,0x06000464,read,0x20004020,1,0x0
5625,1059,master,0x06000464,read,0x20004020,1,0x0
5626,1059,master,0x06000464,read,0x20004020,1,0x0
5627,1059,master,0x06000464,read,0x20004020,1,0x0
5628,1059,master,0x06000464,read,0x20004020,1,0x0
5629,1059,master,0x06000464,read,0x20004020,1,0x0
5630,1059,master,0x06000464,read,0x20004020,1,0x0
5631,1059,master,0x06000464,read,0x20004020,1,0x0
5632,1059,master,0x06000464,read,0x20004020,1,0x1
5633,1059,master,0x0600046A,read,0x20004021,1,0x22
5634,1060,master,0x06000464,read,0x20004020,1,0x0
5635,1060,master,0x06000464,read,0x20004020,1,0x0
5636,1060,master,0x06000464,read,0x20004020,1,0x0
5637,1060,master,0x06000464,read,0x20004020,1,0x0
5638,1060,master,0x06000464,read,0x20004020,1,0x0
5639,1060,master,0x06000464,read,0x20004020,1,0x0
5640,1060,master,0x06000464,read,0x20004020,1,0x0
5641,1060,master,0x06000464,read,0x20004020,1,0x0
5642,1060,master,0x06000464,read,0x20004020,1,0x0
5643,1060,master,0x06000464,read,0x20004020,1,0x1
5644,1060,master,0x0600046A,read,0x20004021,1,0x22
5645,1060,master,0x06000464,read,0x20004020,1,0x0
5646,1060,master,0x06000464,read,0x20004020,1,0x0
5647,1060,master,0x06000464,read,0x20004020,1,0x0
5648,1060,master,0x06000464,read,0x20004020,1,0x0
5649,1060,master,0x06000464,read,0x20004020,1,0x0
5650,1060,master,0x06000464,read,0x20004020,1,0x0
5651,1060,master,0x06000464,read,0x20004020,1,0x0
5652,1060,master,0x06000464,read,0x20004020,1,0x0
5653,1060,master,0x06000464,read,0x20004020,1,0x0
5654,1060,master,0x06000464,read,0x20004020,1,0x1
5655,1060,master,0x0600046A,read,0x20004021,1,0x2A
5656,1067,master,0x06000464,read,0x20004020,1,0x0
5657,1067,master,0x06000464,read,0x20004020,1,0x0
5658,1067,master,0x06000464,read,0x20004020,1,0x0
5659,1067,master,0x06000464,read,0x20004020,1,0x0
5660,1067,master,0x06000464,read,0x20004020,1,0x0
5661,1067,master,0x06000464,read,0x20004020,1,0x0
5662,1067,master,0x06000464,read,0x20004020,1,0x0
5663,1067,master,0x06000464,read,0x20004020,1,0x0
5664,1067,master,0x06000464,read,0x20004020,1,0x0
5665,1067,master,0x06000464,read,0x20004020,1,0x0
5666,1067,master,0x06000464,read,0x20004020,1,0x1
5667,1067,master,0x0600046A,read,0x20004021,1,0x22
5668,1067,master,0x06000464,read,0x20004020,1,0x0
5669,1067,master,0x06000464,read,0x20004020,1,0x0
5670,1067,master,0x06000464,read,0x20004020,1,0x0
5671,1067,master,0x06000464,read,0x20004020,1,0x0
5672,1067,master,0x06000464,read,0x20004020,1,0x0
5673,1067,master,0x06000464,read,0x20004020,1,0x0
5674,1067,master,0x06000464,read,0x20004020,1,0x0
5675,1067,master,0x06000464,read,0x20004020,1,0x0
5676,1067,master,0x06000464,read,0x20004020,1,0x0
5677,1067,master,0x06000464,read,0x20004020,1,0x1
5678,1067,master,0x0600046A,read,0x20004021,1,0x22
5679,1067,master,0x06000464,read,0x20004020,1,0x0
5680,1067,master,0x06000464,read,0x20004020,1,0x0
5681,1067,master,0x06000464,read,0x20004020,1,0x0
5682,1067,master,0x06000464,read,0x20004020,1,0x0
5683,1067,master,0x06000464,read,0x20004020,1,0x0
5684,1067,master,0x06000464,read,0x20004020,1,0x0
5685,1067,master,0x06000464,read,0x20004020,1,0x0
5686,1067,master,0x06000464,read,0x20004020,1,0x0
5687,1067,master,0x06000464,read,0x20004020,1,0x0
5688,1067,master,0x06000464,read,0x20004020,1,0x1
5689,1067,master,0x0600046A,read,0x20004021,1,0x22
5690,1068,master,0x06000464,read,0x20004020,1,0x0
5691,1068,master,0x06000464,read,0x20004020,1,0x0
5692,1068,master,0x06000464,read,0x20004020,1,0x0
5693,1068,master,0x06000464,read,0x20004020,1,0x0
5694,1068,master,0x06000464,read,0x20004020,1,0x0
5695,1068,master,0x06000464,read,0x20004020,1,0x0
5696,1068,master,0x06000464,read,0x20004020,1,0x0
5697,1068,master,0x06000464,read,0x20004020,1,0x0
5698,1068,master,0x06000464,read,0x20004020,1,0x0
5699,1068,master,0x06000464,read,0x20004020,1,0x1
5700,1068,master,0x0600046A,read,0x20004021,1,0x22
5701,1068,master,0x06000464,read,0x20004020,1,0x0
5702,1068,master,0x06000464,read,0x20004020,1,0x0
5703,1068,master,0x06000464,read,0x20004020,1,0x0
5704,1068,master,0x06000464,read,0x20004020,1,0x0
5705,1068,master,0x06000464,read,0x20004020,1,0x0
5706,1068,master,0x06000464,read,0x20004020,1,0x0
5707,1068,master,0x06000464,read,0x20004020,1,0x0
5708,1068,master,0x06000464,read,0x20004020,1,0x0
5709,1068,master,0x06000464,read,0x20004020,1,0x0
5710,1068,master,0x06000464,read,0x20004020,1,0x1
5711,1068,master,0x0600046A,read,0x20004021,1,0x2A
5712,1074,master,0x06000464,read,0x20004020,1,0x0
5713,1074,master,0x06000464,read,0x20004020,1,0x0
5714,1074,master,0x06000464,read,0x20004020,1,0x0
5715,1074,master,0x06000464,read,0x20004020,1,0x0
5716,1074,master,0x06000464,read,0x20004020,1,0x0
5717,1074,master,0x06000464,read,0x20004020,1,0x0
5718,1074,master,0x06000464,read,0x20004020,1,0x0
5719,1074,master,0x06000464,read,0x20004020,1,0x0
5720,1074,master,0x06000464,read,0x20004020,1,0x0
5721,1074,master,0x06000464,read,0x20004020,1,0x0
5722,1074,master,0x06000464,read,0x20004020,1,0x1
5723,1074,master,0x0600046A,read,0x20004021,1,0x22
5724,1074,master,0x06000464,read,0x20004020,1,0x0
5725,1074,master,0x06000464,read,0x20004020,1,0x0
5726,1074,master,0x06000464,read,0x20004020,1,0x0
5727,1074,master,0x06000464,read,0x20004020,1,0x0
5728,1074,master,0x06000464,read,0x20004020,1,0x0
5729,1074,master,0x06000464,read,0x20004020,1,0x0
5730,1074,master,0x06000464,read,0x20004020,1,0x0
5731,1074,master,0x06000464,read,0x20004020,1,0x0
5732,1074,master,0x06000464,read,0x20004020,1,0x0
5733,1074,master,0x06000464,read,0x20004020,1,0x1
5734,1074,master,0x0600046A,read,0x20004021,1,0x22
5735,1074,master,0x06000464,read,0x20004020,1,0x0
5736,1074,master,0x06000464,read,0x20004020,1,0x0
5737,1074,master,0x06000464,read,0x20004020,1,0x0
5738,1074,master,0x06000464,read,0x20004020,1,0x0
5739,1074,master,0x06000464,read,0x20004020,1,0x0
5740,1074,master,0x06000464,read,0x20004020,1,0x0
5741,1074,master,0x06000464,read,0x20004020,1,0x0
5742,1074,master,0x06000464,read,0x20004020,1,0x0
5743,1074,master,0x06000464,read,0x20004020,1,0x0
5744,1074,master,0x06000464,read,0x20004020,2,0x0
5745,1075,master,0x06000464,read,0x20004020,1,0x1
5746,1075,master,0x0600046A,read,0x20004021,1,0x22
5747,1076,master,0x06000464,read,0x20004020,1,0x0
5748,1076,master,0x06000464,read,0x20004020,1,0x0
5749,1076,master,0x06000464,read,0x20004020,1,0x0
5750,1076,master,0x06000464,read,0x20004020,1,0x0
5751,1076,master,0x06000464,read,0x20004020,1,0x0
5752,1076,master,0x06000464,read,0x20004020,1,0x0
5753,1076,master,0x06000464,read,0x20004020,1,0x0
5754,1076,master,0x06000464,read,0x20004020,1,0x0
5755,1076,master,0x06000464,read,0x20004020,1,0x0
5756,1076,master,0x06000464,read,0x20004020,1,0x1
5757,1076,master,0x0600046A,read,0x20004021,1,0x22
5758,1076,master,0x06000464,read,0x20004020,1,0x0
5759,1076,master,0x06000464,read,0x20004020,1,0x0
5760,1076,master,0x06000464,read,0x20004020,1,0x0
5761,1076,master,0x06000464,read,0x20004020,1,0x0
5762,1076,master,0x06000464,read,0x20004020,1,0x0
5763,1076,master,0x06000464,read,0x20004020,1,0x0
5764,1076,master,0x06000464,read,0x20004020,1,0x0
5765,1076,master,0x06000464,read,0x20004020,1,0x0
5766,1076,master,0x06000464,read,0x20004020,1,0x0
5767,1076,master,0x06000464,read,0x20004020,1,0x1
5768,1076,master,0x0600046A,read,0x20004021,1,0x2A
5769,1082,master,0x06000464,read,0x20004020,1,0x0
5770,1082,master,0x06000464,read,0x20004020,1,0x0
5771,1082,master,0x06000464,read,0x20004020,1,0x0
5772,1082,master,0x06000464,read,0x20004020,1,0x0
5773,1082,master,0x06000464,read,0x20004020,1,0x0
5774,1082,master,0x06000464,read,0x20004020,1,0x0
5775,1082,master,0x06000464,read,0x20004020,1,0x0
5776,1082,master,0x06000464,read,0x20004020,1,0x0
5777,1082,master,0x06000464,read,0x20004020,1,0x0
5778,1082,master,0x06000464,read,0x20004020,1,0x0
5779,1082,master,0x06000464,read,0x20004020,1,0x1
5780,1082,master,0x0600046A,read,0x20004021,1,0x22
5781,1082,master,0x06000464,read,0x20004020,1,0x0
5782,1082,master,0x06000464,read,0x20004020,1,0x0
5783,1082,master,0x06000464,read,0x20004020,1,0x0
5784,1082,master,0x06000464,read,0x20004020,1,0x0
5785,1082,master,0x06000464,read,0x20004020,1,0x0
5786,1082,master,0x06000464,read,0x20004020,1,0x0
5787,1082,master,0x06000464,read,0x20004020,1,0x0
5788,1082,master,0x06000464,read,0x20004020,1,0x0
5789,1082,master,0x06000464,read,0x20004020,1,0x0
5790,1082,master,0x06000464,read,0x20004020,1,0x1
5791,1082,master,0x0600046A,read,0x20004021,1,0x22
5792,1082,master,0x06000464,read,0x20004020,1,0x0
5793,1082,master,0x06000464,read,0x20004020,1,0x0
5794,1082,master,0x06000464,read,0x20004020,1,0x0
5795,1082,master,0x06000464,read,0x20004020,1,0x0
5796,1082,master,0x06000464,read,0x20004020,1,0x0
5797,1082,master,0x06000464,read,0x20004020,1,0x0
5798,1082,master,0x06000464,read,0x20004020,1,0x0
5799,1082,master,0x06000464,read,0x20004020,1,0x0
5800,1082,master,0x06000464,read,0x20004020,1,0x0
5801,1082,master,0x06000464,read,0x20004020,1,0x1
5802,1082,master,0x0600046A,read,0x20004021,1,0x22
5803,1083,master,0x06000464,read,0x20004020,1,0x0
5804,1083,master,0x06000464,read,0x20004020,1,0x0
5805,1083,master,0x06000464,read,0x20004020,1,0x0
5806,1083,master,0x06000464,read,0x20004020,1,0x0
5807,1083,master,0x06000464,read,0x20004020,1,0x0
5808,1083,master,0x06000464,read,0x20004020,1,0x0
5809,1083,master,0x06000464,read,0x20004020,1,0x0
5810,1083,master,0x06000464,read,0x20004020,1,0x0
5811,1083,master,0x06000464,read,0x20004020,1,0x0
5812,1083,master,0x06000464,read,0x20004020,1,0x1
5813,1083,master,0x0600046A,read,0x20004021,1,0x22
5814,1083,master,0x06000464,read,0x20004020,1,0x0
5815,1083,master,0x06000464,read,0x20004020,1,0x0
5816,1083,master,0x06000464,read,0x20004020,1,0x0
5817,1083,master,0x06000464,read,0x20004020,1,0x0
5818,1083,master,0x06000464,read,0x20004020,1,0x0
5819,1083,master,0x06000464,read,0x20004020,1,0x0
5820,1083,master,0x06000464,read,0x20004020,1,0x0
5821,1083,master,0x06000464,read,0x20004020,1,0x0
5822,1083,master,0x06000464,read,0x20004020,1,0x0
5823,1083,master,0x06000464,read,0x20004020,1,0x1
5824,1083,master,0x0600046A,read,0x20004021,1,0x2A
5825,1090,master,0x06000464,read,0x20004020,1,0x0
5826,1090,master,0x06000464,read,0x20004020,1,0x0
5827,1090,master,0x06000464,read,0x20004020,1,0x0
5828,1090,master,0x06000464,read,0x20004020,1,0x0
5829,1090,master,0x06000464,read,0x20004020,1,0x0
5830,1090,master,0x06000464,read,0x20004020,1,0x0
5831,1090,master,0x06000464,read,0x20004020,1,0x0
5832,1090,master,0x06000464,read,0x20004020,1,0x0
5833,1090,master,0x06000464,read,0x20004020,1,0x0
5834,1090,master,0x06000464,read,0x20004020,1,0x0
5835,1090,master,0x06000464,read,0x20004020,1,0x1
5836,1090,master,0x0600046A,read,0x20004021,1,0x22
5837,1090,master,0x06000464,read,0x20004020,1,0x0
5838,1090,master,0x06000464,read,0x20004020,1,0x0
5839,1090,master,0x06000464,read,0x20004020,1,0x0
5840,1090,master,0x06000464,read,0x20004020,1,0x0
5841,1090,master,0x06000464,read,0x20004020,1,0x0
5842,1090,master,0x06000464,read,0x20004020,1,0x0
5843,1090,master,0x06000464,read,0x20004020,1,0x0
5844,1090,master,0x06000464,read,0x20004020,1,0x0
5845,1090,master,0x06000464,read,0x20004020,1,0x0
5846,1090,master,0x06000464,read,0x20004020,1,0x1
5847,1090,master,0x0600046A,read,0x20004021,1,0x22
5848,1090,master,0x06000464,read,0x20004020,1,0x0
5849,1090,master,0x06000464,read,0x20004020,1,0x0
5850,1090,master,0x06000464,read,0x20004020,1,0x0
5851,1090,master,0x06000464,read,0x20004020,1,0x0
5852,1090,master,0x06000464,read,0x20004020,1,0x0
5853,1090,master,0x06000464,read,0x20004020,1,0x0
5854,1090,master,0x06000464,read,0x20004020,1,0x0
5855,1090,master,0x06000464,read,0x20004020,1,0x0
5856,1090,master,0x06000464,read,0x20004020,1,0x0
5857,1090,master,0x06000464,read,0x20004020,1,0x1
5858,1090,master,0x0600046A,read,0x20004021,1,0x22
5859,1091,master,0x06000464,read,0x20004020,1,0x0
5860,1091,master,0x06000464,read,0x20004020,1,0x0
5861,1091,master,0x06000464,read,0x20004020,1,0x0
5862,1091,master,0x06000464,read,0x20004020,1,0x0
5863,1091,master,0x06000464,read,0x20004020,1,0x0
5864,1091,master,0x06000464,read,0x20004020,1,0x0
5865,1091,master,0x06000464,read,0x20004020,1,0x0
5866,1091,master,0x06000464,read,0x20004020,1,0x0
5867,1091,master,0x06000464,read,0x20004020,1,0x0
5868,1091,master,0x06000464,read,0x20004020,1,0x1
5869,1091,master,0x0600046A,read,0x20004021,1,0x22
5870,1091,master,0x06000464,read,0x20004020,1,0x0
5871,1091,master,0x06000464,read,0x20004020,1,0x0
5872,1091,master,0x06000464,read,0x20004020,1,0x0
5873,1091,master,0x06000464,read,0x20004020,1,0x0
5874,1091,master,0x06000464,read,0x20004020,1,0x0
5875,1091,master,0x06000464,read,0x20004020,1,0x0
5876,1091,master,0x06000464,read,0x20004020,1,0x0
5877,1091,master,0x06000464,read,0x20004020,1,0x0
5878,1091,master,0x06000464,read,0x20004020,1,0x0
5879,1091,master,0x06000464,read,0x20004020,1,0x1
5880,1091,master,0x0600046A,read,0x20004021,1,0x2A
5881,1097,master,0x06000464,read,0x20004020,1,0x0
5882,1097,master,0x06000464,read,0x20004020,1,0x0
5883,1097,master,0x06000464,read,0x20004020,1,0x0
5884,1097,master,0x06000464,read,0x20004020,1,0x0
5885,1097,master,0x06000464,read,0x20004020,1,0x0
5886,1097,master,0x06000464,read,0x20004020,1,0x0
5887,1097,master,0x06000464,read,0x20004020,1,0x0
5888,1097,master,0x06000464,read,0x20004020,1,0x0
5889,1097,master,0x06000464,read,0x20004020,1,0x0
5890,1097,master,0x06000464,read,0x20004020,1,0x0
5891,1097,master,0x06000464,read,0x20004020,1,0x1
5892,1097,master,0x0600046A,read,0x20004021,1,0x22
5893,1097,master,0x06000464,read,0x20004020,1,0x0
5894,1097,master,0x06000464,read,0x20004020,1,0x0
5895,1097,master,0x06000464,read,0x20004020,1,0x0
5896,1097,master,0x06000464,read,0x20004020,1,0x0
5897,1097,master,0x06000464,read,0x20004020,1,0x0
5898,1097,master,0x06000464,read,0x20004020,1,0x0
5899,1097,master,0x06000464,read,0x20004020,1,0x0
5900,1097,master,0x06000464,read,0x20004020,1,0x0
5901,1097,master,0x06000464,read,0x20004020,1,0x0
5902,1097,master,0x06000464,read,0x20004020,1,0x1
5903,1097,master,0x0600046A,read,0x20004021,1,0x22
5904,1097,master,0x06000464,read,0x20004020,1,0x0
5905,1097,master,0x06000464,read,0x20004020,1,0x0
5906,1097,master,0x06000464,read,0x20004020,1,0x0
5907,1097,master,0x06000464,read,0x20004020,1,0x0
5908,1097,master,0x06000464,read,0x20004020,1,0x0
5909,1097,master,0x06000464,read,0x20004020,1,0x0
5910,1097,master,0x06000464,read,0x20004020,1,0x0
5911,1097,master,0x06000464,read,0x20004020,1,0x0
5912,1097,master,0x06000464,read,0x20004020,1,0x0
5913,1097,master,0x06000464,read,0x20004020,1,0x1
5914,1097,master,0x0600046A,read,0x20004021,1,0x22
5915,1098,master,0x06000464,read,0x20004020,1,0x0
5916,1098,master,0x06000464,read,0x20004020,1,0x0
5917,1098,master,0x06000464,read,0x20004020,1,0x0
5918,1098,master,0x06000464,read,0x20004020,1,0x0
5919,1098,master,0x06000464,read,0x20004020,1,0x0
5920,1098,master,0x06000464,read,0x20004020,1,0x0
5921,1098,master,0x06000464,read,0x20004020,1,0x0
5922,1098,master,0x06000464,read,0x20004020,1,0x0
5923,1098,master,0x06000464,read,0x20004020,1,0x0
5924,1098,master,0x06000464,read,0x20004020,1,0x1
5925,1098,master,0x0600046A,read,0x20004021,1,0x22
5926,1098,master,0x06000464,read,0x20004020,1,0x0
5927,1098,master,0x06000464,read,0x20004020,1,0x0
5928,1098,master,0x06000464,read,0x20004020,1,0x0
5929,1098,master,0x06000464,read,0x20004020,1,0x0
5930,1098,master,0x06000464,read,0x20004020,1,0x0
5931,1098,master,0x06000464,read,0x20004020,1,0x0
5932,1098,master,0x06000464,read,0x20004020,1,0x0
5933,1098,master,0x06000464,read,0x20004020,1,0x0
5934,1098,master,0x06000464,read,0x20004020,1,0x0
5935,1098,master,0x06000464,read,0x20004020,1,0x1
5936,1098,master,0x0600046A,read,0x20004021,1,0x2A
5937,1105,master,0x06000464,read,0x20004020,1,0x0
5938,1105,master,0x06000464,read,0x20004020,1,0x0
5939,1105,master,0x06000464,read,0x20004020,1,0x0
5940,1105,master,0x06000464,read,0x20004020,1,0x0
5941,1105,master,0x06000464,read,0x20004020,1,0x0
5942,1105,master,0x06000464,read,0x20004020,1,0x0
5943,1105,master,0x06000464,read,0x20004020,1,0x0
5944,1105,master,0x06000464,read,0x20004020,1,0x0
5945,1105,master,0x06000464,read,0x20004020,1,0x0
5946,1105,master,0x06000464,read,0x20004020,1,0x0
5947,1105,master,0x06000464,read,0x20004020,1,0x1
5948,1105,master,0x0600046A,read,0x20004021,1,0x22
5949,1105,master,0x06000464,read,0x20004020,1,0x0
5950,1105,master,0x06000464,read,0x20004020,1,0x0
5951,1105,master,0x06000464,read,0x20004020,1,0x0
5952,1105,master,0x06000464,read,0x20004020,1,0x0
5953,1105,master,0x06000464,read,0x20004020,1,0x0
5954,1105,master,0x06000464,read,0x20004020,1,0x0
5955,1105,master,0x06000464,read,0x20004020,1,0x0
5956,1105,master,0x06000464,read,0x20004020,1,0x0
5957,1105,master,0x06000464,read,0x20004020,1,0x0
5958,1105,master,0x06000464,read,0x20004020,1,0x1
5959,1105,master,0x0600046A,read,0x20004021,1,0x22
5960,1105,master,0x06000464,read,0x20004020,1,0x0
5961,1105,master,0x06000464,read,0x20004020,1,0x0
5962,1105,master,0x06000464,read,0x20004020,1,0x0
5963,1105,master,0x06000464,read,0x20004020,1,0x0
5964,1105,master,0x06000464,read,0x20004020,1,0x0
5965,1105,master,0x06000464,read,0x20004020,1,0x0
5966,1105,master,0x06000464,read,0x20004020,1,0x0
5967,1105,master,0x06000464,read,0x20004020,1,0x0
5968,1105,master,0x06000464,read,0x20004020,1,0x0
5969,1105,master,0x06000464,read,0x20004020,1,0x0
5970,1105,master,0x06000464,read,0x20004020,1,0x0
5971,1105,master,0x06000464,read,0x20004020,1,0x0
5972,1105,master,0x06000464,read,0x20004020,1,0x0
5973,1105,master,0x06000464,read,0x20004020,1,0x0
5974,1105,master,0x06000464,read,0x20004020,1,0x0
5975,1105,master,0x06000464,read,0x20004020,1,0x0
5976,1105,master,0x06000464,read,0x20004020,1,0x0
5977,1105,master,0x06000464,read,0x20004020,1,0x0
5978,1105,master,0x06000464,read,0x20004020,1,0x0
5979,1105,master,0x06000464,read,0x20004020,2,0x0
5980,1106,master,0x06000464,read,0x20004020,2,0x0
5981,1107,master,0x06000464,read,0x20004020,2,0x0
5982,1108,master,0x06000464,read,0x20004020,2,0x0
5983,1109,master,0x06000464,read,0x20004020,2,0x0
5984,1110,master,0x06000464,read,0x20004020,2,0x0
5985,1111,master,0x06000464,read,0x20004020,2,0x0
5986,1112,master,0x06000464,read,0x20004020,1,0x1
5987,1112,master,0x0600046A,read,0x20004021,1,0x25
5988,1113,master,0x06000464,read,0x20004020,1,0x0
5989,1113,master,0x06000464,read,0x20004020,1,0x0
5990,1113,master,0x06000464,read,0x20004020,1,0x0
5991,1113,master,0x06000464,read,0x20004020,1,0x0
5992,1113,master,0x06000464,read,0x20004020,1,0x0
5993,1113,master,0x06000464,read,0x20004020,1,0x0
5994,1113,master,0x06000464,read,0x20004020,1,0x0
5995,1113,master,0x06000464,read,0x20004020,1,0x0
5996,1113,master,0x06000464,read,0x20004020,1,0x0
5997,1113,master,0x06000464,read,0x20004020,1,0x0
5998,1113,master,0x06000464,read,0x20004020,1,0x1
5999,1113,master,0x0600046A,read,0x20004021,1,0x25
6000,1113,master,0x06000464,read,0x20004020,1,0x0
6001,1113,master,0x06000464,read,0x20004020,1,0x0
6002,1113,master,0x06000464,read,0x20004020,1,0x0
6003,1113,master,0x06000464,read,0x20004020,1,0x0
6004,1113,master,0x06000464,read,0x20004020,1,0x0
6005,1113,master,0x06000464,read,0x20004020,1,0x0
6006,1113,master,0x06000464,read,0x20004020,1,0x0
6007,1113,master,0x06000464,read,0x20004020,1,0x0
6008,1113,master,0x06000464,read,0x20004020,1,0x0
6009,1113,master,0x06000464,read,0x20004020,1,0x0
6010,1113,master,0x06000464,read,0x20004020,1,0x1
6011,1113,master,0x0600046A,read,0x20004021,1,0x25
6012,1113,master,0x06000464,read,0x20004020,1,0x0
6013,1113,master,0x06000464,read,0x20004020,1,0x0
6014,1113,master,0x06000464,read,0x20004020,1,0x0
6015,1113,master,0x06000464,read,0x20004020,1,0x0
6016,1113,master,0x06000464,read,0x20004020,1,0x0
6017,1113,master,0x06000464,read,0x20004020,1,0x0
6018,1113,master,0x06000464,read,0x20004020,1,0x0
6019,1113,master,0x06000464,read,0x20004020,1,0x0
6020,1113,master,0x06000464,read,0x20004020,1,0x0
6021,1113,master,0x06000464,read,0x20004020,1,0x0
6022,1113,master,0x06000464,read,0x20004020,1,0x1
6023,1113,master,0x0600046A,read,0x20004021,1,0x25
6024,1113,master,0x06000464,read,0x20004020,1,0x0
6025,1113,master,0x06000464,read,0x20004020,1,0x0
6026,1113,master,0x06000464,read,0x20004020,1,0x0
6027,1113,master,0x06000464,read,0x20004020,1,0x0
6028,1113,master,0x06000464,read,0x20004020,1,0x0
6029,1113,master,0x06000464,read,0x20004020,1,0x0
6030,1113,master,0x06000464,read,0x20004020,1,0x0
6031,1113,master,0x06000464,read,0x20004020,1,0x0
6032,1113,master,0x06000464,read,0x20004020,1,0x0
6033,1113,master,0x06000464,read,0x20004020,1,0x0
6034,1113,master,0x06000464,read,0x20004020,2,0x0
6035,1114,master,0x06000464,read,0x20004020,1,0x1
6036,1114,master,0x0600046A,read,0x20004021,1,0x3
6037,1115,master,0x06000464,read,0x20004020,1,0x0
6038,1115,master,0x06000464,read,0x20004020,1,0x0
6039,1115,master,0x06000464,read,0x20004020,1,0x0
6040,1115,master,0x06000464,read,0x20004020,1,0x0
6041,1115,master,0x06000464,read,0x20004020,1,0x0
6042,1115,master,0x06000464,read,0x20004020,1,0x0
6043,1115,master,0x06000464,read,0x20004020,1,0x0
6044,1115,master,0x06000464,read,0x20004020,1,0x0
6045,1115,master,0x06000464,read,0x20004020,1,0x0
6046,1115,master,0x06000464,read,0x20004020,1,0x0
6047,1115,master,0x06000464,read,0x20004020,1,0x1
6048,1115,master,0x0600046A,read,0x20004021,1,0x2B
6049,1116,master,0x06000464,read,0x20004020,1,0x0
6050,1116,master,0x06000464,read,0x20004020,1,0x0
6051,1116,master,0x06000464,read,0x20004020,1,0x0
6052,1116,master,0x06000464,read,0x20004020,1,0x0
6053,1116,master,0x06000464,read,0x20004020,1,0x0
6054,1116,master,0x06000464,read,0x20004020,1,0x0
6055,1116,master,0x06000464,read,0x20004020,1,0x0
6056,1116,master,0x06000464,read,0x20004020,1,0x0
6057,1116,master,0x06000464,read,0x20004020,1,0x0
6058,1116,master,0x06000464,read,0x20004020,1,0x0
6059,1116,master,0x06000464,read,0x20004020,1,0x1
6060,1116,master,0x0600046A,read,0x20004021,1,0x22
6061,1116,master,0x06000464,read,0x20004020,1,0x0
6062,1116,master,0x06000464,read,0x20004020,1,0x0
6063,1116,master,0x06000464,read,0x20004020,1,0x0
6064,1116,master,0x06000464,read,0x20004020,1,0x0
6065,1116,master,0x06000464,read,0x20004020,1,0x0
6066,1116,master,0x06000464,read,0x20004020,1,0x0
6067,1116,master,0x06000464,read,0x20004020,1,0x0
6068,1116,master,0x06000464,read,0x20004020,1,0x0
6069,1116,master,0x06000464,read,0x20004020,1,0x0
6070,1116,master,0x06000464,read,0x20004020,2,0x0
6071,1117,master,0x06000464,read,0x20004020,1,0x1
6072,1117,master,0x0600046A,read,0x20004021,1,0x22
6073,1118,master,0x06000464,read,0x20004020,1,0x0
6074,1118,master,0x06000464,read,0x20004020,1,0x0
6075,1118,master,0x06000464,read,0x20004020,1,0x0
6076,1118,master,0x06000464,read,0x20004020,1,0x0
6077,1118,master,0x06000464,read,0x20004020,1,0x0
6078,1118,master,0x06000464,read,0x20004020,1,0x0
6079,1118,master,0x06000464,read,0x20004020,1,0x0
6080,1118,master,0x06000464,read,0x20004020,1,0x0
6081,1118,master,0x06000464,read,0x20004020,1,0x0
6082,1118,master,0x06000464,read,0x20004020,1,0x1
6083,1118,master,0x0600046A,read,0x20004021,1,0x22
6084,1118,master,0x06000464,read,0x20004020,1,0x0
6085,1118,master,0x06000464,read,0x20004020,1,0x0
6086,1118,master,0x06000464,read,0x20004020,1,0x0
6087,1118,master,0x06000464,read,0x20004020,1,0x0
6088,1118,master,0x06000464,read,0x20004020,1,0x0
6089,1118,master,0x06000464,read,0x20004020,1,0x0
6090,1118,master,0x06000464,read,0x20004020,1,0x0
6091,1118,master,0x06000464,read,0x20004020,1,0x0
6092,1118,master,0x06000464,read,0x20004020,1,0x0
6093,1118,master,0x06000464,read,0x20004020,1,0x1
6094,1118,master,0x0600046A,read,0x20004021,1,0x22
6095,1118,master,0x06000464,read,0x20004020,1,0x0
6096,1118,master,0x06000464,read,0x20004020,1,0x0
6097,1118,master,0x06000464,read,0x20004020,1,0x0
6098,1118,master,0x06000464,read,0x20004020,1,0x0
6099,1118,master,0x06000464,read,0x20004020,1,0x0
6100,1118,master,0x06000464,read,0x20004020,1,0x0
6101,1118,master,0x06000464,read,0x20004020,1,0x0
6102,1118,master,0x06000464,read,0x20004020,1,0x0
6103,1118,master,0x06000464,read,0x20004020,1,0x0
6104,1118,master,0x06000464,read,0x20004020,1,0x1
6105,1118,master,0x0600046A,read,0x20004021,1,0x22
6106,1118,master,0x06000464,read,0x20004020,1,0x0
6107,1118,master,0x06000464,read,0x20004020,1,0x0
6108,1118,master,0x06000464,read,0x20004020,1,0x0
6109,1118,master,0x06000464,read,0x20004020,1,0x0
6110,1118,master,0x06000464,read,0x20004020,1,0x0
6111,1118,master,0x06000464,read,0x20004020,1,0x0
6112,1118,master,0x06000464,read,0x20004020,1,0x0
6113,1118,master,0x06000464,read,0x20004020,1,0x0
6114,1118,master,0x06000464,read,0x20004020,1,0x0
6115,1118,master,0x06000464,read,0x20004020,1,0x1
6116,1118,master,0x0600046A,read,0x20004021,1,0x22
6117,1118,master,0x06000464,read,0x20004020,1,0x0
6118,1118,master,0x06000464,read,0x20004020,1,0x0
6119,1118,master,0x06000464,read,0x20004020,1,0x0
6120,1118,master,0x06000464,read,0x20004020,1,0x0
6121,1118,master,0x06000464,read,0x20004020,1,0x0
6122,1118,master,0x06000464,read,0x20004020,1,0x0
6123,1118,master,0x06000464,read,0x20004020,1,0x0
6124,1118,master,0x06000464,read,0x20004020,1,0x0
6125,1118,master,0x06000464,read,0x20004020,1,0x0
6126,1118,master,0x06000464,read,0x20004020,1,0x1
6127,1118,master,0x0600046A,read,0x20004021,1,0x22
6128,1118,master,0x06000464,read,0x20004020,1,0x0
6129,1118,master,0x06000464,read,0x20004020,1,0x0
6130,1118,master,0x06000464,read,0x20004020,1,0x0
6131,1118,master,0x06000464,read,0x20004020,1,0x0
6132,1118,master,0x06000464,read,0x20004020,1,0x0
6133,1118,master,0x06000464,read,0x20004020,1,0x0
6134,1118,master,0x06000464,read,0x20004020,1,0x0
6135,1118,master,0x06000464,read,0x20004020,1,0x0
6136,1118,master,0x06000464,read,0x20004020,1,0x0
6137,1118,master,0x06000464,read,0x20004020,1,0x1
6138,1118,master,0x0600046A,read,0x20004021,1,0x22
6139,1118,master,0x06000464,read,0x20004020,1,0x0
6140,1118,master,0x06000464,read,0x20004020,1,0x0
6141,1118,master,0x06000464,read,0x20004020,1,0x0
6142,1118,master,0x06000464,read,0x20004020,1,0x0
6143,1118,master,0x06000464,read,0x20004020,1,0x0
6144,1118,master,0x06000464,read,0x20004020,1,0x0
6145,1118,master,0x06000464,read,0x20004020,1,0x0
6146,1118,master,0x06000464,read,0x20004020,1,0x0
6147,1118,master,0x06000464,read,0x20004020,1,0x0
6148,1118,master,0x06000464,read,0x20004020,1,0x1
6149,1118,master,0x0600046A,read,0x20004021,1,0x22
6150,1118,master,0x06000464,read,0x20004020,1,0x0
6151,1118,master,0x06000464,read,0x20004020,1,0x0
6152,1118,master,0x06000464,read,0x20004020,1,0x0
6153,1118,master,0x06000464,read,0x20004020,1,0x0
6154,1118,master,0x06000464,read,0x20004020,1,0x0
6155,1118,master,0x06000464,read,0x20004020,1,0x0
6156,1118,master,0x06000464,read,0x20004020,1,0x0
6157,1118,master,0x06000464,read,0x20004020,1,0x0
6158,1118,master,0x06000464,read,0x20004020,1,0x0
6159,1118,master,0x06000464,read,0x20004020,1,0x1
6160,1118,master,0x0600046A,read,0x20004021,1,0x22
6161,1118,master,0x06000464,read,0x20004020,1,0x0
6162,1118,master,0x06000464,read,0x20004020,1,0x0
6163,1118,master,0x06000464,read,0x20004020,1,0x0
6164,1118,master,0x06000464,read,0x20004020,1,0x0
6165,1118,master,0x06000464,read,0x20004020,1,0x0
6166,1118,master,0x06000464,read,0x20004020,1,0x0
6167,1118,master,0x06000464,read,0x20004020,1,0x0
6168,1118,master,0x06000464,read,0x20004020,1,0x0
6169,1118,master,0x06000464,read,0x20004020,1,0x0
6170,1118,master,0x06000464,read,0x20004020,1,0x1
6171,1118,master,0x0600046A,read,0x20004021,1,0x22
6172,1118,master,0x06000464,read,0x20004020,1,0x0
6173,1118,master,0x06000464,read,0x20004020,1,0x0
6174,1118,master,0x06000464,read,0x20004020,1,0x0
6175,1118,master,0x06000464,read,0x20004020,1,0x0
6176,1118,master,0x06000464,read,0x20004020,1,0x0
6177,1118,master,0x06000464,read,0x20004020,1,0x0
6178,1118,master,0x06000464,read,0x20004020,1,0x0
6179,1118,master,0x06000464,read,0x20004020,1,0x0
6180,1118,master,0x06000464,read,0x20004020,1,0x0
6181,1118,master,0x06000464,read,0x20004020,1,0x1
6182,1118,master,0x0600046A,read,0x20004021,1,0x22
6183,1118,master,0x06000464,read,0x20004020,1,0x0
6184,1118,master,0x06000464,read,0x20004020,1,0x0
6185,1118,master,0x06000464,read,0x20004020,1,0x0
6186,1118,master,0x06000464,read,0x20004020,1,0x0
6187,1118,master,0x06000464,read,0x20004020,1,0x0
6188,1118,master,0x06000464,read,0x20004020,1,0x0
6189,1118,master,0x06000464,read,0x20004020,1,0x0
6190,1118,master,0x06000464,read,0x20004020,1,0x0
6191,1118,master,0x06000464,read,0x20004020,1,0x0
6192,1118,master,0x06000464,read,0x20004020,1,0x1
6193,1118,master,0x0600046A,read,0x20004021,1,0x22
6194,1118,master,0x06000464,read,0x20004020,1,0x0
6195,1118,master,0x06000464,read,0x20004020,1,0x0
6196,1118,master,0x06000464,read,0x20004020,1,0x0
6197,1118,master,0x06000464,read,0x20004020,1,0x0
6198,1118,master,0x06000464,read,0x20004020,1,0x0
6199,1118,master,0x06000464,read,0x20004020,1,0x0
6200,1118,master,0x06000464,read,0x20004020,1,0x0
6201,1118,master,0x06000464,read,0x20004020,1,0x0
6202,1118,master,0x06000464,read,0x20004020,1,0x0
6203,1118,master,0x06000464,read,0x20004020,1,0x1
6204,1118,master,0x0600046A,read,0x20004021,1,0x22
6205,1118,master,0x06000464,read,0x20004020,1,0x0
6206,1118,master,0x06000464,read,0x20004020,1,0x0
6207,1118,master,0x06000464,read,0x20004020,1,0x0
6208,1118,master,0x06000464,read,0x20004020,1,0x0
6209,1118,master,0x06000464,read,0x20004020,1,0x0
6210,1118,master,0x06000464,read,0x20004020,1,0x0
6211,1118,master,0x06000464,read,0x20004020,1,0x0
6212,1118,master,0x06000464,read,0x20004020,1,0x0
6213,1118,master,0x06000464,read,0x20004020,1,0x0
6214,1118,master,0x06000464,read,0x20004020,1,0x1
6215,1118,master,0x0600046A,read,0x20004021,1,0x22
6216,1118,master,0x06000464,read,0x20004020,1,0x0
6217,1118,master,0x06000464,read,0x20004020,1,0x0
6218,1118,master,0x06000464,read,0x20004020,1,0x0
6219,1118,master,0x06000464,read,0x20004020,1,0x0
6220,1118,master,0x06000464,read,0x20004020,1,0x0
6221,1118,master,0x06000464,read,0x20004020,1,0x0
6222,1118,master,0x06000464,read,0x20004020,1,0x0
6223,1118,master,0x06000464,read,0x20004020,1,0x0
6224,1118,master,0x06000464,read,0x20004020,1,0x0
6225,1118,master,0x06000464,read,0x20004020,1,0x1
6226,1118,master,0x0600046A,read,0x20004021,1,0x22
6227,1118,master,0x06000464,read,0x20004020,1,0x0
6228,1118,master,0x06000464,read,0x20004020,1,0x0
6229,1118,master,0x06000464,read,0x20004020,1,0x0
6230,1118,master,0x06000464,read,0x20004020,1,0x0
6231,1118,master,0x06000464,read,0x20004020,1,0x0
6232,1118,master,0x06000464,read,0x20004020,1,0x0
6233,1118,master,0x06000464,read,0x20004020,1,0x0
6234,1118,master,0x06000464,read,0x20004020,1,0x0
6235,1118,master,0x06000464,read,0x20004020,1,0x0
6236,1118,master,0x06000464,read,0x20004020,1,0x1
6237,1118,master,0x0600046A,read,0x20004021,1,0x22
6238,1118,master,0x06000464,read,0x20004020,1,0x0
6239,1118,master,0x06000464,read,0x20004020,1,0x0
6240,1118,master,0x06000464,read,0x20004020,1,0x0
6241,1118,master,0x06000464,read,0x20004020,1,0x0
6242,1118,master,0x06000464,read,0x20004020,1,0x0
6243,1118,master,0x06000464,read,0x20004020,1,0x0
6244,1118,master,0x06000464,read,0x20004020,1,0x0
6245,1118,master,0x06000464,read,0x20004020,1,0x0
6246,1118,master,0x06000464,read,0x20004020,1,0x0
6247,1118,master,0x06000464,read,0x20004020,1,0x1
6248,1118,master,0x0600046A,read,0x20004021,1,0x22
6249,1118,master,0x06000464,read,0x20004020,1,0x0
6250,1118,master,0x06000464,read,0x20004020,1,0x0
6251,1118,master,0x06000464,read,0x20004020,1,0x0
6252,1118,master,0x06000464,read,0x20004020,1,0x0
6253,1118,master,0x06000464,read,0x20004020,1,0x0
6254,1118,master,0x06000464,read,0x20004020,1,0x0
6255,1118,master,0x06000464,read,0x20004020,1,0x0
6256,1118,master,0x06000464,read,0x20004020,1,0x0
6257,1118,master,0x06000464,read,0x20004020,1,0x0
6258,1118,master,0x06000464,read,0x20004020,1,0x1
6259,1118,master,0x0600046A,read,0x20004021,1,0x22
6260,1118,master,0x06000464,read,0x20004020,1,0x0
6261,1118,master,0x06000464,read,0x20004020,1,0x0
6262,1118,master,0x06000464,read,0x20004020,1,0x0
6263,1118,master,0x06000464,read,0x20004020,1,0x0
6264,1118,master,0x06000464,read,0x20004020,1,0x0
6265,1118,master,0x06000464,read,0x20004020,1,0x0
6266,1118,master,0x06000464,read,0x20004020,1,0x0
6267,1118,master,0x06000464,read,0x20004020,1,0x0
6268,1118,master,0x06000464,read,0x20004020,1,0x0
6269,1118,master,0x06000464,read,0x20004020,1,0x1
6270,1118,master,0x0600046A,read,0x20004021,1,0x2B
6271,1120,master,0x06000464,read,0x20004020,1,0x0
6272,1120,master,0x06000464,read,0x20004020,1,0x0
6273,1120,master,0x06000464,read,0x20004020,1,0x0
6274,1120,master,0x06000464,read,0x20004020,1,0x0
6275,1120,master,0x06000464,read,0x20004020,1,0x0
6276,1120,master,0x06000464,read,0x20004020,1,0x0
6277,1120,master,0x06000464,read,0x20004020,1,0x0
6278,1120,master,0x06000464,read,0x20004020,1,0x0
6279,1120,master,0x06000464,read,0x20004020,1,0x0
6280,1120,master,0x06000464,read,0x20004020,1,0x0
6281,1120,master,0x06000464,read,0x20004020,1,0x1
6282,1120,master,0x0600046A,read,0x20004021,1,0x22
6283,1120,master,0x06000464,read,0x20004020,1,0x0
6284,1120,master,0x06000464,read,0x20004020,1,0x0
6285,1120,master,0x06000464,read,0x20004020,1,0x0
6286,1120,master,0x06000464,read,0x20004020,1,0x0
6287,1120,master,0x06000464,read,0x20004020,1,0x0
6288,1120,master,0x06000464,read,0x20004020,1,0x0
6289,1120,master,0x06000464,read,0x20004020,1,0x0
6290,1120,master,0x06000464,read,0x20004020,1,0x0
6291,1120,master,0x06000464,read,0x20004020,1,0x0
6292,1120,master,0x06000464,read,0x20004020,1,0x1
6293,1120,master,0x0600046A,read,0x20004021,1,0x22
6294,1120,master,0x06000464,read,0x20004020,1,0x0
6295,1120,master,0x06000464,read,0x20004020,1,0x0
6296,1120,master,0x06000464,read,0x20004020,1,0x0
6297,1120,master,0x06000464,read,0x20004020,1,0x0
6298,1120,master,0x06000464,read,0x20004020,1,0x0
6299,1120,master,0x06000464,read,0x20004020,1,0x0
6300,1120,master,0x06000464,read,0x20004020,1,0x0
6301,1120,master,0x06000464,read,0x20004020,1,0x0
6302,1120,master,0x06000464,read,0x20004020,1,0x0
6303,1120,master,0x06000464,read,0x20004020,1,0x1
6304,1120,master,0x0600046A,read,0x20004021,1,0x22
6305,1121,master,0x06000464,read,0x20004020,1,0x0
6306,1121,master,0x06000464,read,0x20004020,1,0x0
6307,1121,master,0x06000464,read,0x20004020,1,0x0
6308,1121,master,0x06000464,read,0x20004020,1,0x0
6309,1121,master,0x06000464,read,0x20004020,1,0x0
6310,1121,master,0x06000464,read,0x20004020,1,0x0
6311,1121,master,0x06000464,read,0x20004020,1,0x0
6312,1121,master,0x06000464,read,0x20004020,1,0x0
6313,1121,master,0x06000464,read,0x20004020,1,0x0
6314,1121,master,0x06000464,read,0x20004020,1,0x1
6315,1121,master,0x0600046A,read,0x20004021,1,0x22
6316,1121,master,0x06000464,read,0x20004020,1,0x0
6317,1121,master,0x06000464,read,0x20004020,1,0x0
6318,1121,master,0x06000464,read,0x20004020,1,0x0
6319,1121,master,0x06000464,read,0x20004020,1,0x0
6320,1121,master,0x06000464,read,0x20004020,1,0x0
6321,1121,master,0x06000464,read,0x20004020,1,0x0
6322,1121,master,0x06000464,read,0x20004020,1,0x0
6323,1121,master,0x06000464,read,0x20004020,1,0x0
6324,1121,master,0x06000464,read,0x20004020,1,0x0
6325,1121,master,0x06000464,read,0x20004020,1,0x1
6326,1121,master,0x0600046A,read,0x20004021,1,0x22
6327,1121,master,0x06000464,read,0x20004020,1,0x0
6328,1121,master,0x06000464,read,0x20004020,1,0x0
6329,1121,master,0x06000464,read,0x20004020,1,0x0
6330,1121,master,0x06000464,read,0x20004020,1,0x0
6331,1121,master,0x06000464,read,0x20004020,1,0x0
6332,1121,master,0x06000464,read,0x20004020,1,0x0
6333,1121,master,0x06000464,read,0x20004020,1,0x0
6334,1121,master,0x06000464,read,0x20004020,1,0x0
6335,1121,master,0x06000464,read,0x20004020,1,0x0
6336,1121,master,0x06000464,read,0x20004020,1,0x1
6337,1121,master,0x0600046A,read,0x20004021,1,0x22
6338,1121,master,0x06000464,read,0x20004020,1,0x0
6339,1121,master,0x06000464,read,0x20004020,1,0x0
6340,1121,master,0x06000464,read,0x20004020,1,0x0
6341,1121,master,0x06000464,read,0x20004020,1,0x0
6342,1121,master,0x06000464,read,0x20004020,1,0x0
6343,1121,master,0x06000464,read,0x20004020,1,0x0
6344,1121,master,0x06000464,read,0x20004020,1,0x0
6345,1121,master,0x06000464,read,0x20004020,1,0x0
6346,1121,master,0x06000464,read,0x20004020,1,0x0
6347,1121,master,0x06000464,read,0x20004020,1,0x1
6348,1121,master,0x0600046A,read,0x20004021,1,0x22
6349,1121,master,0x06000464,read,0x20004020,1,0x0
6350,1121,master,0x06000464,read,0x20004020,1,0x0
6351,1121,master,0x06000464,read,0x20004020,1,0x0
6352,1121,master,0x06000464,read,0x20004020,1,0x0
6353,1121,master,0x06000464,read,0x20004020,1,0x0
6354,1121,master,0x06000464,read,0x20004020,1,0x0
6355,1121,master,0x06000464,read,0x20004020,1,0x0
6356,1121,master,0x06000464,read,0x20004020,1,0x0
6357,1121,master,0x06000464,read,0x20004020,1,0x0
6358,1121,master,0x06000464,read,0x20004020,1,0x1
6359,1121,master,0x0600046A,read,0x20004021,1,0x22
6360,1121,master,0x06000464,read,0x20004020,1,0x0
6361,1121,master,0x06000464,read,0x20004020,1,0x0
6362,1121,master,0x06000464,read,0x20004020,1,0x0
6363,1121,master,0x06000464,read,0x20004020,1,0x0
6364,1121,master,0x06000464,read,0x20004020,1,0x0
6365,1121,master,0x06000464,read,0x20004020,1,0x0
6366,1121,master,0x06000464,read,0x20004020,1,0x0
6367,1121,master,0x06000464,read,0x20004020,1,0x0
6368,1121,master,0x06000464,read,0x20004020,1,0x0
6369,1121,master,0x06000464,read,0x20004020,1,0x1
6370,1121,master,0x0600046A,read,0x20004021,1,0x22
6371,1121,master,0x06000464,read,0x20004020,1,0x0
6372,1121,master,0x06000464,read,0x20004020,1,0x0
6373,1121,master,0x06000464,read,0x20004020,1,0x0
6374,1121,master,0x06000464,read,0x20004020,1,0x0
6375,1121,master,0x06000464,read,0x20004020,1,0x0
6376,1121,master,0x06000464,read,0x20004020,1,0x0
6377,1121,master,0x06000464,read,0x20004020,1,0x0
6378,1121,master,0x06000464,read,0x20004020,1,0x0
6379,1121,master,0x06000464,read,0x20004020,1,0x0
6380,1121,master,0x06000464,read,0x20004020,1,0x1
6381,1121,master,0x0600046A,read,0x20004021,1,0x22
6382,1121,master,0x06000464,read,0x20004020,1,0x0
6383,1121,master,0x06000464,read,0x20004020,1,0x0
6384,1121,master,0x06000464,read,0x20004020,1,0x0
6385,1121,master,0x06000464,read,0x20004020,1,0x0
6386,1121,master,0x06000464,read,0x20004020,1,0x0
6387,1121,master,0x06000464,read,0x20004020,1,0x0
6388,1121,master,0x06000464,read,0x20004020,1,0x0
6389,1121,master,0x06000464,read,0x20004020,1,0x0
6390,1121,master,0x06000464,read,0x20004020,1,0x0
6391,1121,master,0x06000464,read,0x20004020,1,0x1
6392,1121,master,0x0600046A,read,0x20004021,1,0x22
6393,1121,master,0x06000464,read,0x20004020,1,0x0
6394,1121,master,0x06000464,read,0x20004020,1,0x0
6395,1121,master,0x06000464,read,0x20004020,1,0x0
6396,1121,master,0x06000464,read,0x20004020,1,0x0
6397,1121,master,0x06000464,read,0x20004020,1,0x0
6398,1121,master,0x06000464,read,0x20004020,1,0x0
6399,1121,master,0x06000464,read,0x20004020,1,0x0
6400,1121,master,0x06000464,read,0x20004020,1,0x0
6401,1121,master,0x06000464,read,0x20004020,1,0x0
6402,1121,master,0x06000464,read,0x20004020,1,0x1
6403,1121,master,0x0600046A,read,0x20004021,1,0x22
6404,1121,master,0x06000464,read,0x20004020,1,0x0
6405,1121,master,0x06000464,read,0x20004020,1,0x0
6406,1121,master,0x06000464,read,0x20004020,1,0x0
6407,1121,master,0x06000464,read,0x20004020,1,0x0
6408,1121,master,0x06000464,read,0x20004020,1,0x0
6409,1121,master,0x06000464,read,0x20004020,1,0x0
6410,1121,master,0x06000464,read,0x20004020,1,0x0
6411,1121,master,0x06000464,read,0x20004020,1,0x0
6412,1121,master,0x06000464,read,0x20004020,1,0x0
6413,1121,master,0x06000464,read,0x20004020,1,0x1
6414,1121,master,0x0600046A,read,0x20004021,1,0x22
6415,1121,master,0x06000464,read,0x20004020,1,0x0
6416,1121,master,0x06000464,read,0x20004020,1,0x0
6417,1121,master,0x06000464,read,0x20004020,1,0x0
6418,1121,master,0x06000464,read,0x20004020,1,0x0
6419,1121,master,0x06000464,read,0x20004020,1,0x0
6420,1121,master,0x06000464,read,0x20004020,1,0x0
6421,1121,master,0x06000464,read,0x20004020,1,0x0
6422,1121,master,0x06000464,read,0x20004020,1,0x0
6423,1121,master,0x06000464,read,0x20004020,1,0x0
6424,1121,master,0x06000464,read,0x20004020,1,0x1
6425,1121,master,0x0600046A,read,0x20004021,1,0x22
6426,1121,master,0x06000464,read,0x20004020,1,0x0
6427,1121,master,0x06000464,read,0x20004020,1,0x0
6428,1121,master,0x06000464,read,0x20004020,1,0x0
6429,1121,master,0x06000464,read,0x20004020,1,0x0
6430,1121,master,0x06000464,read,0x20004020,1,0x0
6431,1121,master,0x06000464,read,0x20004020,1,0x0
6432,1121,master,0x06000464,read,0x20004020,1,0x0
6433,1121,master,0x06000464,read,0x20004020,1,0x0
6434,1121,master,0x06000464,read,0x20004020,1,0x0
6435,1121,master,0x06000464,read,0x20004020,1,0x1
6436,1121,master,0x0600046A,read,0x20004021,1,0x22
6437,1121,master,0x06000464,read,0x20004020,1,0x0
6438,1121,master,0x06000464,read,0x20004020,1,0x0
6439,1121,master,0x06000464,read,0x20004020,1,0x0
6440,1121,master,0x06000464,read,0x20004020,1,0x0
6441,1121,master,0x06000464,read,0x20004020,1,0x0
6442,1121,master,0x06000464,read,0x20004020,1,0x0
6443,1121,master,0x06000464,read,0x20004020,1,0x0
6444,1121,master,0x06000464,read,0x20004020,1,0x0
6445,1121,master,0x06000464,read,0x20004020,1,0x0
6446,1121,master,0x06000464,read,0x20004020,1,0x1
6447,1121,master,0x0600046A,read,0x20004021,1,0x22
6448,1121,master,0x06000464,read,0x20004020,1,0x0
6449,1121,master,0x06000464,read,0x20004020,1,0x0
6450,1121,master,0x06000464,read,0x20004020,1,0x0
6451,1121,master,0x06000464,read,0x20004020,1,0x0
6452,1121,master,0x06000464,read,0x20004020,1,0x0
6453,1121,master,0x06000464,read,0x20004020,1,0x0
6454,1121,master,0x06000464,read,0x20004020,1,0x0
6455,1121,master,0x06000464,read,0x20004020,1,0x0
6456,1121,master,0x06000464,read,0x20004020,1,0x0
6457,1121,master,0x06000464,read,0x20004020,1,0x1
6458,1121,master,0x0600046A,read,0x20004021,1,0x22
6459,1121,master,0x06000464,read,0x20004020,1,0x0
6460,1121,master,0x06000464,read,0x20004020,1,0x0
6461,1121,master,0x06000464,read,0x20004020,1,0x0
6462,1121,master,0x06000464,read,0x20004020,1,0x0
6463,1121,master,0x06000464,read,0x20004020,1,0x0
6464,1121,master,0x06000464,read,0x20004020,1,0x0
6465,1121,master,0x06000464,read,0x20004020,1,0x0
6466,1121,master,0x06000464,read,0x20004020,1,0x0
6467,1121,master,0x06000464,read,0x20004020,1,0x0
6468,1121,master,0x06000464,read,0x20004020,1,0x1
6469,1121,master,0x0600046A,read,0x20004021,1,0x22
6470,1121,master,0x06000464,read,0x20004020,1,0x0
6471,1121,master,0x06000464,read,0x20004020,1,0x0
6472,1121,master,0x06000464,read,0x20004020,1,0x0
6473,1121,master,0x06000464,read,0x20004020,1,0x0
6474,1121,master,0x06000464,read,0x20004020,1,0x0
6475,1121,master,0x06000464,read,0x20004020,1,0x0
6476,1121,master,0x06000464,read,0x20004020,1,0x0
6477,1121,master,0x06000464,read,0x20004020,1,0x0
6478,1121,master,0x06000464,read,0x20004020,1,0x0
6479,1121,master,0x06000464,read,0x20004020,1,0x1
6480,1121,master,0x0600046A,read,0x20004021,1,0x22
6481,1121,master,0x06000464,read,0x20004020,1,0x0
6482,1121,master,0x06000464,read,0x20004020,1,0x0
6483,1121,master,0x06000464,read,0x20004020,1,0x0
6484,1121,master,0x06000464,read,0x20004020,1,0x0
6485,1121,master,0x06000464,read,0x20004020,1,0x0
6486,1121,master,0x06000464,read,0x20004020,1,0x0
6487,1121,master,0x06000464,read,0x20004020,1,0x0
6488,1121,master,0x06000464,read,0x20004020,1,0x0
6489,1121,master,0x06000464,read,0x20004020,1,0x0
6490,1121,master,0x06000464,read,0x20004020,1,0x1
6491,1121,master,0x0600046A,read,0x20004021,1,0x2B
6492,1123,master,0x06000464,read,0x20004020,1,0x0
6493,1123,master,0x06000464,read,0x20004020,1,0x0
6494,1123,master,0x06000464,read,0x20004020,1,0x0
6495,1123,master,0x06000464,read,0x20004020,1,0x0
6496,1123,master,0x06000464,read,0x20004020,1,0x0
6497,1123,master,0x06000464,read,0x20004020,1,0x0
6498,1123,master,0x06000464,read,0x20004020,1,0x0
6499,1123,master,0x06000464,read,0x20004020,1,0x0
6500,1123,master,0x06000464,read,0x20004020,1,0x0
6501,1123,master,0x06000464,read,0x20004020,1,0x0
6502,1123,master,0x06000464,read,0x20004020,1,0x1
6503,1123,master,0x0600046A,read,0x20004021,1,0x22
6504,1123,master,0x06000464,read,0x20004020,1,0x0
6505,1123,master,0x06000464,read,0x20004020,1,0x0
6506,1123,master,0x06000464,read,0x20004020,1,0x0
6507,1123,master,0x06000464,read,0x20004020,1,0x0
6508,1123,master,0x06000464,read,0x20004020,1,0x0
6509,1123,master,0x06000464,read,0x20004020,1,0x0
6510,1123,master,0x06000464,read,0x20004020,1,0x0
6511,1123,master,0x06000464,read,0x20004020,1,0x0
6512,1123,master,0x06000464,read,0x20004020,1,0x0
6513,1123,master,0x06000464,read,0x20004020,2,0x0
6514,1124,master,0x06000464,read,0x20004020,1,0x1
6515,1124,master,0x0600046A,read,0x20004021,1,0x22
6516,1124,master,0x06000464,read,0x20004020,1,0x0
6517,1124,master,0x06000464,read,0x20004020,1,0x0
6518,1124,master,0x06000464,read,0x20004020,1,0x0
6519,1124,master,0x06000464,read,0x20004020,1,0x0
6520,1124,master,0x06000464,read,0x20004020,1,0x0
6521,1124,master,0x06000464,read,0x20004020,1,0x0
6522,1124,master,0x06000464,read,0x20004020,1,0x0
6523,1124,master,0x06000464,read,0x20004020,1,0x0
6524,1124,master,0x06000464,read,0x20004020,1,0x0
6525,1124,master,0x06000464,read,0x20004020,1,0x1
6526,1124,master,0x0600046A,read,0x20004021,1,0x22
6527,1124,master,0x06000464,read,0x20004020,1,0x0
6528,1124,master,0x06000464,read,0x20004020,1,0x0
6529,1124,master,0x06000464,read,0x20004020,1,0x0
6530,1124,master,0x06000464,read,0x20004020,1,0x0
6531,1124,master,0x06000464,read,0x20004020,1,0x0
6532,1124,master,0x06000464,read,0x20004020,1,0x0
6533,1124,master,0x06000464,read,0x20004020,1,0x0
6534,1124,master,0x06000464,read,0x20004020,1,0x0
6535,1124,master,0x06000464,read,0x20004020,1,0x0
6536,1124,master,0x06000464,read,0x20004020,1,0x1
6537,1124,master,0x0600046A,read,0x20004021,1,0x22
6538,1124,master,0x06000464,read,0x20004020,1,0x0
6539,1124,master,0x06000464,read,0x20004020,1,0x0
6540,1124,master,0x06000464,read,0x20004020,1,0x0
6541,1124,master,0x06000464,read,0x20004020,1,0x0
6542,1124,master,0x06000464,read,0x20004020,1,0x0
6543,1124,master,0x06000464,read,0x20004020,1,0x0
6544,1124,master,0x06000464,read,0x20004020,1,0x0
6545,1124,master,0x06000464,read,0x20004020,1,0x0
6546,1124,master,0x06000464,read,0x20004020,1,0x0
6547,1124,master,0x06000464,read,0x20004020,1,0x1
6548,1124,master,0x0600046A,read,0x20004021,1,0x22
6549,1124,master,0x06000464,read,0x20004020,1,0x0
6550,1124,master,0x06000464,read,0x20004020,1,0x0
6551,1124,master,0x06000464,read,0x20004020,1,0x0
6552,1124,master,0x06000464,read,0x20004020,1,0x0
6553,1124,master,0x06000464,read,0x20004020,1,0x0
6554,1124,master,0x06000464,read,0x20004020,1,0x0
6555,1124,master,0x06000464,read,0x20004020,1,0x0
6556,1124,master,0x06000464,read,0x20004020,1,0x0
6557,1124,master,0x06000464,read,0x20004020,1,0x0
6558,1124,master,0x06000464,read,0x20004020,1,0x1
6559,1124,master,0x0600046A,read,0x20004021,1,0x22
6560,1124,master,0x06000464,read,0x20004020,1,0x0
6561,1124,master,0x06000464,read,0x20004020,1,0x0
6562,1124,master,0x06000464,read,0x20004020,1,0x0
6563,1124,master,0x06000464,read,0x20004020,1,0x0
6564,1124,master,0x06000464,read,0x20004020,1,0x0
6565,1124,master,0x06000464,read,0x20004020,1,0x0
6566,1124,master,0x06000464,read,0x20004020,1,0x0
6567,1124,master,0x06000464,read,0x20004020,1,0x0
6568,1124,master,0x06000464,read,0x20004020,1,0x0
6569,1124,master,0x06000464,read,0x20004020,1,0x1
6570,1124,master,0x0600046A,read,0x20004021,1,0x22
6571,1124,master,0x06000464,read,0x20004020,1,0x0
6572,1124,master,0x06000464,read,0x20004020,1,0x0
6573,1124,master,0x06000464,read,0x20004020,1,0x0
6574,1124,master,0x06000464,read,0x20004020,1,0x0
6575,1124,master,0x06000464,read,0x20004020,1,0x0
6576,1124,master,0x06000464,read,0x20004020,1,0x0
6577,1124,master,0x06000464,read,0x20004020,1,0x0
6578,1124,master,0x06000464,read,0x20004020,1,0x0
6579,1124,master,0x06000464,read,0x20004020,1,0x0
6580,1124,master,0x06000464,read,0x20004020,1,0x1
6581,1124,master,0x0600046A,read,0x20004021,1,0x22
6582,1124,master,0x06000464,read,0x20004020,1,0x0
6583,1124,master,0x06000464,read,0x20004020,1,0x0
6584,1124,master,0x06000464,read,0x20004020,1,0x0
6585,1124,master,0x06000464,read,0x20004020,1,0x0
6586,1124,master,0x06000464,read,0x20004020,1,0x0
6587,1124,master,0x06000464,read,0x20004020,1,0x0
6588,1124,master,0x06000464,read,0x20004020,1,0x0
6589,1124,master,0x06000464,read,0x20004020,1,0x0
6590,1124,master,0x06000464,read,0x20004020,1,0x0
6591,1124,master,0x06000464,read,0x20004020,1,0x1
6592,1124,master,0x0600046A,read,0x20004021,1,0x22
6593,1124,master,0x06000464,read,0x20004020,1,0x0
6594,1124,master,0x06000464,read,0x20004020,1,0x0
6595,1124,master,0x06000464,read,0x20004020,1,0x0
6596,1124,master,0x06000464,read,0x20004020,1,0x0
6597,1124,master,0x06000464,read,0x20004020,1,0x0
6598,1124,master,0x06000464,read,0x20004020,1,0x0
6599,1124,master,0x06000464,read,0x20004020,1,0x0
6600,1124,master,0x06000464,read,0x20004020,1,0x0
6601,1124,master,0x06000464,read,0x20004020,1,0x0
6602,1124,master,0x06000464,read,0x20004020,1,0x1
6603,1124,master,0x0600046A,read,0x20004021,1,0x22
6604,1124,master,0x06000464,read,0x20004020,1,0x0
6605,1124,master,0x06000464,read,0x20004020,1,0x0
6606,1124,master,0x06000464,read,0x20004020,1,0x0
6607,1124,master,0x06000464,read,0x20004020,1,0x0
6608,1124,master,0x06000464,read,0x20004020,1,0x0
6609,1124,master,0x06000464,read,0x20004020,1,0x0
6610,1124,master,0x06000464,read,0x20004020,1,0x0
6611,1124,master,0x06000464,read,0x20004020,1,0x0
6612,1124,master,0x06000464,read,0x20004020,1,0x0
6613,1124,master,0x06000464,read,0x20004020,1,0x1
6614,1124,master,0x0600046A,read,0x20004021,1,0x22
6615,1124,master,0x06000464,read,0x20004020,1,0x0
6616,1124,master,0x06000464,read,0x20004020,1,0x0
6617,1124,master,0x06000464,read,0x20004020,1,0x0
6618,1124,master,0x06000464,read,0x20004020,1,0x0
6619,1124,master,0x06000464,read,0x20004020,1,0x0
6620,1124,master,0x06000464,read,0x20004020,1,0x0
6621,1124,master,0x06000464,read,0x20004020,1,0x0
6622,1124,master,0x06000464,read,0x20004020,1,0x0
6623,1124,master,0x06000464,read,0x20004020,1,0x0
6624,1124,master,0x06000464,read,0x20004020,1,0x1
6625,1124,master,0x0600046A,read,0x20004021,1,0x22
6626,1124,master,0x06000464,read,0x20004020,1,0x0
6627,1124,master,0x06000464,read,0x20004020,1,0x0
6628,1124,master,0x06000464,read,0x20004020,1,0x0
6629,1124,master,0x06000464,read,0x20004020,1,0x0
6630,1124,master,0x06000464,read,0x20004020,1,0x0
6631,1124,master,0x06000464,read,0x20004020,1,0x0
6632,1124,master,0x06000464,read,0x20004020,1,0x0
6633,1124,master,0x06000464,read,0x20004020,1,0x0
6634,1124,master,0x06000464,read,0x20004020,1,0x0
6635,1124,master,0x06000464,read,0x20004020,1,0x1
6636,1124,master,0x0600046A,read,0x20004021,1,0x22
6637,1124,master,0x06000464,read,0x20004020,1,0x0
6638,1124,master,0x06000464,read,0x20004020,1,0x0
6639,1124,master,0x06000464,read,0x20004020,1,0x0
6640,1124,master,0x06000464,read,0x20004020,1,0x0
6641,1124,master,0x06000464,read,0x20004020,1,0x0
6642,1124,master,0x06000464,read,0x20004020,1,0x0
6643,1124,master,0x06000464,read,0x20004020,1,0x0
6644,1124,master,0x06000464,read,0x20004020,1,0x0
6645,1124,master,0x06000464,read,0x20004020,1,0x0
6646,1124,master,0x06000464,read,0x20004020,1,0x1
6647,1124,master,0x0600046A,read,0x20004021,1,0x22
6648,1124,master,0x06000464,read,0x20004020,1,0x0
6649,1124,master,0x06000464,read,0x20004020,1,0x0
6650,1124,master,0x06000464,read,0x20004020,1,0x0
6651,1124,master,0x06000464,read,0x20004020,1,0x0
6652,1124,master,0x06000464,read,0x20004020,1,0x0
6653,1124,master,0x06000464,read,0x20004020,1,0x0
6654,1124,master,0x06000464,read,0x20004020,1,0x0
6655,1124,master,0x06000464,read,0x20004020,1,0x0
6656,1124,master,0x06000464,read,0x20004020,1,0x0
6657,1124,master,0x06000464,read,0x20004020,1,0x1
6658,1124,master,0x0600046A,read,0x20004021,1,0x22
6659,1124,master,0x06000464,read,0x20004020,1,0x0
6660,1124,master,0x06000464,read,0x20004020,1,0x0
6661,1124,master,0x06000464,read,0x20004020,1,0x0
6662,1124,master,0x06000464,read,0x20004020,1,0x0
6663,1124,master,0x06000464,read,0x20004020,1,0x0
6664,1124,master,0x06000464,read,0x20004020,1,0x0
6665,1124,master,0x06000464,read,0x20004020,1,0x0
6666,1124,master,0x06000464,read,0x20004020,1,0x0
6667,1124,master,0x06000464,read,0x20004020,1,0x0
6668,1124,master,0x06000464,read,0x20004020,1,0x1
6669,1124,master,0x0600046A,read,0x20004021,1,0x22
6670,1124,master,0x06000464,read,0x20004020,1,0x0
6671,1124,master,0x06000464,read,0x20004020,1,0x0
6672,1124,master,0x06000464,read,0x20004020,1,0x0
6673,1124,master,0x06000464,read,0x20004020,1,0x0
6674,1124,master,0x06000464,read,0x20004020,1,0x0
6675,1124,master,0x06000464,read,0x20004020,1,0x0
6676,1124,master,0x06000464,read,0x20004020,1,0x0
6677,1124,master,0x06000464,read,0x20004020,1,0x0
6678,1124,master,0x06000464,read,0x20004020,1,0x0
6679,1124,master,0x06000464,read,0x20004020,1,0x1
6680,1124,master,0x0600046A,read,0x20004021,1,0x22
6681,1124,master,0x06000464,read,0x20004020,1,0x0
6682,1124,master,0x06000464,read,0x20004020,1,0x0
6683,1124,master,0x06000464,read,0x20004020,1,0x0
6684,1124,master,0x06000464,read,0x20004020,1,0x0
6685,1124,master,0x06000464,read,0x20004020,1,0x0
6686,1124,master,0x06000464,read,0x20004020,1,0x0
6687,1124,master,0x06000464,read,0x20004020,1,0x0
6688,1124,master,0x06000464,read,0x20004020,1,0x0
6689,1124,master,0x06000464,read,0x20004020,1,0x0
6690,1124,master,0x06000464,read,0x20004020,1,0x1
6691,1124,master,0x0600046A,read,0x20004021,1,0x22
6692,1124,master,0x06000464,read,0x20004020,1,0x0
6693,1124,master,0x06000464,read,0x20004020,1,0x0
6694,1124,master,0x06000464,read,0x20004020,1,0x0
6695,1124,master,0x06000464,read,0x20004020,1,0x0
6696,1124,master,0x06000464,read,0x20004020,1,0x0
6697,1124,master,0x06000464,read,0x20004020,1,0x0
6698,1124,master,0x06000464,read,0x20004020,1,0x0
6699,1124,master,0x06000464,read,0x20004020,1,0x0
6700,1124,master,0x06000464,read,0x20004020,1,0x0
6701,1124,master,0x06000464,read,0x20004020,1,0x1
6702,1124,master,0x0600046A,read,0x20004021,1,0x22
6703,1124,master,0x06000464,read,0x20004020,1,0x0
6704,1124,master,0x06000464,read,0x20004020,1,0x0
6705,1124,master,0x06000464,read,0x20004020,1,0x0
6706,1124,master,0x06000464,read,0x20004020,1,0x0
6707,1124,master,0x06000464,read,0x20004020,1,0x0
6708,1124,master,0x06000464,read,0x20004020,1,0x0
6709,1124,master,0x06000464,read,0x20004020,1,0x0
6710,1124,master,0x06000464,read,0x20004020,1,0x0
6711,1124,master,0x06000464,read,0x20004020,1,0x0
6712,1124,master,0x06000464,read,0x20004020,1,0x1
6713,1124,master,0x0600046A,read,0x20004021,1,0x2B
6714,1126,master,0x06000464,read,0x20004020,1,0x0
6715,1126,master,0x06000464,read,0x20004020,1,0x0
6716,1126,master,0x06000464,read,0x20004020,1,0x0
6717,1126,master,0x06000464,read,0x20004020,1,0x0
6718,1126,master,0x06000464,read,0x20004020,1,0x0
6719,1126,master,0x06000464,read,0x20004020,1,0x0
6720,1126,master,0x06000464,read,0x20004020,1,0x0
6721,1126,master,0x06000464,read,0x20004020,1,0x0
6722,1126,master,0x06000464,read,0x20004020,1,0x0
6723,1126,master,0x06000464,read,0x20004020,1,0x0
6724,1126,master,0x06000464,read,0x20004020,1,0x1
6725,1126,master,0x0600046A,read,0x20004021,1,0x22
6726,1126,master,0x06000464,read,0x20004020,1,0x0
6727,1126,master,0x06000464,read,0x20004020,1,0x0
6728,1126,master,0x06000464,read,0x20004020,1,0x0
6729,1126,master,0x06000464,read,0x20004020,1,0x0
6730,1126,master,0x06000464,read,0x20004020,1,0x0
6731,1126,master,0x06000464,read,0x20004020,1,0x0
6732,1126,master,0x06000464,read,0x20004020,1,0x0
6733,1126,master,0x06000464,read,0x20004020,1,0x0
6734,1126,master,0x06000464,read,0x20004020,1,0x0
6735,1126,master,0x06000464,read,0x20004020,1,0x1
6736,1126,master,0x0600046A,read,0x20004021,1,0x22
6737,1126,master,0x06000464,read,0x20004020,1,0x0
6738,1126,master,0x06000464,read,0x20004020,1,0x0
6739,1126,master,0x06000464,read,0x20004020,1,0x0
6740,1126,master,0x06000464,read,0x20004020,1,0x0
6741,1126,master,0x06000464,read,0x20004020,1,0x0
6742,1126,master,0x06000464,read,0x20004020,1,0x0
6743,1126,master,0x06000464,read,0x20004020,1,0x0
6744,1126,master,0x06000464,read,0x20004020,1,0x0
6745,1126,master,0x06000464,read,0x20004020,1,0x0
6746,1126,master,0x06000464,read,0x20004020,2,0x0
6747,1127,master,0x06000464,read,0x20004020,1,0x1
6748,1127,master,0x0600046A,read,0x20004021,1,0x22
6749,1127,master,0x06000464,read,0x20004020,1,0x0
6750,1127,master,0x06000464,read,0x20004020,1,0x0
6751,1127,master,0x06000464,read,0x20004020,1,0x0
6752,1127,master,0x06000464,read,0x20004020,1,0x0
6753,1127,master,0x06000464,read,0x20004020,1,0x0
6754,1127,master,0x06000464,read,0x20004020,1,0x0
6755,1127,master,0x06000464,read,0x20004020,1,0x0
6756,1127,master,0x06000464,read,0x20004020,1,0x0
6757,1127,master,0x06000464,read,0x20004020,1,0x0
6758,1127,master,0x06000464,read,0x20004020,1,0x1
6759,1127,master,0x0600046A,read,0x20004021,1,0x22
6760,1127,master,0x06000464,read,0x20004020,1,0x0
6761,1127,master,0x06000464,read,0x20004020,1,0x0
6762,1127,master,0x06000464,read,0x20004020,1,0x0
6763,1127,master,0x06000464,read,0x20004020,1,0x0
6764,1127,master,0x06000464,read,0x20004020,1,0x0
6765,1127,master,0x06000464,read,0x20004020,1,0x0
6766,1127,master,0x06000464,read,0x20004020,1,0x0
6767,1127,master,0x06000464,read,0x20004020,1,0x0
6768,1127,master,0x06000464,read,0x20004020,1,0x0
6769,1127,master,0x06000464,read,0x20004020,1,0x1
6770,1127,master,0x0600046A,read,0x20004021,1,0x22
6771,1127,master,0x06000464,read,0x20004020,1,0x0
6772,1127,master,0x06000464,read,0x20004020,1,0x0
6773,1127,master,0x06000464,read,0x20004020,1,0x0
6774,1127,master,0x06000464,read,0x20004020,1,0x0
6775,1127,master,0x06000464,read,0x20004020,1,0x0
6776,1127,master,0x06000464,read,0x20004020,1,0x0
6777,1127,master,0x06000464,read,0x20004020,1,0x0
6778,1127,master,0x06000464,read,0x20004020,1,0x0
6779,1127,master,0x06000464,read,0x20004020,1,0x0
6780,1127,master,0x06000464,read,0x20004020,1,0x1
6781,1127,master,0x0600046A,read,0x20004021,1,0x22
6782,1127,master,0x06000464,read,0x20004020,1,0x0
6783,1127,master,0x06000464,read,0x20004020,1,0x0
6784,1127,master,0x06000464,read,0x20004020,1,0x0
6785,1127,master,0x06000464,read,0x20004020,1,0x0
6786,1127,master,0x06000464,read,0x20004020,1,0x0
6787,1127,master,0x06000464,read,0x20004020,1,0x0
6788,1127,master,0x06000464,read,0x20004020,1,0x0
6789,1127,master,0x06000464,read,0x20004020,1,0x0
6790,1127,master,0x06000464,read,0x20004020,1,0x0
6791,1127,master,0x06000464,read,0x20004020,1,0x1
6792,1127,master,0x0600046A,read,0x20004021,1,0x22
6793,1127,master,0x06000464,read,0x20004020,1,0x0
6794,1127,master,0x06000464,read,0x20004020,1,0x0
6795,1127,master,0x06000464,read,0x20004020,1,0x0
6796,1127,master,0x06000464,read,0x20004020,1,0x0
6797,1127,master,0x06000464,read,0x20004020,1,0x0
6798,1127,master,0x06000464,read,0x20004020,1,0x0
6799,1127,master,0x06000464,read,0x20004020,1,0x0
6800,1127,master,0x06000464,read,0x20004020,1,0x0
6801,1127,master,0x06000464,read,0x20004020,1,0x0
6802,1127,master,0x06000464,read,0x20004020,1,0x1
6803,1127,master,0x0600046A,read,0x20004021,1,0x22
6804,1127,master,0x06000464,read,0x20004020,1,0x0
6805,1127,master,0x06000464,read,0x20004020,1,0x0
6806,1127,master,0x06000464,read,0x20004020,1,0x0
6807,1127,master,0x06000464,read,0x20004020,1,0x0
6808,1127,master,0x06000464,read,0x20004020,1,0x0
6809,1127,master,0x06000464,read,0x20004020,1,0x0
6810,1127,master,0x06000464,read,0x20004020,1,0x0
6811,1127,master,0x06000464,read,0x20004020,1,0x0
6812,1127,master,0x06000464,read,0x20004020,1,0x0
6813,1127,master,0x06000464,read,0x20004020,1,0x1
6814,1127,master,0x0600046A,read,0x20004021,1,0x22
6815,1127,master,0x06000464,read,0x20004020,1,0x0
6816,1127,master,0x06000464,read,0x20004020,1,0x0
6817,1127,master,0x06000464,read,0x20004020,1,0x0
6818,1127,master,0x06000464,read,0x20004020,1,0x0
6819,1127,master,0x06000464,read,0x20004020,1,0x0
6820,1127,master,0x06000464,read,0x20004020,1,0x0
6821,1127,master,0x06000464,read,0x20004020,1,0x0
6822,1127,master,0x06000464,read,0x20004020,1,0x0
6823,1127,master,0x06000464,read,0x20004020,1,0x0
6824,1127,master,0x06000464,read,0x20004020,1,0x1
6825,1127,master,0x0600046A,read,0x20004021,1,0x22
6826,1127,master,0x06000464,read,0x20004020,1,0x0
6827,1127,master,0x06000464,read,0x20004020,1,0x0
6828,1127,master,0x06000464,read,0x20004020,1,0x0
6829,1127,master,0x06000464,read,0x20004020,1,0x0
6830,1127,master,0x06000464,read,0x20004020,1,0x0
6831,1127,master,0x06000464,read,0x20004020,1,0x0
6832,1127,master,0x06000464,read,0x20004020,1,0x0
6833,1127,master,0x06000464,read,0x20004020,1,0x0
6834,1127,master,0x06000464,read,0x20004020,1,0x0
6835,1127,master,0x06000464,read,0x20004020,1,0x1
6836,1127,master,0x0600046A,read,0x20004021,1,0x22
6837,1127,master,0x06000464,read,0x20004020,1,0x0
6838,1127,master,0x06000464,read,0x20004020,1,0x0
6839,1127,master,0x06000464,read,0x20004020,1,0x0
6840,1127,master,0x06000464,read,0x20004020,1,0x0
6841,1127,master,0x06000464,read,0x20004020,1,0x0
6842,1127,master,0x06000464,read,0x20004020,1,0x0
6843,1127,master,0x06000464,read,0x20004020,1,0x0
6844,1127,master,0x06000464,read,0x20004020,1,0x0
6845,1127,master,0x06000464,read,0x20004020,1,0x0
6846,1127,master,0x06000464,read,0x20004020,1,0x1
6847,1127,master,0x0600046A,read,0x20004021,1,0x22
6848,1127,master,0x06000464,read,0x20004020,1,0x0
6849,1127,master,0x06000464,read,0x20004020,1,0x0
6850,1127,master,0x06000464,read,0x20004020,1,0x0
6851,1127,master,0x06000464,read,0x20004020,1,0x0
6852,1127,master,0x06000464,read,0x20004020,1,0x0
6853,1127,master,0x06000464,read,0x20004020,1,0x0
6854,1127,master,0x06000464,read,0x20004020,1,0x0
6855,1127,master,0x06000464,read,0x20004020,1,0x0
6856,1127,master,0x06000464,read,0x20004020,1,0x0
6857,1127,master,0x06000464,read,0x20004020,1,0x1
6858,1127,master,0x0600046A,read,0x20004021,1,0x22
6859,1127,master,0x06000464,read,0x20004020,1,0x0
6860,1127,master,0x06000464,read,0x20004020,1,0x0
6861,1127,master,0x06000464,read,0x20004020,1,0x0
6862,1127,master,0x06000464,read,0x20004020,1,0x0
6863,1127,master,0x06000464,read,0x20004020,1,0x0
6864,1127,master,0x06000464,read,0x20004020,1,0x0
6865,1127,master,0x06000464,read,0x20004020,1,0x0
6866,1127,master,0x06000464,read,0x20004020,1,0x0
6867,1127,master,0x06000464,read,0x20004020,1,0x0
6868,1127,master,0x06000464,read,0x20004020,1,0x1
6869,1127,master,0x0600046A,read,0x20004021,1,0x22
6870,1127,master,0x06000464,read,0x20004020,1,0x0
6871,1127,master,0x06000464,read,0x20004020,1,0x0
6872,1127,master,0x06000464,read,0x20004020,1,0x0
6873,1127,master,0x06000464,read,0x20004020,1,0x0
6874,1127,master,0x06000464,read,0x20004020,1,0x0
6875,1127,master,0x06000464,read,0x20004020,1,0x0
6876,1127,master,0x06000464,read,0x20004020,1,0x0
6877,1127,master,0x06000464,read,0x20004020,1,0x0
6878,1127,master,0x06000464,read,0x20004020,1,0x0
6879,1127,master,0x06000464,read,0x20004020,1,0x1
6880,1127,master,0x0600046A,read,0x20004021,1,0x22
6881,1127,master,0x06000464,read,0x20004020,1,0x0
6882,1127,master,0x06000464,read,0x20004020,1,0x0
6883,1127,master,0x06000464,read,0x20004020,1,0x0
6884,1127,master,0x06000464,read,0x20004020,1,0x0
6885,1127,master,0x06000464,read,0x20004020,1,0x0
6886,1127,master,0x06000464,read,0x20004020,1,0x0
6887,1127,master,0x06000464,read,0x20004020,1,0x0
6888,1127,master,0x06000464,read,0x20004020,1,0x0
6889,1127,master,0x06000464,read,0x20004020,1,0x0
6890,1127,master,0x06000464,read,0x20004020,1,0x1
6891,1127,master,0x0600046A,read,0x20004021,1,0x22
6892,1127,master,0x06000464,read,0x20004020,1,0x0
6893,1127,master,0x06000464,read,0x20004020,1,0x0
6894,1127,master,0x06000464,read,0x20004020,1,0x0
6895,1127,master,0x06000464,read,0x20004020,1,0x0
6896,1127,master,0x06000464,read,0x20004020,1,0x0
6897,1127,master,0x06000464,read,0x20004020,1,0x0
6898,1127,master,0x06000464,read,0x20004020,1,0x0
6899,1127,master,0x06000464,read,0x20004020,1,0x0
6900,1127,master,0x06000464,read,0x20004020,1,0x0
6901,1127,master,0x06000464,read,0x20004020,1,0x1
6902,1127,master,0x0600046A,read,0x20004021,1,0x22
6903,1127,master,0x06000464,read,0x20004020,1,0x0
6904,1127,master,0x06000464,read,0x20004020,1,0x0
6905,1127,master,0x06000464,read,0x20004020,1,0x0
6906,1127,master,0x06000464,read,0x20004020,1,0x0
6907,1127,master,0x06000464,read,0x20004020,1,0x0
6908,1127,master,0x06000464,read,0x20004020,1,0x0
6909,1127,master,0x06000464,read,0x20004020,1,0x0
6910,1127,master,0x06000464,read,0x20004020,1,0x0
6911,1127,master,0x06000464,read,0x20004020,1,0x0
6912,1127,master,0x06000464,read,0x20004020,1,0x1
6913,1127,master,0x0600046A,read,0x20004021,1,0x22
6914,1127,master,0x06000464,read,0x20004020,1,0x0
6915,1127,master,0x06000464,read,0x20004020,1,0x0
6916,1127,master,0x06000464,read,0x20004020,1,0x0
6917,1127,master,0x06000464,read,0x20004020,1,0x0
6918,1127,master,0x06000464,read,0x20004020,1,0x0
6919,1127,master,0x06000464,read,0x20004020,1,0x0
6920,1127,master,0x06000464,read,0x20004020,1,0x0
6921,1127,master,0x06000464,read,0x20004020,1,0x0
6922,1127,master,0x06000464,read,0x20004020,1,0x0
6923,1127,master,0x06000464,read,0x20004020,1,0x1
6924,1127,master,0x0600046A,read,0x20004021,1,0x22
6925,1127,master,0x06000464,read,0x20004020,1,0x0
6926,1127,master,0x06000464,read,0x20004020,1,0x0
6927,1127,master,0x06000464,read,0x20004020,1,0x0
6928,1127,master,0x06000464,read,0x20004020,1,0x0
6929,1127,master,0x06000464,read,0x20004020,1,0x0
6930,1127,master,0x06000464,read,0x20004020,1,0x0
6931,1127,master,0x06000464,read,0x20004020,1,0x0
6932,1127,master,0x06000464,read,0x20004020,1,0x0
6933,1127,master,0x06000464,read,0x20004020,1,0x0
6934,1127,master,0x06000464,read,0x20004020,1,0x1
6935,1127,master,0x0600046A,read,0x20004021,1,0x2B
6936,1129,master,0x06000464,read,0x20004020,1,0x0
6937,1129,master,0x06000464,read,0x20004020,1,0x0
6938,1129,master,0x06000464,read,0x20004020,1,0x0
6939,1129,master,0x06000464,read,0x20004020,1,0x0
6940,1129,master,0x06000464,read,0x20004020,1,0x0
6941,1129,master,0x06000464,read,0x20004020,1,0x0
6942,1129,master,0x06000464,read,0x20004020,1,0x0
6943,1129,master,0x06000464,read,0x20004020,1,0x0
6944,1129,master,0x06000464,read,0x20004020,1,0x0
6945,1129,master,0x06000464,read,0x20004020,1,0x0
6946,1129,master,0x06000464,read,0x20004020,1,0x1
6947,1129,master,0x0600046A,read,0x20004021,1,0x22
6948,1129,master,0x06000464,read,0x20004020,1,0x0
6949,1129,master,0x06000464,read,0x20004020,1,0x0
6950,1129,master,0x06000464,read,0x20004020,1,0x0
6951,1129,master,0x06000464,read,0x20004020,1,0x0
6952,1129,master,0x06000464,read,0x20004020,1,0x0
6953,1129,master,0x06000464,read,0x20004020,1,0x0
6954,1129,master,0x06000464,read,0x20004020,1,0x0
6955,1129,master,0x06000464,read,0x20004020,1,0x0
6956,1129,master,0x06000464,read,0x20004020,1,0x0
6957,1129,master,0x06000464,read,0x20004020,1,0x1
6958,1129,master,0x0600046A,read,0x20004021,1,0x22
6959,1129,master,0x06000464,read,0x20004020,1,0x0
6960,1129,master,0x06000464,read,0x20004020,1,0x0
6961,1129,master,0x06000464,read,0x20004020,1,0x0
6962,1129,master,0x06000464,read,0x20004020,1,0x0
6963,1129,master,0x06000464,read,0x20004020,1,0x0
6964,1129,master,0x06000464,read,0x20004020,1,0x0
6965,1129,master,0x06000464,read,0x20004020,1,0x0
6966,1129,master,0x06000464,read,0x20004020,1,0x0
6967,1129,master,0x06000464,read,0x20004020,1,0x0
6968,1129,master,0x06000464,read,0x20004020,2,0x0
6969,1130,master,0x06000464,read,0x20004020,1,0x1
6970,1130,master,0x0600046A,read,0x20004021,1,0x22
6971,1130,master,0x06000464,read,0x20004020,1,0x0
6972,1130,master,0x06000464,read,0x20004020,1,0x0
6973,1130,master,0x06000464,read,0x20004020,1,0x0
6974,1130,master,0x06000464,read,0x20004020,1,0x0
6975,1130,master,0x06000464,read,0x20004020,1,0x0
6976,1130,master,0x06000464,read,0x20004020,1,0x0
6977,1130,master,0x06000464,read,0x20004020,1,0x0
6978,1130,master,0x06000464,read,0x20004020,1,0x0
6979,1130,master,0x06000464,read,0x20004020,1,0x0
6980,1130,master,0x06000464,read,0x20004020,1,0x1
6981,1130,master,0x0600046A,read,0x20004021,1,0x22
6982,1130,master,0x06000464,read,0x20004020,1,0x0
6983,1130,master,0x06000464,read,0x20004020,1,0x0
6984,1130,master,0x06000464,read,0x20004020,1,0x0
6985,1130,master,0x06000464,read,0x20004020,1,0x0
6986,1130,master,0x06000464,read,0x20004020,1,0x0
6987,1130,master,0x06000464,read,0x20004020,1,0x0
6988,1130,master,0x06000464,read,0x20004020,1,0x0
6989,1130,master,0x06000464,read,0x20004020,1,0x0
6990,1130,master,0x06000464,read,0x20004020,1,0x0
6991,1130,master,0x06000464,read,0x20004020,1,0x1
6992,1130,master,0x0600046A,read,0x20004021,1,0x22
6993,1130,master,0x06000464,read,0x20004020,1,0x0
6994,1130,master,0x06000464,read,0x20004020,1,0x0
6995,1130,master,0x06000464,read,0x20004020,1,0x0
6996,1130,master,0x06000464,read,0x20004020,1,0x0
6997,1130,master,0x06000464,read,0x20004020,1,0x0
6998,1130,master,0x06000464,read,0x20004020,1,0x0
6999,1130,master,0x06000464,read,0x20004020,1,0x0
7000,1130,master,0x06000464,read,0x20004020,1,0x0
7001,1130,master,0x06000464,read,0x20004020,1,0x0
7002,1130,master,0x06000464,read,0x20004020,1,0x1
7003,1130,master,0x0600046A,read,0x20004021,1,0x22
7004,1130,master,0x06000464,read,0x20004020,1,0x0
7005,1130,master,0x06000464,read,0x20004020,1,0x0
7006,1130,master,0x06000464,read,0x20004020,1,0x0
7007,1130,master,0x06000464,read,0x20004020,1,0x0
7008,1130,master,0x06000464,read,0x20004020,1,0x0
7009,1130,master,0x06000464,read,0x20004020,1,0x0
7010,1130,master,0x06000464,read,0x20004020,1,0x0
7011,1130,master,0x06000464,read,0x20004020,1,0x0
7012,1130,master,0x06000464,read,0x20004020,1,0x0
7013,1130,master,0x06000464,read,0x20004020,1,0x1
7014,1130,master,0x0600046A,read,0x20004021,1,0x22
7015,1130,master,0x06000464,read,0x20004020,1,0x0
7016,1130,master,0x06000464,read,0x20004020,1,0x0
7017,1130,master,0x06000464,read,0x20004020,1,0x0
7018,1130,master,0x06000464,read,0x20004020,1,0x0
7019,1130,master,0x06000464,read,0x20004020,1,0x0
7020,1130,master,0x06000464,read,0x20004020,1,0x0
7021,1130,master,0x06000464,read,0x20004020,1,0x0
7022,1130,master,0x06000464,read,0x20004020,1,0x0
7023,1130,master,0x06000464,read,0x20004020,1,0x0
7024,1130,master,0x06000464,read,0x20004020,1,0x1
7025,1130,master,0x0600046A,read,0x20004021,1,0x22
7026,1130,master,0x06000464,read,0x20004020,1,0x0
7027,1130,master,0x06000464,read,0x20004020,1,0x0
7028,1130,master,0x06000464,read,0x20004020,1,0x0
7029,1130,master,0x06000464,read,0x20004020,1,0x0
7030,1130,master,0x06000464,read,0x20004020,1,0x0
7031,1130,master,0x06000464,read,0x20004020,1,0x0
7032,1130,master,0x06000464,read,0x20004020,1,0x0
7033,1130,master,0x06000464,read,0x20004020,1,0x0
7034,1130,master,0x06000464,read,0x20004020,1,0x0
7035,1130,master,0x06000464,read,0x20004020,1,0x1
7036,1130,master,0x0600046A,read,0x20004021,1,0x22
7037,1130,master,0x06000464,read,0x20004020,1,0x0
7038,1130,master,0x06000464,read,0x20004020,1,0x0
7039,1130,master,0x06000464,read,0x20004020,1,0x0
7040,1130,master,0x06000464,read,0x20004020,1,0x0
7041,1130,master,0x06000464,read,0x20004020,1,0x0
7042,1130,master,0x06000464,read,0x20004020,1,0x0
7043,1130,master,0x06000464,read,0x20004020,1,0x0
7044,1130,master,0x06000464,read,0x20004020,1,0x0
7045,1130,master,0x06000464,read,0x20004020,1,0x0
7046,1130,master,0x06000464,read,0x20004020,1,0x1
7047,1130,master,0x0600046A,read,0x20004021,1,0x22
7048,1130,master,0x06000464,read,0x20004020,1,0x0
7049,1130,master,0x06000464,read,0x20004020,1,0x0
7050,1130,master,0x06000464,read,0x20004020,1,0x0
7051,1130,master,0x06000464,read,0x20004020,1,0x0
7052,1130,master,0x06000464,read,0x20004020,1,0x0
7053,1130,master,0x06000464,read,0x20004020,1,0x0
7054,1130,master,0x06000464,read,0x20004020,1,0x0
7055,1130,master,0x06000464,read,0x20004020,1,0x0
7056,1130,master,0x06000464,read,0x20004020,1,0x0
7057,1130,master,0x06000464,read,0x20004020,1,0x1
7058,1130,master,0x0600046A,read,0x20004021,1,0x22
7059,1130,master,0x06000464,read,0x20004020,1,0x0
7060,1130,master,0x06000464,read,0x20004020,1,0x0
7061,1130,master,0x06000464,read,0x20004020,1,0x0
7062,1130,master,0x06000464,read,0x20004020,1,0x0
7063,1130,master,0x06000464,read,0x20004020,1,0x0
7064,1130,master,0x06000464,read,0x20004020,1,0x0
7065,1130,master,0x06000464,read,0x20004020,1,0x0
7066,1130,master,0x06000464,read,0x20004020,1,0x0
7067,1130,master,0x06000464,read,0x20004020,1,0x0
7068,1130,master,0x06000464,read,0x20004020,1,0x1
7069,1130,master,0x0600046A,read,0x20004021,1,0x22
7070,1130,master,0x06000464,read,0x20004020,1,0x0
7071,1130,master,0x06000464,read,0x20004020,1,0x0
7072,1130,master,0x06000464,read,0x20004020,1,0x0
7073,1130,master,0x06000464,read,0x20004020,1,0x0
7074,1130,master,0x06000464,read,0x20004020,1,0x0
7075,1130,master,0x06000464,read,0x20004020,1,0x0
7076,1130,master,0x06000464,read,0x20004020,1,0x0
7077,1130,master,0x06000464,read,0x20004020,1,0x0
7078,1130,master,0x06000464,read,0x20004020,1,0x0
7079,1130,master,0x06000464,read,0x20004020,1,0x1
7080,1130,master,0x0600046A,read,0x20004021,1,0x22
7081,1130,master,0x06000464,read,0x20004020,1,0x0
7082,1130,master,0x06000464,read,0x20004020,1,0x0
7083,1130,master,0x06000464,read,0x20004020,1,0x0
7084,1130,master,0x06000464,read,0x20004020,1,0x0
7085,1130,master,0x06000464,read,0x20004020,1,0x0
7086,1130,master,0x06000464,read,0x20004020,1,0x0
7087,1130,master,0x06000464,read,0x20004020,1,0x0
7088,1130,master,0x06000464,read,0x20004020,1,0x0
7089,1130,master,0x06000464,read,0x20004020,1,0x0
7090,1130,master,0x06000464,read,0x20004020,1,0x1
7091,1130,master,0x0600046A,read,0x20004021,1,0x22
7092,1130,master,0x06000464,read,0x20004020,1,0x0
7093,1130,master,0x06000464,read,0x20004020,1,0x0
7094,1130,master,0x06000464,read,0x20004020,1,0x0
7095,1130,master,0x06000464,read,0x20004020,1,0x0
7096,1130,master,0x06000464,read,0x20004020,1,0x0
7097,1130,master,0x06000464,read,0x20004020,1,0x0
7098,1130,master,0x06000464,read,0x20004020,1,0x0
7099,1130,master,0x06000464,read,0x20004020,1,0x0
7100,1130,master,0x06000464,read,0x20004020,1,0x0
7101,1130,master,0x06000464,read,0x20004020,1,0x1
7102,1130,master,0x0600046A,read,0x20004021,1,0x22
7103,1130,master,0x06000464,read,0x20004020,1,0x0
7104,1130,master,0x06000464,read,0x20004020,1,0x0
7105,1130,master,0x06000464,read,0x20004020,1,0x0
7106,1130,master,0x06000464,read,0x20004020,1,0x0
7107,1130,master,0x06000464,read,0x20004020,1,0x0
7108,1130,master,0x06000464,read,0x20004020,1,0x0
7109,1130,master,0x06000464,read,0x20004020,1,0x0
7110,1130,master,0x06000464,read,0x20004020,1,0x0
7111,1130,master,0x06000464,read,0x20004020,1,0x0
7112,1130,master,0x06000464,read,0x20004020,1,0x1
7113,1130,master,0x0600046A,read,0x20004021,1,0x22
7114,1130,master,0x06000464,read,0x20004020,1,0x0
7115,1130,master,0x06000464,read,0x20004020,1,0x0
7116,1130,master,0x06000464,read,0x20004020,1,0x0
7117,1130,master,0x06000464,read,0x20004020,1,0x0
7118,1130,master,0x06000464,read,0x20004020,1,0x0
7119,1130,master,0x06000464,read,0x20004020,1,0x0
7120,1130,master,0x06000464,read,0x20004020,1,0x0
7121,1130,master,0x06000464,read,0x20004020,1,0x0
7122,1130,master,0x06000464,read,0x20004020,1,0x0
7123,1130,master,0x06000464,read,0x20004020,1,0x1
7124,1130,master,0x0600046A,read,0x20004021,1,0x22
7125,1130,master,0x06000464,read,0x20004020,1,0x0
7126,1130,master,0x06000464,read,0x20004020,1,0x0
7127,1130,master,0x06000464,read,0x20004020,1,0x0
7128,1130,master,0x06000464,read,0x20004020,1,0x0
7129,1130,master,0x06000464,read,0x20004020,1,0x0
7130,1130,master,0x06000464,read,0x20004020,1,0x0
7131,1130,master,0x06000464,read,0x20004020,1,0x0
7132,1130,master,0x06000464,read,0x20004020,1,0x0
7133,1130,master,0x06000464,read,0x20004020,1,0x0
7134,1130,master,0x06000464,read,0x20004020,1,0x1
7135,1130,master,0x0600046A,read,0x20004021,1,0x22
7136,1130,master,0x06000464,read,0x20004020,1,0x0
7137,1130,master,0x06000464,read,0x20004020,1,0x0
7138,1130,master,0x06000464,read,0x20004020,1,0x0
7139,1130,master,0x06000464,read,0x20004020,1,0x0
7140,1130,master,0x06000464,read,0x20004020,1,0x0
7141,1130,master,0x06000464,read,0x20004020,1,0x0
7142,1130,master,0x06000464,read,0x20004020,1,0x0
7143,1130,master,0x06000464,read,0x20004020,1,0x0
7144,1130,master,0x06000464,read,0x20004020,1,0x0
7145,1130,master,0x06000464,read,0x20004020,1,0x1
7146,1130,master,0x0600046A,read,0x20004021,1,0x22
7147,1130,master,0x06000464,read,0x20004020,1,0x0
7148,1130,master,0x06000464,read,0x20004020,1,0x0
7149,1130,master,0x06000464,read,0x20004020,1,0x0
7150,1130,master,0x06000464,read,0x20004020,1,0x0
7151,1130,master,0x06000464,read,0x20004020,1,0x0
7152,1130,master,0x06000464,read,0x20004020,1,0x0
7153,1130,master,0x06000464,read,0x20004020,1,0x0
7154,1130,master,0x06000464,read,0x20004020,1,0x0
7155,1130,master,0x06000464,read,0x20004020,1,0x0
7156,1130,master,0x06000464,read,0x20004020,1,0x1
7157,1130,master,0x0600046A,read,0x20004021,1,0x2B
7158,1132,master,0x06000464,read,0x20004020,1,0x0
7159,1132,master,0x06000464,read,0x20004020,1,0x0
7160,1132,master,0x06000464,read,0x20004020,1,0x0
7161,1132,master,0x06000464,read,0x20004020,1,0x0
7162,1132,master,0x06000464,read,0x20004020,1,0x0
7163,1132,master,0x06000464,read,0x20004020,1,0x0
7164,1132,master,0x06000464,read,0x20004020,1,0x0
7165,1132,master,0x06000464,read,0x20004020,1,0x0
7166,1132,master,0x06000464,read,0x20004020,1,0x0
7167,1132,master,0x06000464,read,0x20004020,1,0x0
7168,1132,master,0x06000464,read,0x20004020,1,0x1
7169,1132,master,0x0600046A,read,0x20004021,1,0x22
7170,1132,master,0x06000464,read,0x20004020,1,0x0
7171,1132,master,0x06000464,read,0x20004020,1,0x0
7172,1132,master,0x06000464,read,0x20004020,1,0x0
7173,1132,master,0x06000464,read,0x20004020,1,0x0
7174,1132,master,0x06000464,read,0x20004020,1,0x0
7175,1132,master,0x06000464,read,0x20004020,1,0x0
7176,1132,master,0x06000464,read,0x20004020,1,0x0
7177,1132,master,0x06000464,read,0x20004020,1,0x0
7178,1132,master,0x06000464,read,0x20004020,1,0x0
7179,1132,master,0x06000464,read,0x20004020,1,0x1
7180,1132,master,0x0600046A,read,0x20004021,1,0x22
7181,1132,master,0x06000464,read,0x20004020,1,0x0
7182,1132,master,0x06000464,read,0x20004020,1,0x0
7183,1132,master,0x06000464,read,0x20004020,1,0x0
7184,1132,master,0x06000464,read,0x20004020,1,0x0
7185,1132,master,0x06000464,read,0x20004020,1,0x0
7186,1132,master,0x06000464,read,0x20004020,1,0x0
7187,1132,master,0x06000464,read,0x20004020,1,0x0
7188,1132,master,0x06000464,read,0x20004020,1,0x0
7189,1132,master,0x06000464,read,0x20004020,1,0x0
7190,1132,master,0x06000464,read,0x20004020,1,0x1
7191,1132,master,0x0600046A,read,0x20004021,1,0x22
7192,1133,master,0x06000464,read,0x20004020,1,0x0
7193,1133,master,0x06000464,read,0x20004020,1,0x0
7194,1133,master,0x06000464,read,0x20004020,1,0x0
7195,1133,master,0x06000464,read,0x20004020,1,0x0
7196,1133,master,0x06000464,read,0x20004020,1,0x0
7197,1133,master,0x06000464,read,0x20004020,1,0x0
7198,1133,master,0x06000464,read,0x20004020,1,0x0
7199,1133,master,0x06000464,read,0x20004020,1,0x0
7200,1133,master,0x06000464,read,0x20004020,1,0x0
7201,1133,master,0x06000464,read,0x20004020,1,0x1
7202,1133,master,0x0600046A,read,0x20004021,1,0x22
7203,1133,master,0x06000464,read,0x20004020,1,0x0
7204,1133,master,0x06000464,read,0x20004020,1,0x0
7205,1133,master,0x06000464,read,0x20004020,1,0x0
7206,1133,master,0x06000464,read,0x20004020,1,0x0
7207,1133,master,0x06000464,read,0x20004020,1,0x0
7208,1133,master,0x06000464,read,0x20004020,1,0x0
7209,1133,master,0x06000464,read,0x20004020,1,0x0
7210,1133,master,0x06000464,read,0x20004020,1,0x0
7211,1133,master,0x06000464,read,0x20004020,1,0x0
7212,1133,master,0x06000464,read,0x20004020,1,0x1
7213,1133,master,0x0600046A,read,0x20004021,1,0x22
7214,1133,master,0x06000464,read,0x20004020,1,0x0
7215,1133,master,0x06000464,read,0x20004020,1,0x0
7216,1133,master,0x06000464,read,0x20004020,1,0x0
7217,1133,master,0x06000464,read,0x20004020,1,0x0
7218,1133,master,0x06000464,read,0x20004020,1,0x0
7219,1133,master,0x06000464,read,0x20004020,1,0x0
7220,1133,master,0x06000464,read,0x20004020,1,0x0
7221,1133,master,0x06000464,read,0x20004020,1,0x0
7222,1133,master,0x06000464,read,0x20004020,1,0x0
7223,1133,master,0x06000464,read,0x20004020,1,0x1
7224,1133,master,0x0600046A,read,0x20004021,1,0x22
7225,1133,master,0x06000464,read,0x20004020,1,0x0
7226,1133,master,0x06000464,read,0x20004020,1,0x0
7227,1133,master,0x06000464,read,0x20004020,1,0x0
7228,1133,master,0x06000464,read,0x20004020,1,0x0
7229,1133,master,0x06000464,read,0x20004020,1,0x0
7230,1133,master,0x06000464,read,0x20004020,1,0x0
7231,1133,master,0x06000464,read,0x20004020,1,0x0
7232,1133,master,0x06000464,read,0x20004020,1,0x0
7233,1133,master,0x06000464,read,0x20004020,1,0x0
7234,1133,master,0x06000464,read,0x20004020,1,0x1
7235,1133,master,0x0600046A,read,0x20004021,1,0x22
7236,1133,master,0x06000464,read,0x20004020,1,0x0
7237,1133,master,0x06000464,read,0x20004020,1,0x0
7238,1133,master,0x06000464,read,0x20004020,1,0x0
7239,1133,master,0x06000464,read,0x20004020,1,0x0
7240,1133,master,0x06000464,read,0x20004020,1,0x0
7241,1133,master,0x06000464,read,0x20004020,1,0x0
7242,1133,master,0x06000464,read,0x20004020,1,0x0
7243,1133,master,0x06000464,read,0x20004020,1,0x0
7244,1133,master,0x06000464,read,0x20004020,1,0x0
7245,1133,master,0x06000464,read,0x20004020,1,0x1
7246,1133,master,0x0600046A,read,0x20004021,1,0x22
7247,1133,master,0x06000464,read,0x20004020,1,0x0
7248,1133,master,0x06000464,read,0x20004020,1,0x0
7249,1133,master,0x06000464,read,0x20004020,1,0x0
7250,1133,master,0x06000464,read,0x20004020,1,0x0
7251,1133,master,0x06000464,read,0x20004020,1,0x0
7252,1133,master,0x06000464,read,0x20004020,1,0x0
7253,1133,master,0x06000464,read,0x20004020,1,0x0
7254,1133,master,0x06000464,read,0x20004020,1,0x0
7255,1133,master,0x06000464,read,0x20004020,1,0x0
7256,1133,master,0x06000464,read,0x20004020,1,0x1
7257,1133,master,0x0600046A,read,0x20004021,1,0x22
7258,1133,master,0x06000464,read,0x20004020,1,0x0
7259,1133,master,0x06000464,read,0x20004020,1,0x0
7260,1133,master,0x06000464,read,0x20004020,1,0x0
7261,1133,master,0x06000464,read,0x20004020,1,0x0
7262,1133,master,0x06000464,read,0x20004020,1,0x0
7263,1133,master,0x06000464,read,0x20004020,1,0x0
7264,1133,master,0x06000464,read,0x20004020,1,0x0
7265,1133,master,0x06000464,read,0x20004020,1,0x0
7266,1133,master,0x06000464,read,0x20004020,1,0x0
7267,1133,master,0x06000464,read,0x20004020,1,0x1
7268,1133,master,0x0600046A,read,0x20004021,1,0x22
7269,1133,master,0x06000464,read,0x20004020,1,0x0
7270,1133,master,0x06000464,read,0x20004020,1,0x0
7271,1133,master,0x06000464,read,0x20004020,1,0x0
7272,1133,master,0x06000464,read,0x20004020,1,0x0
7273,1133,master,0x06000464,read,0x20004020,1,0x0
7274,1133,master,0x06000464,read,0x20004020,1,0x0
7275,1133,master,0x06000464,read,0x20004020,1,0x0
7276,1133,master,0x06000464,read,0x20004020,1,0x0
7277,1133,master,0x06000464,read,0x20004020,1,0x0
7278,1133,master,0x06000464,read,0x20004020,1,0x1
7279,1133,master,0x0600046A,read,0x20004021,1,0x22
7280,1133,master,0x06000464,read,0x20004020,1,0x0
7281,1133,master,0x06000464,read,0x20004020,1,0x0
7282,1133,master,0x06000464,read,0x20004020,1,0x0
7283,1133,master,0x06000464,read,0x20004020,1,0x0
7284,1133,master,0x06000464,read,0x20004020,1,0x0
7285,1133,master,0x06000464,read,0x20004020,1,0x0
7286,1133,master,0x06000464,read,0x20004020,1,0x0
7287,1133,master,0x06000464,read,0x20004020,1,0x0
7288,1133,master,0x06000464,read,0x20004020,1,0x0
7289,1133,master,0x06000464,read,0x20004020,1,0x1
7290,1133,master,0x0600046A,read,0x20004021,1,0x22
7291,1133,master,0x06000464,read,0x20004020,1,0x0
7292,1133,master,0x06000464,read,0x20004020,1,0x0
7293,1133,master,0x06000464,read,0x20004020,1,0x0
7294,1133,master,0x06000464,read,0x20004020,1,0x0
7295,1133,master,0x06000464,read,0x20004020,1,0x0
7296,1133,master,0x06000464,read,0x20004020,1,0x0
7297,1133,master,0x06000464,read,0x20004020,1,0x0
7298,1133,master,0x06000464,read,0x20004020,1,0x0
7299,1133,master,0x06000464,read,0x20004020,1,0x0
7300,1133,master,0x06000464,read,0x20004020,1,0x1
7301,1133,master,0x0600046A,read,0x20004021,1,0x22
7302,1133,master,0x06000464,read,0x20004020,1,0x0
7303,1133,master,0x06000464,read,0x20004020,1,0x0
7304,1133,master,0x06000464,read,0x20004020,1,0x0
7305,1133,master,0x06000464,read,0x20004020,1,0x0
7306,1133,master,0x06000464,read,0x20004020,1,0x0
7307,1133,master,0x06000464,read,0x20004020,1,0x0
7308,1133,master,0x06000464,read,0x20004020,1,0x0
7309,1133,master,0x06000464,read,0x20004020,1,0x0
7310,1133,master,0x06000464,read,0x20004020,1,0x0
7311,1133,master,0x06000464,read,0x20004020,1,0x1
7312,1133,master,0x0600046A,read,0x20004021,1,0x22
7313,1133,master,0x06000464,read,0x20004020,1,0x0
7314,1133,master,0x06000464,read,0x20004020,1,0x0
7315,1133,master,0x06000464,read,0x20004020,1,0x0
7316,1133,master,0x06000464,read,0x20004020,1,0x0
7317,1133,master,0x06000464,read,0x20004020,1,0x0
7318,1133,master,0x06000464,read,0x20004020,1,0x0
7319,1133,master,0x06000464,read,0x20004020,1,0x0
7320,1133,master,0x06000464,read,0x20004020,1,0x0
7321,1133,master,0x06000464,read,0x20004020,1,0x0
7322,1133,master,0x06000464,read,0x20004020,1,0x1
7323,1133,master,0x0600046A,read,0x20004021,1,0x22
7324,1133,master,0x06000464,read,0x20004020,1,0x0
7325,1133,master,0x06000464,read,0x20004020,1,0x0
7326,1133,master,0x06000464,read,0x20004020,1,0x0
7327,1133,master,0x06000464,read,0x20004020,1,0x0
7328,1133,master,0x06000464,read,0x20004020,1,0x0
7329,1133,master,0x06000464,read,0x20004020,1,0x0
7330,1133,master,0x06000464,read,0x20004020,1,0x0
7331,1133,master,0x06000464,read,0x20004020,1,0x0
7332,1133,master,0x06000464,read,0x20004020,1,0x0
7333,1133,master,0x06000464,read,0x20004020,1,0x1
7334,1133,master,0x0600046A,read,0x20004021,1,0x22
7335,1133,master,0x06000464,read,0x20004020,1,0x0
7336,1133,master,0x06000464,read,0x20004020,1,0x0
7337,1133,master,0x06000464,read,0x20004020,1,0x0
7338,1133,master,0x06000464,read,0x20004020,1,0x0
7339,1133,master,0x06000464,read,0x20004020,1,0x0
7340,1133,master,0x06000464,read,0x20004020,1,0x0
7341,1133,master,0x06000464,read,0x20004020,1,0x0
7342,1133,master,0x06000464,read,0x20004020,1,0x0
7343,1133,master,0x06000464,read,0x20004020,1,0x0
7344,1133,master,0x06000464,read,0x20004020,1,0x1
7345,1133,master,0x0600046A,read,0x20004021,1,0x22
7346,1133,master,0x06000464,read,0x20004020,1,0x0
7347,1133,master,0x06000464,read,0x20004020,1,0x0
7348,1133,master,0x06000464,read,0x20004020,1,0x0
7349,1133,master,0x06000464,read,0x20004020,1,0x0
7350,1133,master,0x06000464,read,0x20004020,1,0x0
7351,1133,master,0x06000464,read,0x20004020,1,0x0
7352,1133,master,0x06000464,read,0x20004020,1,0x0
7353,1133,master,0x06000464,read,0x20004020,1,0x0
7354,1133,master,0x06000464,read,0x20004020,1,0x0
7355,1133,master,0x06000464,read,0x20004020,1,0x1
7356,1133,master,0x0600046A,read,0x20004021,1,0x22
7357,1133,master,0x06000464,read,0x20004020,1,0x0
7358,1133,master,0x06000464,read,0x20004020,1,0x0
7359,1133,master,0x06000464,read,0x20004020,1,0x0
7360,1133,master,0x06000464,read,0x20004020,1,0x0
7361,1133,master,0x06000464,read,0x20004020,1,0x0
7362,1133,master,0x06000464,read,0x20004020,1,0x0
7363,1133,master,0x06000464,read,0x20004020,1,0x0
7364,1133,master,0x06000464,read,0x20004020,1,0x0
7365,1133,master,0x06000464,read,0x20004020,1,0x0
7366,1133,master,0x06000464,read,0x20004020,1,0x1
7367,1133,master,0x0600046A,read,0x20004021,1,0x22
7368,1133,master,0x06000464,read,0x20004020,1,0x0
7369,1133,master,0x06000464,read,0x20004020,1,0x0
7370,1133,master,0x06000464,read,0x20004020,1,0x0
7371,1133,master,0x06000464,read,0x20004020,1,0x0
7372,1133,master,0x06000464,read,0x20004020,1,0x0
7373,1133,master,0x06000464,read,0x20004020,1,0x0
7374,1133,master,0x06000464,read,0x20004020,1,0x0
7375,1133,master,0x06000464,read,0x20004020,1,0x0
7376,1133,master,0x06000464,read,0x20004020,1,0x0
7377,1133,master,0x06000464,read,0x20004020,2,0x0
7378,1134,master,0x06000464,read,0x20004020,1,0x1
7379,1134,master,0x0600046A,read,0x20004021,1,0x2B
7380,1135,master,0x06000464,read,0x20004020,1,0x0
7381,1135,master,0x06000464,read,0x20004020,1,0x0
7382,1135,master,0x06000464,read,0x20004020,1,0x0
7383,1135,master,0x06000464,read,0x20004020,1,0x0
7384,1135,master,0x06000464,read,0x20004020,1,0x0
7385,1135,master,0x06000464,read,0x20004020,1,0x0
7386,1135,master,0x06000464,read,0x20004020,1,0x0
7387,1135,master,0x06000464,read,0x20004020,1,0x0
7388,1135,master,0x06000464,read,0x20004020,1,0x0
7389,1135,master,0x06000464,read,0x20004020,1,0x0
7390,1135,master,0x06000464,read,0x20004020,1,0x1
7391,1135,master,0x0600046A,read,0x20004021,1,0x22
7392,1135,master,0x06000464,read,0x20004020,1,0x0
7393,1135,master,0x06000464,read,0x20004020,1,0x0
7394,1135,master,0x06000464,read,0x20004020,1,0x0
7395,1135,master,0x06000464,read,0x20004020,1,0x0
7396,1135,master,0x06000464,read,0x20004020,1,0x0
7397,1135,master,0x06000464,read,0x20004020,1,0x0
7398,1135,master,0x06000464,read,0x20004020,1,0x0
7399,1135,master,0x06000464,read,0x20004020,1,0x0
7400,1135,master,0x06000464,read,0x20004020,1,0x0
7401,1135,master,0x06000464,read,0x20004020,1,0x1
7402,1135,master,0x0600046A,read,0x20004021,1,0x22
7403,1135,master,0x06000464,read,0x20004020,1,0x0
7404,1135,master,0x06000464,read,0x20004020,1,0x0
7405,1135,master,0x06000464,read,0x20004020,1,0x0
7406,1135,master,0x06000464,read,0x20004020,1,0x0
7407,1135,master,0x06000464,read,0x20004020,1,0x0
7408,1135,master,0x06000464,read,0x20004020,1,0x0
7409,1135,master,0x06000464,read,0x20004020,1,0x0
7410,1135,master,0x06000464,read,0x20004020,1,0x0
7411,1135,master,0x06000464,read,0x20004020,1,0x0
7412,1135,master,0x06000464,read,0x20004020,1,0x1
7413,1135,master,0x0600046A,read,0x20004021,1,0x22
7414,1136,master,0x06000464,read,0x20004020,1,0x0
7415,1136,master,0x06000464,read,0x20004020,1,0x0
7416,1136,master,0x06000464,read,0x20004020,1,0x0
7417,1136,master,0x06000464,read,0x20004020,1,0x0
7418,1136,master,0x06000464,read,0x20004020,1,0x0
7419,1136,master,0x06000464,read,0x20004020,1,0x0
7420,1136,master,0x06000464,read,0x20004020,1,0x0
7421,1136,master,0x06000464,read,0x20004020,1,0x0
7422,1136,master,0x06000464,read,0x20004020,1,0x0
7423,1136,master,0x06000464,read,0x20004020,1,0x1
7424,1136,master,0x0600046A,read,0x20004021,1,0x22
7425,1136,master,0x06000464,read,0x20004020,1,0x0
7426,1136,master,0x06000464,read,0x20004020,1,0x0
7427,1136,master,0x06000464,read,0x20004020,1,0x0
7428,1136,master,0x06000464,read,0x20004020,1,0x0
7429,1136,master,0x06000464,read,0x20004020,1,0x0
7430,1136,master,0x06000464,read,0x20004020,1,0x0
7431,1136,master,0x06000464,read,0x20004020,1,0x0
7432,1136,master,0x06000464,read,0x20004020,1,0x0
7433,1136,master,0x06000464,read,0x20004020,1,0x0
7434,1136,master,0x06000464,read,0x20004020,1,0x1
7435,1136,master,0x0600046A,read,0x20004021,1,0x22
7436,1136,master,0x06000464,read,0x20004020,1,0x0
7437,1136,master,0x06000464,read,0x20004020,1,0x0
7438,1136,master,0x06000464,read,0x20004020,1,0x0
7439,1136,master,0x06000464,read,0x20004020,1,0x0
7440,1136,master,0x06000464,read,0x20004020,1,0x0
7441,1136,master,0x06000464,read,0x20004020,1,0x0
7442,1136,master,0x06000464,read,0x20004020,1,0x0
7443,1136,master,0x06000464,read,0x20004020,1,0x0
7444,1136,master,0x06000464,read,0x20004020,1,0x0
7445,1136,master,0x06000464,read,0x20004020,1,0x1
7446,1136,master,0x0600046A,read,0x20004021,1,0x22
7447,1136,master,0x06000464,read,0x20004020,1,0x0
7448,1136,master,0x06000464,read,0x20004020,1,0x0
7449,1136,master,0x06000464,read,0x20004020,1,0x0
7450,1136,master,0x06000464,read,0x20004020,1,0x0
7451,1136,master,0x06000464,read,0x20004020,1,0x0
7452,1136,master,0x06000464,read,0x20004020,1,0x0
7453,1136,master,0x06000464,read,0x20004020,1,0x0
7454,1136,master,0x06000464,read,0x20004020,1,0x0
7455,1136,master,0x06000464,read,0x20004020,1,0x0
7456,1136,master,0x06000464,read,0x20004020,1,0x1
7457,1136,master,0x0600046A,read,0x20004021,1,0x22
7458,1136,master,0x06000464,read,0x20004020,1,0x0
7459,1136,master,0x06000464,read,0x20004020,1,0x0
7460,1136,master,0x06000464,read,0x20004020,1,0x0
7461,1136,master,0x06000464,read,0x20004020,1,0x0
7462,1136,master,0x06000464,read,0x20004020,1,0x0
7463,1136,master,0x06000464,read,0x20004020,1,0x0
7464,1136,master,0x06000464,read,0x20004020,1,0x0
7465,1136,master,0x06000464,read,0x20004020,1,0x0
7466,1136,master,0x06000464,read,0x20004020,1,0x0
7467,1136,master,0x06000464,read,0x20004020,1,0x1
7468,1136,master,0x0600046A,read,0x20004021,1,0x22
7469,1136,master,0x06000464,read,0x20004020,1,0x0
7470,1136,master,0x06000464,read,0x20004020,1,0x0
7471,1136,master,0x06000464,read,0x20004020,1,0x0
7472,1136,master,0x06000464,read,0x20004020,1,0x0
7473,1136,master,0x06000464,read,0x20004020,1,0x0
7474,1136,master,0x06000464,read,0x20004020,1,0x0
7475,1136,master,0x06000464,read,0x20004020,1,0x0
7476,1136,master,0x06000464,read,0x20004020,1,0x0
7477,1136,master,0x06000464,read,0x20004020,1,0x0
7478,1136,master,0x06000464,read,0x20004020,1,0x1
7479,1136,master,0x0600046A,read,0x20004021,1,0x22
7480,1136,master,0x06000464,read,0x20004020,1,0x0
7481,1136,master,0x06000464,read,0x20004020,1,0x0
7482,1136,master,0x06000464,read,0x20004020,1,0x0
7483,1136,master,0x06000464,read,0x20004020,1,0x0
7484,1136,master,0x06000464,read,0x20004020,1,0x0
7485,1136,master,0x06000464,read,0x20004020,1,0x0
7486,1136,master,0x06000464,read,0x20004020,1,0x0
7487,1136,master,0x06000464,read,0x20004020,1,0x0
7488,1136,master,0x06000464,read,0x20004020,1,0x0
7489,1136,master,0x06000464,read,0x20004020,1,0x1
7490,1136,master,0x0600046A,read,0x20004021,1,0x22
7491,1136,master,0x06000464,read,0x20004020,1,0x0
7492,1136,master,0x06000464,read,0x20004020,1,0x0
7493,1136,master,0x06000464,read,0x20004020,1,0x0
7494,1136,master,0x06000464,read,0x20004020,1,0x0
7495,1136,master,0x06000464,read,0x20004020,1,0x0
7496,1136,master,0x06000464,read,0x20004020,1,0x0
7497,1136,master,0x06000464,read,0x20004020,1,0x0
7498,1136,master,0x06000464,read,0x20004020,1,0x0
7499,1136,master,0x06000464,read,0x20004020,1,0x0
7500,1136,master,0x06000464,read,0x20004020,1,0x1
7501,1136,master,0x0600046A,read,0x20004021,1,0x22
7502,1136,master,0x06000464,read,0x20004020,1,0x0
7503,1136,master,0x06000464,read,0x20004020,1,0x0
7504,1136,master,0x06000464,read,0x20004020,1,0x0
7505,1136,master,0x06000464,read,0x20004020,1,0x0
7506,1136,master,0x06000464,read,0x20004020,1,0x0
7507,1136,master,0x06000464,read,0x20004020,1,0x0
7508,1136,master,0x06000464,read,0x20004020,1,0x0
7509,1136,master,0x06000464,read,0x20004020,1,0x0
7510,1136,master,0x06000464,read,0x20004020,1,0x0
7511,1136,master,0x06000464,read,0x20004020,1,0x1
7512,1136,master,0x0600046A,read,0x20004021,1,0x22
7513,1136,master,0x06000464,read,0x20004020,1,0x0
7514,1136,master,0x06000464,read,0x20004020,1,0x0
7515,1136,master,0x06000464,read,0x20004020,1,0x0
7516,1136,master,0x06000464,read,0x20004020,1,0x0
7517,1136,master,0x06000464,read,0x20004020,1,0x0
7518,1136,master,0x06000464,read,0x20004020,1,0x0
7519,1136,master,0x06000464,read,0x20004020,1,0x0
7520,1136,master,0x06000464,read,0x20004020,1,0x0
7521,1136,master,0x06000464,read,0x20004020,1,0x0
7522,1136,master,0x06000464,read,0x20004020,1,0x1
7523,1136,master,0x0600046A,read,0x20004021,1,0x22
7524,1136,master,0x06000464,read,0x20004020,1,0x0
7525,1136,master,0x06000464,read,0x20004020,1,0x0
7526,1136,master,0x06000464,read,0x20004020,1,0x0
7527,1136,master,0x06000464,read,0x20004020,1,0x0
7528,1136,master,0x06000464,read,0x20004020,1,0x0
7529,1136,master,0x06000464,read,0x20004020,1,0x0
7530,1136,master,0x06000464,read,0x20004020,1,0x0
7531,1136,master,0x06000464,read,0x20004020,1,0x0
7532,1136,master,0x06000464,read,0x20004020,1,0x0
7533,1136,master,0x06000464,read,0x20004020,1,0x1
7534,1136,master,0x0600046A,read,0x20004021,1,0x22
7535,1136,master,0x06000464,read,0x20004020,1,0x0
7536,1136,master,0x06000464,read,0x20004020,1,0x0
7537,1136,master,0x06000464,read,0x20004020,1,0x0
7538,1136,master,0x06000464,read,0x20004020,1,0x0
7539,1136,master,0x06000464,read,0x20004020,1,0x0
7540,1136,master,0x06000464,read,0x20004020,1,0x0
7541,1136,master,0x06000464,read,0x20004020,1,0x0
7542,1136,master,0x06000464,read,0x20004020,1,0x0
7543,1136,master,0x06000464,read,0x20004020,1,0x0
7544,1136,master,0x06000464,read,0x20004020,1,0x1
7545,1136,master,0x0600046A,read,0x20004021,1,0x22
7546,1136,master,0x06000464,read,0x20004020,1,0x0
7547,1136,master,0x06000464,read,0x20004020,1,0x0
7548,1136,master,0x06000464,read,0x20004020,1,0x0
7549,1136,master,0x06000464,read,0x20004020,1,0x0
7550,1136,master,0x06000464,read,0x20004020,1,0x0
7551,1136,master,0x06000464,read,0x20004020,1,0x0
7552,1136,master,0x06000464,read,0x20004020,1,0x0
7553,1136,master,0x06000464,read,0x20004020,1,0x0
7554,1136,master,0x06000464,read,0x20004020,1,0x0
7555,1136,master,0x06000464,read,0x20004020,1,0x1
7556,1136,master,0x0600046A,read,0x20004021,1,0x22
7557,1136,master,0x06000464,read,0x20004020,1,0x0
7558,1136,master,0x06000464,read,0x20004020,1,0x0
7559,1136,master,0x06000464,read,0x20004020,1,0x0
7560,1136,master,0x06000464,read,0x20004020,1,0x0
7561,1136,master,0x06000464,read,0x20004020,1,0x0
7562,1136,master,0x06000464,read,0x20004020,1,0x0
7563,1136,master,0x06000464,read,0x20004020,1,0x0
7564,1136,master,0x06000464,read,0x20004020,1,0x0
7565,1136,master,0x06000464,read,0x20004020,1,0x0
7566,1136,master,0x06000464,read,0x20004020,1,0x1
7567,1136,master,0x0600046A,read,0x20004021,1,0x22
7568,1136,master,0x06000464,read,0x20004020,1,0x0
7569,1136,master,0x06000464,read,0x20004020,1,0x0
7570,1136,master,0x06000464,read,0x20004020,1,0x0
7571,1136,master,0x06000464,read,0x20004020,1,0x0
7572,1136,master,0x06000464,read,0x20004020,1,0x0
7573,1136,master,0x06000464,read,0x20004020,1,0x0
7574,1136,master,0x06000464,read,0x20004020,1,0x0
7575,1136,master,0x06000464,read,0x20004020,1,0x0
7576,1136,master,0x06000464,read,0x20004020,1,0x0
7577,1136,master,0x06000464,read,0x20004020,1,0x1
7578,1136,master,0x0600046A,read,0x20004021,1,0x22
7579,1136,master,0x06000464,read,0x20004020,1,0x0
7580,1136,master,0x06000464,read,0x20004020,1,0x0
7581,1136,master,0x06000464,read,0x20004020,1,0x0
7582,1136,master,0x06000464,read,0x20004020,1,0x0
7583,1136,master,0x06000464,read,0x20004020,1,0x0
7584,1136,master,0x06000464,read,0x20004020,1,0x0
7585,1136,master,0x06000464,read,0x20004020,1,0x0
7586,1136,master,0x06000464,read,0x20004020,1,0x0
7587,1136,master,0x06000464,read,0x20004020,1,0x0
7588,1136,master,0x06000464,read,0x20004020,1,0x1
7589,1136,master,0x0600046A,read,0x20004021,1,0x22
7590,1136,master,0x06000464,read,0x20004020,1,0x0
7591,1136,master,0x06000464,read,0x20004020,1,0x0
7592,1136,master,0x06000464,read,0x20004020,1,0x0
7593,1136,master,0x06000464,read,0x20004020,1,0x0
7594,1136,master,0x06000464,read,0x20004020,1,0x0
7595,1136,master,0x06000464,read,0x20004020,1,0x0
7596,1136,master,0x06000464,read,0x20004020,1,0x0
7597,1136,master,0x06000464,read,0x20004020,1,0x0
7598,1136,master,0x06000464,read,0x20004020,1,0x0
7599,1136,master,0x06000464,read,0x20004020,1,0x1
7600,1136,master,0x0600046A,read,0x20004021,1,0x2B
7601,1138,master,0x06000464,read,0x20004020,1,0x0
7602,1138,master,0x06000464,read,0x20004020,1,0x0
7603,1138,master,0x06000464,read,0x20004020,1,0x0
7604,1138,master,0x06000464,read,0x20004020,1,0x0
7605,1138,master,0x06000464,read,0x20004020,1,0x0
7606,1138,master,0x06000464,read,0x20004020,1,0x0
7607,1138,master,0x06000464,read,0x20004020,1,0x0
7608,1138,master,0x06000464,read,0x20004020,1,0x0
7609,1138,master,0x06000464,read,0x20004020,1,0x0
7610,1138,master,0x06000464,read,0x20004020,1,0x0
7611,1138,master,0x06000464,read,0x20004020,1,0x1
7612,1138,master,0x0600046A,read,0x20004021,1,0x22
7613,1138,master,0x06000464,read,0x20004020,1,0x0
7614,1138,master,0x06000464,read,0x20004020,1,0x0
7615,1138,master,0x06000464,read,0x20004020,1,0x0
7616,1138,master,0x06000464,read,0x20004020,1,0x0
7617,1138,master,0x06000464,read,0x20004020,1,0x0
7618,1138,master,0x06000464,read,0x20004020,1,0x0
7619,1138,master,0x06000464,read,0x20004020,1,0x0
7620,1138,master,0x06000464,read,0x20004020,1,0x0
7621,1138,master,0x06000464,read,0x20004020,1,0x0
7622,1138,master,0x06000464,read,0x20004020,1,0x1
7623,1138,master,0x0600046A,read,0x20004021,1,0x22
7624,1138,master,0x06000464,read,0x20004020,1,0x0
7625,1138,master,0x06000464,read,0x20004020,1,0x0
7626,1138,master,0x06000464,read,0x20004020,1,0x0
7627,1138,master,0x06000464,read,0x20004020,1,0x0
7628,1138,master,0x06000464,read,0x20004020,1,0x0
7629,1138,master,0x06000464,read,0x20004020,1,0x0
7630,1138,master,0x06000464,read,0x20004020,1,0x0
7631,1138,master,0x06000464,read,0x20004020,1,0x0
7632,1138,master,0x06000464,read,0x20004020,1,0x0
7633,1138,master,0x06000464,read,0x20004020,1,0x1
7634,1138,master,0x0600046A,read,0x20004021,1,0x22
7635,1139,master,0x06000464,read,0x20004020,1,0x0
7636,1139,master,0x06000464,read,0x20004020,1,0x0
7637,1139,master,0x06000464,read,0x20004020,1,0x0
7638,1139,master,0x06000464,read,0x20004020,1,0x0
7639,1139,master,0x06000464,read,0x20004020,1,0x0
7640,1139,master,0x06000464,read,0x20004020,1,0x0
7641,1139,master,0x06000464,read,0x20004020,1,0x0
7642,1139,master,0x06000464,read,0x20004020,1,0x0
7643,1139,master,0x06000464,read,0x20004020,1,0x0
7644,1139,master,0x06000464,read,0x20004020,1,0x1
7645,1139,master,0x0600046A,read,0x20004021,1,0x22
7646,1139,master,0x06000464,read,0x20004020,1,0x0
7647,1139,master,0x06000464,read,0x20004020,1,0x0
7648,1139,master,0x06000464,read,0x20004020,1,0x0
7649,1139,master,0x06000464,read,0x20004020,1,0x0
7650,1139,master,0x06000464,read,0x20004020,1,0x0
7651,1139,master,0x06000464,read,0x20004020,1,0x0
7652,1139,master,0x06000464,read,0x20004020,1,0x0
7653,1139,master,0x06000464,read,0x20004020,1,0x0
7654,1139,master,0x06000464,read,0x20004020,1,0x0
7655,1139,master,0x06000464,read,0x20004020,1,0x1
7656,1139,master,0x0600046A,read,0x20004021,1,0x22
7657,1139,master,0x06000464,read,0x20004020,1,0x0
7658,1139,master,0x06000464,read,0x20004020,1,0x0
7659,1139,master,0x06000464,read,0x20004020,1,0x0
7660,1139,master,0x06000464,read,0x20004020,1,0x0
7661,1139,master,0x06000464,read,0x20004020,1,0x0
7662,1139,master,0x06000464,read,0x20004020,1,0x0
7663,1139,master,0x06000464,read,0x20004020,1,0x0
7664,1139,master,0x06000464,read,0x20004020,1,0x0
7665,1139,master,0x06000464,read,0x20004020,1,0x0
7666,1139,master,0x06000464,read,0x20004020,1,0x1
7667,1139,master,0x0600046A,read,0x20004021,1,0x22
7668,1139,master,0x06000464,read,0x20004020,1,0x0
7669,1139,master,0x06000464,read,0x20004020,1,0x0
7670,1139,master,0x06000464,read,0x20004020,1,0x0
7671,1139,master,0x06000464,read,0x20004020,1,0x0
7672,1139,master,0x06000464,read,0x20004020,1,0x0
7673,1139,master,0x06000464,read,0x20004020,1,0x0
7674,1139,master,0x06000464,read,0x20004020,1,0x0
7675,1139,master,0x06000464,read,0x20004020,1,0x0
7676,1139,master,0x06000464,read,0x20004020,1,0x0
7677,1139,master,0x06000464,read,0x20004020,1,0x1
7678,1139,master,0x0600046A,read,0x20004021,1,0x22
7679,1139,master,0x06000464,read,0x20004020,1,0x0
7680,1139,master,0x06000464,read,0x20004020,1,0x0
7681,1139,master,0x06000464,read,0x20004020,1,0x0
7682,1139,master,0x06000464,read,0x20004020,1,0x0
7683,1139,master,0x06000464,read,0x20004020,1,0x0
7684,1139,master,0x06000464,read,0x20004020,1,0x0
7685,1139,master,0x06000464,read,0x20004020,1,0x0
7686,1139,master,0x06000464,read,0x20004020,1,0x0
7687,1139,master,0x06000464,read,0x20004020,1,0x0
7688,1139,master,0x06000464,read,0x20004020,1,0x1
7689,1139,master,0x0600046A,read,0x20004021,1,0x22
7690,1139,master,0x06000464,read,0x20004020,1,0x0
7691,1139,master,0x06000464,read,0x20004020,1,0x0
7692,1139,master,0x06000464,read,0x20004020,1,0x0
7693,1139,master,0x06000464,read,0x20004020,1,0x0
7694,1139,master,0x06000464,read,0x20004020,1,0x0
7695,1139,master,0x06000464,read,0x20004020,1,0x0
7696,1139,master,0x06000464,read,0x20004020,1,0x0
7697,1139,master,0x06000464,read,0x20004020,1,0x0
7698,1139,master,0x06000464,read,0x20004020,1,0x0
7699,1139,master,0x06000464,read,0x20004020,1,0x1
7700,1139,master,0x0600046A,read,0x20004021,1,0x22
7701,1139,master,0x06000464,read,0x20004020,1,0x0
7702,1139,master,0x06000464,read,0x20004020,1,0x0
7703,1139,master,0x06000464,read,0x20004020,1,0x0
7704,1139,master,0x06000464,read,0x20004020,1,0x0
7705,1139,master,0x06000464,read,0x20004020,1,0x0
7706,1139,master,0x06000464,read,0x20004020,1,0x0
7707,1139,master,0x06000464,read,0x20004020,1,0x0
7708,1139,master,0x06000464,read,0x20004020,1,0x0
7709,1139,master,0x06000464,read,0x20004020,1,0x0
7710,1139,master,0x06000464,read,0x20004020,1,0x1
7711,1139,master,0x0600046A,read,0x20004021,1,0x22
7712,1139,master,0x06000464,read,0x20004020,1,0x0
7713,1139,master,0x06000464,read,0x20004020,1,0x0
7714,1139,master,0x06000464,read,0x20004020,1,0x0
7715,1139,master,0x06000464,read,0x20004020,1,0x0
7716,1139,master,0x06000464,read,0x20004020,1,0x0
7717,1139,master,0x06000464,read,0x20004020,1,0x0
7718,1139,master,0x06000464,read,0x20004020,1,0x0
7719,1139,master,0x06000464,read,0x20004020,1,0x0
7720,1139,master,0x06000464,read,0x20004020,1,0x0
7721,1139,master,0x06000464,read,0x20004020,1,0x1
7722,1139,master,0x0600046A,read,0x20004021,1,0x22
7723,1139,master,0x06000464,read,0x20004020,1,0x0
7724,1139,master,0x06000464,read,0x20004020,1,0x0
7725,1139,master,0x06000464,read,0x20004020,1,0x0
7726,1139,master,0x06000464,read,0x20004020,1,0x0
7727,1139,master,0x06000464,read,0x20004020,1,0x0
7728,1139,master,0x06000464,read,0x20004020,1,0x0
7729,1139,master,0x06000464,read,0x20004020,1,0x0
7730,1139,master,0x06000464,read,0x20004020,1,0x0
7731,1139,master,0x06000464,read,0x20004020,1,0x0
7732,1139,master,0x06000464,read,0x20004020,1,0x1
7733,1139,master,0x0600046A,read,0x20004021,1,0x22
7734,1139,master,0x06000464,read,0x20004020,1,0x0
7735,1139,master,0x06000464,read,0x20004020,1,0x0
7736,1139,master,0x06000464,read,0x20004020,1,0x0
7737,1139,master,0x06000464,read,0x20004020,1,0x0
7738,1139,master,0x06000464,read,0x20004020,1,0x0
7739,1139,master,0x06000464,read,0x20004020,1,0x0
7740,1139,master,0x06000464,read,0x20004020,1,0x0
7741,1139,master,0x06000464,read,0x20004020,1,0x0
7742,1139,master,0x06000464,read,0x20004020,1,0x0
7743,1139,master,0x06000464,read,0x20004020,1,0x1
7744,1139,master,0x0600046A,read,0x20004021,1,0x22
7745,1139,master,0x06000464,read,0x20004020,1,0x0
7746,1139,master,0x06000464,read,0x20004020,1,0x0
7747,1139,master,0x06000464,read,0x20004020,1,0x0
7748,1139,master,0x06000464,read,0x20004020,1,0x0
7749,1139,master,0x06000464,read,0x20004020,1,0x0
7750,1139,master,0x06000464,read,0x20004020,1,0x0
7751,1139,master,0x06000464,read,0x20004020,1,0x0
7752,1139,master,0x06000464,read,0x20004020,1,0x0
7753,1139,master,0x06000464,read,0x20004020,1,0x0
7754,1139,master,0x06000464,read,0x20004020,1,0x1
7755,1139,master,0x0600046A,read,0x20004021,1,0x22
7756,1139,master,0x06000464,read,0x20004020,1,0x0
7757,1139,master,0x06000464,read,0x20004020,1,0x0
7758,1139,master,0x06000464,read,0x20004020,1,0x0
7759,1139,master,0x06000464,read,0x20004020,1,0x0
7760,1139,master,0x06000464,read,0x20004020,1,0x0
7761,1139,master,0x06000464,read,0x20004020,1,0x0
7762,1139,master,0x06000464,read,0x20004020,1,0x0
7763,1139,master,0x06000464,read,0x20004020,1,0x0
7764,1139,master,0x06000464,read,0x20004020,1,0x0
7765,1139,master,0x06000464,read,0x20004020,1,0x1
7766,1139,master,0x0600046A,read,0x20004021,1,0x22
7767,1139,master,0x06000464,read,0x20004020,1,0x0
7768,1139,master,0x06000464,read,0x20004020,1,0x0
7769,1139,master,0x06000464,read,0x20004020,1,0x0
7770,1139,master,0x06000464,read,0x20004020,1,0x0
7771,1139,master,0x06000464,read,0x20004020,1,0x0
7772,1139,master,0x06000464,read,0x20004020,1,0x0
7773,1139,master,0x06000464,read,0x20004020,1,0x0
7774,1139,master,0x06000464,read,0x20004020,1,0x0
7775,1139,master,0x06000464,read,0x20004020,1,0x0
7776,1139,master,0x06000464,read,0x20004020,1,0x1
7777,1139,master,0x0600046A,read,0x20004021,1,0x22
7778,1139,master,0x06000464,read,0x20004020,1,0x0
7779,1139,master,0x06000464,read,0x20004020,1,0x0
7780,1139,master,0x06000464,read,0x20004020,1,0x0
7781,1139,master,0x06000464,read,0x20004020,1,0x0
7782,1139,master,0x06000464,read,0x20004020,1,0x0
7783,1139,master,0x06000464,read,0x20004020,1,0x0
7784,1139,master,0x06000464,read,0x20004020,1,0x0
7785,1139,master,0x06000464,read,0x20004020,1,0x0
7786,1139,master,0x06000464,read,0x20004020,1,0x0
7787,1139,master,0x06000464,read,0x20004020,1,0x1
7788,1139,master,0x0600046A,read,0x20004021,1,0x22
7789,1139,master,0x06000464,read,0x20004020,1,0x0
7790,1139,master,0x06000464,read,0x20004020,1,0x0
7791,1139,master,0x06000464,read,0x20004020,1,0x0
7792,1139,master,0x06000464,read,0x20004020,1,0x0
7793,1139,master,0x06000464,read,0x20004020,1,0x0
7794,1139,master,0x06000464,read,0x20004020,1,0x0
7795,1139,master,0x06000464,read,0x20004020,1,0x0
7796,1139,master,0x06000464,read,0x20004020,1,0x0
7797,1139,master,0x06000464,read,0x20004020,1,0x0
7798,1139,master,0x06000464,read,0x20004020,1,0x1
7799,1139,master,0x0600046A,read,0x20004021,1,0x22
7800,1139,master,0x06000464,read,0x20004020,1,0x0
7801,1139,master,0x06000464,read,0x20004020,1,0x0
7802,1139,master,0x06000464,read,0x20004020,1,0x0
7803,1139,master,0x06000464,read,0x20004020,1,0x0
7804,1139,master,0x06000464,read,0x20004020,1,0x0
7805,1139,master,0x06000464,read,0x20004020,1,0x0
7806,1139,master,0x06000464,read,0x20004020,1,0x0
7807,1139,master,0x06000464,read,0x20004020,1,0x0
7808,1139,master,0x06000464,read,0x20004020,1,0x0
7809,1139,master,0x06000464,read,0x20004020,1,0x1
7810,1139,master,0x0600046A,read,0x20004021,1,0x22
7811,1139,master,0x06000464,read,0x20004020,1,0x0
7812,1139,master,0x06000464,read,0x20004020,1,0x0
7813,1139,master,0x06000464,read,0x20004020,1,0x0
7814,1139,master,0x06000464,read,0x20004020,1,0x0
7815,1139,master,0x06000464,read,0x20004020,1,0x0
7816,1139,master,0x06000464,read,0x20004020,1,0x0
7817,1139,master,0x06000464,read,0x20004020,1,0x0
7818,1139,master,0x06000464,read,0x20004020,1,0x0
7819,1139,master,0x06000464,read,0x20004020,1,0x0
7820,1139,master,0x06000464,read,0x20004020,1,0x1
7821,1139,master,0x0600046A,read,0x20004021,1,0x2B
7822,1141,master,0x06000464,read,0x20004020,1,0x0
7823,1141,master,0x06000464,read,0x20004020,1,0x0
7824,1141,master,0x06000464,read,0x20004020,1,0x0
7825,1141,master,0x06000464,read,0x20004020,1,0x0
7826,1141,master,0x06000464,read,0x20004020,1,0x0
7827,1141,master,0x06000464,read,0x20004020,1,0x0
7828,1141,master,0x06000464,read,0x20004020,1,0x0
7829,1141,master,0x06000464,read,0x20004020,1,0x0
7830,1141,master,0x06000464,read,0x20004020,1,0x0
7831,1141,master,0x06000464,read,0x20004020,1,0x0
7832,1141,master,0x06000464,read,0x20004020,1,0x1
7833,1141,master,0x0600046A,read,0x20004021,1,0x22
7834,1141,master,0x06000464,read,0x20004020,1,0x0
7835,1141,master,0x06000464,read,0x20004020,1,0x0
7836,1141,master,0x06000464,read,0x20004020,1,0x0
7837,1141,master,0x06000464,read,0x20004020,1,0x0
7838,1141,master,0x06000464,read,0x20004020,1,0x0
7839,1141,master,0x06000464,read,0x20004020,1,0x0
7840,1141,master,0x06000464,read,0x20004020,1,0x0
7841,1141,master,0x06000464,read,0x20004020,1,0x0
7842,1141,master,0x06000464,read,0x20004020,1,0x0
7843,1141,master,0x06000464,read,0x20004020,1,0x1
7844,1141,master,0x0600046A,read,0x20004021,1,0x22
7845,1141,master,0x06000464,read,0x20004020,1,0x0
7846,1141,master,0x06000464,read,0x20004020,1,0x0
7847,1141,master,0x06000464,read,0x20004020,1,0x0
7848,1141,master,0x06000464,read,0x20004020,1,0x0
7849,1141,master,0x06000464,read,0x20004020,1,0x0
7850,1141,master,0x06000464,read,0x20004020,1,0x0
7851,1141,master,0x06000464,read,0x20004020,1,0x0
7852,1141,master,0x06000464,read,0x20004020,1,0x0
7853,1141,master,0x06000464,read,0x20004020,1,0x0
7854,1141,master,0x06000464,read,0x20004020,2,0x0
7855,1142,master,0x06000464,read,0x20004020,1,0x1
7856,1142,master,0x0600046A,read,0x20004021,1,0x22
7857,1142,master,0x06000464,read,0x20004020,1,0x0
7858,1142,master,0x06000464,read,0x20004020,1,0x0
7859,1142,master,0x06000464,read,0x20004020,1,0x0
7860,1142,master,0x06000464,read,0x20004020,1,0x0
7861,1142,master,0x06000464,read,0x20004020,1,0x0
7862,1142,master,0x06000464,read,0x20004020,1,0x0
7863,1142,master,0x06000464,read,0x20004020,1,0x0
7864,1142,master,0x06000464,read,0x20004020,1,0x0
7865,1142,master,0x06000464,read,0x20004020,1,0x0
7866,1142,master,0x06000464,read,0x20004020,1,0x1
7867,1142,master,0x0600046A,read,0x20004021,1,0x22
7868,1142,master,0x06000464,read,0x20004020,1,0x0
7869,1142,master,0x06000464,read,0x20004020,1,0x0
7870,1142,master,0x06000464,read,0x20004020,1,0x0
7871,1142,master,0x06000464,read,0x20004020,1,0x0
7872,1142,master,0x06000464,read,0x20004020,1,0x0
7873,1142,master,0x06000464,read,0x20004020,1,0x0
7874,1142,master,0x06000464,read,0x20004020,1,0x0
7875,1142,master,0x06000464,read,0x20004020,1,0x0
7876,1142,master,0x06000464,read,0x20004020,1,0x0
7877,1142,master,0x06000464,read,0x20004020,1,0x1
7878,1142,master,0x0600046A,read,0x20004021,1,0x22
7879,1142,master,0x06000464,read,0x20004020,1,0x0
7880,1142,master,0x06000464,read,0x20004020,1,0x0
7881,1142,master,0x06000464,read,0x20004020,1,0x0
7882,1142,master,0x06000464,read,0x20004020,1,0x0
7883,1142,master,0x06000464,read,0x20004020,1,0x0
7884,1142,master,0x06000464,read,0x20004020,1,0x0
7885,1142,master,0x06000464,read,0x20004020,1,0x0
7886,1142,master,0x06000464,read,0x20004020,1,0x0
7887,1142,master,0x06000464,read,0x20004020,1,0x0
7888,1142,master,0x06000464,read,0x20004020,1,0x1
7889,1142,master,0x0600046A,read,0x20004021,1,0x22
7890,1142,master,0x06000464,read,0x20004020,1,0x0
7891,1142,master,0x06000464,read,0x20004020,1,0x0
7892,1142,master,0x06000464,read,0x20004020,1,0x0
7893,1142,master,0x06000464,read,0x20004020,1,0x0
7894,1142,master,0x06000464,read,0x20004020,1,0x0
7895,1142,master,0x06000464,read,0x20004020,1,0x0
7896,1142,master,0x06000464,read,0x20004020,1,0x0
7897,1142,master,0x06000464,read,0x20004020,1,0x0
7898,1142,master,0x06000464,read,0x20004020,1,0x0
7899,1142,master,0x06000464,read,0x20004020,1,0x1
7900,1142,master,0x0600046A,read,0x20004021,1,0x22
7901,1142,master,0x06000464,read,0x20004020,1,0x0
7902,1142,master,0x06000464,read,0x20004020,1,0x0
7903,1142,master,0x06000464,read,0x20004020,1,0x0
7904,1142,master,0x06000464,read,0x20004020,1,0x0
7905,1142,master,0x06000464,read,0x20004020,1,0x0
7906,1142,master,0x06000464,read,0x20004020,1,0x0
7907,1142,master,0x06000464,read,0x20004020,1,0x0
7908,1142,master,0x06000464,read,0x20004020,1,0x0
7909,1142,master,0x06000464,read,0x20004020,1,0x0
7910,1142,master,0x06000464,read,0x20004020,1,0x1
7911,1142,master,0x0600046A,read,0x20004021,1,0x22
7912,1142,master,0x06000464,read,0x20004020,1,0x0
7913,1142,master,0x06000464,read,0x20004020,1,0x0
7914,1142,master,0x06000464,read,0x20004020,1,0x0
7915,1142,master,0x06000464,read,0x20004020,1,0x0
7916,1142,master,0x06000464,read,0x20004020,1,0x0
7917,1142,master,0x06000464,read,0x20004020,1,0x0
7918,1142,master,0x06000464,read,0x20004020,1,0x0
7919,1142,master,0x06000464,read,0x20004020,1,0x0
7920,1142,master,0x06000464,read,0x20004020,1,0x0
7921,1142,master,0x06000464,read,0x20004020,1,0x1
7922,1142,master,0x0600046A,read,0x20004021,1,0x22
7923,1142,master,0x06000464,read,0x20004020,1,0x0
7924,1142,master,0x06000464,read,0x20004020,1,0x0
7925,1142,master,0x06000464,read,0x20004020,1,0x0
7926,1142,master,0x06000464,read,0x20004020,1,0x0
7927,1142,master,0x06000464,read,0x20004020,1,0x0
7928,1142,master,0x06000464,read,0x20004020,1,0x0
7929,1142,master,0x06000464,read,0x20004020,1,0x0
7930,1142,master,0x06000464,read,0x20004020,1,0x0
7931,1142,master,0x06000464,read,0x20004020,1,0x0
7932,1142,master,0x06000464,read,0x20004020,1,0x1
7933,1142,master,0x0600046A,read,0x20004021,1,0x22
7934,1142,master,0x06000464,read,0x20004020,1,0x0
7935,1142,master,0x06000464,read,0x20004020,1,0x0
7936,1142,master,0x06000464,read,0x20004020,1,0x0
7937,1142,master,0x06000464,read,0x20004020,1,0x0
7938,1142,master,0x06000464,read,0x20004020,1,0x0
7939,1142,master,0x06000464,read,0x20004020,1,0x0
7940,1142,master,0x06000464,read,0x20004020,1,0x0
7941,1142,master,0x06000464,read,0x20004020,1,0x0
7942,1142,master,0x06000464,read,0x20004020,1,0x0
7943,1142,master,0x06000464,read,0x20004020,1,0x1
7944,1142,master,0x0600046A,read,0x20004021,1,0x22
7945,1142,master,0x06000464,read,0x20004020,1,0x0
7946,1142,master,0x06000464,read,0x20004020,1,0x0
7947,1142,master,0x06000464,read,0x20004020,1,0x0
7948,1142,master,0x06000464,read,0x20004020,1,0x0
7949,1142,master,0x06000464,read,0x20004020,1,0x0
7950,1142,master,0x06000464,read,0x20004020,1,0x0
7951,1142,master,0x06000464,read,0x20004020,1,0x0
7952,1142,master,0x06000464,read,0x20004020,1,0x0
7953,1142,master,0x06000464,read,0x20004020,1,0x0
7954,1142,master,0x06000464,read,0x20004020,1,0x1
7955,1142,master,0x0600046A,read,0x20004021,1,0x22
7956,1142,master,0x06000464,read,0x20004020,1,0x0
7957,1142,master,0x06000464,read,0x20004020,1,0x0
7958,1142,master,0x06000464,read,0x20004020,1,0x0
7959,1142,master,0x06000464,read,0x20004020,1,0x0
7960,1142,master,0x06000464,read,0x20004020,1,0x0
7961,1142,master,0x06000464,read,0x20004020,1,0x0
7962,1142,master,0x06000464,read,0x20004020,1,0x0
7963,1142,master,0x06000464,read,0x20004020,1,0x0
7964,1142,master,0x06000464,read,0x20004020,1,0x0
7965,1142,master,0x06000464,read,0x20004020,1,0x1
7966,1142,master,0x0600046A,read,0x20004021,1,0x22
7967,1142,master,0x06000464,read,0x20004020,1,0x0
7968,1142,master,0x06000464,read,0x20004020,1,0x0
7969,1142,master,0x06000464,read,0x20004020,1,0x0
7970,1142,master,0x06000464,read,0x20004020,1,0x0
7971,1142,master,0x06000464,read,0x20004020,1,0x0
7972,1142,master,0x06000464,read,0x20004020,1,0x0
7973,1142,master,0x06000464,read,0x20004020,1,0x0
7974,1142,master,0x06000464,read,0x20004020,1,0x0
7975,1142,master,0x06000464,read,0x20004020,1,0x0
7976,1142,master,0x06000464,read,0x20004020,1,0x1
7977,1142,master,0x0600046A,read,0x20004021,1,0x22
7978,1142,master,0x06000464,read,0x20004020,1,0x0
7979,1142,master,0x06000464,read,0x20004020,1,0x0
7980,1142,master,0x06000464,read,0x20004020,1,0x0
7981,1142,master,0x06000464,read,0x20004020,1,0x0
7982,1142,master,0x06000464,read,0x20004020,1,0x0
7983,1142,master,0x06000464,read,0x20004020,1,0x0
7984,1142,master,0x06000464,read,0x20004020,1,0x0
7985,1142,master,0x06000464,read,0x20004020,1,0x0
7986,1142,master,0x06000464,read,0x20004020,1,0x0
7987,1142,master,0x06000464,read,0x20004020,1,0x1
7988,1142,master,0x0600046A,read,0x20004021,1,0x22
7989,1142,master,0x06000464,read,0x20004020,1,0x0
7990,1142,master,0x06000464,read,0x20004020,1,0x0
7991,1142,master,0x06000464,read,0x20004020,1,0x0
7992,1142,master,0x06000464,read,0x20004020,1,0x0
7993,1142,master,0x06000464,read,0x20004020,1,0x0
7994,1142,master,0x06000464,read,0x20004020,1,0x0
7995,1142,master,0x06000464,read,0x20004020,1,0x0
7996,1142,master,0x06000464,read,0x20004020,1,0x0
7997,1142,master,0x06000464,read,0x20004020,1,0x0
7998,1142,master,0x06000464,read,0x20004020,1,0x1
7999,1142,master,0x0600046A,read,0x20004021,1,0x22
8000,1142,master,0x06000464,read,0x20004020,1,0x0
8001,1142,master,0x06000464,read,0x20004020,1,0x0
8002,1142,master,0x06000464,read,0x20004020,1,0x0
8003,1142,master,0x06000464,read,0x20004020,1,0x0
8004,1142,master,0x06000464,read,0x20004020,1,0x0
8005,1142,master,0x06000464,read,0x20004020,1,0x0
8006,1142,master,0x06000464,read,0x20004020,1,0x0
8007,1142,master,0x06000464,read,0x20004020,1,0x0
8008,1142,master,0x06000464,read,0x20004020,1,0x0
8009,1142,master,0x06000464,read,0x20004020,1,0x1
8010,1142,master,0x0600046A,read,0x20004021,1,0x22
8011,1142,master,0x06000464,read,0x20004020,1,0x0
8012,1142,master,0x06000464,read,0x20004020,1,0x0
8013,1142,master,0x06000464,read,0x20004020,1,0x0
8014,1142,master,0x06000464,read,0x20004020,1,0x0
8015,1142,master,0x06000464,read,0x20004020,1,0x0
8016,1142,master,0x06000464,read,0x20004020,1,0x0
8017,1142,master,0x06000464,read,0x20004020,1,0x0
8018,1142,master,0x06000464,read,0x20004020,1,0x0
8019,1142,master,0x06000464,read,0x20004020,1,0x0
8020,1142,master,0x06000464,read,0x20004020,1,0x1
8021,1142,master,0x0600046A,read,0x20004021,1,0x22
8022,1142,master,0x06000464,read,0x20004020,1,0x0
8023,1142,master,0x06000464,read,0x20004020,1,0x0
8024,1142,master,0x06000464,read,0x20004020,1,0x0
8025,1142,master,0x06000464,read,0x20004020,1,0x0
8026,1142,master,0x06000464,read,0x20004020,1,0x0
8027,1142,master,0x06000464,read,0x20004020,1,0x0
8028,1142,master,0x06000464,read,0x20004020,1,0x0
8029,1142,master,0x06000464,read,0x20004020,1,0x0
8030,1142,master,0x06000464,read,0x20004020,1,0x0
8031,1142,master,0x06000464,read,0x20004020,1,0x1
8032,1142,master,0x0600046A,read,0x20004021,1,0x22
8033,1142,master,0x06000464,read,0x20004020,1,0x0
8034,1142,master,0x06000464,read,0x20004020,1,0x0
8035,1142,master,0x06000464,read,0x20004020,1,0x0
8036,1142,master,0x06000464,read,0x20004020,1,0x0
8037,1142,master,0x06000464,read,0x20004020,1,0x0
8038,1142,master,0x06000464,read,0x20004020,1,0x0
8039,1142,master,0x06000464,read,0x20004020,1,0x0
8040,1142,master,0x06000464,read,0x20004020,1,0x0
8041,1142,master,0x06000464,read,0x20004020,1,0x0
8042,1142,master,0x06000464,read,0x20004020,1,0x1
8043,1142,master,0x0600046A,read,0x20004021,1,0x2B
8044,1144,master,0x06000464,read,0x20004020,1,0x0
8045,1144,master,0x06000464,read,0x20004020,1,0x0
8046,1144,master,0x06000464,read,0x20004020,1,0x0
8047,1144,master,0x06000464,read,0x20004020,1,0x0
8048,1144,master,0x06000464,read,0x20004020,1,0x0
8049,1144,master,0x06000464,read,0x20004020,1,0x0
8050,1144,master,0x06000464,read,0x20004020,1,0x0
8051,1144,master,0x06000464,read,0x20004020,1,0x0
8052,1144,master,0x06000464,read,0x20004020,1,0x0
8053,1144,master,0x06000464,read,0x20004020,1,0x0
8054,1144,master,0x06000464,read,0x20004020,1,0x1
8055,1144,master,0x0600046A,read,0x20004021,1,0x22
8056,1144,master,0x06000464,read,0x20004020,1,0x0
8057,1144,master,0x06000464,read,0x20004020,1,0x0
8058,1144,master,0x06000464,read,0x20004020,1,0x0
8059,1144,master,0x06000464,read,0x20004020,1,0x0
8060,1144,master,0x06000464,read,0x20004020,1,0x0
8061,1144,master,0x06000464,read,0x20004020,1,0x0
8062,1144,master,0x06000464,read,0x20004020,1,0x0
8063,1144,master,0x06000464,read,0x20004020,1,0x0
8064,1144,master,0x06000464,read,0x20004020,1,0x0
8065,1144,master,0x06000464,read,0x20004020,1,0x1
8066,1144,master,0x0600046A,read,0x20004021,1,0x22
8067,1145,master,0x06000464,read,0x20004020,1,0x0
8068,1145,master,0x06000464,read,0x20004020,1,0x0
8069,1145,master,0x06000464,read,0x20004020,1,0x0
8070,1145,master,0x06000464,read,0x20004020,1,0x0
8071,1145,master,0x06000464,read,0x20004020,1,0x0
8072,1145,master,0x06000464,read,0x20004020,1,0x0
8073,1145,master,0x06000464,read,0x20004020,1,0x0
8074,1145,master,0x06000464,read,0x20004020,1,0x0
8075,1145,master,0x06000464,read,0x20004020,1,0x0
8076,1145,master,0x06000464,read,0x20004020,1,0x1
8077,1145,master,0x0600046A,read,0x20004021,1,0x22
8078,1145,master,0x06000464,read,0x20004020,1,0x0
8079,1145,master,0x06000464,read,0x20004020,1,0x0
8080,1145,master,0x06000464,read,0x20004020,1,0x0
8081,1145,master,0x06000464,read,0x20004020,1,0x0
8082,1145,master,0x06000464,read,0x20004020,1,0x0
8083,1145,master,0x06000464,read,0x20004020,1,0x0
8084,1145,master,0x06000464,read,0x20004020,1,0x0
8085,1145,master,0x06000464,read,0x20004020,1,0x0
8086,1145,master,0x06000464,read,0x20004020,1,0x0
8087,1145,master,0x06000464,read,0x20004020,1,0x1
8088,1145,master,0x0600046A,read,0x20004021,1,0x22
8089,1145,master,0x06000464,read,0x20004020,1,0x0
8090,1145,master,0x06000464,read,0x20004020,1,0x0
8091,1145,master,0x06000464,read,0x20004020,1,0x0
8092,1145,master,0x06000464,read,0x20004020,1,0x0
8093,1145,master,0x06000464,read,0x20004020,1,0x0
8094,1145,master,0x06000464,read,0x20004020,1,0x0
8095,1145,master,0x06000464,read,0x20004020,1,0x0
8096,1145,master,0x06000464,read,0x20004020,1,0x0
8097,1145,master,0x06000464,read,0x20004020,1,0x0
8098,1145,master,0x06000464,read,0x20004020,1,0x1
8099,1145,master,0x0600046A,read,0x20004021,1,0x22
8100,1145,master,0x06000464,read,0x20004020,1,0x0
8101,1145,master,0x06000464,read,0x20004020,1,0x0
8102,1145,master,0x06000464,read,0x20004020,1,0x0
8103,1145,master,0x06000464,read,0x20004020,1,0x0
8104,1145,master,0x06000464,read,0x20004020,1,0x0
8105,1145,master,0x06000464,read,0x20004020,1,0x0
8106,1145,master,0x06000464,read,0x20004020,1,0x0
8107,1145,master,0x06000464,read,0x20004020,1,0x0
8108,1145,master,0x06000464,read,0x20004020,1,0x0
8109,1145,master,0x06000464,read,0x20004020,1,0x1
8110,1145,master,0x0600046A,read,0x20004021,1,0x22
8111,1145,master,0x06000464,read,0x20004020,1,0x0
8112,1145,master,0x06000464,read,0x20004020,1,0x0
8113,1145,master,0x06000464,read,0x20004020,1,0x0
8114,1145,master,0x06000464,read,0x20004020,1,0x0
8115,1145,master,0x06000464,read,0x20004020,1,0x0
8116,1145,master,0x06000464,read,0x20004020,1,0x0
8117,1145,master,0x06000464,read,0x20004020,1,0x0
8118,1145,master,0x06000464,read,0x20004020,1,0x0
8119,1145,master,0x06000464,read,0x20004020,1,0x0
8120,1145,master,0x06000464,read,0x20004020,1,0x1
8121,1145,master,0x0600046A,read,0x20004021,1,0x22
8122,1145,master,0x06000464,read,0x20004020,1,0x0
8123,1145,master,0x06000464,read,0x20004020,1,0x0
8124,1145,master,0x06000464,read,0x20004020,1,0x0
8125,1145,master,0x06000464,read,0x20004020,1,0x0
8126,1145,master,0x06000464,read,0x20004020,1,0x0
8127,1145,master,0x06000464,read,0x20004020,1,0x0
8128,1145,master,0x06000464,read,0x20004020,1,0x0
8129,1145,master,0x06000464,read,0x20004020,1,0x0
8130,1145,master,0x06000464,read,0x20004020,1,0x0
8131,1145,master,0x06000464,read,0x20004020,1,0x0
8132,1145,master,0x06000464,read,0x20004020,1,0x1
8133,1145,master,0x0600046A,read,0x20004021,1,0x22
8134,1145,master,0x06000464,read,0x20004020,1,0x0
8135,1145,master,0x06000464,read,0x20004020,1,0x0
8136,1145,master,0x06000464,read,0x20004020,1,0x0
8137,1145,master,0x06000464,read,0x20004020,1,0x0
8138,1145,master,0x06000464,read,0x20004020,1,0x0
8139,1145,master,0x06000464,read,0x20004020,1,0x0
8140,1145,master,0x06000464,read,0x20004020,1,0x0
8141,1145,master,0x06000464,read,0x20004020,1,0x0
8142,1145,master,0x06000464,read,0x20004020,1,0x0
8143,1145,master,0x06000464,read,0x20004020,1,0x1
8144,1145,master,0x0600046A,read,0x20004021,1,0x22
8145,1145,master,0x06000464,read,0x20004020,1,0x0
8146,1145,master,0x06000464,read,0x20004020,1,0x0
8147,1145,master,0x06000464,read,0x20004020,1,0x0
8148,1145,master,0x06000464,read,0x20004020,1,0x0
8149,1145,master,0x06000464,read,0x20004020,1,0x0
8150,1145,master,0x06000464,read,0x20004020,1,0x0
8151,1145,master,0x06000464,read,0x20004020,1,0x0
8152,1145,master,0x06000464,read,0x20004020,1,0x0
8153,1145,master,0x06000464,read,0x20004020,1,0x0
8154,1145,master,0x06000464,read,0x20004020,1,0x1
8155,1145,master,0x0600046A,read,0x20004021,1,0x22
8156,1145,master,0x06000464,read,0x20004020,1,0x0
8157,1145,master,0x06000464,read,0x20004020,1,0x0
8158,1145,master,0x06000464,read,0x20004020,1,0x0
8159,1145,master,0x06000464,read,0x20004020,1,0x0
8160,1145,master,0x06000464,read,0x20004020,1,0x0
8161,1145,master,0x06000464,read,0x20004020,1,0x0
8162,1145,master,0x06000464,read,0x20004020,1,0x0
8163,1145,master,0x06000464,read,0x20004020,1,0x0
8164,1145,master,0x06000464,read,0x20004020,1,0x0
8165,1145,master,0x06000464,read,0x20004020,1,0x1
8166,1145,master,0x0600046A,read,0x20004021,1,0x22
8167,1145,master,0x06000464,read,0x20004020,1,0x0
8168,1145,master,0x06000464,read,0x20004020,1,0x0
8169,1145,master,0x06000464,read,0x20004020,1,0x0
8170,1145,master,0x06000464,read,0x20004020,1,0x0
8171,1145,master,0x06000464,read,0x20004020,1,0x0
8172,1145,master,0x06000464,read,0x20004020,1,0x0
8173,1145,master,0x06000464,read,0x20004020,1,0x0
8174,1145,master,0x06000464,read,0x20004020,1,0x0
8175,1145,master,0x06000464,read,0x20004020,1,0x0
8176,1145,master,0x06000464,read,0x20004020,1,0x1
8177,1145,master,0x0600046A,read,0x20004021,1,0x22
8178,1145,master,0x06000464,read,0x20004020,1,0x0
8179,1145,master,0x06000464,read,0x20004020,1,0x0
8180,1145,master,0x06000464,read,0x20004020,1,0x0
8181,1145,master,0x06000464,read,0x20004020,1,0x0
8182,1145,master,0x06000464,read,0x20004020,1,0x0
8183,1145,master,0x06000464,read,0x20004020,1,0x0
8184,1145,master,0x06000464,read,0x20004020,1,0x0
8185,1145,master,0x06000464,read,0x20004020,1,0x0
8186,1145,master,0x06000464,read,0x20004020,1,0x0
8187,1145,master,0x06000464,read,0x20004020,1,0x1
8188,1145,master,0x0600046A,read,0x20004021,1,0x22
8189,1145,master,0x06000464,read,0x20004020,1,0x0
8190,1145,master,0x06000464,read,0x20004020,1,0x0
8191,1145,master,0x06000464,read,0x20004020,1,0x0
8192,1145,master,0x06000464,read,0x20004020,1,0x0
8193,1145,master,0x06000464,read,0x20004020,1,0x0
8194,1145,master,0x06000464,read,0x20004020,1,0x0
8195,1145,master,0x06000464,read,0x20004020,1,0x0
8196,1145,master,0x06000464,read,0x20004020,1,0x0
8197,1145,master,0x06000464,read,0x20004020,1,0x0
8198,1145,master,0x06000464,read,0x20004020,1,0x1
8199,1145,master,0x0600046A,read,0x20004021,1,0x22
8200,1145,master,0x06000464,read,0x20004020,1,0x0
8201,1145,master,0x06000464,read,0x20004020,1,0x0
8202,1145,master,0x06000464,read,0x20004020,1,0x0
8203,1145,master,0x06000464,read,0x20004020,1,0x0
8204,1145,master,0x06000464,read,0x20004020,1,0x0
8205,1145,master,0x06000464,read,0x20004020,1,0x0
8206,1145,master,0x06000464,read,0x20004020,1,0x0
8207,1145,master,0x06000464,read,0x20004020,1,0x0
8208,1145,master,0x06000464,read,0x20004020,1,0x0
8209,1145,master,0x06000464,read,0x20004020,1,0x1
8210,1145,master,0x0600046A,read,0x20004021,1,0x22
8211,1145,master,0x06000464,read,0x20004020,1,0x0
8212,1145,master,0x06000464,read,0x20004020,1,0x0
8213,1145,master,0x06000464,read,0x20004020,1,0x0
8214,1145,master,0x06000464,read,0x20004020,1,0x0
8215,1145,master,0x06000464,read,0x20004020,1,0x0
8216,1145,master,0x06000464,read,0x20004020,1,0x0
8217,1145,master,0x06000464,read,0x20004020,1,0x0
8218,1145,master,0x06000464,read,0x20004020,1,0x0
8219,1145,master,0x06000464,read,0x20004020,1,0x0
8220,1145,master,0x06000464,read,0x20004020,1,0x1
8221,1145,master,0x0600046A,read,0x20004021,1,0x22
8222,1145,master,0x06000464,read,0x20004020,1,0x0
8223,1145,master,0x06000464,read,0x20004020,1,0x0
8224,1145,master,0x06000464,read,0x20004020,1,0x0
8225,1145,master,0x06000464,read,0x20004020,1,0x0
8226,1145,master,0x06000464,read,0x20004020,1,0x0
8227,1145,master,0x06000464,read,0x20004020,1,0x0
8228,1145,master,0x06000464,read,0x20004020,1,0x0
8229,1145,master,0x06000464,read,0x20004020,1,0x0
8230,1145,master,0x06000464,read,0x20004020,1,0x0
8231,1145,master,0x06000464,read,0x20004020,1,0x1
8232,1145,master,0x0600046A,read,0x20004021,1,0x22
8233,1145,master,0x06000464,read,0x20004020,1,0x0
8234,1145,master,0x06000464,read,0x20004020,1,0x0
8235,1145,master,0x06000464,read,0x20004020,1,0x0
8236,1145,master,0x06000464,read,0x20004020,1,0x0
8237,1145,master,0x06000464,read,0x20004020,1,0x0
8238,1145,master,0x06000464,read,0x20004020,1,0x0
8239,1145,master,0x06000464,read,0x20004020,1,0x0
8240,1145,master,0x06000464,read,0x20004020,1,0x0
8241,1145,master,0x06000464,read,0x20004020,1,0x0
8242,1145,master,0x06000464,read,0x20004020,1,0x1
8243,1145,master,0x0600046A,read,0x20004021,1,0x22
8244,1145,master,0x06000464,read,0x20004020,1,0x0
8245,1145,master,0x06000464,read,0x20004020,1,0x0
8246,1145,master,0x06000464,read,0x20004020,1,0x0
8247,1145,master,0x06000464,read,0x20004020,1,0x0
8248,1145,master,0x06000464,read,0x20004020,1,0x0
8249,1145,master,0x06000464,read,0x20004020,1,0x0
8250,1145,master,0x06000464,read,0x20004020,1,0x0
8251,1145,master,0x06000464,read,0x20004020,1,0x0
8252,1145,master,0x06000464,read,0x20004020,1,0x0
8253,1145,master,0x06000464,read,0x20004020,1,0x1
8254,1145,master,0x0600046A,read,0x20004021,1,0x22
8255,1145,master,0x06000464,read,0x20004020,1,0x0
8256,1145,master,0x06000464,read,0x20004020,1,0x0
8257,1145,master,0x06000464,read,0x20004020,1,0x0
8258,1145,master,0x06000464,read,0x20004020,1,0x0
8259,1145,master,0x06000464,read,0x20004020,1,0x0
8260,1145,master,0x06000464,read,0x20004020,1,0x0
8261,1145,master,0x06000464,read,0x20004020,1,0x0
8262,1145,master,0x06000464,read,0x20004020,1,0x0
8263,1145,master,0x06000464,read,0x20004020,1,0x0
8264,1145,master,0x06000464,read,0x20004020,1,0x1
8265,1145,master,0x0600046A,read,0x20004021,1,0x2B
8266,1147,master,0x06000464,read,0x20004020,1,0x0
8267,1147,master,0x06000464,read,0x20004020,1,0x0
8268,1147,master,0x06000464,read,0x20004020,1,0x0
8269,1147,master,0x06000464,read,0x20004020,1,0x0
8270,1147,master,0x06000464,read,0x20004020,1,0x0
8271,1147,master,0x06000464,read,0x20004020,1,0x0
8272,1147,master,0x06000464,read,0x20004020,1,0x0
8273,1147,master,0x06000464,read,0x20004020,1,0x0
8274,1147,master,0x06000464,read,0x20004020,1,0x0
8275,1147,master,0x06000464,read,0x20004020,1,0x0
8276,1147,master,0x06000464,read,0x20004020,1,0x0
8277,1147,master,0x06000464,read,0x20004020,1,0x0
8278,1147,master,0x06000464,read,0x20004020,1,0x0
8279,1147,master,0x06000464,read,0x20004020,1,0x0
8280,1147,master,0x06000464,read,0x20004020,1,0x0
8281,1147,master,0x06000464,read,0x20004020,1,0x1
8282,1147,master,0x0600046A,read,0x20004021,1,0x22
8283,1147,master,0x06000464,read,0x20004020,1,0x0
8284,1147,master,0x06000464,read,0x20004020,1,0x0
8285,1147,master,0x06000464,read,0x20004020,1,0x0
8286,1147,master,0x06000464,read,0x20004020,1,0x0
8287,1147,master,0x06000464,read,0x20004020,1,0x0
8288,1147,master,0x06000464,read,0x20004020,1,0x0
8289,1147,master,0x06000464,read,0x20004020,1,0x0
8290,1147,master,0x06000464,read,0x20004020,1,0x0
8291,1147,master,0x06000464,read,0x20004020,1,0x0
8292,1147,master,0x06000464,read,0x20004020,1,0x1
8293,1147,master,0x0600046A,read,0x20004021,1,0x22
8294,1147,master,0x06000464,read,0x20004020,1,0x0
8295,1147,master,0x06000464,read,0x20004020,1,0x0
8296,1147,master,0x06000464,read,0x20004020,1,0x0
8297,1147,master,0x06000464,read,0x20004020,1,0x0
8298,1147,master,0x06000464,read,0x20004020,1,0x0
8299,1147,master,0x06000464,read,0x20004020,1,0x0
8300,1147,master,0x06000464,read,0x20004020,1,0x0
8301,1147,master,0x06000464,read,0x20004020,1,0x0
8302,1147,master,0x06000464,read,0x20004020,1,0x0
8303,1147,master,0x06000464,read,0x20004020,1,0x1
8304,1147,master,0x0600046A,read,0x20004021,1,0x22
8305,1148,master,0x06000464,read,0x20004020,1,0x0
8306,1148,master,0x06000464,read,0x20004020,1,0x0
8307,1148,master,0x06000464,read,0x20004020,1,0x0
8308,1148,master,0x06000464,read,0x20004020,1,0x0
8309,1148,master,0x06000464,read,0x20004020,1,0x0
8310,1148,master,0x06000464,read,0x20004020,1,0x0
8311,1148,master,0x06000464,read,0x20004020,1,0x0
8312,1148,master,0x06000464,read,0x20004020,1,0x0
8313,1148,master,0x06000464,read,0x20004020,1,0x0
8314,1148,master,0x06000464,read,0x20004020,1,0x1
8315,1148,master,0x0600046A,read,0x20004021,1,0x22
8316,1148,master,0x06000464,read,0x20004020,1,0x0
8317,1148,master,0x06000464,read,0x20004020,1,0x0
8318,1148,master,0x06000464,read,0x20004020,1,0x0
8319,1148,master,0x06000464,read,0x20004020,1,0x0
8320,1148,master,0x06000464,read,0x20004020,1,0x0
8321,1148,master,0x06000464,read,0x20004020,1,0x0
8322,1148,master,0x06000464,read,0x20004020,1,0x0
8323,1148,master,0x06000464,read,0x20004020,1,0x0
8324,1148,master,0x06000464,read,0x20004020,1,0x0
8325,1148,master,0x06000464,read,0x20004020,1,0x1
8326,1148,master,0x0600046A,read,0x20004021,1,0x22
8327,1148,master,0x06000464,read,0x20004020,1,0x0
8328,1148,master,0x06000464,read,0x20004020,1,0x0
8329,1148,master,0x06000464,read,0x20004020,1,0x0
8330,1148,master,0x06000464,read,0x20004020,1,0x0
8331,1148,master,0x06000464,read,0x20004020,1,0x0
8332,1148,master,0x06000464,read,0x20004020,1,0x0
8333,1148,master,0x06000464,read,0x20004020,1,0x0
8334,1148,master,0x06000464,read,0x20004020,1,0x0
8335,1148,master,0x06000464,read,0x20004020,1,0x0
8336,1148,master,0x06000464,read,0x20004020,1,0x1
8337,1148,master,0x0600046A,read,0x20004021,1,0x22
8338,1148,master,0x06000464,read,0x20004020,1,0x0
8339,1148,master,0x06000464,read,0x20004020,1,0x0
8340,1148,master,0x06000464,read,0x20004020,1,0x0
8341,1148,master,0x06000464,read,0x20004020,1,0x0
8342,1148,master,0x06000464,read,0x20004020,1,0x0
8343,1148,master,0x06000464,read,0x20004020,1,0x0
8344,1148,master,0x06000464,read,0x20004020,1,0x0
8345,1148,master,0x06000464,read,0x20004020,1,0x0
8346,1148,master,0x06000464,read,0x20004020,1,0x0
8347,1148,master,0x06000464,read,0x20004020,1,0x1
8348,1148,master,0x0600046A,read,0x20004021,1,0x22
8349,1148,master,0x06000464,read,0x20004020,1,0x0
8350,1148,master,0x06000464,read,0x20004020,1,0x0
8351,1148,master,0x06000464,read,0x20004020,1,0x0
8352,1148,master,0x06000464,read,0x20004020,1,0x0
8353,1148,master,0x06000464,read,0x20004020,1,0x0
8354,1148,master,0x06000464,read,0x20004020,1,0x0
8355,1148,master,0x06000464,read,0x20004020,1,0x0
8356,1148,master,0x06000464,read,0x20004020,1,0x0
8357,1148,master,0x06000464,read,0x20004020,1,0x0
8358,1148,master,0x06000464,read,0x20004020,1,0x1
8359,1148,master,0x0600046A,read,0x20004021,1,0x22
8360,1148,master,0x06000464,read,0x20004020,1,0x0
8361,1148,master,0x06000464,read,0x20004020,1,0x0
8362,1148,master,0x06000464,read,0x20004020,1,0x0
8363,1148,master,0x06000464,read,0x20004020,1,0x0
8364,1148,master,0x06000464,read,0x20004020,1,0x0
8365,1148,master,0x06000464,read,0x20004020,1,0x0
8366,1148,master,0x06000464,read,0x20004020,1,0x0
8367,1148,master,0x06000464,read,0x20004020,1,0x0
8368,1148,master,0x06000464,read,0x20004020,1,0x0
8369,1148,master,0x06000464,read,0x20004020,1,0x1
8370,1148,master,0x0600046A,read,0x20004021,1,0x22
8371,1148,master,0x06000464,read,0x20004020,1,0x0
8372,1148,master,0x06000464,read,0x20004020,1,0x0
8373,1148,master,0x06000464,read,0x20004020,1,0x0
8374,1148,master,0x06000464,read,0x20004020,1,0x0
8375,1148,master,0x06000464,read,0x20004020,1,0x0
8376,1148,master,0x06000464,read,0x20004020,1,0x0
8377,1148,master,0x06000464,read,0x20004020,1,0x0
8378,1148,master,0x06000464,read,0x20004020,1,0x0
8379,1148,master,0x06000464,read,0x20004020,1,0x0
8380,1148,master,0x06000464,read,0x20004020,1,0x1
8381,1148,master,0x0600046A,read,0x20004021,1,0x22
8382,1148,master,0x06000464,read,0x20004020,1,0x0
8383,1148,master,0x06000464,read,0x20004020,1,0x0
8384,1148,master,0x06000464,read,0x20004020,1,0x0
8385,1148,master,0x06000464,read,0x20004020,1,0x0
8386,1148,master,0x06000464,read,0x20004020,1,0x0
8387,1148,master,0x06000464,read,0x20004020,1,0x0
8388,1148,master,0x06000464,read,0x20004020,1,0x0
8389,1148,master,0x06000464,read,0x20004020,1,0x0
8390,1148,master,0x06000464,read,0x20004020,1,0x0
8391,1148,master,0x06000464,read,0x20004020,1,0x1
8392,1148,master,0x0600046A,read,0x20004021,1,0x22
8393,1148,master,0x06000464,read,0x20004020,1,0x0
8394,1148,master,0x06000464,read,0x20004020,1,0x0
8395,1148,master,0x06000464,read,0x20004020,1,0x0
8396,1148,master,0x06000464,read,0x20004020,1,0x0
8397,1148,master,0x06000464,read,0x20004020,1,0x0
8398,1148,master,0x06000464,read,0x20004020,1,0x0
8399,1148,master,0x06000464,read,0x20004020,1,0x0
8400,1148,master,0x06000464,read,0x20004020,1,0x0
8401,1148,master,0x06000464,read,0x20004020,1,0x0
8402,1148,master,0x06000464,read,0x20004020,1,0x1
8403,1148,master,0x0600046A,read,0x20004021,1,0x22
8404,1148,master,0x06000464,read,0x20004020,1,0x0
8405,1148,master,0x06000464,read,0x20004020,1,0x0
8406,1148,master,0x06000464,read,0x20004020,1,0x0
8407,1148,master,0x06000464,read,0x20004020,1,0x0
8408,1148,master,0x06000464,read,0x20004020,1,0x0
8409,1148,master,0x06000464,read,0x20004020,1,0x0
8410,1148,master,0x06000464,read,0x20004020,1,0x0
8411,1148,master,0x06000464,read,0x20004020,1,0x0
8412,1148,master,0x06000464,read,0x20004020,1,0x0
8413,1148,master,0x06000464,read,0x20004020,1,0x1
8414,1148,master,0x0600046A,read,0x20004021,1,0x22
8415,1148,master,0x06000464,read,0x20004020,1,0x0
8416,1148,master,0x06000464,read,0x20004020,1,0x0
8417,1148,master,0x06000464,read,0x20004020,1,0x0
8418,1148,master,0x06000464,read,0x20004020,1,0x0
8419,1148,master,0x06000464,read,0x20004020,1,0x0
8420,1148,master,0x06000464,read,0x20004020,1,0x0
8421,1148,master,0x06000464,read,0x20004020,1,0x0
8422,1148,master,0x06000464,read,0x20004020,1,0x0
8423,1148,master,0x06000464,read,0x20004020,1,0x0
8424,1148,master,0x06000464,read,0x20004020,1,0x1
8425,1148,master,0x0600046A,read,0x20004021,1,0x22
8426,1148,master,0x06000464,read,0x20004020,1,0x0
8427,1148,master,0x06000464,read,0x20004020,1,0x0
8428,1148,master,0x06000464,read,0x20004020,1,0x0
8429,1148,master,0x06000464,read,0x20004020,1,0x0
8430,1148,master,0x06000464,read,0x20004020,1,0x0
8431,1148,master,0x06000464,read,0x20004020,1,0x0
8432,1148,master,0x06000464,read,0x20004020,1,0x0
8433,1148,master,0x06000464,read,0x20004020,1,0x0
8434,1148,master,0x06000464,read,0x20004020,1,0x0
8435,1148,master,0x06000464,read,0x20004020,1,0x1
8436,1148,master,0x0600046A,read,0x20004021,1,0x22
8437,1148,master,0x06000464,read,0x20004020,1,0x0
8438,1148,master,0x06000464,read,0x20004020,1,0x0
8439,1148,master,0x06000464,read,0x20004020,1,0x0
8440,1148,master,0x06000464,read,0x20004020,1,0x0
8441,1148,master,0x06000464,read,0x20004020,1,0x0
8442,1148,master,0x06000464,read,0x20004020,1,0x0
8443,1148,master,0x06000464,read,0x20004020,1,0x0
8444,1148,master,0x06000464,read,0x20004020,1,0x0
8445,1148,master,0x06000464,read,0x20004020,1,0x0
8446,1148,master,0x06000464,read,0x20004020,1,0x1
8447,1148,master,0x0600046A,read,0x20004021,1,0x22
8448,1148,master,0x06000464,read,0x20004020,1,0x0
8449,1148,master,0x06000464,read,0x20004020,1,0x0
8450,1148,master,0x06000464,read,0x20004020,1,0x0
8451,1148,master,0x06000464,read,0x20004020,1,0x0
8452,1148,master,0x06000464,read,0x20004020,1,0x0
8453,1148,master,0x06000464,read,0x20004020,1,0x0
8454,1148,master,0x06000464,read,0x20004020,1,0x0
8455,1148,master,0x06000464,read,0x20004020,1,0x0
8456,1148,master,0x06000464,read,0x20004020,1,0x0
8457,1148,master,0x06000464,read,0x20004020,1,0x1
8458,1148,master,0x0600046A,read,0x20004021,1,0x22
8459,1148,master,0x06000464,read,0x20004020,1,0x0
8460,1148,master,0x06000464,read,0x20004020,1,0x0
8461,1148,master,0x06000464,read,0x20004020,1,0x0
8462,1148,master,0x06000464,read,0x20004020,1,0x0
8463,1148,master,0x06000464,read,0x20004020,1,0x0
8464,1148,master,0x06000464,read,0x20004020,1,0x0
8465,1148,master,0x06000464,read,0x20004020,1,0x0
8466,1148,master,0x06000464,read,0x20004020,1,0x0
8467,1148,master,0x06000464,read,0x20004020,1,0x0
8468,1148,master,0x06000464,read,0x20004020,1,0x1
8469,1148,master,0x0600046A,read,0x20004021,1,0x22
8470,1148,master,0x06000464,read,0x20004020,1,0x0
8471,1148,master,0x06000464,read,0x20004020,1,0x0
8472,1148,master,0x06000464,read,0x20004020,1,0x0
8473,1148,master,0x06000464,read,0x20004020,1,0x0
8474,1148,master,0x06000464,read,0x20004020,1,0x0
8475,1148,master,0x06000464,read,0x20004020,1,0x0
8476,1148,master,0x06000464,read,0x20004020,1,0x0
8477,1148,master,0x06000464,read,0x20004020,1,0x0
8478,1148,master,0x06000464,read,0x20004020,1,0x0
8479,1148,master,0x06000464,read,0x20004020,1,0x1
8480,1148,master,0x0600046A,read,0x20004021,1,0x22
8481,1148,master,0x06000464,read,0x20004020,1,0x0
8482,1148,master,0x06000464,read,0x20004020,1,0x0
8483,1148,master,0x06000464,read,0x20004020,1,0x0
8484,1148,master,0x06000464,read,0x20004020,1,0x0
8485,1148,master,0x06000464,read,0x20004020,1,0x0
8486,1148,master,0x06000464,read,0x20004020,1,0x0
8487,1148,master,0x06000464,read,0x20004020,1,0x0
8488,1148,master,0x06000464,read,0x20004020,1,0x0
8489,1148,master,0x06000464,read,0x20004020,1,0x0
8490,1148,master,0x06000464,read,0x20004020,1,0x1
8491,1148,master,0x0600046A,read,0x20004021,1,0x2B
8492,1150,master,0x06000464,read,0x20004020,1,0x0
8493,1150,master,0x06000464,read,0x20004020,1,0x0
8494,1150,master,0x06000464,read,0x20004020,1,0x0
8495,1150,master,0x06000464,read,0x20004020,1,0x0
8496,1150,master,0x06000464,read,0x20004020,1,0x0
8497,1150,master,0x06000464,read,0x20004020,1,0x0
8498,1150,master,0x06000464,read,0x20004020,1,0x0
8499,1150,master,0x06000464,read,0x20004020,1,0x0
8500,1150,master,0x06000464,read,0x20004020,1,0x0
8501,1150,master,0x06000464,read,0x20004020,1,0x0
8502,1150,master,0x06000464,read,0x20004020,1,0x1
8503,1150,master,0x0600046A,read,0x20004021,1,0x22
8504,1150,master,0x06000464,read,0x20004020,1,0x0
8505,1150,master,0x06000464,read,0x20004020,1,0x0
8506,1150,master,0x06000464,read,0x20004020,1,0x0
8507,1150,master,0x06000464,read,0x20004020,1,0x0
8508,1150,master,0x06000464,read,0x20004020,1,0x0
8509,1150,master,0x06000464,read,0x20004020,1,0x0
8510,1150,master,0x06000464,read,0x20004020,1,0x0
8511,1150,master,0x06000464,read,0x20004020,1,0x0
8512,1150,master,0x06000464,read,0x20004020,1,0x0
8513,1150,master,0x06000464,read,0x20004020,1,0x1
8514,1150,master,0x0600046A,read,0x20004021,1,0x22
8515,1150,master,0x06000464,read,0x20004020,1,0x0
8516,1150,master,0x06000464,read,0x20004020,1,0x0
8517,1150,master,0x06000464,read,0x20004020,1,0x0
8518,1150,master,0x06000464,read,0x20004020,1,0x0
8519,1150,master,0x06000464,read,0x20004020,1,0x0
8520,1150,master,0x06000464,read,0x20004020,1,0x0
8521,1150,master,0x06000464,read,0x20004020,1,0x0
8522,1150,master,0x06000464,read,0x20004020,1,0x0
8523,1150,master,0x06000464,read,0x20004020,1,0x0
8524,1150,master,0x06000464,read,0x20004020,1,0x1
8525,1150,master,0x0600046A,read,0x20004021,1,0x22
8526,1151,master,0x06000464,read,0x20004020,1,0x0
8527,1151,master,0x06000464,read,0x20004020,1,0x0
8528,1151,master,0x06000464,read,0x20004020,1,0x0
8529,1151,master,0x06000464,read,0x20004020,1,0x0
8530,1151,master,0x06000464,read,0x20004020,1,0x0
8531,1151,master,0x06000464,read,0x20004020,1,0x0
8532,1151,master,0x06000464,read,0x20004020,1,0x0
8533,1151,master,0x06000464,read,0x20004020,1,0x0
8534,1151,master,0x06000464,read,0x20004020,1,0x0
8535,1151,master,0x06000464,read,0x20004020,1,0x1
8536,1151,master,0x0600046A,read,0x20004021,1,0x22
8537,1151,master,0x06000464,read,0x20004020,1,0x0
8538,1151,master,0x06000464,read,0x20004020,1,0x0
8539,1151,master,0x06000464,read,0x20004020,1,0x0
8540,1151,master,0x06000464,read,0x20004020,1,0x0
8541,1151,master,0x06000464,read,0x20004020,1,0x0
8542,1151,master,0x06000464,read,0x20004020,1,0x0
8543,1151,master,0x06000464,read,0x20004020,1,0x0
8544,1151,master,0x06000464,read,0x20004020,1,0x0
8545,1151,master,0x06000464,read,0x20004020,1,0x0
8546,1151,master,0x06000464,read,0x20004020,1,0x1
8547,1151,master,0x0600046A,read,0x20004021,1,0x22
8548,1151,master,0x06000464,read,0x20004020,1,0x0
8549,1151,master,0x06000464,read,0x20004020,1,0x0
8550,1151,master,0x06000464,read,0x20004020,1,0x0
8551,1151,master,0x06000464,read,0x20004020,1,0x0
8552,1151,master,0x06000464,read,0x20004020,1,0x0
8553,1151,master,0x06000464,read,0x20004020,1,0x0
8554,1151,master,0x06000464,read,0x20004020,1,0x0
8555,1151,master,0x06000464,read,0x20004020,1,0x0
8556,1151,master,0x06000464,read,0x20004020,1,0x0
8557,1151,master,0x06000464,read,0x20004020,1,0x1
8558,1151,master,0x0600046A,read,0x20004021,1,0x22
8559,1151,master,0x06000464,read,0x20004020,1,0x0
8560,1151,master,0x06000464,read,0x20004020,1,0x0
8561,1151,master,0x06000464,read,0x20004020,1,0x0
8562,1151,master,0x06000464,read,0x20004020,1,0x0
8563,1151,master,0x06000464,read,0x20004020,1,0x0
8564,1151,master,0x06000464,read,0x20004020,1,0x0
8565,1151,master,0x06000464,read,0x20004020,1,0x0
8566,1151,master,0x06000464,read,0x20004020,1,0x0
8567,1151,master,0x06000464,read,0x20004020,1,0x0
8568,1151,master,0x06000464,read,0x20004020,1,0x1
8569,1151,master,0x0600046A,read,0x20004021,1,0x22
8570,1151,master,0x06000464,read,0x20004020,1,0x0
8571,1151,master,0x06000464,read,0x20004020,1,0x0
8572,1151,master,0x06000464,read,0x20004020,1,0x0
8573,1151,master,0x06000464,read,0x20004020,1,0x0
8574,1151,master,0x06000464,read,0x20004020,1,0x0
8575,1151,master,0x06000464,read,0x20004020,1,0x0
8576,1151,master,0x06000464,read,0x20004020,1,0x0
8577,1151,master,0x06000464,read,0x20004020,1,0x0
8578,1151,master,0x06000464,read,0x20004020,1,0x0
8579,1151,master,0x06000464,read,0x20004020,1,0x1
8580,1151,master,0x0600046A,read,0x20004021,1,0x22
8581,1151,master,0x06000464,read,0x20004020,1,0x0
8582,1151,master,0x06000464,read,0x20004020,1,0x0
8583,1151,master,0x06000464,read,0x20004020,1,0x0
8584,1151,master,0x06000464,read,0x20004020,1,0x0
8585,1151,master,0x06000464,read,0x20004020,1,0x0
8586,1151,master,0x06000464,read,0x20004020,1,0x0
8587,1151,master,0x06000464,read,0x20004020,1,0x0
8588,1151,master,0x06000464,read,0x20004020,1,0x0
8589,1151,master,0x06000464,read,0x20004020,1,0x0
8590,1151,master,0x06000464,read,0x20004020,1,0x1
8591,1151,master,0x0600046A,read,0x20004021,1,0x22
8592,1151,master,0x06000464,read,0x20004020,1,0x0
8593,1151,master,0x06000464,read,0x20004020,1,0x0
8594,1151,master,0x06000464,read,0x20004020,1,0x0
8595,1151,master,0x06000464,read,0x20004020,1,0x0
8596,1151,master,0x06000464,read,0x20004020,1,0x0
8597,1151,master,0x06000464,read,0x20004020,1,0x0
8598,1151,master,0x06000464,read,0x20004020,1,0x0
8599,1151,master,0x06000464,read,0x20004020,1,0x0
8600,1151,master,0x06000464,read,0x20004020,1,0x0
8601,1151,master,0x06000464,read,0x20004020,1,0x1
8602,1151,master,0x0600046A,read,0x20004021,1,0x22
8603,1151,master,0x06000464,read,0x20004020,1,0x0
8604,1151,master,0x06000464,read,0x20004020,1,0x0
8605,1151,master,0x06000464,read,0x20004020,1,0x0
8606,1151,master,0x06000464,read,0x20004020,1,0x0
8607,1151,master,0x06000464,read,0x20004020,1,0x0
8608,1151,master,0x06000464,read,0x20004020,1,0x0
8609,1151,master,0x06000464,read,0x20004020,1,0x0
8610,1151,master,0x06000464,read,0x20004020,1,0x0
8611,1151,master,0x06000464,read,0x20004020,1,0x0
8612,1151,master,0x06000464,read,0x20004020,1,0x1
8613,1151,master,0x0600046A,read,0x20004021,1,0x22
8614,1151,master,0x06000464,read,0x20004020,1,0x0
8615,1151,master,0x06000464,read,0x20004020,1,0x0
8616,1151,master,0x06000464,read,0x20004020,1,0x0
8617,1151,master,0x06000464,read,0x20004020,1,0x0
8618,1151,master,0x06000464,read,0x20004020,1,0x0
8619,1151,master,0x06000464,read,0x20004020,1,0x0
8620,1151,master,0x06000464,read,0x20004020,1,0x0
8621,1151,master,0x06000464,read,0x20004020,1,0x0
8622,1151,master,0x06000464,read,0x20004020,1,0x0
8623,1151,master,0x06000464,read,0x20004020,1,0x1
8624,1151,master,0x0600046A,read,0x20004021,1,0x22
8625,1151,master,0x06000464,read,0x20004020,1,0x0
8626,1151,master,0x06000464,read,0x20004020,1,0x0
8627,1151,master,0x06000464,read,0x20004020,1,0x0
8628,1151,master,0x06000464,read,0x20004020,1,0x0
8629,1151,master,0x06000464,read,0x20004020,1,0x0
8630,1151,master,0x06000464,read,0x20004020,1,0x0
8631,1151,master,0x06000464,read,0x20004020,1,0x0
8632,1151,master,0x06000464,read,0x20004020,1,0x0
8633,1151,master,0x06000464,read,0x20004020,1,0x0
8634,1151,master,0x06000464,read,0x20004020,1,0x1
8635,1151,master,0x0600046A,read,0x20004021,1,0x22
8636,1151,master,0x06000464,read,0x20004020,1,0x0
8637,1151,master,0x06000464,read,0x20004020,1,0x0
8638,1151,master,0x06000464,read,0x20004020,1,0x0
8639,1151,master,0x06000464,read,0x20004020,1,0x0
8640,1151,master,0x06000464,read,0x20004020,1,0x0
8641,1151,master,0x06000464,read,0x20004020,1,0x0
8642,1151,master,0x06000464,read,0x20004020,1,0x0
8643,1151,master,0x06000464,read,0x20004020,1,0x0
8644,1151,master,0x06000464,read,0x20004020,1,0x0
8645,1151,master,0x06000464,read,0x20004020,1,0x1
8646,1151,master,0x0600046A,read,0x20004021,1,0x22
8647,1151,master,0x06000464,read,0x20004020,1,0x0
8648,1151,master,0x06000464,read,0x20004020,1,0x0
8649,1151,master,0x06000464,read,0x20004020,1,0x0
8650,1151,master,0x06000464,read,0x20004020,1,0x0
8651,1151,master,0x06000464,read,0x20004020,1,0x0
8652,1151,master,0x06000464,read,0x20004020,1,0x0
8653,1151,master,0x06000464,read,0x20004020,1,0x0
8654,1151,master,0x06000464,read,0x20004020,1,0x0
8655,1151,master,0x06000464,read,0x20004020,1,0x0
8656,1151,master,0x06000464,read,0x20004020,1,0x1
8657,1151,master,0x0600046A,read,0x20004021,1,0x22
8658,1151,master,0x06000464,read,0x20004020,1,0x0
8659,1151,master,0x06000464,read,0x20004020,1,0x0
8660,1151,master,0x06000464,read,0x20004020,1,0x0
8661,1151,master,0x06000464,read,0x20004020,1,0x0
8662,1151,master,0x06000464,read,0x20004020,1,0x0
8663,1151,master,0x06000464,read,0x20004020,1,0x0
8664,1151,master,0x06000464,read,0x20004020,1,0x0
8665,1151,master,0x06000464,read,0x20004020,1,0x0
8666,1151,master,0x06000464,read,0x20004020,1,0x0
8667,1151,master,0x06000464,read,0x20004020,1,0x1
8668,1151,master,0x0600046A,read,0x20004021,1,0x22
8669,1151,master,0x06000464,read,0x20004020,1,0x0
8670,1151,master,0x06000464,read,0x20004020,1,0x0
8671,1151,master,0x06000464,read,0x20004020,1,0x0
8672,1151,master,0x06000464,read,0x20004020,1,0x0
8673,1151,master,0x06000464,read,0x20004020,1,0x0
8674,1151,master,0x06000464,read,0x20004020,1,0x0
8675,1151,master,0x06000464,read,0x20004020,1,0x0
8676,1151,master,0x06000464,read,0x20004020,1,0x0
8677,1151,master,0x06000464,read,0x20004020,1,0x0
8678,1151,master,0x06000464,read,0x20004020,1,0x1
8679,1151,master,0x0600046A,read,0x20004021,1,0x22
8680,1151,master,0x06000464,read,0x20004020,1,0x0
8681,1151,master,0x06000464,read,0x20004020,1,0x0
8682,1151,master,0x06000464,read,0x20004020,1,0x0
8683,1151,master,0x06000464,read,0x20004020,1,0x0
8684,1151,master,0x06000464,read,0x20004020,1,0x0
8685,1151,master,0x06000464,read,0x20004020,1,0x0
8686,1151,master,0x06000464,read,0x20004020,1,0x0
8687,1151,master,0x06000464,read,0x20004020,1,0x0
8688,1151,master,0x06000464,read,0x20004020,1,0x0
8689,1151,master,0x06000464,read,0x20004020,1,0x1
8690,1151,master,0x0600046A,read,0x20004021,1,0x22
8691,1151,master,0x06000464,read,0x20004020,1,0x0
8692,1151,master,0x06000464,read,0x20004020,1,0x0
8693,1151,master,0x06000464,read,0x20004020,1,0x0
8694,1151,master,0x06000464,read,0x20004020,1,0x0
8695,1151,master,0x06000464,read,0x20004020,1,0x0
8696,1151,master,0x06000464,read,0x20004020,1,0x0
8697,1151,master,0x06000464,read,0x20004020,1,0x0
8698,1151,master,0x06000464,read,0x20004020,1,0x0
8699,1151,master,0x06000464,read,0x20004020,1,0x0
8700,1151,master,0x06000464,read,0x20004020,1,0x1
8701,1151,master,0x0600046A,read,0x20004021,1,0x22
8702,1151,master,0x06000464,read,0x20004020,1,0x0
8703,1151,master,0x06000464,read,0x20004020,1,0x0
8704,1151,master,0x06000464,read,0x20004020,1,0x0
8705,1151,master,0x06000464,read,0x20004020,1,0x0
8706,1151,master,0x06000464,read,0x20004020,1,0x0
8707,1151,master,0x06000464,read,0x20004020,1,0x0
8708,1151,master,0x06000464,read,0x20004020,1,0x0
8709,1151,master,0x06000464,read,0x20004020,1,0x0
8710,1151,master,0x06000464,read,0x20004020,1,0x0
8711,1151,master,0x06000464,read,0x20004020,1,0x1
8712,1151,master,0x0600046A,read,0x20004021,1,0x2B
8713,1153,master,0x06000464,read,0x20004020,1,0x0
8714,1153,master,0x06000464,read,0x20004020,1,0x0
8715,1153,master,0x06000464,read,0x20004020,1,0x0
8716,1153,master,0x06000464,read,0x20004020,1,0x0
8717,1153,master,0x06000464,read,0x20004020,1,0x0
8718,1153,master,0x06000464,read,0x20004020,1,0x0
8719,1153,master,0x06000464,read,0x20004020,1,0x0
8720,1153,master,0x06000464,read,0x20004020,1,0x0
8721,1153,master,0x06000464,read,0x20004020,1,0x0
8722,1153,master,0x06000464,read,0x20004020,1,0x0
8723,1153,master,0x06000464,read,0x20004020,1,0x1
8724,1153,master,0x0600046A,read,0x20004021,1,0x22
8725,1153,master,0x06000464,read,0x20004020,1,0x0
8726,1153,master,0x06000464,read,0x20004020,1,0x0
8727,1153,master,0x06000464,read,0x20004020,1,0x0
8728,1153,master,0x06000464,read,0x20004020,1,0x0
8729,1153,master,0x06000464,read,0x20004020,1,0x0
8730,1153,master,0x06000464,read,0x20004020,1,0x0
8731,1153,master,0x06000464,read,0x20004020,1,0x0
8732,1153,master,0x06000464,read,0x20004020,1,0x0
8733,1153,master,0x06000464,read,0x20004020,1,0x0
8734,1153,master,0x06000464,read,0x20004020,1,0x1
8735,1153,master,0x0600046A,read,0x20004021,1,0x22
8736,1153,master,0x06000464,read,0x20004020,1,0x0
8737,1153,master,0x06000464,read,0x20004020,1,0x0
8738,1153,master,0x06000464,read,0x20004020,1,0x0
8739,1153,master,0x06000464,read,0x20004020,1,0x0
8740,1153,master,0x06000464,read,0x20004020,1,0x0
8741,1153,master,0x06000464,read,0x20004020,1,0x0
8742,1153,master,0x06000464,read,0x20004020,1,0x0
8743,1153,master,0x06000464,read,0x20004020,1,0x0
8744,1153,master,0x06000464,read,0x20004020,1,0x0
8745,1153,master,0x06000464,read,0x20004020,2,0x0
8746,1154,master,0x06000464,read,0x20004020,1,0x1
8747,1154,master,0x0600046A,read,0x20004021,1,0x22
8748,1154,master,0x06000464,read,0x20004020,1,0x0
8749,1154,master,0x06000464,read,0x20004020,1,0x0
8750,1154,master,0x06000464,read,0x20004020,1,0x0
8751,1154,master,0x06000464,read,0x20004020,1,0x0
8752,1154,master,0x06000464,read,0x20004020,1,0x0
8753,1154,master,0x06000464,read,0x20004020,1,0x0
8754,1154,master,0x06000464,read,0x20004020,1,0x0
8755,1154,master,0x06000464,read,0x20004020,1,0x0
8756,1154,master,0x06000464,read,0x20004020,1,0x0
8757,1154,master,0x06000464,read,0x20004020,1,0x1
8758,1154,master,0x0600046A,read,0x20004021,1,0x22
8759,1154,master,0x06000464,read,0x20004020,1,0x0
8760,1154,master,0x06000464,read,0x20004020,1,0x0
8761,1154,master,0x06000464,read,0x20004020,1,0x0
8762,1154,master,0x06000464,read,0x20004020,1,0x0
8763,1154,master,0x06000464,read,0x20004020,1,0x0
8764,1154,master,0x06000464,read,0x20004020,1,0x0
8765,1154,master,0x06000464,read,0x20004020,1,0x0
8766,1154,master,0x06000464,read,0x20004020,1,0x0
8767,1154,master,0x06000464,read,0x20004020,1,0x0
8768,1154,master,0x06000464,read,0x20004020,1,0x1
8769,1154,master,0x0600046A,read,0x20004021,1,0x22
8770,1154,master,0x06000464,read,0x20004020,1,0x0
8771,1154,master,0x06000464,read,0x20004020,1,0x0
8772,1154,master,0x06000464,read,0x20004020,1,0x0
8773,1154,master,0x06000464,read,0x20004020,1,0x0
8774,1154,master,0x06000464,read,0x20004020,1,0x0
8775,1154,master,0x06000464,read,0x20004020,1,0x0
8776,1154,master,0x06000464,read,0x20004020,1,0x0
8777,1154,master,0x06000464,read,0x20004020,1,0x0
8778,1154,master,0x06000464,read,0x20004020,1,0x0
8779,1154,master,0x06000464,read,0x20004020,1,0x1
8780,1154,master,0x0600046A,read,0x20004021,1,0x22
8781,1154,master,0x06000464,read,0x20004020,1,0x0
8782,1154,master,0x06000464,read,0x20004020,1,0x0
8783,1154,master,0x06000464,read,0x20004020,1,0x0
8784,1154,master,0x06000464,read,0x20004020,1,0x0
8785,1154,master,0x06000464,read,0x20004020,1,0x0
8786,1154,master,0x06000464,read,0x20004020,1,0x0
8787,1154,master,0x06000464,read,0x20004020,1,0x0
8788,1154,master,0x06000464,read,0x20004020,1,0x0
8789,1154,master,0x06000464,read,0x20004020,1,0x0
8790,1154,master,0x06000464,read,0x20004020,1,0x1
8791,1154,master,0x0600046A,read,0x20004021,1,0x22
8792,1154,master,0x06000464,read,0x20004020,1,0x0
8793,1154,master,0x06000464,read,0x20004020,1,0x0
8794,1154,master,0x06000464,read,0x20004020,1,0x0
8795,1154,master,0x06000464,read,0x20004020,1,0x0
8796,1154,master,0x06000464,read,0x20004020,1,0x0
8797,1154,master,0x06000464,read,0x20004020,1,0x0
8798,1154,master,0x06000464,read,0x20004020,1,0x0
8799,1154,master,0x06000464,read,0x20004020,1,0x0
8800,1154,master,0x06000464,read,0x20004020,1,0x0
8801,1154,master,0x06000464,read,0x20004020,1,0x1
8802,1154,master,0x0600046A,read,0x20004021,1,0x22
8803,1154,master,0x06000464,read,0x20004020,1,0x0
8804,1154,master,0x06000464,read,0x20004020,1,0x0
8805,1154,master,0x06000464,read,0x20004020,1,0x0
8806,1154,master,0x06000464,read,0x20004020,1,0x0
8807,1154,master,0x06000464,read,0x20004020,1,0x0
8808,1154,master,0x06000464,read,0x20004020,1,0x0
8809,1154,master,0x06000464,read,0x20004020,1,0x0
8810,1154,master,0x06000464,read,0x20004020,1,0x0
8811,1154,master,0x06000464,read,0x20004020,1,0x0
8812,1154,master,0x06000464,read,0x20004020,1,0x1
8813,1154,master,0x0600046A,read,0x20004021,1,0x22
8814,1154,master,0x06000464,read,0x20004020,1,0x0
8815,1154,master,0x06000464,read,0x20004020,1,0x0
8816,1154,master,0x06000464,read,0x20004020,1,0x0
8817,1154,master,0x06000464,read,0x20004020,1,0x0
8818,1154,master,0x06000464,read,0x20004020,1,0x0
8819,1154,master,0x06000464,read,0x20004020,1,0x0
8820,1154,master,0x06000464,read,0x20004020,1,0x0
8821,1154,master,0x06000464,read,0x20004020,1,0x0
8822,1154,master,0x06000464,read,0x20004020,1,0x0
8823,1154,master,0x06000464,read,0x20004020,1,0x1
8824,1154,master,0x0600046A,read,0x20004021,1,0x22
8825,1154,master,0x06000464,read,0x20004020,1,0x0
8826,1154,master,0x06000464,read,0x20004020,1,0x0
8827,1154,master,0x06000464,read,0x20004020,1,0x0
8828,1154,master,0x06000464,read,0x20004020,1,0x0
8829,1154,master,0x06000464,read,0x20004020,1,0x0
8830,1154,master,0x06000464,read,0x20004020,1,0x0
8831,1154,master,0x06000464,read,0x20004020,1,0x0
8832,1154,master,0x06000464,read,0x20004020,1,0x0
8833,1154,master,0x06000464,read,0x20004020,1,0x0
8834,1154,master,0x06000464,read,0x20004020,1,0x1
8835,1154,master,0x0600046A,read,0x20004021,1,0x22
8836,1154,master,0x06000464,read,0x20004020,1,0x0
8837,1154,master,0x06000464,read,0x20004020,1,0x0
8838,1154,master,0x06000464,read,0x20004020,1,0x0
8839,1154,master,0x06000464,read,0x20004020,1,0x0
8840,1154,master,0x06000464,read,0x20004020,1,0x0
8841,1154,master,0x06000464,read,0x20004020,1,0x0
8842,1154,master,0x06000464,read,0x20004020,1,0x0
8843,1154,master,0x06000464,read,0x20004020,1,0x0
8844,1154,master,0x06000464,read,0x20004020,1,0x0
8845,1154,master,0x06000464,read,0x20004020,1,0x1
8846,1154,master,0x0600046A,read,0x20004021,1,0x22
8847,1154,master,0x06000464,read,0x20004020,1,0x0
8848,1154,master,0x06000464,read,0x20004020,1,0x0
8849,1154,master,0x06000464,read,0x20004020,1,0x0
8850,1154,master,0x06000464,read,0x20004020,1,0x0
8851,1154,master,0x06000464,read,0x20004020,1,0x0
8852,1154,master,0x06000464,read,0x20004020,1,0x0
8853,1154,master,0x06000464,read,0x20004020,1,0x0
8854,1154,master,0x06000464,read,0x20004020,1,0x0
8855,1154,master,0x06000464,read,0x20004020,1,0x0
8856,1154,master,0x06000464,read,0x20004020,1,0x1
8857,1154,master,0x0600046A,read,0x20004021,1,0x22
8858,1154,master,0x06000464,read,0x20004020,1,0x0
8859,1154,master,0x06000464,read,0x20004020,1,0x0
8860,1154,master,0x06000464,read,0x20004020,1,0x0
8861,1154,master,0x06000464,read,0x20004020,1,0x0
8862,1154,master,0x06000464,read,0x20004020,1,0x0
8863,1154,master,0x06000464,read,0x20004020,1,0x0
8864,1154,master,0x06000464,read,0x20004020,1,0x0
8865,1154,master,0x06000464,read,0x20004020,1,0x0
8866,1154,master,0x06000464,read,0x20004020,1,0x0
8867,1154,master,0x06000464,read,0x20004020,1,0x1
8868,1154,master,0x0600046A,read,0x20004021,1,0x22
8869,1154,master,0x06000464,read,0x20004020,1,0x0
8870,1154,master,0x06000464,read,0x20004020,1,0x0
8871,1154,master,0x06000464,read,0x20004020,1,0x0
8872,1154,master,0x06000464,read,0x20004020,1,0x0
8873,1154,master,0x06000464,read,0x20004020,1,0x0
8874,1154,master,0x06000464,read,0x20004020,1,0x0
8875,1154,master,0x06000464,read,0x20004020,1,0x0
8876,1154,master,0x06000464,read,0x20004020,1,0x0
8877,1154,master,0x06000464,read,0x20004020,1,0x0
8878,1154,master,0x06000464,read,0x20004020,1,0x1
8879,1154,master,0x0600046A,read,0x20004021,1,0x22
8880,1154,master,0x06000464,read,0x20004020,1,0x0
8881,1154,master,0x06000464,read,0x20004020,1,0x0
8882,1154,master,0x06000464,read,0x20004020,1,0x0
8883,1154,master,0x06000464,read,0x20004020,1,0x0
8884,1154,master,0x06000464,read,0x20004020,1,0x0
8885,1154,master,0x06000464,read,0x20004020,1,0x0
8886,1154,master,0x06000464,read,0x20004020,1,0x0
8887,1154,master,0x06000464,read,0x20004020,1,0x0
8888,1154,master,0x06000464,read,0x20004020,1,0x0
8889,1154,master,0x06000464,read,0x20004020,1,0x1
8890,1154,master,0x0600046A,read,0x20004021,1,0x22
8891,1154,master,0x06000464,read,0x20004020,1,0x0
8892,1154,master,0x06000464,read,0x20004020,1,0x0
8893,1154,master,0x06000464,read,0x20004020,1,0x0
8894,1154,master,0x06000464,read,0x20004020,1,0x0
8895,1154,master,0x06000464,read,0x20004020,1,0x0
8896,1154,master,0x06000464,read,0x20004020,1,0x0
8897,1154,master,0x06000464,read,0x20004020,1,0x0
8898,1154,master,0x06000464,read,0x20004020,1,0x0
8899,1154,master,0x06000464,read,0x20004020,1,0x0
8900,1154,master,0x06000464,read,0x20004020,1,0x1
8901,1154,master,0x0600046A,read,0x20004021,1,0x22
8902,1154,master,0x06000464,read,0x20004020,1,0x0
8903,1154,master,0x06000464,read,0x20004020,1,0x0
8904,1154,master,0x06000464,read,0x20004020,1,0x0
8905,1154,master,0x06000464,read,0x20004020,1,0x0
8906,1154,master,0x06000464,read,0x20004020,1,0x0
8907,1154,master,0x06000464,read,0x20004020,1,0x0
8908,1154,master,0x06000464,read,0x20004020,1,0x0
8909,1154,master,0x06000464,read,0x20004020,1,0x0
8910,1154,master,0x06000464,read,0x20004020,1,0x0
8911,1154,master,0x06000464,read,0x20004020,1,0x1
8912,1154,master,0x0600046A,read,0x20004021,1,0x22
8913,1154,master,0x06000464,read,0x20004020,1,0x0
8914,1154,master,0x06000464,read,0x20004020,1,0x0
8915,1154,master,0x06000464,read,0x20004020,1,0x0
8916,1154,master,0x06000464,read,0x20004020,1,0x0
8917,1154,master,0x06000464,read,0x20004020,1,0x0
8918,1154,master,0x06000464,read,0x20004020,1,0x0
8919,1154,master,0x06000464,read,0x20004020,1,0x0
8920,1154,master,0x06000464,read,0x20004020,1,0x0
8921,1154,master,0x06000464,read,0x20004020,1,0x0
8922,1154,master,0x06000464,read,0x20004020,1,0x1
8923,1154,master,0x0600046A,read,0x20004021,1,0x22
8924,1154,master,0x06000464,read,0x20004020,1,0x0
8925,1154,master,0x06000464,read,0x20004020,1,0x0
8926,1154,master,0x06000464,read,0x20004020,1,0x0
8927,1154,master,0x06000464,read,0x20004020,1,0x0
8928,1154,master,0x06000464,read,0x20004020,1,0x0
8929,1154,master,0x06000464,read,0x20004020,1,0x0
8930,1154,master,0x06000464,read,0x20004020,1,0x0
8931,1154,master,0x06000464,read,0x20004020,1,0x0
8932,1154,master,0x06000464,read,0x20004020,1,0x0
8933,1154,master,0x06000464,read,0x20004020,2,0x0
8934,1155,master,0x06000464,read,0x20004020,1,0x1
8935,1155,master,0x0600046A,read,0x20004021,1,0x2B
8936,1156,master,0x06000464,read,0x20004020,1,0x0
8937,1156,master,0x06000464,read,0x20004020,1,0x0
8938,1156,master,0x06000464,read,0x20004020,1,0x0
8939,1156,master,0x06000464,read,0x20004020,1,0x0
8940,1156,master,0x06000464,read,0x20004020,1,0x0
8941,1156,master,0x06000464,read,0x20004020,1,0x0
8942,1156,master,0x06000464,read,0x20004020,1,0x0
8943,1156,master,0x06000464,read,0x20004020,1,0x0
8944,1156,master,0x06000464,read,0x20004020,1,0x0
8945,1156,master,0x06000464,read,0x20004020,1,0x0
8946,1156,master,0x06000464,read,0x20004020,1,0x0
8947,1156,master,0x06000464,read,0x20004020,1,0x0
8948,1156,master,0x06000464,read,0x20004020,1,0x0
8949,1156,master,0x06000464,read,0x20004020,1,0x0
8950,1156,master,0x06000464,read,0x20004020,1,0x1
8951,1156,master,0x0600046A,read,0x20004021,1,0x22
8952,1156,master,0x06000464,read,0x20004020,1,0x0
8953,1156,master,0x06000464,read,0x20004020,1,0x0
8954,1156,master,0x06000464,read,0x20004020,1,0x0
8955,1156,master,0x06000464,read,0x20004020,1,0x0
8956,1156,master,0x06000464,read,0x20004020,1,0x0
8957,1156,master,0x06000464,read,0x20004020,1,0x0
8958,1156,master,0x06000464,read,0x20004020,1,0x0
8959,1156,master,0x06000464,read,0x20004020,1,0x0
8960,1156,master,0x06000464,read,0x20004020,1,0x0
8961,1156,master,0x06000464,read,0x20004020,1,0x1
8962,1156,master,0x0600046A,read,0x20004021,1,0x22
8963,1156,master,0x06000464,read,0x20004020,1,0x0
8964,1156,master,0x06000464,read,0x20004020,1,0x0
8965,1156,master,0x06000464,read,0x20004020,1,0x0
8966,1156,master,0x06000464,read,0x20004020,1,0x0
8967,1156,master,0x06000464,read,0x20004020,1,0x0
8968,1156,master,0x06000464,read,0x20004020,1,0x0
8969,1156,master,0x06000464,read,0x20004020,1,0x0
8970,1156,master,0x06000464,read,0x20004020,1,0x0
8971,1156,master,0x06000464,read,0x20004020,1,0x0
8972,1156,master,0x06000464,read,0x20004020,1,0x1
8973,1156,master,0x0600046A,read,0x20004021,1,0x22
8974,1157,master,0x06000464,read,0x20004020,1,0x0
8975,1157,master,0x06000464,read,0x20004020,1,0x0
8976,1157,master,0x06000464,read,0x20004020,1,0x0
8977,1157,master,0x06000464,read,0x20004020,1,0x0
8978,1157,master,0x06000464,read,0x20004020,1,0x0
8979,1157,master,0x06000464,read,0x20004020,1,0x0
8980,1157,master,0x06000464,read,0x20004020,1,0x0
8981,1157,master,0x06000464,read,0x20004020,1,0x0
8982,1157,master,0x06000464,read,0x20004020,1,0x0
8983,1157,master,0x06000464,read,0x20004020,1,0x1
8984,1157,master,0x0600046A,read,0x20004021,1,0x22
8985,1157,master,0x06000464,read,0x20004020,1,0x0
8986,1157,master,0x06000464,read,0x20004020,1,0x0
8987,1157,master,0x06000464,read,0x20004020,1,0x0
8988,1157,master,0x06000464,read,0x20004020,1,0x0
8989,1157,master,0x06000464,read,0x20004020,1,0x0
8990,1157,master,0x06000464,read,0x20004020,1,0x0
8991,1157,master,0x06000464,read,0x20004020,1,0x0
8992,1157,master,0x06000464,read,0x20004020,1,0x0
8993,1157,master,0x06000464,read,0x20004020,1,0x0
8994,1157,master,0x06000464,read,0x20004020,1,0x1
8995,1157,master,0x0600046A,read,0x20004021,1,0x22
8996,1157,master,0x06000464,read,0x20004020,1,0x0
8997,1157,master,0x06000464,read,0x20004020,1,0x0
8998,1157,master,0x06000464,read,0x20004020,1,0x0
8999,1157,master,0x06000464,read,0x20004020,1,0x0
9000,1157,master,0x06000464,read,0x20004020,1,0x0
9001,1157,master,0x06000464,read,0x20004020,1,0x0
9002,1157,master,0x06000464,read,0x20004020,1,0x0
9003,1157,master,0x06000464,read,0x20004020,1,0x0
9004,1157,master,0x06000464,read,0x20004020,1,0x0
9005,1157,master,0x06000464,read,0x20004020,1,0x1
9006,1157,master,0x0600046A,read,0x20004021,1,0x22
9007,1157,master,0x06000464,read,0x20004020,1,0x0
9008,1157,master,0x06000464,read,0x20004020,1,0x0
9009,1157,master,0x06000464,read,0x20004020,1,0x0
9010,1157,master,0x06000464,read,0x20004020,1,0x0
9011,1157,master,0x06000464,read,0x20004020,1,0x0
9012,1157,master,0x06000464,read,0x20004020,1,0x0
9013,1157,master,0x06000464,read,0x20004020,1,0x0
9014,1157,master,0x06000464,read,0x20004020,1,0x0
9015,1157,master,0x06000464,read,0x20004020,1,0x0
9016,1157,master,0x06000464,read,0x20004020,1,0x1
9017,1157,master,0x0600046A,read,0x20004021,1,0x22
9018,1157,master,0x06000464,read,0x20004020,1,0x0
9019,1157,master,0x06000464,read,0x20004020,1,0x0
9020,1157,master,0x06000464,read,0x20004020,1,0x0
9021,1157,master,0x06000464,read,0x20004020,1,0x0
9022,1157,master,0x06000464,read,0x20004020,1,0x0
9023,1157,master,0x06000464,read,0x20004020,1,0x0
9024,1157,master,0x06000464,read,0x20004020,1,0x0
9025,1157,master,0x06000464,read,0x20004020,1,0x0
9026,1157,master,0x06000464,read,0x20004020,1,0x0
9027,1157,master,0x06000464,read,0x20004020,1,0x1
9028,1157,master,0x0600046A,read,0x20004021,1,0x22
9029,1157,master,0x06000464,read,0x20004020,1,0x0
9030,1157,master,0x06000464,read,0x20004020,1,0x0
9031,1157,master,0x06000464,read,0x20004020,1,0x0
9032,1157,master,0x06000464,read,0x20004020,1,0x0
9033,1157,master,0x06000464,read,0x20004020,1,0x0
9034,1157,master,0x06000464,read,0x20004020,1,0x0
9035,1157,master,0x06000464,read,0x20004020,1,0x0
9036,1157,master,0x06000464,read,0x20004020,1,0x0
9037,1157,master,0x06000464,read,0x20004020,1,0x0
9038,1157,master,0x06000464,read,0x20004020,1,0x1
9039,1157,master,0x0600046A,read,0x20004021,1,0x22
9040,1157,master,0x06000464,read,0x20004020,1,0x0
9041,1157,master,0x06000464,read,0x20004020,1,0x0
9042,1157,master,0x06000464,read,0x20004020,1,0x0
9043,1157,master,0x06000464,read,0x20004020,1,0x0
9044,1157,master,0x06000464,read,0x20004020,1,0x0
9045,1157,master,0x06000464,read,0x20004020,1,0x0
9046,1157,master,0x06000464,read,0x20004020,1,0x0
9047,1157,master,0x06000464,read,0x20004020,1,0x0
9048,1157,master,0x06000464,read,0x20004020,1,0x0
9049,1157,master,0x06000464,read,0x20004020,1,0x1
9050,1157,master,0x0600046A,read,0x20004021,1,0x22
9051,1157,master,0x06000464,read,0x20004020,1,0x0
9052,1157,master,0x06000464,read,0x20004020,1,0x0
9053,1157,master,0x06000464,read,0x20004020,1,0x0
9054,1157,master,0x06000464,read,0x20004020,1,0x0
9055,1157,master,0x06000464,read,0x20004020,1,0x0
9056,1157,master,0x06000464,read,0x20004020,1,0x0
9057,1157,master,0x06000464,read,0x20004020,1,0x0
9058,1157,master,0x06000464,read,0x20004020,1,0x0
9059,1157,master,0x06000464,read,0x20004020,1,0x0
9060,1157,master,0x06000464,read,0x20004020,1,0x1
9061,1157,master,0x0600046A,read,0x20004021,1,0x22
9062,1157,master,0x06000464,read,0x20004020,1,0x0
9063,1157,master,0x06000464,read,0x20004020,1,0x0
9064,1157,master,0x06000464,read,0x20004020,1,0x0
9065,1157,master,0x06000464,read,0x20004020,1,0x0
9066,1157,master,0x06000464,read,0x20004020,1,0x0
9067,1157,master,0x06000464,read,0x20004020,1,0x0
9068,1157,master,0x06000464,read,0x20004020,1,0x0
9069,1157,master,0x06000464,read,0x20004020,1,0x0
9070,1157,master,0x06000464,read,0x20004020,1,0x0
9071,1157,master,0x06000464,read,0x20004020,1,0x1
9072,1157,master,0x0600046A,read,0x20004021,1,0x22
9073,1157,master,0x06000464,read,0x20004020,1,0x0
9074,1157,master,0x06000464,read,0x20004020,1,0x0
9075,1157,master,0x06000464,read,0x20004020,1,0x0
9076,1157,master,0x06000464,read,0x20004020,1,0x0
9077,1157,master,0x06000464,read,0x20004020,1,0x0
9078,1157,master,0x06000464,read,0x20004020,1,0x0
9079,1157,master,0x06000464,read,0x20004020,1,0x0
9080,1157,master,0x06000464,read,0x20004020,1,0x0
9081,1157,master,0x06000464,read,0x20004020,1,0x0
9082,1157,master,0x06000464,read,0x20004020,1,0x1
9083,1157,master,0x0600046A,read,0x20004021,1,0x22
9084,1157,master,0x06000464,read,0x20004020,1,0x0
9085,1157,master,0x06000464,read,0x20004020,1,0x0
9086,1157,master,0x06000464,read,0x20004020,1,0x0
9087,1157,master,0x06000464,read,0x20004020,1,0x0
9088,1157,master,0x06000464,read,0x20004020,1,0x0
9089,1157,master,0x06000464,read,0x20004020,1,0x0
9090,1157,master,0x06000464,read,0x20004020,1,0x0
9091,1157,master,0x06000464,read,0x20004020,1,0x0
9092,1157,master,0x06000464,read,0x20004020,1,0x0
9093,1157,master,0x06000464,read,0x20004020,1,0x1
9094,1157,master,0x0600046A,read,0x20004021,1,0x22
9095,1157,master,0x06000464,read,0x20004020,1,0x0
9096,1157,master,0x06000464,read,0x20004020,1,0x0
9097,1157,master,0x06000464,read,0x20004020,1,0x0
9098,1157,master,0x06000464,read,0x20004020,1,0x0
9099,1157,master,0x06000464,read,0x20004020,1,0x0
9100,1157,master,0x06000464,read,0x20004020,1,0x0
9101,1157,master,0x06000464,read,0x20004020,1,0x0
9102,1157,master,0x06000464,read,0x20004020,1,0x0
9103,1157,master,0x06000464,read,0x20004020,1,0x0
9104,1157,master,0x06000464,read,0x20004020,1,0x1
9105,1157,master,0x0600046A,read,0x20004021,1,0x22
9106,1157,master,0x06000464,read,0x20004020,1,0x0
9107,1157,master,0x06000464,read,0x20004020,1,0x0
9108,1157,master,0x06000464,read,0x20004020,1,0x0
9109,1157,master,0x06000464,read,0x20004020,1,0x0
9110,1157,master,0x06000464,read,0x20004020,1,0x0
9111,1157,master,0x06000464,read,0x20004020,1,0x0
9112,1157,master,0x06000464,read,0x20004020,1,0x0
9113,1157,master,0x06000464,read,0x20004020,1,0x0
9114,1157,master,0x06000464,read,0x20004020,1,0x0
9115,1157,master,0x06000464,read,0x20004020,1,0x1
9116,1157,master,0x0600046A,read,0x20004021,1,0x22
9117,1157,master,0x06000464,read,0x20004020,1,0x0
9118,1157,master,0x06000464,read,0x20004020,1,0x0
9119,1157,master,0x06000464,read,0x20004020,1,0x0
9120,1157,master,0x06000464,read,0x20004020,1,0x0
9121,1157,master,0x06000464,read,0x20004020,1,0x0
9122,1157,master,0x06000464,read,0x20004020,1,0x0
9123,1157,master,0x06000464,read,0x20004020,1,0x0
9124,1157,master,0x06000464,read,0x20004020,1,0x0
9125,1157,master,0x06000464,read,0x20004020,1,0x0
9126,1157,master,0x06000464,read,0x20004020,1,0x1
9127,1157,master,0x0600046A,read,0x20004021,1,0x22
9128,1157,master,0x06000464,read,0x20004020,1,0x0
9129,1157,master,0x06000464,read,0x20004020,1,0x0
9130,1157,master,0x06000464,read,0x20004020,1,0x0
9131,1157,master,0x06000464,read,0x20004020,1,0x0
9132,1157,master,0x06000464,read,0x20004020,1,0x0
9133,1157,master,0x06000464,read,0x20004020,1,0x0
9134,1157,master,0x06000464,read,0x20004020,1,0x0
9135,1157,master,0x06000464,read,0x20004020,1,0x0
9136,1157,master,0x06000464,read,0x20004020,1,0x0
9137,1157,master,0x06000464,read,0x20004020,1,0x1
9138,1157,master,0x0600046A,read,0x20004021,1,0x22
9139,1157,master,0x06000464,read,0x20004020,1,0x0
9140,1157,master,0x06000464,read,0x20004020,1,0x0
9141,1157,master,0x06000464,read,0x20004020,1,0x0
9142,1157,master,0x06000464,read,0x20004020,1,0x0
9143,1157,master,0x06000464,read,0x20004020,1,0x0
9144,1157,master,0x06000464,read,0x20004020,1,0x0
9145,1157,master,0x06000464,read,0x20004020,1,0x0
9146,1157,master,0x06000464,read,0x20004020,1,0x0
9147,1157,master,0x06000464,read,0x20004020,1,0x0
9148,1157,master,0x06000464,read,0x20004020,1,0x1
9149,1157,master,0x0600046A,read,0x20004021,1,0x22
9150,1157,master,0x06000464,read,0x20004020,1,0x0
9151,1157,master,0x06000464,read,0x20004020,1,0x0
9152,1157,master,0x06000464,read,0x20004020,1,0x0
9153,1157,master,0x06000464,read,0x20004020,1,0x0
9154,1157,master,0x06000464,read,0x20004020,1,0x0
9155,1157,master,0x06000464,read,0x20004020,1,0x0
9156,1157,master,0x06000464,read,0x20004020,1,0x0
9157,1157,master,0x06000464,read,0x20004020,1,0x0
9158,1157,master,0x06000464,read,0x20004020,1,0x0
9159,1157,master,0x06000464,read,0x20004020,1,0x1
9160,1157,master,0x0600046A,read,0x20004021,1,0x2B
9161,1159,master,0x06000464,read,0x20004020,1,0x0
9162,1159,master,0x06000464,read,0x20004020,1,0x0
9163,1159,master,0x06000464,read,0x20004020,1,0x0
9164,1159,master,0x06000464,read,0x20004020,1,0x0
9165,1159,master,0x06000464,read,0x20004020,1,0x0
9166,1159,master,0x06000464,read,0x20004020,1,0x0
9167,1159,master,0x06000464,read,0x20004020,1,0x0
9168,1159,master,0x06000464,read,0x20004020,1,0x0
9169,1159,master,0x06000464,read,0x20004020,1,0x0
9170,1159,master,0x06000464,read,0x20004020,1,0x0
9171,1159,master,0x06000464,read,0x20004020,1,0x1
9172,1159,master,0x0600046A,read,0x20004021,1,0x22
9173,1159,master,0x06000464,read,0x20004020,1,0x0
9174,1159,master,0x06000464,read,0x20004020,1,0x0
9175,1159,master,0x06000464,read,0x20004020,1,0x0
9176,1159,master,0x06000464,read,0x20004020,1,0x0
9177,1159,master,0x06000464,read,0x20004020,1,0x0
9178,1159,master,0x06000464,read,0x20004020,1,0x0
9179,1159,master,0x06000464,read,0x20004020,1,0x0
9180,1159,master,0x06000464,read,0x20004020,1,0x0
9181,1159,master,0x06000464,read,0x20004020,1,0x0
9182,1159,master,0x06000464,read,0x20004020,1,0x1
9183,1159,master,0x0600046A,read,0x20004021,1,0x22
9184,1159,master,0x06000464,read,0x20004020,1,0x0
9185,1159,master,0x06000464,read,0x20004020,1,0x0
9186,1159,master,0x06000464,read,0x20004020,1,0x0
9187,1159,master,0x06000464,read,0x20004020,1,0x0
9188,1159,master,0x06000464,read,0x20004020,1,0x0
9189,1159,master,0x06000464,read,0x20004020,1,0x0
9190,1159,master,0x06000464,read,0x20004020,1,0x0
9191,1159,master,0x06000464,read,0x20004020,1,0x0
9192,1159,master,0x06000464,read,0x20004020,1,0x0
9193,1159,master,0x06000464,read,0x20004020,1,0x1
9194,1159,master,0x0600046A,read,0x20004021,1,0x22
9195,1160,master,0x06000464,read,0x20004020,1,0x0
9196,1160,master,0x06000464,read,0x20004020,1,0x0
9197,1160,master,0x06000464,read,0x20004020,1,0x0
9198,1160,master,0x06000464,read,0x20004020,1,0x0
9199,1160,master,0x06000464,read,0x20004020,1,0x0
9200,1160,master,0x06000464,read,0x20004020,1,0x0
9201,1160,master,0x06000464,read,0x20004020,1,0x0
9202,1160,master,0x06000464,read,0x20004020,1,0x0
9203,1160,master,0x06000464,read,0x20004020,1,0x0
9204,1160,master,0x06000464,read,0x20004020,1,0x1
9205,1160,master,0x0600046A,read,0x20004021,1,0x22
9206,1160,master,0x06000464,read,0x20004020,1,0x0
9207,1160,master,0x06000464,read,0x20004020,1,0x0
9208,1160,master,0x06000464,read,0x20004020,1,0x0
9209,1160,master,0x06000464,read,0x20004020,1,0x0
9210,1160,master,0x06000464,read,0x20004020,1,0x0
9211,1160,master,0x06000464,read,0x20004020,1,0x0
9212,1160,master,0x06000464,read,0x20004020,1,0x0
9213,1160,master,0x06000464,read,0x20004020,1,0x0
9214,1160,master,0x06000464,read,0x20004020,1,0x0
9215,1160,master,0x06000464,read,0x20004020,1,0x1
9216,1160,master,0x0600046A,read,0x20004021,1,0x22
9217,1160,master,0x06000464,read,0x20004020,1,0x0
9218,1160,master,0x06000464,read,0x20004020,1,0x0
9219,1160,master,0x06000464,read,0x20004020,1,0x0
9220,1160,master,0x06000464,read,0x20004020,1,0x0
9221,1160,master,0x06000464,read,0x20004020,1,0x0
9222,1160,master,0x06000464,read,0x20004020,1,0x0
9223,1160,master,0x06000464,read,0x20004020,1,0x0
9224,1160,master,0x06000464,read,0x20004020,1,0x0
9225,1160,master,0x06000464,read,0x20004020,1,0x0
9226,1160,master,0x06000464,read,0x20004020,1,0x1
9227,1160,master,0x0600046A,read,0x20004021,1,0x22
9228,1160,master,0x06000464,read,0x20004020,1,0x0
9229,1160,master,0x06000464,read,0x20004020,1,0x0
9230,1160,master,0x06000464,read,0x20004020,1,0x0
9231,1160,master,0x06000464,read,0x20004020,1,0x0
9232,1160,master,0x06000464,read,0x20004020,1,0x0
9233,1160,master,0x06000464,read,0x20004020,1,0x0
9234,1160,master,0x06000464,read,0x20004020,1,0x0
9235,1160,master,0x06000464,read,0x20004020,1,0x0
9236,1160,master,0x06000464,read,0x20004020,1,0x0
9237,1160,master,0x06000464,read,0x20004020,1,0x1
9238,1160,master,0x0600046A,read,0x20004021,1,0x22
9239,1160,master,0x06000464,read,0x20004020,1,0x0
9240,1160,master,0x06000464,read,0x20004020,1,0x0
9241,1160,master,0x06000464,read,0x20004020,1,0x0
9242,1160,master,0x06000464,read,0x20004020,1,0x0
9243,1160,master,0x06000464,read,0x20004020,1,0x0
9244,1160,master,0x06000464,read,0x20004020,1,0x0
9245,1160,master,0x06000464,read,0x20004020,1,0x0
9246,1160,master,0x06000464,read,0x20004020,1,0x0
9247,1160,master,0x06000464,read,0x20004020,1,0x0
9248,1160,master,0x06000464,read,0x20004020,1,0x0
9249,1160,master,0x06000464,read,0x20004020,1,0x1
9250,1160,master,0x0600046A,read,0x20004021,1,0x22
9251,1160,master,0x06000464,read,0x20004020,1,0x0
9252,1160,master,0x06000464,read,0x20004020,1,0x0
9253,1160,master,0x06000464,read,0x20004020,1,0x0
9254,1160,master,0x06000464,read,0x20004020,1,0x0
9255,1160,master,0x06000464,read,0x20004020,1,0x0
9256,1160,master,0x06000464,read,0x20004020,1,0x0
9257,1160,master,0x06000464,read,0x20004020,1,0x0
9258,1160,master,0x06000464,read,0x20004020,1,0x0
9259,1160,master,0x06000464,read,0x20004020,1,0x0
9260,1160,master,0x06000464,read,0x20004020,1,0x1
9261,1160,master,0x0600046A,read,0x20004021,1,0x22
9262,1160,master,0x06000464,read,0x20004020,1,0x0
9263,1160,master,0x06000464,read,0x20004020,1,0x0
9264,1160,master,0x06000464,read,0x20004020,1,0x0
9265,1160,master,0x06000464,read,0x20004020,1,0x0
9266,1160,master,0x06000464,read,0x20004020,1,0x0
9267,1160,master,0x06000464,read,0x20004020,1,0x0
9268,1160,master,0x06000464,read,0x20004020,1,0x0
9269,1160,master,0x06000464,read,0x20004020,1,0x0
9270,1160,master,0x06000464,read,0x20004020,1,0x0
9271,1160,master,0x06000464,read,0x20004020,1,0x1
9272,1160,master,0x0600046A,read,0x20004021,1,0x22
9273,1160,master,0x06000464,read,0x20004020,1,0x0
9274,1160,master,0x06000464,read,0x20004020,1,0x0
9275,1160,master,0x06000464,read,0x20004020,1,0x0
9276,1160,master,0x06000464,read,0x20004020,1,0x0
9277,1160,master,0x06000464,read,0x20004020,1,0x0
9278,1160,master,0x06000464,read,0x20004020,1,0x0
9279,1160,master,0x06000464,read,0x20004020,1,0x0
9280,1160,master,0x06000464,read,0x20004020,1,0x0
9281,1160,master,0x06000464,read,0x20004020,1,0x0
9282,1160,master,0x06000464,read,0x20004020,1,0x1
9283,1160,master,0x0600046A,read,0x20004021,1,0x22
9284,1160,master,0x06000464,read,0x20004020,1,0x0
9285,1160,master,0x06000464,read,0x20004020,1,0x0
9286,1160,master,0x06000464,read,0x20004020,1,0x0
9287,1160,master,0x06000464,read,0x20004020,1,0x0
9288,1160,master,0x06000464,read,0x20004020,1,0x0
9289,1160,master,0x06000464,read,0x20004020,1,0x0
9290,1160,master,0x06000464,read,0x20004020,1,0x0
9291,1160,master,0x06000464,read,0x20004020,1,0x0
9292,1160,master,0x06000464,read,0x20004020,1,0x0
9293,1160,master,0x06000464,read,0x20004020,1,0x1
9294,1160,master,0x0600046A,read,0x20004021,1,0x22
9295,1160,master,0x06000464,read,0x20004020,1,0x0
9296,1160,master,0x06000464,read,0x20004020,1,0x0
9297,1160,master,0x06000464,read,0x20004020,1,0x0
9298,1160,master,0x06000464,read,0x20004020,1,0x0
9299,1160,master,0x06000464,read,0x20004020,1,0x0
9300,1160,master,0x06000464,read,0x20004020,1,0x0
9301,1160,master,0x06000464,read,0x20004020,1,0x0
9302,1160,master,0x06000464,read,0x20004020,1,0x0
9303,1160,master,0x06000464,read,0x20004020,1,0x0
9304,1160,master,0x06000464,read,0x20004020,1,0x1
9305,1160,master,0x0600046A,read,0x20004021,1,0x22
9306,1160,master,0x06000464,read,0x20004020,1,0x0
9307,1160,master,0x06000464,read,0x20004020,1,0x0
9308,1160,master,0x06000464,read,0x20004020,1,0x0
9309,1160,master,0x06000464,read,0x20004020,1,0x0
9310,1160,master,0x06000464,read,0x20004020,1,0x0
9311,1160,master,0x06000464,read,0x20004020,1,0x0
9312,1160,master,0x06000464,read,0x20004020,1,0x0
9313,1160,master,0x06000464,read,0x20004020,1,0x0
9314,1160,master,0x06000464,read,0x20004020,1,0x0
9315,1160,master,0x06000464,read,0x20004020,1,0x1
9316,1160,master,0x0600046A,read,0x20004021,1,0x22
9317,1160,master,0x06000464,read,0x20004020,1,0x0
9318,1160,master,0x06000464,read,0x20004020,1,0x0
9319,1160,master,0x06000464,read,0x20004020,1,0x0
9320,1160,master,0x06000464,read,0x20004020,1,0x0
9321,1160,master,0x06000464,read,0x20004020,1,0x0
9322,1160,master,0x06000464,read,0x20004020,1,0x0
9323,1160,master,0x06000464,read,0x20004020,1,0x0
9324,1160,master,0x06000464,read,0x20004020,1,0x0
9325,1160,master,0x06000464,read,0x20004020,1,0x0
9326,1160,master,0x06000464,read,0x20004020,1,0x1
9327,1160,master,0x0600046A,read,0x20004021,1,0x22
9328,1160,master,0x06000464,read,0x20004020,1,0x0
9329,1160,master,0x06000464,read,0x20004020,1,0x0
9330,1160,master,0x06000464,read,0x20004020,1,0x0
9331,1160,master,0x06000464,read,0x20004020,1,0x0
9332,1160,master,0x06000464,read,0x20004020,1,0x0
9333,1160,master,0x06000464,read,0x20004020,1,0x0
9334,1160,master,0x06000464,read,0x20004020,1,0x0
9335,1160,master,0x06000464,read,0x20004020,1,0x0
9336,1160,master,0x06000464,read,0x20004020,1,0x0
9337,1160,master,0x06000464,read,0x20004020,1,0x1
9338,1160,master,0x0600046A,read,0x20004021,1,0x22
9339,1160,master,0x06000464,read,0x20004020,1,0x0
9340,1160,master,0x06000464,read,0x20004020,1,0x0
9341,1160,master,0x06000464,read,0x20004020,1,0x0
9342,1160,master,0x06000464,read,0x20004020,1,0x0
9343,1160,master,0x06000464,read,0x20004020,1,0x0
9344,1160,master,0x06000464,read,0x20004020,1,0x0
9345,1160,master,0x06000464,read,0x20004020,1,0x0
9346,1160,master,0x06000464,read,0x20004020,1,0x0
9347,1160,master,0x06000464,read,0x20004020,1,0x0
9348,1160,master,0x06000464,read,0x20004020,1,0x1
9349,1160,master,0x0600046A,read,0x20004021,1,0x22
9350,1160,master,0x06000464,read,0x20004020,1,0x0
9351,1160,master,0x06000464,read,0x20004020,1,0x0
9352,1160,master,0x06000464,read,0x20004020,1,0x0
9353,1160,master,0x06000464,read,0x20004020,1,0x0
9354,1160,master,0x06000464,read,0x20004020,1,0x0
9355,1160,master,0x06000464,read,0x20004020,1,0x0
9356,1160,master,0x06000464,read,0x20004020,1,0x0
9357,1160,master,0x06000464,read,0x20004020,1,0x0
9358,1160,master,0x06000464,read,0x20004020,1,0x0
9359,1160,master,0x06000464,read,0x20004020,1,0x1
9360,1160,master,0x0600046A,read,0x20004021,1,0x22
9361,1160,master,0x06000464,read,0x20004020,1,0x0
9362,1160,master,0x06000464,read,0x20004020,1,0x0
9363,1160,master,0x06000464,read,0x20004020,1,0x0
9364,1160,master,0x06000464,read,0x20004020,1,0x0
9365,1160,master,0x06000464,read,0x20004020,1,0x0
9366,1160,master,0x06000464,read,0x20004020,1,0x0
9367,1160,master,0x06000464,read,0x20004020,1,0x0
9368,1160,master,0x06000464,read,0x20004020,1,0x0
9369,1160,master,0x06000464,read,0x20004020,1,0x0
9370,1160,master,0x06000464,read,0x20004020,1,0x1
9371,1160,master,0x0600046A,read,0x20004021,1,0x22
9372,1160,master,0x06000464,read,0x20004020,1,0x0
9373,1160,master,0x06000464,read,0x20004020,1,0x0
9374,1160,master,0x06000464,read,0x20004020,1,0x0
9375,1160,master,0x06000464,read,0x20004020,1,0x0
9376,1160,master,0x06000464,read,0x20004020,1,0x0
9377,1160,master,0x06000464,read,0x20004020,1,0x0
9378,1160,master,0x06000464,read,0x20004020,1,0x0
9379,1160,master,0x06000464,read,0x20004020,1,0x0
9380,1160,master,0x06000464,read,0x20004020,1,0x0
9381,1160,master,0x06000464,read,0x20004020,1,0x1
9382,1160,master,0x0600046A,read,0x20004021,1,0x2B
9383,1162,master,0x06000464,read,0x20004020,1,0x0
9384,1162,master,0x06000464,read,0x20004020,1,0x0
9385,1162,master,0x06000464,read,0x20004020,1,0x0
9386,1162,master,0x06000464,read,0x20004020,1,0x0
9387,1162,master,0x06000464,read,0x20004020,1,0x0
9388,1162,master,0x06000464,read,0x20004020,1,0x0
9389,1162,master,0x06000464,read,0x20004020,1,0x0
9390,1162,master,0x06000464,read,0x20004020,1,0x0
9391,1162,master,0x06000464,read,0x20004020,1,0x0
9392,1162,master,0x06000464,read,0x20004020,1,0x0
9393,1162,master,0x06000464,read,0x20004020,1,0x0
9394,1162,master,0x06000464,read,0x20004020,1,0x0
9395,1162,master,0x06000464,read,0x20004020,1,0x0
9396,1162,master,0x06000464,read,0x20004020,1,0x0
9397,1162,master,0x06000464,read,0x20004020,1,0x1
9398,1162,master,0x0600046A,read,0x20004021,1,0x22
9399,1162,master,0x06000464,read,0x20004020,1,0x0
9400,1162,master,0x06000464,read,0x20004020,1,0x0
9401,1162,master,0x06000464,read,0x20004020,1,0x0
9402,1162,master,0x06000464,read,0x20004020,1,0x0
9403,1162,master,0x06000464,read,0x20004020,1,0x0
9404,1162,master,0x06000464,read,0x20004020,1,0x0
9405,1162,master,0x06000464,read,0x20004020,1,0x0
9406,1162,master,0x06000464,read,0x20004020,1,0x0
9407,1162,master,0x06000464,read,0x20004020,1,0x0
9408,1162,master,0x06000464,read,0x20004020,1,0x1
9409,1162,master,0x0600046A,read,0x20004021,1,0x22
9410,1162,master,0x06000464,read,0x20004020,1,0x0
9411,1162,master,0x06000464,read,0x20004020,1,0x0
9412,1162,master,0x06000464,read,0x20004020,1,0x0
9413,1162,master,0x06000464,read,0x20004020,1,0x0
9414,1162,master,0x06000464,read,0x20004020,1,0x0
9415,1162,master,0x06000464,read,0x20004020,1,0x0
9416,1162,master,0x06000464,read,0x20004020,1,0x0
9417,1162,master,0x06000464,read,0x20004020,1,0x0
9418,1162,master,0x06000464,read,0x20004020,1,0x0
9419,1162,master,0x06000464,read,0x20004020,1,0x1
9420,1162,master,0x0600046A,read,0x20004021,1,0x22
9421,1163,master,0x06000464,read,0x20004020,1,0x0
9422,1163,master,0x06000464,read,0x20004020,1,0x0
9423,1163,master,0x06000464,read,0x20004020,1,0x0
9424,1163,master,0x06000464,read,0x20004020,1,0x0
9425,1163,master,0x06000464,read,0x20004020,1,0x0
9426,1163,master,0x06000464,read,0x20004020,1,0x0
9427,1163,master,0x06000464,read,0x20004020,1,0x0
9428,1163,master,0x06000464,read,0x20004020,1,0x0
9429,1163,master,0x06000464,read,0x20004020,1,0x0
9430,1163,master,0x06000464,read,0x20004020,1,0x1
9431,1163,master,0x0600046A,read,0x20004021,1,0x22
9432,1163,master,0x06000464,read,0x20004020,1,0x0
9433,1163,master,0x06000464,read,0x20004020,1,0x0
9434,1163,master,0x06000464,read,0x20004020,1,0x0
9435,1163,master,0x06000464,read,0x20004020,1,0x0
9436,1163,master,0x06000464,read,0x20004020,1,0x0
9437,1163,master,0x06000464,read,0x20004020,1,0x0
9438,1163,master,0x06000464,read,0x20004020,1,0x0
9439,1163,master,0x06000464,read,0x20004020,1,0x0
9440,1163,master,0x06000464,read,0x20004020,1,0x0
9441,1163,master,0x06000464,read,0x20004020,1,0x1
9442,1163,master,0x0600046A,read,0x20004021,1,0x22
9443,1163,master,0x06000464,read,0x20004020,1,0x0
9444,1163,master,0x06000464,read,0x20004020,1,0x0
9445,1163,master,0x06000464,read,0x20004020,1,0x0
9446,1163,master,0x06000464,read,0x20004020,1,0x0
9447,1163,master,0x06000464,read,0x20004020,1,0x0
9448,1163,master,0x06000464,read,0x20004020,1,0x0
9449,1163,master,0x06000464,read,0x20004020,1,0x0
9450,1163,master,0x06000464,read,0x20004020,1,0x0
9451,1163,master,0x06000464,read,0x20004020,1,0x0
9452,1163,master,0x06000464,read,0x20004020,1,0x1
9453,1163,master,0x0600046A,read,0x20004021,1,0x22
9454,1163,master,0x06000464,read,0x20004020,1,0x0
9455,1163,master,0x06000464,read,0x20004020,1,0x0
9456,1163,master,0x06000464,read,0x20004020,1,0x0
9457,1163,master,0x06000464,read,0x20004020,1,0x0
9458,1163,master,0x06000464,read,0x20004020,1,0x0
9459,1163,master,0x06000464,read,0x20004020,1,0x0
9460,1163,master,0x06000464,read,0x20004020,1,0x0
9461,1163,master,0x06000464,read,0x20004020,1,0x0
9462,1163,master,0x06000464,read,0x20004020,1,0x0
9463,1163,master,0x06000464,read,0x20004020,1,0x1
9464,1163,master,0x0600046A,read,0x20004021,1,0x22
9465,1163,master,0x06000464,read,0x20004020,1,0x0
9466,1163,master,0x06000464,read,0x20004020,1,0x0
9467,1163,master,0x06000464,read,0x20004020,1,0x0
9468,1163,master,0x06000464,read,0x20004020,1,0x0
9469,1163,master,0x06000464,read,0x20004020,1,0x0
9470,1163,master,0x06000464,read,0x20004020,1,0x0
9471,1163,master,0x06000464,read,0x20004020,1,0x0
9472,1163,master,0x06000464,read,0x20004020,1,0x0
9473,1163,master,0x06000464,read,0x20004020,1,0x0
9474,1163,master,0x06000464,read,0x20004020,1,0x1
9475,1163,master,0x0600046A,read,0x20004021,1,0x22
9476,1163,master,0x06000464,read,0x20004020,1,0x0
9477,1163,master,0x06000464,read,0x20004020,1,0x0
9478,1163,master,0x06000464,read,0x20004020,1,0x0
9479,1163,master,0x06000464,read,0x20004020,1,0x0
9480,1163,master,0x06000464,read,0x20004020,1,0x0
9481,1163,master,0x06000464,read,0x20004020,1,0x0
9482,1163,master,0x06000464,read,0x20004020,1,0x0
9483,1163,master,0x06000464,read,0x20004020,1,0x0
9484,1163,master,0x06000464,read,0x20004020,1,0x0
9485,1163,master,0x06000464,read,0x20004020,1,0x1
9486,1163,master,0x0600046A,read,0x20004021,1,0x22
9487,1163,master,0x06000464,read,0x20004020,1,0x0
9488,1163,master,0x06000464,read,0x20004020,1,0x0
9489,1163,master,0x06000464,read,0x20004020,1,0x0
9490,1163,master,0x06000464,read,0x20004020,1,0x0
9491,1163,master,0x06000464,read,0x20004020,1,0x0
9492,1163,master,0x06000464,read,0x20004020,1,0x0
9493,1163,master,0x06000464,read,0x20004020,1,0x0
9494,1163,master,0x06000464,read,0x20004020,1,0x0
9495,1163,master,0x06000464,read,0x20004020,1,0x0
9496,1163,master,0x06000464,read,0x20004020,1,0x1
9497,1163,master,0x0600046A,read,0x20004021,1,0x22
9498,1163,master,0x06000464,read,0x20004020,1,0x0
9499,1163,master,0x06000464,read,0x20004020,1,0x0
9500,1163,master,0x06000464,read,0x20004020,1,0x0
9501,1163,master,0x06000464,read,0x20004020,1,0x0
9502,1163,master,0x06000464,read,0x20004020,1,0x0
9503,1163,master,0x06000464,read,0x20004020,1,0x0
9504,1163,master,0x06000464,read,0x20004020,1,0x0
9505,1163,master,0x06000464,read,0x20004020,1,0x0
9506,1163,master,0x06000464,read,0x20004020,1,0x0
9507,1163,master,0x06000464,read,0x20004020,1,0x1
9508,1163,master,0x0600046A,read,0x20004021,1,0x22
9509,1163,master,0x06000464,read,0x20004020,1,0x0
9510,1163,master,0x06000464,read,0x20004020,1,0x0
9511,1163,master,0x06000464,read,0x20004020,1,0x0
9512,1163,master,0x06000464,read,0x20004020,1,0x0
9513,1163,master,0x06000464,read,0x20004020,1,0x0
9514,1163,master,0x06000464,read,0x20004020,1,0x0
9515,1163,master,0x06000464,read,0x20004020,1,0x0
9516,1163,master,0x06000464,read,0x20004020,1,0x0
9517,1163,master,0x06000464,read,0x20004020,1,0x0
9518,1163,master,0x06000464,read,0x20004020,1,0x1
9519,1163,master,0x0600046A,read,0x20004021,1,0x22
9520,1163,master,0x06000464,read,0x20004020,1,0x0
9521,1163,master,0x06000464,read,0x20004020,1,0x0
9522,1163,master,0x06000464,read,0x20004020,1,0x0
9523,1163,master,0x06000464,read,0x20004020,1,0x0
9524,1163,master,0x06000464,read,0x20004020,1,0x0
9525,1163,master,0x06000464,read,0x20004020,1,0x0
9526,1163,master,0x06000464,read,0x20004020,1,0x0
9527,1163,master,0x06000464,read,0x20004020,1,0x0
9528,1163,master,0x06000464,read,0x20004020,1,0x0
9529,1163,master,0x06000464,read,0x20004020,1,0x1
9530,1163,master,0x0600046A,read,0x20004021,1,0x22
9531,1163,master,0x06000464,read,0x20004020,1,0x0
9532,1163,master,0x06000464,read,0x20004020,1,0x0
9533,1163,master,0x06000464,read,0x20004020,1,0x0
9534,1163,master,0x06000464,read,0x20004020,1,0x0
9535,1163,master,0x06000464,read,0x20004020,1,0x0
9536,1163,master,0x06000464,read,0x20004020,1,0x0
9537,1163,master,0x06000464,read,0x20004020,1,0x0
9538,1163,master,0x06000464,read,0x20004020,1,0x0
9539,1163,master,0x06000464,read,0x20004020,1,0x0
9540,1163,master,0x06000464,read,0x20004020,1,0x1
9541,1163,master,0x0600046A,read,0x20004021,1,0x22
9542,1163,master,0x06000464,read,0x20004020,1,0x0
9543,1163,master,0x06000464,read,0x20004020,1,0x0
9544,1163,master,0x06000464,read,0x20004020,1,0x0
9545,1163,master,0x06000464,read,0x20004020,1,0x0
9546,1163,master,0x06000464,read,0x20004020,1,0x0
9547,1163,master,0x06000464,read,0x20004020,1,0x0
9548,1163,master,0x06000464,read,0x20004020,1,0x0
9549,1163,master,0x06000464,read,0x20004020,1,0x0
9550,1163,master,0x06000464,read,0x20004020,1,0x0
9551,1163,master,0x06000464,read,0x20004020,1,0x1
9552,1163,master,0x0600046A,read,0x20004021,1,0x22
9553,1163,master,0x06000464,read,0x20004020,1,0x0
9554,1163,master,0x06000464,read,0x20004020,1,0x0
9555,1163,master,0x06000464,read,0x20004020,1,0x0
9556,1163,master,0x06000464,read,0x20004020,1,0x0
9557,1163,master,0x06000464,read,0x20004020,1,0x0
9558,1163,master,0x06000464,read,0x20004020,1,0x0
9559,1163,master,0x06000464,read,0x20004020,1,0x0
9560,1163,master,0x06000464,read,0x20004020,1,0x0
9561,1163,master,0x06000464,read,0x20004020,1,0x0
9562,1163,master,0x06000464,read,0x20004020,1,0x1
9563,1163,master,0x0600046A,read,0x20004021,1,0x22
9564,1163,master,0x06000464,read,0x20004020,1,0x0
9565,1163,master,0x06000464,read,0x20004020,1,0x0
9566,1163,master,0x06000464,read,0x20004020,1,0x0
9567,1163,master,0x06000464,read,0x20004020,1,0x0
9568,1163,master,0x06000464,read,0x20004020,1,0x0
9569,1163,master,0x06000464,read,0x20004020,1,0x0
9570,1163,master,0x06000464,read,0x20004020,1,0x0
9571,1163,master,0x06000464,read,0x20004020,1,0x0
9572,1163,master,0x06000464,read,0x20004020,1,0x0
9573,1163,master,0x06000464,read,0x20004020,1,0x1
9574,1163,master,0x0600046A,read,0x20004021,1,0x22
9575,1163,master,0x06000464,read,0x20004020,1,0x0
9576,1163,master,0x06000464,read,0x20004020,1,0x0
9577,1163,master,0x06000464,read,0x20004020,1,0x0
9578,1163,master,0x06000464,read,0x20004020,1,0x0
9579,1163,master,0x06000464,read,0x20004020,1,0x0
9580,1163,master,0x06000464,read,0x20004020,1,0x0
9581,1163,master,0x06000464,read,0x20004020,1,0x0
9582,1163,master,0x06000464,read,0x20004020,1,0x0
9583,1163,master,0x06000464,read,0x20004020,1,0x0
9584,1163,master,0x06000464,read,0x20004020,1,0x1
9585,1163,master,0x0600046A,read,0x20004021,1,0x22
9586,1163,master,0x06000464,read,0x20004020,1,0x0
9587,1163,master,0x06000464,read,0x20004020,1,0x0
9588,1163,master,0x06000464,read,0x20004020,1,0x0
9589,1163,master,0x06000464,read,0x20004020,1,0x0
9590,1163,master,0x06000464,read,0x20004020,1,0x0
9591,1163,master,0x06000464,read,0x20004020,1,0x0
9592,1163,master,0x06000464,read,0x20004020,1,0x0
9593,1163,master,0x06000464,read,0x20004020,1,0x0
9594,1163,master,0x06000464,read,0x20004020,1,0x0
9595,1163,master,0x06000464,read,0x20004020,1,0x1
9596,1163,master,0x0600046A,read,0x20004021,1,0x22
9597,1163,master,0x06000464,read,0x20004020,1,0x0
9598,1163,master,0x06000464,read,0x20004020,1,0x0
9599,1163,master,0x06000464,read,0x20004020,1,0x0
9600,1163,master,0x06000464,read,0x20004020,1,0x0
9601,1163,master,0x06000464,read,0x20004020,1,0x0
9602,1163,master,0x06000464,read,0x20004020,1,0x0
9603,1163,master,0x06000464,read,0x20004020,1,0x0
9604,1163,master,0x06000464,read,0x20004020,1,0x0
9605,1163,master,0x06000464,read,0x20004020,1,0x0
9606,1163,master,0x06000464,read,0x20004020,1,0x1
9607,1163,master,0x0600046A,read,0x20004021,1,0x2B
9608,1165,master,0x06000464,read,0x20004020,1,0x0
9609,1165,master,0x06000464,read,0x20004020,1,0x0
9610,1165,master,0x06000464,read,0x20004020,1,0x0
9611,1165,master,0x06000464,read,0x20004020,1,0x0
9612,1165,master,0x06000464,read,0x20004020,1,0x0
9613,1165,master,0x06000464,read,0x20004020,1,0x0
9614,1165,master,0x06000464,read,0x20004020,1,0x0
9615,1165,master,0x06000464,read,0x20004020,1,0x0
9616,1165,master,0x06000464,read,0x20004020,1,0x0
9617,1165,master,0x06000464,read,0x20004020,1,0x0
9618,1165,master,0x06000464,read,0x20004020,1,0x1
9619,1165,master,0x0600046A,read,0x20004021,1,0x22
9620,1165,master,0x06000464,read,0x20004020,1,0x0
9621,1165,master,0x06000464,read,0x20004020,1,0x0
9622,1165,master,0x06000464,read,0x20004020,1,0x0
9623,1165,master,0x06000464,read,0x20004020,1,0x0
9624,1165,master,0x06000464,read,0x20004020,1,0x0
9625,1165,master,0x06000464,read,0x20004020,1,0x0
9626,1165,master,0x06000464,read,0x20004020,1,0x0
9627,1165,master,0x06000464,read,0x20004020,1,0x0
9628,1165,master,0x06000464,read,0x20004020,1,0x0
9629,1165,master,0x06000464,read,0x20004020,1,0x1
9630,1165,master,0x0600046A,read,0x20004021,1,0x22
9631,1165,master,0x06000464,read,0x20004020,1,0x0
9632,1165,master,0x06000464,read,0x20004020,1,0x0
9633,1165,master,0x06000464,read,0x20004020,1,0x0
9634,1165,master,0x06000464,read,0x20004020,1,0x0
9635,1165,master,0x06000464,read,0x20004020,1,0x0
9636,1165,master,0x06000464,read,0x20004020,1,0x0
9637,1165,master,0x06000464,read,0x20004020,1,0x0
9638,1165,master,0x06000464,read,0x20004020,1,0x0
9639,1165,master,0x06000464,read,0x20004020,1,0x0
9640,1165,master,0x06000464,read,0x20004020,1,0x1
9641,1165,master,0x0600046A,read,0x20004021,1,0x22
9642,1166,master,0x06000464,read,0x20004020,1,0x0
9643,1166,master,0x06000464,read,0x20004020,1,0x0
9644,1166,master,0x06000464,read,0x20004020,1,0x0
9645,1166,master,0x06000464,read,0x20004020,1,0x0
9646,1166,master,0x06000464,read,0x20004020,1,0x0
9647,1166,master,0x06000464,read,0x20004020,1,0x0
9648,1166,master,0x06000464,read,0x20004020,1,0x0
9649,1166,master,0x06000464,read,0x20004020,1,0x0
9650,1166,master,0x06000464,read,0x20004020,1,0x0
9651,1166,master,0x06000464,read,0x20004020,1,0x1
9652,1166,master,0x0600046A,read,0x20004021,1,0x22
9653,1166,master,0x06000464,read,0x20004020,1,0x0
9654,1166,master,0x06000464,read,0x20004020,1,0x0
9655,1166,master,0x06000464,read,0x20004020,1,0x0
9656,1166,master,0x06000464,read,0x20004020,1,0x0
9657,1166,master,0x06000464,read,0x20004020,1,0x0
9658,1166,master,0x06000464,read,0x20004020,1,0x0
9659,1166,master,0x06000464,read,0x20004020,1,0x0
9660,1166,master,0x06000464,read,0x20004020,1,0x0
9661,1166,master,0x06000464,read,0x20004020,1,0x0
9662,1166,master,0x06000464,read,0x20004020,1,0x1
9663,1166,master,0x0600046A,read,0x20004021,1,0x22
9664,1166,master,0x06000464,read,0x20004020,1,0x0
9665,1166,master,0x06000464,read,0x20004020,1,0x0
9666,1166,master,0x06000464,read,0x20004020,1,0x0
9667,1166,master,0x06000464,read,0x20004020,1,0x0
9668,1166,master,0x06000464,read,0x20004020,1,0x0
9669,1166,master,0x06000464,read,0x20004020,1,0x0
9670,1166,master,0x06000464,read,0x20004020,1,0x0
9671,1166,master,0x06000464,read,0x20004020,1,0x0
9672,1166,master,0x06000464,read,0x20004020,1,0x0
9673,1166,master,0x06000464,read,0x20004020,1,0x1
9674,1166,master,0x0600046A,read,0x20004021,1,0x22
9675,1166,master,0x06000464,read,0x20004020,1,0x0
9676,1166,master,0x06000464,read,0x20004020,1,0x0
9677,1166,master,0x06000464,read,0x20004020,1,0x0
9678,1166,master,0x06000464,read,0x20004020,1,0x0
9679,1166,master,0x06000464,read,0x20004020,1,0x0
9680,1166,master,0x06000464,read,0x20004020,1,0x0
9681,1166,master,0x06000464,read,0x20004020,1,0x0
9682,1166,master,0x06000464,read,0x20004020,1,0x0
9683,1166,master,0x06000464,read,0x20004020,1,0x0
9684,1166,master,0x06000464,read,0x20004020,1,0x1
9685,1166,master,0x0600046A,read,0x20004021,1,0x22
9686,1166,master,0x06000464,read,0x20004020,1,0x0
9687,1166,master,0x06000464,read,0x20004020,1,0x0
9688,1166,master,0x06000464,read,0x20004020,1,0x0
9689,1166,master,0x06000464,read,0x20004020,1,0x0
9690,1166,master,0x06000464,read,0x20004020,1,0x0
9691,1166,master,0x06000464,read,0x20004020,1,0x0
9692,1166,master,0x06000464,read,0x20004020,1,0x0
9693,1166,master,0x06000464,read,0x20004020,1,0x0
9694,1166,master,0x06000464,read,0x20004020,1,0x0
9695,1166,master,0x06000464,read,0x20004020,1,0x0
9696,1166,master,0x06000464,read,0x20004020,1,0x1
9697,1166,master,0x0600046A,read,0x20004021,1,0x22
9698,1166,master,0x06000464,read,0x20004020,1,0x0
9699,1166,master,0x06000464,read,0x20004020,1,0x0
9700,1166,master,0x06000464,read,0x20004020,1,0x0
9701,1166,master,0x06000464,read,0x20004020,1,0x0
9702,1166,master,0x06000464,read,0x20004020,1,0x0
9703,1166,master,0x06000464,read,0x20004020,1,0x0
9704,1166,master,0x06000464,read,0x20004020,1,0x0
9705,1166,master,0x06000464,read,0x20004020,1,0x0
9706,1166,master,0x06000464,read,0x20004020,1,0x0
9707,1166,master,0x06000464,read,0x20004020,1,0x1
9708,1166,master,0x0600046A,read,0x20004021,1,0x22
9709,1166,master,0x06000464,read,0x20004020,1,0x0
9710,1166,master,0x06000464,read,0x20004020,1,0x0
9711,1166,master,0x06000464,read,0x20004020,1,0x0
9712,1166,master,0x06000464,read,0x20004020,1,0x0
9713,1166,master,0x06000464,read,0x20004020,1,0x0
9714,1166,master,0x06000464,read,0x20004020,1,0x0
9715,1166,master,0x06000464,read,0x20004020,1,0x0
9716,1166,master,0x06000464,read,0x20004020,1,0x0
9717,1166,master,0x06000464,read,0x20004020,1,0x0
9718,1166,master,0x06000464,read,0x20004020,1,0x1
9719,1166,master,0x0600046A,read,0x20004021,1,0x22
9720,1166,master,0x06000464,read,0x20004020,1,0x0
9721,1166,master,0x06000464,read,0x20004020,1,0x0
9722,1166,master,0x06000464,read,0x20004020,1,0x0
9723,1166,master,0x06000464,read,0x20004020,1,0x0
9724,1166,master,0x06000464,read,0x20004020,1,0x0
9725,1166,master,0x06000464,read,0x20004020,1,0x0
9726,1166,master,0x06000464,read,0x20004020,1,0x0
9727,1166,master,0x06000464,read,0x20004020,1,0x0
9728,1166,master,0x06000464,read,0x20004020,1,0x0
9729,1166,master,0x06000464,read,0x20004020,1,0x1
9730,1166,master,0x0600046A,read,0x20004021,1,0x22
9731,1166,master,0x06000464,read,0x20004020,1,0x0
9732,1166,master,0x06000464,read,0x20004020,1,0x0
9733,1166,master,0x06000464,read,0x20004020,1,0x0
9734,1166,master,0x06000464,read,0x20004020,1,0x0
9735,1166,master,0x06000464,read,0x20004020,1,0x0
9736,1166,master,0x06000464,read,0x20004020,1,0x0
9737,1166,master,0x06000464,read,0x20004020,1,0x0
9738,1166,master,0x06000464,read,0x20004020,1,0x0
9739,1166,master,0x06000464,read,0x20004020,1,0x0
9740,1166,master,0x06000464,read,0x20004020,1,0x1
9741,1166,master,0x0600046A,read,0x20004021,1,0x22
9742,1166,master,0x06000464,read,0x20004020,1,0x0
9743,1166,master,0x06000464,read,0x20004020,1,0x0
9744,1166,master,0x06000464,read,0x20004020,1,0x0
9745,1166,master,0x06000464,read,0x20004020,1,0x0
9746,1166,master,0x06000464,read,0x20004020,1,0x0
9747,1166,master,0x06000464,read,0x20004020,1,0x0
9748,1166,master,0x06000464,read,0x20004020,1,0x0
9749,1166,master,0x06000464,read,0x20004020,1,0x0
9750,1166,master,0x06000464,read,0x20004020,1,0x0
9751,1166,master,0x06000464,read,0x20004020,1,0x1
9752,1166,master,0x0600046A,read,0x20004021,1,0x22
9753,1166,master,0x06000464,read,0x20004020,1,0x0
9754,1166,master,0x06000464,read,0x20004020,1,0x0
9755,1166,master,0x06000464,read,0x20004020,1,0x0
9756,1166,master,0x06000464,read,0x20004020,1,0x0
9757,1166,master,0x06000464,read,0x20004020,1,0x0
9758,1166,master,0x06000464,read,0x20004020,1,0x0
9759,1166,master,0x06000464,read,0x20004020,1,0x0
9760,1166,master,0x06000464,read,0x20004020,1,0x0
9761,1166,master,0x06000464,read,0x20004020,1,0x0
9762,1166,master,0x06000464,read,0x20004020,1,0x1
9763,1166,master,0x0600046A,read,0x20004021,1,0x22
9764,1166,master,0x06000464,read,0x20004020,1,0x0
9765,1166,master,0x06000464,read,0x20004020,1,0x0
9766,1166,master,0x06000464,read,0x20004020,1,0x0
9767,1166,master,0x06000464,read,0x20004020,1,0x0
9768,1166,master,0x06000464,read,0x20004020,1,0x0
9769,1166,master,0x06000464,read,0x20004020,1,0x0
9770,1166,master,0x06000464,read,0x20004020,1,0x0
9771,1166,master,0x06000464,read,0x20004020,1,0x0
9772,1166,master,0x06000464,read,0x20004020,1,0x0
9773,1166,master,0x06000464,read,0x20004020,1,0x1
9774,1166,master,0x0600046A,read,0x20004021,1,0x22
9775,1166,master,0x06000464,read,0x20004020,1,0x0
9776,1166,master,0x06000464,read,0x20004020,1,0x0
9777,1166,master,0x06000464,read,0x20004020,1,0x0
9778,1166,master,0x06000464,read,0x20004020,1,0x0
9779,1166,master,0x06000464,read,0x20004020,1,0x0
9780,1166,master,0x06000464,read,0x20004020,1,0x0
9781,1166,master,0x06000464,read,0x20004020,1,0x0
9782,1166,master,0x06000464,read,0x20004020,1,0x0
9783,1166,master,0x06000464,read,0x20004020,1,0x0
9784,1166,master,0x06000464,read,0x20004020,1,0x1
9785,1166,master,0x0600046A,read,0x20004021,1,0x22
9786,1166,master,0x06000464,read,0x20004020,1,0x0
9787,1166,master,0x06000464,read,0x20004020,1,0x0
9788,1166,master,0x06000464,read,0x20004020,1,0x0
9789,1166,master,0x06000464,read,0x20004020,1,0x0
9790,1166,master,0x06000464,read,0x20004020,1,0x0
9791,1166,master,0x06000464,read,0x20004020,1,0x0
9792,1166,master,0x06000464,read,0x20004020,1,0x0
9793,1166,master,0x06000464,read,0x20004020,1,0x0
9794,1166,master,0x06000464,read,0x20004020,1,0x0
9795,1166,master,0x06000464,read,0x20004020,1,0x1
9796,1166,master,0x0600046A,read,0x20004021,1,0x22
9797,1166,master,0x06000464,read,0x20004020,1,0x0
9798,1166,master,0x06000464,read,0x20004020,1,0x0
9799,1166,master,0x06000464,read,0x20004020,1,0x0
9800,1166,master,0x06000464,read,0x20004020,1,0x0
9801,1166,master,0x06000464,read,0x20004020,1,0x0
9802,1166,master,0x06000464,read,0x20004020,1,0x0
9803,1166,master,0x06000464,read,0x20004020,1,0x0
9804,1166,master,0x06000464,read,0x20004020,1,0x0
9805,1166,master,0x06000464,read,0x20004020,1,0x0
9806,1166,master,0x06000464,read,0x20004020,1,0x1
9807,1166,master,0x0600046A,read,0x20004021,1,0x22
9808,1166,master,0x06000464,read,0x20004020,1,0x0
9809,1166,master,0x06000464,read,0x20004020,1,0x0
9810,1166,master,0x06000464,read,0x20004020,1,0x0
9811,1166,master,0x06000464,read,0x20004020,1,0x0
9812,1166,master,0x06000464,read,0x20004020,1,0x0
9813,1166,master,0x06000464,read,0x20004020,1,0x0
9814,1166,master,0x06000464,read,0x20004020,1,0x0
9815,1166,master,0x06000464,read,0x20004020,1,0x0
9816,1166,master,0x06000464,read,0x20004020,1,0x0
9817,1166,master,0x06000464,read,0x20004020,1,0x1
9818,1166,master,0x0600046A,read,0x20004021,1,0x22
9819,1166,master,0x06000464,read,0x20004020,1,0x0
9820,1166,master,0x06000464,read,0x20004020,1,0x0
9821,1166,master,0x06000464,read,0x20004020,1,0x0
9822,1166,master,0x06000464,read,0x20004020,1,0x0
9823,1166,master,0x06000464,read,0x20004020,1,0x0
9824,1166,master,0x06000464,read,0x20004020,1,0x0
9825,1166,master,0x06000464,read,0x20004020,1,0x0
9826,1166,master,0x06000464,read,0x20004020,1,0x0
9827,1166,master,0x06000464,read,0x20004020,1,0x0
9828,1166,master,0x06000464,read,0x20004020,1,0x1
9829,1166,master,0x0600046A,read,0x20004021,1,0x2B
9830,1168,master,0x06000464,read,0x20004020,1,0x0
9831,1168,master,0x06000464,read,0x20004020,1,0x0
9832,1168,master,0x06000464,read,0x20004020,1,0x0
9833,1168,master,0x06000464,read,0x20004020,1,0x0
9834,1168,master,0x06000464,read,0x20004020,1,0x0
9835,1168,master,0x06000464,read,0x20004020,1,0x0
9836,1168,master,0x06000464,read,0x20004020,1,0x0
9837,1168,master,0x06000464,read,0x20004020,1,0x0
9838,1168,master,0x06000464,read,0x20004020,1,0x0
9839,1168,master,0x06000464,read,0x20004020,1,0x0
9840,1168,master,0x06000464,read,0x20004020,1,0x0
9841,1168,master,0x06000464,read,0x20004020,1,0x0
9842,1168,master,0x06000464,read,0x20004020,1,0x0
9843,1168,master,0x06000464,read,0x20004020,1,0x0
9844,1168,master,0x06000464,read,0x20004020,1,0x0
9845,1168,master,0x06000464,read,0x20004020,1,0x0
9846,1168,master,0x06000464,read,0x20004020,1,0x0
9847,1168,master,0x06000464,read,0x20004020,1,0x1
9848,1168,master,0x0600046A,read,0x20004021,1,0x22
9849,1168,master,0x06000464,read,0x20004020,1,0x0
9850,1168,master,0x06000464,read,0x20004020,1,0x0
9851,1168,master,0x06000464,read,0x20004020,1,0x0
9852,1168,master,0x06000464,read,0x20004020,1,0x0
9853,1168,master,0x06000464,read,0x20004020,1,0x0
9854,1168,master,0x06000464,read,0x20004020,1,0x0
9855,1168,master,0x06000464,read,0x20004020,1,0x0
9856,1168,master,0x06000464,read,0x20004020,1,0x0
9857,1168,master,0x06000464,read,0x20004020,1,0x0
9858,1168,master,0x06000464,read,0x20004020,1,0x1
9859,1168,master,0x0600046A,read,0x20004021,1,0x22
9860,1168,master,0x06000464,read,0x20004020,1,0x0
9861,1168,master,0x06000464,read,0x20004020,1,0x0
9862,1168,master,0x06000464,read,0x20004020,1,0x0
9863,1168,master,0x06000464,read,0x20004020,1,0x0
9864,1168,master,0x06000464,read,0x20004020,1,0x0
9865,1168,master,0x06000464,read,0x20004020,1,0x0
9866,1168,master,0x06000464,read,0x20004020,1,0x0
9867,1168,master,0x06000464,read,0x20004020,1,0x0
9868,1168,master,0x06000464,read,0x20004020,1,0x0
9869,1168,master,0x06000464,read,0x20004020,1,0x1
9870,1168,master,0x0600046A,read,0x20004021,1,0x22
9871,1169,master,0x06000464,read,0x20004020,1,0x0
9872,1169,master,0x06000464,read,0x20004020,1,0x0
9873,1169,master,0x06000464,read,0x20004020,1,0x0
9874,1169,master,0x06000464,read,0x20004020,1,0x0
9875,1169,master,0x06000464,read,0x20004020,1,0x0
9876,1169,master,0x06000464,read,0x20004020,1,0x0
9877,1169,master,0x06000464,read,0x20004020,1,0x0
9878,1169,master,0x06000464,read,0x20004020,1,0x0
9879,1169,master,0x06000464,read,0x20004020,1,0x0
9880,1169,master,0x06000464,read,0x20004020,1,0x1
9881,1169,master,0x0600046A,read,0x20004021,1,0x22
9882,1169,master,0x06000464,read,0x20004020,1,0x0
9883,1169,master,0x06000464,read,0x20004020,1,0x0
9884,1169,master,0x06000464,read,0x20004020,1,0x0
9885,1169,master,0x06000464,read,0x20004020,1,0x0
9886,1169,master,0x06000464,read,0x20004020,1,0x0
9887,1169,master,0x06000464,read,0x20004020,1,0x0
9888,1169,master,0x06000464,read,0x20004020,1,0x0
9889,1169,master,0x06000464,read,0x20004020,1,0x0
9890,1169,master,0x06000464,read,0x20004020,1,0x0
9891,1169,master,0x06000464,read,0x20004020,1,0x1
9892,1169,master,0x0600046A,read,0x20004021,1,0x22
9893,1169,master,0x06000464,read,0x20004020,1,0x0
9894,1169,master,0x06000464,read,0x20004020,1,0x0
9895,1169,master,0x06000464,read,0x20004020,1,0x0
9896,1169,master,0x06000464,read,0x20004020,1,0x0
9897,1169,master,0x06000464,read,0x20004020,1,0x0
9898,1169,master,0x06000464,read,0x20004020,1,0x0
9899,1169,master,0x06000464,read,0x20004020,1,0x0
9900,1169,master,0x06000464,read,0x20004020,1,0x0
9901,1169,master,0x06000464,read,0x20004020,1,0x0
9902,1169,master,0x06000464,read,0x20004020,1,0x1
9903,1169,master,0x0600046A,read,0x20004021,1,0x22
9904,1169,master,0x06000464,read,0x20004020,1,0x0
9905,1169,master,0x06000464,read,0x20004020,1,0x0
9906,1169,master,0x06000464,read,0x20004020,1,0x0
9907,1169,master,0x06000464,read,0x20004020,1,0x0
9908,1169,master,0x06000464,read,0x20004020,1,0x0
9909,1169,master,0x06000464,read,0x20004020,1,0x0
9910,1169,master,0x06000464,read,0x20004020,1,0x0
9911,1169,master,0x06000464,read,0x20004020,1,0x0
9912,1169,master,0x06000464,read,0x20004020,1,0x0
9913,1169,master,0x06000464,read,0x20004020,1,0x1
9914,1169,master,0x0600046A,read,0x20004021,1,0x22
9915,1169,master,0x06000464,read,0x20004020,1,0x0
9916,1169,master,0x06000464,read,0x20004020,1,0x0
9917,1169,master,0x06000464,read,0x20004020,1,0x0
9918,1169,master,0x06000464,read,0x20004020,1,0x0
9919,1169,master,0x06000464,read,0x20004020,1,0x0
9920,1169,master,0x06000464,read,0x20004020,1,0x0
9921,1169,master,0x06000464,read,0x20004020,1,0x0
9922,1169,master,0x06000464,read,0x20004020,1,0x0
9923,1169,master,0x06000464,read,0x20004020,1,0x0
9924,1169,master,0x06000464,read,0x20004020,1,0x1
9925,1169,master,0x0600046A,read,0x20004021,1,0x22
9926,1169,master,0x06000464,read,0x20004020,1,0x0
9927,1169,master,0x06000464,read,0x20004020,1,0x0
9928,1169,master,0x06000464,read,0x20004020,1,0x0
9929,1169,master,0x06000464,read,0x20004020,1,0x0
9930,1169,master,0x06000464,read,0x20004020,1,0x0
9931,1169,master,0x06000464,read,0x20004020,1,0x0
9932,1169,master,0x06000464,read,0x20004020,1,0x0
9933,1169,master,0x06000464,read,0x20004020,1,0x0
9934,1169,master,0x06000464,read,0x20004020,1,0x0
9935,1169,master,0x06000464,read,0x20004020,1,0x1
9936,1169,master,0x0600046A,read,0x20004021,1,0x22
9937,1169,master,0x06000464,read,0x20004020,1,0x0
9938,1169,master,0x06000464,read,0x20004020,1,0x0
9939,1169,master,0x06000464,read,0x20004020,1,0x0
9940,1169,master,0x06000464,read,0x20004020,1,0x0
9941,1169,master,0x06000464,read,0x20004020,1,0x0
9942,1169,master,0x06000464,read,0x20004020,1,0x0
9943,1169,master,0x06000464,read,0x20004020,1,0x0
9944,1169,master,0x06000464,read,0x20004020,1,0x0
9945,1169,master,0x06000464,read,0x20004020,1,0x0
9946,1169,master,0x06000464,read,0x20004020,1,0x1
9947,1169,master,0x0600046A,read,0x20004021,1,0x22
9948,1169,master,0x06000464,read,0x20004020,1,0x0
9949,1169,master,0x06000464,read,0x20004020,1,0x0
9950,1169,master,0x06000464,read,0x20004020,1,0x0
9951,1169,master,0x06000464,read,0x20004020,1,0x0
9952,1169,master,0x06000464,read,0x20004020,1,0x0
9953,1169,master,0x06000464,read,0x20004020,1,0x0
9954,1169,master,0x06000464,read,0x20004020,1,0x0
9955,1169,master,0x06000464,read,0x20004020,1,0x0
9956,1169,master,0x06000464,read,0x20004020,1,0x0
9957,1169,master,0x06000464,read,0x20004020,1,0x1
9958,1169,master,0x0600046A,read,0x20004021,1,0x22
9959,1169,master,0x06000464,read,0x20004020,1,0x0
9960,1169,master,0x06000464,read,0x20004020,1,0x0
9961,1169,master,0x06000464,read,0x20004020,1,0x0
9962,1169,master,0x06000464,read,0x20004020,1,0x0
9963,1169,master,0x06000464,read,0x20004020,1,0x0
9964,1169,master,0x06000464,read,0x20004020,1,0x0
9965,1169,master,0x06000464,read,0x20004020,1,0x0
9966,1169,master,0x06000464,read,0x20004020,1,0x0
9967,1169,master,0x06000464,read,0x20004020,1,0x0
9968,1169,master,0x06000464,read,0x20004020,1,0x1
9969,1169,master,0x0600046A,read,0x20004021,1,0x22
9970,1169,master,0x06000464,read,0x20004020,1,0x0
9971,1169,master,0x06000464,read,0x20004020,1,0x0
9972,1169,master,0x06000464,read,0x20004020,1,0x0
9973,1169,master,0x06000464,read,0x20004020,1,0x0
9974,1169,master,0x06000464,read,0x20004020,1,0x0
9975,1169,master,0x06000464,read,0x20004020,1,0x0
9976,1169,master,0x06000464,read,0x20004020,1,0x0
9977,1169,master,0x06000464,read,0x20004020,1,0x0
9978,1169,master,0x06000464,read,0x20004020,1,0x0
9979,1169,master,0x06000464,read,0x20004020,1,0x1
9980,1169,master,0x0600046A,read,0x20004021,1,0x22
9981,1169,master,0x06000464,read,0x20004020,1,0x0
9982,1169,master,0x06000464,read,0x20004020,1,0x0
9983,1169,master,0x06000464,read,0x20004020,1,0x0
9984,1169,master,0x06000464,read,0x20004020,1,0x0
9985,1169,master,0x06000464,read,0x20004020,1,0x0
9986,1169,master,0x06000464,read,0x20004020,1,0x0
9987,1169,master,0x06000464,read,0x20004020,1,0x0
9988,1169,master,0x06000464,read,0x20004020,1,0x0
9989,1169,master,0x06000464,read,0x20004020,1,0x0
9990,1169,master,0x06000464,read,0x20004020,1,0x1
9991,1169,master,0x0600046A,read,0x20004021,1,0x22
9992,1169,master,0x06000464,read,0x20004020,1,0x0
9993,1169,master,0x06000464,read,0x20004020,1,0x0
9994,1169,master,0x06000464,read,0x20004020,1,0x0
9995,1169,master,0x06000464,read,0x20004020,1,0x0
9996,1169,master,0x06000464,read,0x20004020,1,0x0
9997,1169,master,0x06000464,read,0x20004020,1,0x0
9998,1169,master,0x06000464,read,0x20004020,1,0x0
9999,1169,master,0x06000464,read,0x20004020,1,0x0
10000,1169,master,0x06000464,read,0x20004020,1,0x0
10001,1169,master,0x06000464,read,0x20004020,1,0x1
10002,1169,master,0x0600046A,read,0x20004021,1,0x22
10003,1169,master,0x06000464,read,0x20004020,1,0x0
10004,1169,master,0x06000464,read,0x20004020,1,0x0
10005,1169,master,0x06000464,read,0x20004020,1,0x0
10006,1169,master,0x06000464,read,0x20004020,1,0x0
10007,1169,master,0x06000464,read,0x20004020,1,0x0
10008,1169,master,0x06000464,read,0x20004020,1,0x0
10009,1169,master,0x06000464,read,0x20004020,1,0x0
10010,1169,master,0x06000464,read,0x20004020,1,0x0
10011,1169,master,0x06000464,read,0x20004020,1,0x0
10012,1169,master,0x06000464,read,0x20004020,1,0x1
10013,1169,master,0x0600046A,read,0x20004021,1,0x22
10014,1169,master,0x06000464,read,0x20004020,1,0x0
10015,1169,master,0x06000464,read,0x20004020,1,0x0
10016,1169,master,0x06000464,read,0x20004020,1,0x0
10017,1169,master,0x06000464,read,0x20004020,1,0x0
10018,1169,master,0x06000464,read,0x20004020,1,0x0
10019,1169,master,0x06000464,read,0x20004020,1,0x0
10020,1169,master,0x06000464,read,0x20004020,1,0x0
10021,1169,master,0x06000464,read,0x20004020,1,0x0
10022,1169,master,0x06000464,read,0x20004020,1,0x0
10023,1169,master,0x06000464,read,0x20004020,1,0x1
10024,1169,master,0x0600046A,read,0x20004021,1,0x22
10025,1169,master,0x06000464,read,0x20004020,1,0x0
10026,1169,master,0x06000464,read,0x20004020,1,0x0
10027,1169,master,0x06000464,read,0x20004020,1,0x0
10028,1169,master,0x06000464,read,0x20004020,1,0x0
10029,1169,master,0x06000464,read,0x20004020,1,0x0
10030,1169,master,0x06000464,read,0x20004020,1,0x0
10031,1169,master,0x06000464,read,0x20004020,1,0x0
10032,1169,master,0x06000464,read,0x20004020,1,0x0
10033,1169,master,0x06000464,read,0x20004020,1,0x0
10034,1169,master,0x06000464,read,0x20004020,1,0x1
10035,1169,master,0x0600046A,read,0x20004021,1,0x22
10036,1169,master,0x06000464,read,0x20004020,1,0x0
10037,1169,master,0x06000464,read,0x20004020,1,0x0
10038,1169,master,0x06000464,read,0x20004020,1,0x0
10039,1169,master,0x06000464,read,0x20004020,1,0x0
10040,1169,master,0x06000464,read,0x20004020,1,0x0
10041,1169,master,0x06000464,read,0x20004020,1,0x0
10042,1169,master,0x06000464,read,0x20004020,1,0x0
10043,1169,master,0x06000464,read,0x20004020,1,0x0
10044,1169,master,0x06000464,read,0x20004020,1,0x0
10045,1169,master,0x06000464,read,0x20004020,1,0x1
10046,1169,master,0x0600046A,read,0x20004021,1,0x22
10047,1169,master,0x06000464,read,0x20004020,1,0x0
10048,1169,master,0x06000464,read,0x20004020,1,0x0
10049,1169,master,0x06000464,read,0x20004020,1,0x0
10050,1169,master,0x06000464,read,0x20004020,1,0x0
10051,1169,master,0x06000464,read,0x20004020,1,0x0
10052,1169,master,0x06000464,read,0x20004020,1,0x0
10053,1169,master,0x06000464,read,0x20004020,1,0x0
10054,1169,master,0x06000464,read,0x20004020,1,0x0
10055,1169,master,0x06000464,read,0x20004020,1,0x0
10056,1169,master,0x06000464,read,0x20004020,1,0x1
10057,1169,master,0x0600046A,read,0x20004021,1,0x2B
10058,1171,master,0x06000464,read,0x20004020,1,0x0
10059,1171,master,0x06000464,read,0x20004020,1,0x0
10060,1171,master,0x06000464,read,0x20004020,1,0x0
10061,1171,master,0x06000464,read,0x20004020,1,0x0
10062,1171,master,0x06000464,read,0x20004020,1,0x0
10063,1171,master,0x06000464,read,0x20004020,1,0x0
10064,1171,master,0x06000464,read,0x20004020,1,0x0
10065,1171,master,0x06000464,read,0x20004020,1,0x0
10066,1171,master,0x06000464,read,0x20004020,1,0x0
10067,1171,master,0x06000464,read,0x20004020,1,0x0
10068,1171,master,0x06000464,read,0x20004020,1,0x1
10069,1171,master,0x0600046A,read,0x20004021,1,0x22
10070,1171,master,0x06000464,read,0x20004020,1,0x0
10071,1171,master,0x06000464,read,0x20004020,1,0x0
10072,1171,master,0x06000464,read,0x20004020,1,0x0
10073,1171,master,0x06000464,read,0x20004020,1,0x0
10074,1171,master,0x06000464,read,0x20004020,1,0x0
10075,1171,master,0x06000464,read,0x20004020,1,0x0
10076,1171,master,0x06000464,read,0x20004020,1,0x0
10077,1171,master,0x06000464,read,0x20004020,1,0x0
10078,1171,master,0x06000464,read,0x20004020,1,0x0
10079,1171,master,0x06000464,read,0x20004020,1,0x0
10080,1171,master,0x06000464,read,0x20004020,1,0x1
10081,1171,master,0x0600046A,read,0x20004021,1,0x22
10082,1171,master,0x06000464,read,0x20004020,1,0x0
10083,1171,master,0x06000464,read,0x20004020,1,0x0
10084,1171,master,0x06000464,read,0x20004020,1,0x0
10085,1171,master,0x06000464,read,0x20004020,1,0x0
10086,1171,master,0x06000464,read,0x20004020,1,0x0
10087,1171,master,0x06000464,read,0x20004020,1,0x0
10088,1171,master,0x06000464,read,0x20004020,1,0x0
10089,1171,master,0x06000464,read,0x20004020,1,0x0
10090,1171,master,0x06000464,read,0x20004020,1,0x0
10091,1171,master,0x06000464,read,0x20004020,1,0x0
10092,1171,master,0x06000464,read,0x20004020,1,0x0
10093,1171,master,0x06000464,read,0x20004020,1,0x0
10094,1171,master,0x06000464,read,0x20004020,1,0x1
10095,1171,master,0x0600046A,read,0x20004021,1,0x22
10096,1172,master,0x06000464,read,0x20004020,1,0x0
10097,1172,master,0x06000464,read,0x20004020,1,0x0
10098,1172,master,0x06000464,read,0x20004020,1,0x0
10099,1172,master,0x06000464,read,0x20004020,1,0x0
10100,1172,master,0x06000464,read,0x20004020,1,0x0
10101,1172,master,0x06000464,read,0x20004020,1,0x0
10102,1172,master,0x06000464,read,0x20004020,1,0x0
10103,1172,master,0x06000464,read,0x20004020,1,0x0
10104,1172,master,0x06000464,read,0x20004020,1,0x0
10105,1172,master,0x06000464,read,0x20004020,1,0x1
10106,1172,master,0x0600046A,read,0x20004021,1,0x22
10107,1172,master,0x06000464,read,0x20004020,1,0x0
10108,1172,master,0x06000464,read,0x20004020,1,0x0
10109,1172,master,0x06000464,read,0x20004020,1,0x0
10110,1172,master,0x06000464,read,0x20004020,1,0x0
10111,1172,master,0x06000464,read,0x20004020,1,0x0
10112,1172,master,0x06000464,read,0x20004020,1,0x0
10113,1172,master,0x06000464,read,0x20004020,1,0x0
10114,1172,master,0x06000464,read,0x20004020,1,0x0
10115,1172,master,0x06000464,read,0x20004020,1,0x0
10116,1172,master,0x06000464,read,0x20004020,1,0x1
10117,1172,master,0x0600046A,read,0x20004021,1,0x22
10118,1172,master,0x06000464,read,0x20004020,1,0x0
10119,1172,master,0x06000464,read,0x20004020,1,0x0
10120,1172,master,0x06000464,read,0x20004020,1,0x0
10121,1172,master,0x06000464,read,0x20004020,1,0x0
10122,1172,master,0x06000464,read,0x20004020,1,0x0
10123,1172,master,0x06000464,read,0x20004020,1,0x0
10124,1172,master,0x06000464,read,0x20004020,1,0x0
10125,1172,master,0x06000464,read,0x20004020,1,0x0
10126,1172,master,0x06000464,read,0x20004020,1,0x0
10127,1172,master,0x06000464,read,0x20004020,1,0x1
10128,1172,master,0x0600046A,read,0x20004021,1,0x22
10129,1172,master,0x06000464,read,0x20004020,1,0x0
10130,1172,master,0x06000464,read,0x20004020,1,0x0
10131,1172,master,0x06000464,read,0x20004020,1,0x0
10132,1172,master,0x06000464,read,0x20004020,1,0x0
10133,1172,master,0x06000464,read,0x20004020,1,0x0
10134,1172,master,0x06000464,read,0x20004020,1,0x0
10135,1172,master,0x06000464,read,0x20004020,1,0x0
10136,1172,master,0x06000464,read,0x20004020,1,0x0
10137,1172,master,0x06000464,read,0x20004020,1,0x0
10138,1172,master,0x06000464,read,0x20004020,1,0x1
10139,1172,master,0x0600046A,read,0x20004021,1,0x22
10140,1172,master,0x06000464,read,0x20004020,1,0x0
10141,1172,master,0x06000464,read,0x20004020,1,0x0
10142,1172,master,0x06000464,read,0x20004020,1,0x0
10143,1172,master,0x06000464,read,0x20004020,1,0x0
10144,1172,master,0x06000464,read,0x20004020,1,0x0
10145,1172,master,0x06000464,read,0x20004020,1,0x0
10146,1172,master,0x06000464,read,0x20004020,1,0x0
10147,1172,master,0x06000464,read,0x20004020,1,0x0
10148,1172,master,0x06000464,read,0x20004020,1,0x0
10149,1172,master,0x06000464,read,0x20004020,1,0x1
10150,1172,master,0x0600046A,read,0x20004021,1,0x22
10151,1172,master,0x06000464,read,0x20004020,1,0x0
10152,1172,master,0x06000464,read,0x20004020,1,0x0
10153,1172,master,0x06000464,read,0x20004020,1,0x0
10154,1172,master,0x06000464,read,0x20004020,1,0x0
10155,1172,master,0x06000464,read,0x20004020,1,0x0
10156,1172,master,0x06000464,read,0x20004020,1,0x0
10157,1172,master,0x06000464,read,0x20004020,1,0x0
10158,1172,master,0x06000464,read,0x20004020,1,0x0
10159,1172,master,0x06000464,read,0x20004020,1,0x0
10160,1172,master,0x06000464,read,0x20004020,1,0x1
10161,1172,master,0x0600046A,read,0x20004021,1,0x22
10162,1172,master,0x06000464,read,0x20004020,1,0x0
10163,1172,master,0x06000464,read,0x20004020,1,0x0
10164,1172,master,0x06000464,read,0x20004020,1,0x0
10165,1172,master,0x06000464,read,0x20004020,1,0x0
10166,1172,master,0x06000464,read,0x20004020,1,0x0
10167,1172,master,0x06000464,read,0x20004020,1,0x0
10168,1172,master,0x06000464,read,0x20004020,1,0x0
10169,1172,master,0x06000464,read,0x20004020,1,0x0
10170,1172,master,0x06000464,read,0x20004020,1,0x0
10171,1172,master,0x06000464,read,0x20004020,1,0x1
10172,1172,master,0x0600046A,read,0x20004021,1,0x22
10173,1172,master,0x06000464,read,0x20004020,1,0x0
10174,1172,master,0x06000464,read,0x20004020,1,0x0
10175,1172,master,0x06000464,read,0x20004020,1,0x0
10176,1172,master,0x06000464,read,0x20004020,1,0x0
10177,1172,master,0x06000464,read,0x20004020,1,0x0
10178,1172,master,0x06000464,read,0x20004020,1,0x0
10179,1172,master,0x06000464,read,0x20004020,1,0x0
10180,1172,master,0x06000464,read,0x20004020,1,0x0
10181,1172,master,0x06000464,read,0x20004020,1,0x0
10182,1172,master,0x06000464,read,0x20004020,1,0x1
10183,1172,master,0x0600046A,read,0x20004021,1,0x22
10184,1172,master,0x06000464,read,0x20004020,1,0x0
10185,1172,master,0x06000464,read,0x20004020,1,0x0
10186,1172,master,0x06000464,read,0x20004020,1,0x0
10187,1172,master,0x06000464,read,0x20004020,1,0x0
10188,1172,master,0x06000464,read,0x20004020,1,0x0
10189,1172,master,0x06000464,read,0x20004020,1,0x0
10190,1172,master,0x06000464,read,0x20004020,1,0x0
10191,1172,master,0x06000464,read,0x20004020,1,0x0
10192,1172,master,0x06000464,read,0x20004020,1,0x0
10193,1172,master,0x06000464,read,0x20004020,1,0x1
10194,1172,master,0x0600046A,read,0x20004021,1,0x22
10195,1172,master,0x06000464,read,0x20004020,1,0x0
10196,1172,master,0x06000464,read,0x20004020,1,0x0
10197,1172,master,0x06000464,read,0x20004020,1,0x0
10198,1172,master,0x06000464,read,0x20004020,1,0x0
10199,1172,master,0x06000464,read,0x20004020,1,0x0
10200,1172,master,0x06000464,read,0x20004020,1,0x0
10201,1172,master,0x06000464,read,0x20004020,1,0x0
10202,1172,master,0x06000464,read,0x20004020,1,0x0
10203,1172,master,0x06000464,read,0x20004020,1,0x0
10204,1172,master,0x06000464,read,0x20004020,1,0x1
10205,1172,master,0x0600046A,read,0x20004021,1,0x22
10206,1172,master,0x06000464,read,0x20004020,1,0x0
10207,1172,master,0x06000464,read,0x20004020,1,0x0
10208,1172,master,0x06000464,read,0x20004020,1,0x0
10209,1172,master,0x06000464,read,0x20004020,1,0x0
10210,1172,master,0x06000464,read,0x20004020,1,0x0
10211,1172,master,0x06000464,read,0x20004020,1,0x0
10212,1172,master,0x06000464,read,0x20004020,1,0x0
10213,1172,master,0x06000464,read,0x20004020,1,0x0
10214,1172,master,0x06000464,read,0x20004020,1,0x0
10215,1172,master,0x06000464,read,0x20004020,1,0x1
10216,1172,master,0x0600046A,read,0x20004021,1,0x22
10217,1172,master,0x06000464,read,0x20004020,1,0x0
10218,1172,master,0x06000464,read,0x20004020,1,0x0
10219,1172,master,0x06000464,read,0x20004020,1,0x0
10220,1172,master,0x06000464,read,0x20004020,1,0x0
10221,1172,master,0x06000464,read,0x20004020,1,0x0
10222,1172,master,0x06000464,read,0x20004020,1,0x0
10223,1172,master,0x06000464,read,0x20004020,1,0x0
10224,1172,master,0x06000464,read,0x20004020,1,0x0
10225,1172,master,0x06000464,read,0x20004020,1,0x0
10226,1172,master,0x06000464,read,0x20004020,1,0x1
10227,1172,master,0x0600046A,read,0x20004021,1,0x22
10228,1172,master,0x06000464,read,0x20004020,1,0x0
10229,1172,master,0x06000464,read,0x20004020,1,0x0
10230,1172,master,0x06000464,read,0x20004020,1,0x0
10231,1172,master,0x06000464,read,0x20004020,1,0x0
10232,1172,master,0x06000464,read,0x20004020,1,0x0
10233,1172,master,0x06000464,read,0x20004020,1,0x0
10234,1172,master,0x06000464,read,0x20004020,1,0x0
10235,1172,master,0x06000464,read,0x20004020,1,0x0
10236,1172,master,0x06000464,read,0x20004020,1,0x0
10237,1172,master,0x06000464,read,0x20004020,1,0x1
10238,1172,master,0x0600046A,read,0x20004021,1,0x22
10239,1172,master,0x06000464,read,0x20004020,1,0x0
10240,1172,master,0x06000464,read,0x20004020,1,0x0
10241,1172,master,0x06000464,read,0x20004020,1,0x0
10242,1172,master,0x06000464,read,0x20004020,1,0x0
10243,1172,master,0x06000464,read,0x20004020,1,0x0
10244,1172,master,0x06000464,read,0x20004020,1,0x0
10245,1172,master,0x06000464,read,0x20004020,1,0x0
10246,1172,master,0x06000464,read,0x20004020,1,0x0
10247,1172,master,0x06000464,read,0x20004020,1,0x0
10248,1172,master,0x06000464,read,0x20004020,1,0x1
10249,1172,master,0x0600046A,read,0x20004021,1,0x22
10250,1172,master,0x06000464,read,0x20004020,1,0x0
10251,1172,master,0x06000464,read,0x20004020,1,0x0
10252,1172,master,0x06000464,read,0x20004020,1,0x0
10253,1172,master,0x06000464,read,0x20004020,1,0x0
10254,1172,master,0x06000464,read,0x20004020,1,0x0
10255,1172,master,0x06000464,read,0x20004020,1,0x0
10256,1172,master,0x06000464,read,0x20004020,1,0x0
10257,1172,master,0x06000464,read,0x20004020,1,0x0
10258,1172,master,0x06000464,read,0x20004020,1,0x0
10259,1172,master,0x06000464,read,0x20004020,1,0x1
10260,1172,master,0x0600046A,read,0x20004021,1,0x22
10261,1172,master,0x06000464,read,0x20004020,1,0x0
10262,1172,master,0x06000464,read,0x20004020,1,0x0
10263,1172,master,0x06000464,read,0x20004020,1,0x0
10264,1172,master,0x06000464,read,0x20004020,1,0x0
10265,1172,master,0x06000464,read,0x20004020,1,0x0
10266,1172,master,0x06000464,read,0x20004020,1,0x0
10267,1172,master,0x06000464,read,0x20004020,1,0x0
10268,1172,master,0x06000464,read,0x20004020,1,0x0
10269,1172,master,0x06000464,read,0x20004020,1,0x0
10270,1172,master,0x06000464,read,0x20004020,1,0x1
10271,1172,master,0x0600046A,read,0x20004021,1,0x22
10272,1172,master,0x06000464,read,0x20004020,1,0x0
10273,1172,master,0x06000464,read,0x20004020,1,0x0
10274,1172,master,0x06000464,read,0x20004020,1,0x0
10275,1172,master,0x06000464,read,0x20004020,1,0x0
10276,1172,master,0x06000464,read,0x20004020,1,0x0
10277,1172,master,0x06000464,read,0x20004020,1,0x0
10278,1172,master,0x06000464,read,0x20004020,1,0x0
10279,1172,master,0x06000464,read,0x20004020,1,0x0
10280,1172,master,0x06000464,read,0x20004020,1,0x0
10281,1172,master,0x06000464,read,0x20004020,1,0x1
10282,1172,master,0x0600046A,read,0x20004021,1,0x2B
10283,1174,master,0x06000464,read,0x20004020,1,0x0
10284,1174,master,0x06000464,read,0x20004020,1,0x0
10285,1174,master,0x06000464,read,0x20004020,1,0x0
10286,1174,master,0x06000464,read,0x20004020,1,0x0
10287,1174,master,0x06000464,read,0x20004020,1,0x0
10288,1174,master,0x06000464,read,0x20004020,1,0x0
10289,1174,master,0x06000464,read,0x20004020,1,0x0
10290,1174,master,0x06000464,read,0x20004020,1,0x0
10291,1174,master,0x06000464,read,0x20004020,1,0x0
10292,1174,master,0x06000464,read,0x20004020,1,0x0
10293,1174,master,0x06000464,read,0x20004020,1,0x1
10294,1174,master,0x0600046A,read,0x20004021,1,0x22
10295,1174,master,0x06000464,read,0x20004020,1,0x0
10296,1174,master,0x06000464,read,0x20004020,1,0x0
10297,1174,master,0x06000464,read,0x20004020,1,0x0
10298,1174,master,0x06000464,read,0x20004020,1,0x0
10299,1174,master,0x06000464,read,0x20004020,1,0x0
10300,1174,master,0x06000464,read,0x20004020,1,0x0
10301,1174,master,0x06000464,read,0x20004020,1,0x0
10302,1174,master,0x06000464,read,0x20004020,1,0x0
10303,1174,master,0x06000464,read,0x20004020,1,0x0
10304,1174,master,0x06000464,read,0x20004020,1,0x1
10305,1174,master,0x0600046A,read,0x20004021,1,0x22
10306,1175,master,0x06000464,read,0x20004020,1,0x0
10307,1175,master,0x06000464,read,0x20004020,1,0x0
10308,1175,master,0x06000464,read,0x20004020,1,0x0
10309,1175,master,0x06000464,read,0x20004020,1,0x0
10310,1175,master,0x06000464,read,0x20004020,1,0x0
10311,1175,master,0x06000464,read,0x20004020,1,0x0
10312,1175,master,0x06000464,read,0x20004020,1,0x0
10313,1175,master,0x06000464,read,0x20004020,1,0x0
10314,1175,master,0x06000464,read,0x20004020,1,0x0
10315,1175,master,0x06000464,read,0x20004020,1,0x1
10316,1175,master,0x0600046A,read,0x20004021,1,0x22
10317,1175,master,0x06000464,read,0x20004020,1,0x0
10318,1175,master,0x06000464,read,0x20004020,1,0x0
10319,1175,master,0x06000464,read,0x20004020,1,0x0
10320,1175,master,0x06000464,read,0x20004020,1,0x0
10321,1175,master,0x06000464,read,0x20004020,1,0x0
10322,1175,master,0x06000464,read,0x20004020,1,0x0
10323,1175,master,0x06000464,read,0x20004020,1,0x0
10324,1175,master,0x06000464,read,0x20004020,1,0x0
10325,1175,master,0x06000464,read,0x20004020,1,0x0
10326,1175,master,0x06000464,read,0x20004020,1,0x1
10327,1175,master,0x0600046A,read,0x20004021,1,0x22
10328,1175,master,0x06000464,read,0x20004020,1,0x0
10329,1175,master,0x06000464,read,0x20004020,1,0x0
10330,1175,master,0x06000464,read,0x20004020,1,0x0
10331,1175,master,0x06000464,read,0x20004020,1,0x0
10332,1175,master,0x06000464,read,0x20004020,1,0x0
10333,1175,master,0x06000464,read,0x20004020,1,0x0
10334,1175,master,0x06000464,read,0x20004020,1,0x0
10335,1175,master,0x06000464,read,0x20004020,1,0x0
10336,1175,master,0x06000464,read,0x20004020,1,0x0
10337,1175,master,0x06000464,read,0x20004020,1,0x1
10338,1175,master,0x0600046A,read,0x20004021,1,0x22
10339,1175,master,0x06000464,read,0x20004020,1,0x0
10340,1175,master,0x06000464,read,0x20004020,1,0x0
10341,1175,master,0x06000464,read,0x20004020,1,0x0
10342,1175,master,0x06000464,read,0x20004020,1,0x0
10343,1175,master,0x06000464,read,0x20004020,1,0x0
10344,1175,master,0x06000464,read,0x20004020,1,0x0
10345,1175,master,0x06000464,read,0x20004020,1,0x0
10346,1175,master,0x06000464,read,0x20004020,1,0x0
10347,1175,master,0x06000464,read,0x20004020,1,0x0
10348,1175,master,0x06000464,read,0x20004020,1,0x1
10349,1175,master,0x0600046A,read,0x20004021,1,0x22
10350,1175,master,0x06000464,read,0x20004020,1,0x0
10351,1175,master,0x06000464,read,0x20004020,1,0x0
10352,1175,master,0x06000464,read,0x20004020,1,0x0
10353,1175,master,0x06000464,read,0x20004020,1,0x0
10354,1175,master,0x06000464,read,0x20004020,1,0x0
10355,1175,master,0x06000464,read,0x20004020,1,0x0
10356,1175,master,0x06000464,read,0x20004020,1,0x0
10357,1175,master,0x06000464,read,0x20004020,1,0x0
10358,1175,master,0x06000464,read,0x20004020,1,0x0
10359,1175,master,0x06000464,read,0x20004020,1,0x1
10360,1175,master,0x0600046A,read,0x20004021,1,0x22
10361,1175,master,0x06000464,read,0x20004020,1,0x0
10362,1175,master,0x06000464,read,0x20004020,1,0x0
10363,1175,master,0x06000464,read,0x20004020,1,0x0
10364,1175,master,0x06000464,read,0x20004020,1,0x0
10365,1175,master,0x06000464,read,0x20004020,1,0x0
10366,1175,master,0x06000464,read,0x20004020,1,0x0
10367,1175,master,0x06000464,read,0x20004020,1,0x0
10368,1175,master,0x06000464,read,0x20004020,1,0x0
10369,1175,master,0x06000464,read,0x20004020,1,0x0
10370,1175,master,0x06000464,read,0x20004020,1,0x1
10371,1175,master,0x0600046A,read,0x20004021,1,0x22
10372,1175,master,0x06000464,read,0x20004020,1,0x0
10373,1175,master,0x06000464,read,0x20004020,1,0x0
10374,1175,master,0x06000464,read,0x20004020,1,0x0
10375,1175,master,0x06000464,read,0x20004020,1,0x0
10376,1175,master,0x06000464,read,0x20004020,1,0x0
10377,1175,master,0x06000464,read,0x20004020,1,0x0
10378,1175,master,0x06000464,read,0x20004020,1,0x0
10379,1175,master,0x06000464,read,0x20004020,1,0x0
10380,1175,master,0x06000464,read,0x20004020,1,0x0
10381,1175,master,0x06000464,read,0x20004020,1,0x1
10382,1175,master,0x0600046A,read,0x20004021,1,0x22
10383,1175,master,0x06000464,read,0x20004020,1,0x0
10384,1175,master,0x06000464,read,0x20004020,1,0x0
10385,1175,master,0x06000464,read,0x20004020,1,0x0
10386,1175,master,0x06000464,read,0x20004020,1,0x0
10387,1175,master,0x06000464,read,0x20004020,1,0x0
10388,1175,master,0x06000464,read,0x20004020,1,0x0
10389,1175,master,0x06000464,read,0x20004020,1,0x0
10390,1175,master,0x06000464,read,0x20004020,1,0x0
10391,1175,master,0x06000464,read,0x20004020,1,0x0
10392,1175,master,0x06000464,read,0x20004020,1,0x1
10393,1175,master,0x0600046A,read,0x20004021,1,0x22
10394,1175,master,0x06000464,read,0x20004020,1,0x0
10395,1175,master,0x06000464,read,0x20004020,1,0x0
10396,1175,master,0x06000464,read,0x20004020,1,0x0
10397,1175,master,0x06000464,read,0x20004020,1,0x0
10398,1175,master,0x06000464,read,0x20004020,1,0x0
10399,1175,master,0x06000464,read,0x20004020,1,0x0
10400,1175,master,0x06000464,read,0x20004020,1,0x0
10401,1175,master,0x06000464,read,0x20004020,1,0x0
10402,1175,master,0x06000464,read,0x20004020,1,0x0
10403,1175,master,0x06000464,read,0x20004020,1,0x1
10404,1175,master,0x0600046A,read,0x20004021,1,0x22
10405,1175,master,0x06000464,read,0x20004020,1,0x0
10406,1175,master,0x06000464,read,0x20004020,1,0x0
10407,1175,master,0x06000464,read,0x20004020,1,0x0
10408,1175,master,0x06000464,read,0x20004020,1,0x0
10409,1175,master,0x06000464,read,0x20004020,1,0x0
10410,1175,master,0x06000464,read,0x20004020,1,0x0
10411,1175,master,0x06000464,read,0x20004020,1,0x0
10412,1175,master,0x06000464,read,0x20004020,1,0x0
10413,1175,master,0x06000464,read,0x20004020,1,0x0
10414,1175,master,0x06000464,read,0x20004020,1,0x1
10415,1175,master,0x0600046A,read,0x20004021,1,0x22
10416,1175,master,0x06000464,read,0x20004020,1,0x0
10417,1175,master,0x06000464,read,0x20004020,1,0x0
10418,1175,master,0x06000464,read,0x20004020,1,0x0
10419,1175,master,0x06000464,read,0x20004020,1,0x0
10420,1175,master,0x06000464,read,0x20004020,1,0x0
10421,1175,master,0x06000464,read,0x20004020,1,0x0
10422,1175,master,0x06000464,read,0x20004020,1,0x0
10423,1175,master,0x06000464,read,0x20004020,1,0x0
10424,1175,master,0x06000464,read,0x20004020,1,0x0
10425,1175,master,0x06000464,read,0x20004020,1,0x1
10426,1175,master,0x0600046A,read,0x20004021,1,0x22
10427,1175,master,0x06000464,read,0x20004020,1,0x0
10428,1175,master,0x06000464,read,0x20004020,1,0x0
10429,1175,master,0x06000464,read,0x20004020,1,0x0
10430,1175,master,0x06000464,read,0x20004020,1,0x0
10431,1175,master,0x06000464,read,0x20004020,1,0x0
10432,1175,master,0x06000464,read,0x20004020,1,0x0
10433,1175,master,0x06000464,read,0x20004020,1,0x0
10434,1175,master,0x06000464,read,0x20004020,1,0x0
10435,1175,master,0x06000464,read,0x20004020,1,0x0
10436,1175,master,0x06000464,read,0x20004020,1,0x1
10437,1175,master,0x0600046A,read,0x20004021,1,0x22
10438,1175,master,0x06000464,read,0x20004020,1,0x0
10439,1175,master,0x06000464,read,0x20004020,1,0x0
10440,1175,master,0x06000464,read,0x20004020,1,0x0
10441,1175,master,0x06000464,read,0x20004020,1,0x0
10442,1175,master,0x06000464,read,0x20004020,1,0x0
10443,1175,master,0x06000464,read,0x20004020,1,0x0
10444,1175,master,0x06000464,read,0x20004020,1,0x0
10445,1175,master,0x06000464,read,0x20004020,1,0x0
10446,1175,master,0x06000464,read,0x20004020,1,0x0
10447,1175,master,0x06000464,read,0x20004020,1,0x1
10448,1175,master,0x0600046A,read,0x20004021,1,0x22
10449,1175,master,0x06000464,read,0x20004020,1,0x0
10450,1175,master,0x06000464,read,0x20004020,1,0x0
10451,1175,master,0x06000464,read,0x20004020,1,0x0
10452,1175,master,0x06000464,read,0x20004020,1,0x0
10453,1175,master,0x06000464,read,0x20004020,1,0x0
10454,1175,master,0x06000464,read,0x20004020,1,0x0
10455,1175,master,0x06000464,read,0x20004020,1,0x0
10456,1175,master,0x06000464,read,0x20004020,1,0x0
10457,1175,master,0x06000464,read,0x20004020,1,0x0
10458,1175,master,0x06000464,read,0x20004020,1,0x1
10459,1175,master,0x0600046A,read,0x20004021,1,0x22
10460,1175,master,0x06000464,read,0x20004020,1,0x0
10461,1175,master,0x06000464,read,0x20004020,1,0x0
10462,1175,master,0x06000464,read,0x20004020,1,0x0
10463,1175,master,0x06000464,read,0x20004020,1,0x0
10464,1175,master,0x06000464,read,0x20004020,1,0x0
10465,1175,master,0x06000464,read,0x20004020,1,0x0
10466,1175,master,0x06000464,read,0x20004020,1,0x0
10467,1175,master,0x06000464,read,0x20004020,1,0x0
10468,1175,master,0x06000464,read,0x20004020,1,0x0
10469,1175,master,0x06000464,read,0x20004020,1,0x1
10470,1175,master,0x0600046A,read,0x20004021,1,0x22
10471,1175,master,0x06000464,read,0x20004020,1,0x0
10472,1175,master,0x06000464,read,0x20004020,1,0x0
10473,1175,master,0x06000464,read,0x20004020,1,0x0
10474,1175,master,0x06000464,read,0x20004020,1,0x0
10475,1175,master,0x06000464,read,0x20004020,1,0x0
10476,1175,master,0x06000464,read,0x20004020,1,0x0
10477,1175,master,0x06000464,read,0x20004020,1,0x0
10478,1175,master,0x06000464,read,0x20004020,1,0x0
10479,1175,master,0x06000464,read,0x20004020,1,0x0
10480,1175,master,0x06000464,read,0x20004020,1,0x1
10481,1175,master,0x0600046A,read,0x20004021,1,0x22
10482,1175,master,0x06000464,read,0x20004020,1,0x0
10483,1175,master,0x06000464,read,0x20004020,1,0x0
10484,1175,master,0x06000464,read,0x20004020,1,0x0
10485,1175,master,0x06000464,read,0x20004020,1,0x0
10486,1175,master,0x06000464,read,0x20004020,1,0x0
10487,1175,master,0x06000464,read,0x20004020,1,0x0
10488,1175,master,0x06000464,read,0x20004020,1,0x0
10489,1175,master,0x06000464,read,0x20004020,1,0x0
10490,1175,master,0x06000464,read,0x20004020,1,0x0
10491,1175,master,0x06000464,read,0x20004020,1,0x1
10492,1175,master,0x0600046A,read,0x20004021,1,0x22
10493,1175,master,0x06000464,read,0x20004020,1,0x0
10494,1175,master,0x06000464,read,0x20004020,1,0x0
10495,1175,master,0x06000464,read,0x20004020,1,0x0
10496,1175,master,0x06000464,read,0x20004020,1,0x0
10497,1175,master,0x06000464,read,0x20004020,1,0x0
10498,1175,master,0x06000464,read,0x20004020,1,0x0
10499,1175,master,0x06000464,read,0x20004020,1,0x0
10500,1175,master,0x06000464,read,0x20004020,1,0x0
10501,1175,master,0x06000464,read,0x20004020,1,0x0
10502,1175,master,0x06000464,read,0x20004020,1,0x1
10503,1175,master,0x0600046A,read,0x20004021,1,0x2B
10504,1177,master,0x06000464,read,0x20004020,1,0x0
10505,1177,master,0x06000464,read,0x20004020,1,0x0
10506,1177,master,0x06000464,read,0x20004020,1,0x0
10507,1177,master,0x06000464,read,0x20004020,1,0x0
10508,1177,master,0x06000464,read,0x20004020,1,0x0
10509,1177,master,0x06000464,read,0x20004020,1,0x0
10510,1177,master,0x06000464,read,0x20004020,1,0x0
10511,1177,master,0x06000464,read,0x20004020,1,0x0
10512,1177,master,0x06000464,read,0x20004020,1,0x0
10513,1177,master,0x06000464,read,0x20004020,1,0x0
10514,1177,master,0x06000464,read,0x20004020,1,0x1
10515,1177,master,0x0600046A,read,0x20004021,1,0x22
10516,1177,master,0x06000464,read,0x20004020,1,0x0
10517,1177,master,0x06000464,read,0x20004020,1,0x0
10518,1177,master,0x06000464,read,0x20004020,1,0x0
10519,1177,master,0x06000464,read,0x20004020,1,0x0
10520,1177,master,0x06000464,read,0x20004020,1,0x0
10521,1177,master,0x06000464,read,0x20004020,1,0x0
10522,1177,master,0x06000464,read,0x20004020,1,0x0
10523,1177,master,0x06000464,read,0x20004020,1,0x0
10524,1177,master,0x06000464,read,0x20004020,1,0x0
10525,1177,master,0x06000464,read,0x20004020,1,0x0
10526,1177,master,0x06000464,read,0x20004020,1,0x1
10527,1177,master,0x0600046A,read,0x20004021,1,0x22
10528,1177,master,0x06000464,read,0x20004020,1,0x0
10529,1177,master,0x06000464,read,0x20004020,1,0x0
10530,1177,master,0x06000464,read,0x20004020,1,0x0
10531,1177,master,0x06000464,read,0x20004020,1,0x0
10532,1177,master,0x06000464,read,0x20004020,1,0x0
10533,1177,master,0x06000464,read,0x20004020,1,0x0
10534,1177,master,0x06000464,read,0x20004020,1,0x0
10535,1177,master,0x06000464,read,0x20004020,1,0x0
10536,1177,master,0x06000464,read,0x20004020,1,0x0
10537,1177,master,0x06000464,read,0x20004020,1,0x0
10538,1177,master,0x06000464,read,0x20004020,1,0x0
10539,1177,master,0x06000464,read,0x20004020,1,0x0
10540,1177,master,0x06000464,read,0x20004020,1,0x0
10541,1177,master,0x06000464,read,0x20004020,1,0x0
10542,1177,master,0x06000464,read,0x20004020,1,0x1
10543,1177,master,0x0600046A,read,0x20004021,1,0x22
10544,1178,master,0x06000464,read,0x20004020,1,0x0
10545,1178,master,0x06000464,read,0x20004020,1,0x0
10546,1178,master,0x06000464,read,0x20004020,1,0x0
10547,1178,master,0x06000464,read,0x20004020,1,0x0
10548,1178,master,0x06000464,read,0x20004020,1,0x0
10549,1178,master,0x06000464,read,0x20004020,1,0x0
10550,1178,master,0x06000464,read,0x20004020,1,0x0
10551,1178,master,0x06000464,read,0x20004020,1,0x0
10552,1178,master,0x06000464,read,0x20004020,1,0x0
10553,1178,master,0x06000464,read,0x20004020,1,0x1
10554,1178,master,0x0600046A,read,0x20004021,1,0x22
10555,1178,master,0x06000464,read,0x20004020,1,0x0
10556,1178,master,0x06000464,read,0x20004020,1,0x0
10557,1178,master,0x06000464,read,0x20004020,1,0x0
10558,1178,master,0x06000464,read,0x20004020,1,0x0
10559,1178,master,0x06000464,read,0x20004020,1,0x0
10560,1178,master,0x06000464,read,0x20004020,1,0x0
10561,1178,master,0x06000464,read,0x20004020,1,0x0
10562,1178,master,0x06000464,read,0x20004020,1,0x0
10563,1178,master,0x06000464,read,0x20004020,1,0x0
10564,1178,master,0x06000464,read,0x20004020,1,0x1
10565,1178,master,0x0600046A,read,0x20004021,1,0x22
10566,1178,master,0x06000464,read,0x20004020,1,0x0
10567,1178,master,0x06000464,read,0x20004020,1,0x0
10568,1178,master,0x06000464,read,0x20004020,1,0x0
10569,1178,master,0x06000464,read,0x20004020,1,0x0
10570,1178,master,0x06000464,read,0x20004020,1,0x0
10571,1178,master,0x06000464,read,0x20004020,1,0x0
10572,1178,master,0x06000464,read,0x20004020,1,0x0
10573,1178,master,0x06000464,read,0x20004020,1,0x0
10574,1178,master,0x06000464,read,0x20004020,1,0x0
10575,1178,master,0x06000464,read,0x20004020,1,0x1
10576,1178,master,0x0600046A,read,0x20004021,1,0x22
10577,1178,master,0x06000464,read,0x20004020,1,0x0
10578,1178,master,0x06000464,read,0x20004020,1,0x0
10579,1178,master,0x06000464,read,0x20004020,1,0x0
10580,1178,master,0x06000464,read,0x20004020,1,0x0
10581,1178,master,0x06000464,read,0x20004020,1,0x0
10582,1178,master,0x06000464,read,0x20004020,1,0x0
10583,1178,master,0x06000464,read,0x20004020,1,0x0
10584,1178,master,0x06000464,read,0x20004020,1,0x0
10585,1178,master,0x06000464,read,0x20004020,1,0x0
10586,1178,master,0x06000464,read,0x20004020,1,0x1
10587,1178,master,0x0600046A,read,0x20004021,1,0x22
10588,1178,master,0x06000464,read,0x20004020,1,0x0
10589,1178,master,0x06000464,read,0x20004020,1,0x0
10590,1178,master,0x06000464,read,0x20004020,1,0x0
10591,1178,master,0x06000464,read,0x20004020,1,0x0
10592,1178,master,0x06000464,read,0x20004020,1,0x0
10593,1178,master,0x06000464,read,0x20004020,1,0x0
10594,1178,master,0x06000464,read,0x20004020,1,0x0
10595,1178,master,0x06000464,read,0x20004020,1,0x0
10596,1178,master,0x06000464,read,0x20004020,1,0x0
10597,1178,master,0x06000464,read,0x20004020,1,0x1
10598,1178,master,0x0600046A,read,0x20004021,1,0x22
10599,1178,master,0x06000464,read,0x20004020,1,0x0
10600,1178,master,0x06000464,read,0x20004020,1,0x0
10601,1178,master,0x06000464,read,0x20004020,1,0x0
10602,1178,master,0x06000464,read,0x20004020,1,0x0
10603,1178,master,0x06000464,read,0x20004020,1,0x0
10604,1178,master,0x06000464,read,0x20004020,1,0x0
10605,1178,master,0x06000464,read,0x20004020,1,0x0
10606,1178,master,0x06000464,read,0x20004020,1,0x0
10607,1178,master,0x06000464,read,0x20004020,1,0x0
10608,1178,master,0x06000464,read,0x20004020,1,0x1
10609,1178,master,0x0600046A,read,0x20004021,1,0x22
10610,1178,master,0x06000464,read,0x20004020,1,0x0
10611,1178,master,0x06000464,read,0x20004020,1,0x0
10612,1178,master,0x06000464,read,0x20004020,1,0x0
10613,1178,master,0x06000464,read,0x20004020,1,0x0
10614,1178,master,0x06000464,read,0x20004020,1,0x0
10615,1178,master,0x06000464,read,0x20004020,1,0x0
10616,1178,master,0x06000464,read,0x20004020,1,0x0
10617,1178,master,0x06000464,read,0x20004020,1,0x0
10618,1178,master,0x06000464,read,0x20004020,1,0x0
10619,1178,master,0x06000464,read,0x20004020,1,0x1
10620,1178,master,0x0600046A,read,0x20004021,1,0x22
10621,1178,master,0x06000464,read,0x20004020,1,0x0
10622,1178,master,0x06000464,read,0x20004020,1,0x0
10623,1178,master,0x06000464,read,0x20004020,1,0x0
10624,1178,master,0x06000464,read,0x20004020,1,0x0
10625,1178,master,0x06000464,read,0x20004020,1,0x0
10626,1178,master,0x06000464,read,0x20004020,1,0x0
10627,1178,master,0x06000464,read,0x20004020,1,0x0
10628,1178,master,0x06000464,read,0x20004020,1,0x0
10629,1178,master,0x06000464,read,0x20004020,1,0x0
10630,1178,master,0x06000464,read,0x20004020,1,0x1
10631,1178,master,0x0600046A,read,0x20004021,1,0x22
10632,1178,master,0x06000464,read,0x20004020,1,0x0
10633,1178,master,0x06000464,read,0x20004020,1,0x0
10634,1178,master,0x06000464,read,0x20004020,1,0x0
10635,1178,master,0x06000464,read,0x20004020,1,0x0
10636,1178,master,0x06000464,read,0x20004020,1,0x0
10637,1178,master,0x06000464,read,0x20004020,1,0x0
10638,1178,master,0x06000464,read,0x20004020,1,0x0
10639,1178,master,0x06000464,read,0x20004020,1,0x0
10640,1178,master,0x06000464,read,0x20004020,1,0x0
10641,1178,master,0x06000464,read,0x20004020,1,0x1
10642,1178,master,0x0600046A,read,0x20004021,1,0x22
10643,1178,master,0x06000464,read,0x20004020,1,0x0
10644,1178,master,0x06000464,read,0x20004020,1,0x0
10645,1178,master,0x06000464,read,0x20004020,1,0x0
10646,1178,master,0x06000464,read,0x20004020,1,0x0
10647,1178,master,0x06000464,read,0x20004020,1,0x0
10648,1178,master,0x06000464,read,0x20004020,1,0x0
10649,1178,master,0x06000464,read,0x20004020,1,0x0
10650,1178,master,0x06000464,read,0x20004020,1,0x0
10651,1178,master,0x06000464,read,0x20004020,1,0x0
10652,1178,master,0x06000464,read,0x20004020,1,0x1
10653,1178,master,0x0600046A,read,0x20004021,1,0x22
10654,1178,master,0x06000464,read,0x20004020,1,0x0
10655,1178,master,0x06000464,read,0x20004020,1,0x0
10656,1178,master,0x06000464,read,0x20004020,1,0x0
10657,1178,master,0x06000464,read,0x20004020,1,0x0
10658,1178,master,0x06000464,read,0x20004020,1,0x0
10659,1178,master,0x06000464,read,0x20004020,1,0x0
10660,1178,master,0x06000464,read,0x20004020,1,0x0
10661,1178,master,0x06000464,read,0x20004020,1,0x0
10662,1178,master,0x06000464,read,0x20004020,1,0x0
10663,1178,master,0x06000464,read,0x20004020,1,0x1
10664,1178,master,0x0600046A,read,0x20004021,1,0x22
10665,1178,master,0x06000464,read,0x20004020,1,0x0
10666,1178,master,0x06000464,read,0x20004020,1,0x0
10667,1178,master,0x06000464,read,0x20004020,1,0x0
10668,1178,master,0x06000464,read,0x20004020,1,0x0
10669,1178,master,0x06000464,read,0x20004020,1,0x0
10670,1178,master,0x06000464,read,0x20004020,1,0x0
10671,1178,master,0x06000464,read,0x20004020,1,0x0
10672,1178,master,0x06000464,read,0x20004020,1,0x0
10673,1178,master,0x06000464,read,0x20004020,1,0x0
10674,1178,master,0x06000464,read,0x20004020,1,0x1
10675,1178,master,0x0600046A,read,0x20004021,1,0x22
10676,1178,master,0x06000464,read,0x20004020,1,0x0
10677,1178,master,0x06000464,read,0x20004020,1,0x0
10678,1178,master,0x06000464,read,0x20004020,1,0x0
10679,1178,master,0x06000464,read,0x20004020,1,0x0
10680,1178,master,0x06000464,read,0x20004020,1,0x0
10681,1178,master,0x06000464,read,0x20004020,1,0x0
10682,1178,master,0x06000464,read,0x20004020,1,0x0
10683,1178,master,0x06000464,read,0x20004020,1,0x0
10684,1178,master,0x06000464,read,0x20004020,1,0x0
10685,1178,master,0x06000464,read,0x20004020,1,0x1
10686,1178,master,0x0600046A,read,0x20004021,1,0x22
10687,1178,master,0x06000464,read,0x20004020,1,0x0
10688,1178,master,0x06000464,read,0x20004020,1,0x0
10689,1178,master,0x06000464,read,0x20004020,1,0x0
10690,1178,master,0x06000464,read,0x20004020,1,0x0
10691,1178,master,0x06000464,read,0x20004020,1,0x0
10692,1178,master,0x06000464,read,0x20004020,1,0x0
10693,1178,master,0x06000464,read,0x20004020,1,0x0
10694,1178,master,0x06000464,read,0x20004020,1,0x0
10695,1178,master,0x06000464,read,0x20004020,1,0x0
10696,1178,master,0x06000464,read,0x20004020,1,0x1
10697,1178,master,0x0600046A,read,0x20004021,1,0x22
10698,1178,master,0x06000464,read,0x20004020,1,0x0
10699,1178,master,0x06000464,read,0x20004020,1,0x0
10700,1178,master,0x06000464,read,0x20004020,1,0x0
10701,1178,master,0x06000464,read,0x20004020,1,0x0
10702,1178,master,0x06000464,read,0x20004020,1,0x0
10703,1178,master,0x06000464,read,0x20004020,1,0x0
10704,1178,master,0x06000464,read,0x20004020,1,0x0
10705,1178,master,0x06000464,read,0x20004020,1,0x0
10706,1178,master,0x06000464,read,0x20004020,1,0x0
10707,1178,master,0x06000464,read,0x20004020,1,0x1
10708,1178,master,0x0600046A,read,0x20004021,1,0x22
10709,1178,master,0x06000464,read,0x20004020,1,0x0
10710,1178,master,0x06000464,read,0x20004020,1,0x0
10711,1178,master,0x06000464,read,0x20004020,1,0x0
10712,1178,master,0x06000464,read,0x20004020,1,0x0
10713,1178,master,0x06000464,read,0x20004020,1,0x0
10714,1178,master,0x06000464,read,0x20004020,1,0x0
10715,1178,master,0x06000464,read,0x20004020,1,0x0
10716,1178,master,0x06000464,read,0x20004020,1,0x0
10717,1178,master,0x06000464,read,0x20004020,1,0x0
10718,1178,master,0x06000464,read,0x20004020,1,0x1
10719,1178,master,0x0600046A,read,0x20004021,1,0x22
10720,1178,master,0x06000464,read,0x20004020,1,0x0
10721,1178,master,0x06000464,read,0x20004020,1,0x0
10722,1178,master,0x06000464,read,0x20004020,1,0x0
10723,1178,master,0x06000464,read,0x20004020,1,0x0
10724,1178,master,0x06000464,read,0x20004020,1,0x0
10725,1178,master,0x06000464,read,0x20004020,1,0x0
10726,1178,master,0x06000464,read,0x20004020,1,0x0
10727,1178,master,0x06000464,read,0x20004020,1,0x0
10728,1178,master,0x06000464,read,0x20004020,1,0x0
10729,1178,master,0x06000464,read,0x20004020,1,0x1
10730,1178,master,0x0600046A,read,0x20004021,1,0x2B
10731,1180,master,0x06000464,read,0x20004020,1,0x0
10732,1180,master,0x06000464,read,0x20004020,1,0x0
10733,1180,master,0x06000464,read,0x20004020,1,0x0
10734,1180,master,0x06000464,read,0x20004020,1,0x0
10735,1180,master,0x06000464,read,0x20004020,1,0x0
10736,1180,master,0x06000464,read,0x20004020,1,0x0
10737,1180,master,0x06000464,read,0x20004020,1,0x0
10738,1180,master,0x06000464,read,0x20004020,1,0x0
10739,1180,master,0x06000464,read,0x20004020,1,0x0
10740,1180,master,0x06000464,read,0x20004020,1,0x0
10741,1180,master,0x06000464,read,0x20004020,1,0x1
10742,1180,master,0x0600046A,read,0x20004021,1,0x22
10743,1180,master,0x06000464,read,0x20004020,1,0x0
10744,1180,master,0x06000464,read,0x20004020,1,0x0
10745,1180,master,0x06000464,read,0x20004020,1,0x0
10746,1180,master,0x06000464,read,0x20004020,1,0x0
10747,1180,master,0x06000464,read,0x20004020,1,0x0
10748,1180,master,0x06000464,read,0x20004020,1,0x0
10749,1180,master,0x06000464,read,0x20004020,1,0x0
10750,1180,master,0x06000464,read,0x20004020,1,0x0
10751,1180,master,0x06000464,read,0x20004020,1,0x0
10752,1180,master,0x06000464,read,0x20004020,1,0x1
10753,1180,master,0x0600046A,read,0x20004021,1,0x22
10754,1180,master,0x06000464,read,0x20004020,1,0x0
10755,1180,master,0x06000464,read,0x20004020,1,0x0
10756,1180,master,0x06000464,read,0x20004020,1,0x0
10757,1180,master,0x06000464,read,0x20004020,1,0x0
10758,1180,master,0x06000464,read,0x20004020,1,0x0
10759,1180,master,0x06000464,read,0x20004020,1,0x0
10760,1180,master,0x06000464,read,0x20004020,1,0x0
10761,1180,master,0x06000464,read,0x20004020,1,0x0
10762,1180,master,0x06000464,read,0x20004020,1,0x0
10763,1180,master,0x06000464,read,0x20004020,1,0x1
10764,1180,master,0x0600046A,read,0x20004021,1,0x22
10765,1181,master,0x06000464,read,0x20004020,1,0x0
10766,1181,master,0x06000464,read,0x20004020,1,0x0
10767,1181,master,0x06000464,read,0x20004020,1,0x0
10768,1181,master,0x06000464,read,0x20004020,1,0x0
10769,1181,master,0x06000464,read,0x20004020,1,0x0
10770,1181,master,0x06000464,read,0x20004020,1,0x0
10771,1181,master,0x06000464,read,0x20004020,1,0x0
10772,1181,master,0x06000464,read,0x20004020,1,0x0
10773,1181,master,0x06000464,read,0x20004020,1,0x0
10774,1181,master,0x06000464,read,0x20004020,1,0x1
10775,1181,master,0x0600046A,read,0x20004021,1,0x22
10776,1181,master,0x06000464,read,0x20004020,1,0x0
10777,1181,master,0x06000464,read,0x20004020,1,0x0
10778,1181,master,0x06000464,read,0x20004020,1,0x0
10779,1181,master,0x06000464,read,0x20004020,1,0x0
10780,1181,master,0x06000464,read,0x20004020,1,0x0
10781,1181,master,0x06000464,read,0x20004020,1,0x0
10782,1181,master,0x06000464,read,0x20004020,1,0x0
10783,1181,master,0x06000464,read,0x20004020,1,0x0
10784,1181,master,0x06000464,read,0x20004020,1,0x0
10785,1181,master,0x06000464,read,0x20004020,1,0x1
10786,1181,master,0x0600046A,read,0x20004021,1,0x22
10787,1181,master,0x06000464,read,0x20004020,1,0x0
10788,1181,master,0x06000464,read,0x20004020,1,0x0
10789,1181,master,0x06000464,read,0x20004020,1,0x0
10790,1181,master,0x06000464,read,0x20004020,1,0x0
10791,1181,master,0x06000464,read,0x20004020,1,0x0
10792,1181,master,0x06000464,read,0x20004020,1,0x0
10793,1181,master,0x06000464,read,0x20004020,1,0x0
10794,1181,master,0x06000464,read,0x20004020,1,0x0
10795,1181,master,0x06000464,read,0x20004020,1,0x0
10796,1181,master,0x06000464,read,0x20004020,1,0x1
10797,1181,master,0x0600046A,read,0x20004021,1,0x22
10798,1181,master,0x06000464,read,0x20004020,1,0x0
10799,1181,master,0x06000464,read,0x20004020,1,0x0
10800,1181,master,0x06000464,read,0x20004020,1,0x0
10801,1181,master,0x06000464,read,0x20004020,1,0x0
10802,1181,master,0x06000464,read,0x20004020,1,0x0
10803,1181,master,0x06000464,read,0x20004020,1,0x0
10804,1181,master,0x06000464,read,0x20004020,1,0x0
10805,1181,master,0x06000464,read,0x20004020,1,0x0
10806,1181,master,0x06000464,read,0x20004020,1,0x0
10807,1181,master,0x06000464,read,0x20004020,1,0x1
10808,1181,master,0x0600046A,read,0x20004021,1,0x22
10809,1181,master,0x06000464,read,0x20004020,1,0x0
10810,1181,master,0x06000464,read,0x20004020,1,0x0
10811,1181,master,0x06000464,read,0x20004020,1,0x0
10812,1181,master,0x06000464,read,0x20004020,1,0x0
10813,1181,master,0x06000464,read,0x20004020,1,0x0
10814,1181,master,0x06000464,read,0x20004020,1,0x0
10815,1181,master,0x06000464,read,0x20004020,1,0x0
10816,1181,master,0x06000464,read,0x20004020,1,0x0
10817,1181,master,0x06000464,read,0x20004020,1,0x0
10818,1181,master,0x06000464,read,0x20004020,1,0x0
10819,1181,master,0x06000464,read,0x20004020,1,0x1
10820,1181,master,0x0600046A,read,0x20004021,1,0x22
10821,1181,master,0x06000464,read,0x20004020,1,0x0
10822,1181,master,0x06000464,read,0x20004020,1,0x0
10823,1181,master,0x06000464,read,0x20004020,1,0x0
10824,1181,master,0x06000464,read,0x20004020,1,0x0
10825,1181,master,0x06000464,read,0x20004020,1,0x0
10826,1181,master,0x06000464,read,0x20004020,1,0x0
10827,1181,master,0x06000464,read,0x20004020,1,0x0
10828,1181,master,0x06000464,read,0x20004020,1,0x0
10829,1181,master,0x06000464,read,0x20004020,1,0x0
10830,1181,master,0x06000464,read,0x20004020,1,0x1
10831,1181,master,0x0600046A,read,0x20004021,1,0x22
10832,1181,master,0x06000464,read,0x20004020,1,0x0
10833,1181,master,0x06000464,read,0x20004020,1,0x0
10834,1181,master,0x06000464,read,0x20004020,1,0x0
10835,1181,master,0x06000464,read,0x20004020,1,0x0
10836,1181,master,0x06000464,read,0x20004020,1,0x0
10837,1181,master,0x06000464,read,0x20004020,1,0x0
10838,1181,master,0x06000464,read,0x20004020,1,0x0
10839,1181,master,0x06000464,read,0x20004020,1,0x0
10840,1181,master,0x06000464,read,0x20004020,1,0x0
10841,1181,master,0x06000464,read,0x20004020,1,0x1
10842,1181,master,0x0600046A,read,0x20004021,1,0x22
10843,1181,master,0x06000464,read,0x20004020,1,0x0
10844,1181,master,0x06000464,read,0x20004020,1,0x0
10845,1181,master,0x06000464,read,0x20004020,1,0x0
10846,1181,master,0x06000464,read,0x20004020,1,0x0
10847,1181,master,0x06000464,read,0x20004020,1,0x0
10848,1181,master,0x06000464,read,0x20004020,1,0x0
10849,1181,master,0x06000464,read,0x20004020,1,0x0
10850,1181,master,0x06000464,read,0x20004020,1,0x0
10851,1181,master,0x06000464,read,0x20004020,1,0x0
10852,1181,master,0x06000464,read,0x20004020,1,0x1
10853,1181,master,0x0600046A,read,0x20004021,1,0x22
10854,1181,master,0x06000464,read,0x20004020,1,0x0
10855,1181,master,0x06000464,read,0x20004020,1,0x0
10856,1181,master,0x06000464,read,0x20004020,1,0x0
10857,1181,master,0x06000464,read,0x20004020,1,0x0
10858,1181,master,0x06000464,read,0x20004020,1,0x0
10859,1181,master,0x06000464,read,0x20004020,1,0x0
10860,1181,master,0x06000464,read,0x20004020,1,0x0
10861,1181,master,0x06000464,read,0x20004020,1,0x0
10862,1181,master,0x06000464,read,0x20004020,1,0x0
10863,1181,master,0x06000464,read,0x20004020,1,0x1
10864,1181,master,0x0600046A,read,0x20004021,1,0x22
10865,1181,master,0x06000464,read,0x20004020,1,0x0
10866,1181,master,0x06000464,read,0x20004020,1,0x0
10867,1181,master,0x06000464,read,0x20004020,1,0x0
10868,1181,master,0x06000464,read,0x20004020,1,0x0
10869,1181,master,0x06000464,read,0x20004020,1,0x0
10870,1181,master,0x06000464,read,0x20004020,1,0x0
10871,1181,master,0x06000464,read,0x20004020,1,0x0
10872,1181,master,0x06000464,read,0x20004020,1,0x0
10873,1181,master,0x06000464,read,0x20004020,1,0x0
10874,1181,master,0x06000464,read,0x20004020,1,0x1
10875,1181,master,0x0600046A,read,0x20004021,1,0x22
10876,1181,master,0x06000464,read,0x20004020,1,0x0
10877,1181,master,0x06000464,read,0x20004020,1,0x0
10878,1181,master,0x06000464,read,0x20004020,1,0x0
10879,1181,master,0x06000464,read,0x20004020,1,0x0
10880,1181,master,0x06000464,read,0x20004020,1,0x0
10881,1181,master,0x06000464,read,0x20004020,1,0x0
10882,1181,master,0x06000464,read,0x20004020,1,0x0
10883,1181,master,0x06000464,read,0x20004020,1,0x0
10884,1181,master,0x06000464,read,0x20004020,1,0x0
10885,1181,master,0x06000464,read,0x20004020,1,0x1
10886,1181,master,0x0600046A,read,0x20004021,1,0x22
10887,1181,master,0x06000464,read,0x20004020,1,0x0
10888,1181,master,0x06000464,read,0x20004020,1,0x0
10889,1181,master,0x06000464,read,0x20004020,1,0x0
10890,1181,master,0x06000464,read,0x20004020,1,0x0
10891,1181,master,0x06000464,read,0x20004020,1,0x0
10892,1181,master,0x06000464,read,0x20004020,1,0x0
10893,1181,master,0x06000464,read,0x20004020,1,0x0
10894,1181,master,0x06000464,read,0x20004020,1,0x0
10895,1181,master,0x06000464,read,0x20004020,1,0x0
10896,1181,master,0x06000464,read,0x20004020,1,0x1
10897,1181,master,0x0600046A,read,0x20004021,1,0x22
10898,1181,master,0x06000464,read,0x20004020,1,0x0
10899,1181,master,0x06000464,read,0x20004020,1,0x0
10900,1181,master,0x06000464,read,0x20004020,1,0x0
10901,1181,master,0x06000464,read,0x20004020,1,0x0
10902,1181,master,0x06000464,read,0x20004020,1,0x0
10903,1181,master,0x06000464,read,0x20004020,1,0x0
10904,1181,master,0x06000464,read,0x20004020,1,0x0
10905,1181,master,0x06000464,read,0x20004020,1,0x0
10906,1181,master,0x06000464,read,0x20004020,1,0x0
10907,1181,master,0x06000464,read,0x20004020,1,0x1
10908,1181,master,0x0600046A,read,0x20004021,1,0x22
10909,1181,master,0x06000464,read,0x20004020,1,0x0
10910,1181,master,0x06000464,read,0x20004020,1,0x0
10911,1181,master,0x06000464,read,0x20004020,1,0x0
10912,1181,master,0x06000464,read,0x20004020,1,0x0
10913,1181,master,0x06000464,read,0x20004020,1,0x0
10914,1181,master,0x06000464,read,0x20004020,1,0x0
10915,1181,master,0x06000464,read,0x20004020,1,0x0
10916,1181,master,0x06000464,read,0x20004020,1,0x0
10917,1181,master,0x06000464,read,0x20004020,1,0x0
10918,1181,master,0x06000464,read,0x20004020,1,0x1
10919,1181,master,0x0600046A,read,0x20004021,1,0x22
10920,1181,master,0x06000464,read,0x20004020,1,0x0
10921,1181,master,0x06000464,read,0x20004020,1,0x0
10922,1181,master,0x06000464,read,0x20004020,1,0x0
10923,1181,master,0x06000464,read,0x20004020,1,0x0
10924,1181,master,0x06000464,read,0x20004020,1,0x0
10925,1181,master,0x06000464,read,0x20004020,1,0x0
10926,1181,master,0x06000464,read,0x20004020,1,0x0
10927,1181,master,0x06000464,read,0x20004020,1,0x0
10928,1181,master,0x06000464,read,0x20004020,1,0x0
10929,1181,master,0x06000464,read,0x20004020,1,0x1
10930,1181,master,0x0600046A,read,0x20004021,1,0x22
10931,1181,master,0x06000464,read,0x20004020,1,0x0
10932,1181,master,0x06000464,read,0x20004020,1,0x0
10933,1181,master,0x06000464,read,0x20004020,1,0x0
10934,1181,master,0x06000464,read,0x20004020,1,0x0
10935,1181,master,0x06000464,read,0x20004020,1,0x0
10936,1181,master,0x06000464,read,0x20004020,1,0x0
10937,1181,master,0x06000464,read,0x20004020,1,0x0
10938,1181,master,0x06000464,read,0x20004020,1,0x0
10939,1181,master,0x06000464,read,0x20004020,1,0x0
10940,1181,master,0x06000464,read,0x20004020,1,0x1
10941,1181,master,0x0600046A,read,0x20004021,1,0x22
10942,1181,master,0x06000464,read,0x20004020,1,0x0
10943,1181,master,0x06000464,read,0x20004020,1,0x0
10944,1181,master,0x06000464,read,0x20004020,1,0x0
10945,1181,master,0x06000464,read,0x20004020,1,0x0
10946,1181,master,0x06000464,read,0x20004020,1,0x0
10947,1181,master,0x06000464,read,0x20004020,1,0x0
10948,1181,master,0x06000464,read,0x20004020,1,0x0
10949,1181,master,0x06000464,read,0x20004020,1,0x0
10950,1181,master,0x06000464,read,0x20004020,1,0x0
10951,1181,master,0x06000464,read,0x20004020,1,0x1
10952,1181,master,0x0600046A,read,0x20004021,1,0x2B
10953,1183,master,0x06000464,read,0x20004020,1,0x0
10954,1183,master,0x06000464,read,0x20004020,1,0x0
10955,1183,master,0x06000464,read,0x20004020,1,0x0
10956,1183,master,0x06000464,read,0x20004020,1,0x0
10957,1183,master,0x06000464,read,0x20004020,1,0x0
10958,1183,master,0x06000464,read,0x20004020,1,0x0
10959,1183,master,0x06000464,read,0x20004020,1,0x0
10960,1183,master,0x06000464,read,0x20004020,1,0x0
10961,1183,master,0x06000464,read,0x20004020,1,0x0
10962,1183,master,0x06000464,read,0x20004020,1,0x0
10963,1183,master,0x06000464,read,0x20004020,1,0x1
10964,1183,master,0x0600046A,read,0x20004021,1,0x22
10965,1183,master,0x06000464,read,0x20004020,1,0x0
10966,1183,master,0x06000464,read,0x20004020,1,0x0
10967,1183,master,0x06000464,read,0x20004020,1,0x0
10968,1183,master,0x06000464,read,0x20004020,1,0x0
10969,1183,master,0x06000464,read,0x20004020,1,0x0
10970,1183,master,0x06000464,read,0x20004020,1,0x0
10971,1183,master,0x06000464,read,0x20004020,1,0x0
10972,1183,master,0x06000464,read,0x20004020,1,0x0
10973,1183,master,0x06000464,read,0x20004020,1,0x0
10974,1183,master,0x06000464,read,0x20004020,1,0x1
10975,1183,master,0x0600046A,read,0x20004021,1,0x22
10976,1183,master,0x06000464,read,0x20004020,1,0x0
10977,1183,master,0x06000464,read,0x20004020,1,0x0
10978,1183,master,0x06000464,read,0x20004020,1,0x0
10979,1183,master,0x06000464,read,0x20004020,1,0x0
10980,1183,master,0x06000464,read,0x20004020,1,0x0
10981,1183,master,0x06000464,read,0x20004020,1,0x0
10982,1183,master,0x06000464,read,0x20004020,1,0x0
10983,1183,master,0x06000464,read,0x20004020,1,0x0
10984,1183,master,0x06000464,read,0x20004020,1,0x0
10985,1183,master,0x06000464,read,0x20004020,1,0x1
10986,1183,master,0x0600046A,read,0x20004021,1,0x22
10987,1184,master,0x06000464,read,0x20004020,1,0x0
10988,1184,master,0x06000464,read,0x20004020,1,0x0
10989,1184,master,0x06000464,read,0x20004020,1,0x0
10990,1184,master,0x06000464,read,0x20004020,1,0x0
10991,1184,master,0x06000464,read,0x20004020,1,0x0
10992,1184,master,0x06000464,read,0x20004020,1,0x0
10993,1184,master,0x06000464,read,0x20004020,1,0x0
10994,1184,master,0x06000464,read,0x20004020,1,0x0
10995,1184,master,0x06000464,read,0x20004020,1,0x0
10996,1184,master,0x06000464,read,0x20004020,1,0x1
10997,1184,master,0x0600046A,read,0x20004021,1,0x22
10998,1184,master,0x06000464,read,0x20004020,1,0x0
10999,1184,master,0x06000464,read,0x20004020,1,0x0
11000,1184,master,0x06000464,read,0x20004020,1,0x0
11001,1184,master,0x06000464,read,0x20004020,1,0x0
11002,1184,master,0x06000464,read,0x20004020,1,0x0
11003,1184,master,0x06000464,read,0x20004020,1,0x0
11004,1184,master,0x06000464,read,0x20004020,1,0x0
11005,1184,master,0x06000464,read,0x20004020,1,0x0
11006,1184,master,0x06000464,read,0x20004020,1,0x0
11007,1184,master,0x06000464,read,0x20004020,1,0x1
11008,1184,master,0x0600046A,read,0x20004021,1,0x22
11009,1184,master,0x06000464,read,0x20004020,1,0x0
11010,1184,master,0x06000464,read,0x20004020,1,0x0
11011,1184,master,0x06000464,read,0x20004020,1,0x0
11012,1184,master,0x06000464,read,0x20004020,1,0x0
11013,1184,master,0x06000464,read,0x20004020,1,0x0
11014,1184,master,0x06000464,read,0x20004020,1,0x0
11015,1184,master,0x06000464,read,0x20004020,1,0x0
11016,1184,master,0x06000464,read,0x20004020,1,0x0
11017,1184,master,0x06000464,read,0x20004020,1,0x0
11018,1184,master,0x06000464,read,0x20004020,1,0x1
11019,1184,master,0x0600046A,read,0x20004021,1,0x22
11020,1184,master,0x06000464,read,0x20004020,1,0x0
11021,1184,master,0x06000464,read,0x20004020,1,0x0
11022,1184,master,0x06000464,read,0x20004020,1,0x0
11023,1184,master,0x06000464,read,0x20004020,1,0x0
11024,1184,master,0x06000464,read,0x20004020,1,0x0
11025,1184,master,0x06000464,read,0x20004020,1,0x0
11026,1184,master,0x06000464,read,0x20004020,1,0x0
11027,1184,master,0x06000464,read,0x20004020,1,0x0
11028,1184,master,0x06000464,read,0x20004020,1,0x0
11029,1184,master,0x06000464,read,0x20004020,1,0x1
11030,1184,master,0x0600046A,read,0x20004021,1,0x22
11031,1184,master,0x06000464,read,0x20004020,1,0x0
11032,1184,master,0x06000464,read,0x20004020,1,0x0
11033,1184,master,0x06000464,read,0x20004020,1,0x0
11034,1184,master,0x06000464,read,0x20004020,1,0x0
11035,1184,master,0x06000464,read,0x20004020,1,0x0
11036,1184,master,0x06000464,read,0x20004020,1,0x0
11037,1184,master,0x06000464,read,0x20004020,1,0x0
11038,1184,master,0x06000464,read,0x20004020,1,0x0
11039,1184,master,0x06000464,read,0x20004020,1,0x0
11040,1184,master,0x06000464,read,0x20004020,1,0x0
11041,1184,master,0x06000464,read,0x20004020,1,0x1
11042,1184,master,0x0600046A,read,0x20004021,1,0x22
11043,1184,master,0x06000464,read,0x20004020,1,0x0
11044,1184,master,0x06000464,read,0x20004020,1,0x0
11045,1184,master,0x06000464,read,0x20004020,1,0x0
11046,1184,master,0x06000464,read,0x20004020,1,0x0
11047,1184,master,0x06000464,read,0x20004020,1,0x0
11048,1184,master,0x06000464,read,0x20004020,1,0x0
11049,1184,master,0x06000464,read,0x20004020,1,0x0
11050,1184,master,0x06000464,read,0x20004020,1,0x0
11051,1184,master,0x06000464,read,0x20004020,1,0x0
11052,1184,master,0x06000464,read,0x20004020,1,0x1
11053,1184,master,0x0600046A,read,0x20004021,1,0x22
11054,1184,master,0x06000464,read,0x20004020,1,0x0
11055,1184,master,0x06000464,read,0x20004020,1,0x0
11056,1184,master,0x06000464,read,0x20004020,1,0x0
11057,1184,master,0x06000464,read,0x20004020,1,0x0
11058,1184,master,0x06000464,read,0x20004020,1,0x0
11059,1184,master,0x06000464,read,0x20004020,1,0x0
11060,1184,master,0x06000464,read,0x20004020,1,0x0
11061,1184,master,0x06000464,read,0x20004020,1,0x0
11062,1184,master,0x06000464,read,0x20004020,1,0x0
11063,1184,master,0x06000464,read,0x20004020,1,0x1
11064,1184,master,0x0600046A,read,0x20004021,1,0x22
11065,1184,master,0x06000464,read,0x20004020,1,0x0
11066,1184,master,0x06000464,read,0x20004020,1,0x0
11067,1184,master,0x06000464,read,0x20004020,1,0x0
11068,1184,master,0x06000464,read,0x20004020,1,0x0
11069,1184,master,0x06000464,read,0x20004020,1,0x0
11070,1184,master,0x06000464,read,0x20004020,1,0x0
11071,1184,master,0x06000464,read,0x20004020,1,0x0
11072,1184,master,0x06000464,read,0x20004020,1,0x0
11073,1184,master,0x06000464,read,0x20004020,1,0x0
11074,1184,master,0x06000464,read,0x20004020,1,0x1
11075,1184,master,0x0600046A,read,0x20004021,1,0x22
11076,1184,master,0x06000464,read,0x20004020,1,0x0
11077,1184,master,0x06000464,read,0x20004020,1,0x0
11078,1184,master,0x06000464,read,0x20004020,1,0x0
11079,1184,master,0x06000464,read,0x20004020,1,0x0
11080,1184,master,0x06000464,read,0x20004020,1,0x0
11081,1184,master,0x06000464,read,0x20004020,1,0x0
11082,1184,master,0x06000464,read,0x20004020,1,0x0
11083,1184,master,0x06000464,read,0x20004020,1,0x0
11084,1184,master,0x06000464,read,0x20004020,1,0x0
11085,1184,master,0x06000464,read,0x20004020,1,0x1
11086,1184,master,0x0600046A,read,0x20004021,1,0x22
11087,1184,master,0x06000464,read,0x20004020,1,0x0
11088,1184,master,0x06000464,read,0x20004020,1,0x0
11089,1184,master,0x06000464,read,0x20004020,1,0x0
11090,1184,master,0x06000464,read,0x20004020,1,0x0
11091,1184,master,0x06000464,read,0x20004020,1,0x0
11092,1184,master,0x06000464,read,0x20004020,1,0x0
11093,1184,master,0x06000464,read,0x20004020,1,0x0
11094,1184,master,0x06000464,read,0x20004020,1,0x0
11095,1184,master,0x06000464,read,0x20004020,1,0x0
11096,1184,master,0x06000464,read,0x20004020,1,0x1
11097,1184,master,0x0600046A,read,0x20004021,1,0x22
11098,1184,master,0x06000464,read,0x20004020,1,0x0
11099,1184,master,0x06000464,read,0x20004020,1,0x0
11100,1184,master,0x06000464,read,0x20004020,1,0x0
11101,1184,master,0x06000464,read,0x20004020,1,0x0
11102,1184,master,0x06000464,read,0x20004020,1,0x0
11103,1184,master,0x06000464,read,0x20004020,1,0x0
11104,1184,master,0x06000464,read,0x20004020,1,0x0
11105,1184,master,0x06000464,read,0x20004020,1,0x0
11106,1184,master,0x06000464,read,0x20004020,1,0x0
11107,1184,master,0x06000464,read,0x20004020,1,0x1
11108,1184,master,0x0600046A,read,0x20004021,1,0x22
11109,1184,master,0x06000464,read,0x20004020,1,0x0
11110,1184,master,0x06000464,read,0x20004020,1,0x0
11111,1184,master,0x06000464,read,0x20004020,1,0x0
11112,1184,master,0x06000464,read,0x20004020,1,0x0
11113,1184,master,0x06000464,read,0x20004020,1,0x0
11114,1184,master,0x06000464,read,0x20004020,1,0x0
11115,1184,master,0x06000464,read,0x20004020,1,0x0
11116,1184,master,0x06000464,read,0x20004020,1,0x0
11117,1184,master,0x06000464,read,0x20004020,1,0x0
11118,1184,master,0x06000464,read,0x20004020,1,0x1
11119,1184,master,0x0600046A,read,0x20004021,1,0x22
11120,1184,master,0x06000464,read,0x20004020,1,0x0
11121,1184,master,0x06000464,read,0x20004020,1,0x0
11122,1184,master,0x06000464,read,0x20004020,1,0x0
11123,1184,master,0x06000464,read,0x20004020,1,0x0
11124,1184,master,0x06000464,read,0x20004020,1,0x0
11125,1184,master,0x06000464,read,0x20004020,1,0x0
11126,1184,master,0x06000464,read,0x20004020,1,0x0
11127,1184,master,0x06000464,read,0x20004020,1,0x0
11128,1184,master,0x06000464,read,0x20004020,1,0x0
11129,1184,master,0x06000464,read,0x20004020,1,0x1
11130,1184,master,0x0600046A,read,0x20004021,1,0x22
11131,1184,master,0x06000464,read,0x20004020,1,0x0
11132,1184,master,0x06000464,read,0x20004020,1,0x0
11133,1184,master,0x06000464,read,0x20004020,1,0x0
11134,1184,master,0x06000464,read,0x20004020,1,0x0
11135,1184,master,0x06000464,read,0x20004020,1,0x0
11136,1184,master,0x06000464,read,0x20004020,1,0x0
11137,1184,master,0x06000464,read,0x20004020,1,0x0
11138,1184,master,0x06000464,read,0x20004020,1,0x0
11139,1184,master,0x06000464,read,0x20004020,1,0x0
11140,1184,master,0x06000464,read,0x20004020,1,0x1
11141,1184,master,0x0600046A,read,0x20004021,1,0x22
11142,1184,master,0x06000464,read,0x20004020,1,0x0
11143,1184,master,0x06000464,read,0x20004020,1,0x0
11144,1184,master,0x06000464,read,0x20004020,1,0x0
11145,1184,master,0x06000464,read,0x20004020,1,0x0
11146,1184,master,0x06000464,read,0x20004020,1,0x0
11147,1184,master,0x06000464,read,0x20004020,1,0x0
11148,1184,master,0x06000464,read,0x20004020,1,0x0
11149,1184,master,0x06000464,read,0x20004020,1,0x0
11150,1184,master,0x06000464,read,0x20004020,1,0x0
11151,1184,master,0x06000464,read,0x20004020,1,0x1
11152,1184,master,0x0600046A,read,0x20004021,1,0x22
11153,1184,master,0x06000464,read,0x20004020,1,0x0
11154,1184,master,0x06000464,read,0x20004020,1,0x0
11155,1184,master,0x06000464,read,0x20004020,1,0x0
11156,1184,master,0x06000464,read,0x20004020,1,0x0
11157,1184,master,0x06000464,read,0x20004020,1,0x0
11158,1184,master,0x06000464,read,0x20004020,1,0x0
11159,1184,master,0x06000464,read,0x20004020,1,0x0
11160,1184,master,0x06000464,read,0x20004020,1,0x0
11161,1184,master,0x06000464,read,0x20004020,1,0x0
11162,1184,master,0x06000464,read,0x20004020,1,0x1
11163,1184,master,0x0600046A,read,0x20004021,1,0x22
11164,1184,master,0x06000464,read,0x20004020,1,0x0
11165,1184,master,0x06000464,read,0x20004020,1,0x0
11166,1184,master,0x06000464,read,0x20004020,1,0x0
11167,1184,master,0x06000464,read,0x20004020,1,0x0
11168,1184,master,0x06000464,read,0x20004020,1,0x0
11169,1184,master,0x06000464,read,0x20004020,1,0x0
11170,1184,master,0x06000464,read,0x20004020,1,0x0
11171,1184,master,0x06000464,read,0x20004020,1,0x0
11172,1184,master,0x06000464,read,0x20004020,1,0x0
11173,1184,master,0x06000464,read,0x20004020,2,0x0
11174,1185,master,0x06000464,read,0x20004020,1,0x1
11175,1185,master,0x0600046A,read,0x20004021,1,0x2B
11176,1186,master,0x06000464,read,0x20004020,1,0x0
11177,1186,master,0x06000464,read,0x20004020,1,0x0
11178,1186,master,0x06000464,read,0x20004020,1,0x0
11179,1186,master,0x06000464,read,0x20004020,1,0x0
11180,1186,master,0x06000464,read,0x20004020,1,0x0
11181,1186,master,0x06000464,read,0x20004020,1,0x0
11182,1186,master,0x06000464,read,0x20004020,1,0x0
11183,1186,master,0x06000464,read,0x20004020,1,0x0
11184,1186,master,0x06000464,read,0x20004020,1,0x0
11185,1186,master,0x06000464,read,0x20004020,1,0x0
11186,1186,master,0x06000464,read,0x20004020,1,0x1
11187,1186,master,0x0600046A,read,0x20004021,1,0x22
11188,1186,master,0x06000464,read,0x20004020,1,0x0
11189,1186,master,0x06000464,read,0x20004020,1,0x0
11190,1186,master,0x06000464,read,0x20004020,1,0x0
11191,1186,master,0x06000464,read,0x20004020,1,0x0
11192,1186,master,0x06000464,read,0x20004020,1,0x0
11193,1186,master,0x06000464,read,0x20004020,1,0x0
11194,1186,master,0x06000464,read,0x20004020,1,0x0
11195,1186,master,0x06000464,read,0x20004020,1,0x0
11196,1186,master,0x06000464,read,0x20004020,1,0x0
11197,1186,master,0x06000464,read,0x20004020,1,0x1
11198,1186,master,0x0600046A,read,0x20004021,1,0x22
11199,1186,master,0x06000464,read,0x20004020,1,0x0
11200,1186,master,0x06000464,read,0x20004020,1,0x0
11201,1186,master,0x06000464,read,0x20004020,1,0x0
11202,1186,master,0x06000464,read,0x20004020,1,0x0
11203,1186,master,0x06000464,read,0x20004020,1,0x0
11204,1186,master,0x06000464,read,0x20004020,1,0x0
11205,1186,master,0x06000464,read,0x20004020,1,0x0
11206,1186,master,0x06000464,read,0x20004020,1,0x0
11207,1186,master,0x06000464,read,0x20004020,1,0x0
11208,1186,master,0x06000464,read,0x20004020,1,0x1
11209,1186,master,0x0600046A,read,0x20004021,1,0x22
11210,1187,master,0x06000464,read,0x20004020,1,0x0
11211,1187,master,0x06000464,read,0x20004020,1,0x0
11212,1187,master,0x06000464,read,0x20004020,1,0x0
11213,1187,master,0x06000464,read,0x20004020,1,0x0
11214,1187,master,0x06000464,read,0x20004020,1,0x0
11215,1187,master,0x06000464,read,0x20004020,1,0x0
11216,1187,master,0x06000464,read,0x20004020,1,0x0
11217,1187,master,0x06000464,read,0x20004020,1,0x0
11218,1187,master,0x06000464,read,0x20004020,1,0x0
11219,1187,master,0x06000464,read,0x20004020,1,0x1
11220,1187,master,0x0600046A,read,0x20004021,1,0x22
11221,1187,master,0x06000464,read,0x20004020,1,0x0
11222,1187,master,0x06000464,read,0x20004020,1,0x0
11223,1187,master,0x06000464,read,0x20004020,1,0x0
11224,1187,master,0x06000464,read,0x20004020,1,0x0
11225,1187,master,0x06000464,read,0x20004020,1,0x0
11226,1187,master,0x06000464,read,0x20004020,1,0x0
11227,1187,master,0x06000464,read,0x20004020,1,0x0
11228,1187,master,0x06000464,read,0x20004020,1,0x0
11229,1187,master,0x06000464,read,0x20004020,1,0x0
11230,1187,master,0x06000464,read,0x20004020,1,0x1
11231,1187,master,0x0600046A,read,0x20004021,1,0x22
11232,1187,master,0x06000464,read,0x20004020,1,0x0
11233,1187,master,0x06000464,read,0x20004020,1,0x0
11234,1187,master,0x06000464,read,0x20004020,1,0x0
11235,1187,master,0x06000464,read,0x20004020,1,0x0
11236,1187,master,0x06000464,read,0x20004020,1,0x0
11237,1187,master,0x06000464,read,0x20004020,1,0x0
11238,1187,master,0x06000464,read,0x20004020,1,0x0
11239,1187,master,0x06000464,read,0x20004020,1,0x0
11240,1187,master,0x06000464,read,0x20004020,1,0x0
11241,1187,master,0x06000464,read,0x20004020,1,0x1
11242,1187,master,0x0600046A,read,0x20004021,1,0x22
11243,1187,master,0x06000464,read,0x20004020,1,0x0
11244,1187,master,0x06000464,read,0x20004020,1,0x0
11245,1187,master,0x06000464,read,0x20004020,1,0x0
11246,1187,master,0x06000464,read,0x20004020,1,0x0
11247,1187,master,0x06000464,read,0x20004020,1,0x0
11248,1187,master,0x06000464,read,0x20004020,1,0x0
11249,1187,master,0x06000464,read,0x20004020,1,0x0
11250,1187,master,0x06000464,read,0x20004020,1,0x0
11251,1187,master,0x06000464,read,0x20004020,1,0x0
11252,1187,master,0x06000464,read,0x20004020,1,0x1
11253,1187,master,0x0600046A,read,0x20004021,1,0x22
11254,1187,master,0x06000464,read,0x20004020,1,0x0
11255,1187,master,0x06000464,read,0x20004020,1,0x0
11256,1187,master,0x06000464,read,0x20004020,1,0x0
11257,1187,master,0x06000464,read,0x20004020,1,0x0
11258,1187,master,0x06000464,read,0x20004020,1,0x0
11259,1187,master,0x06000464,read,0x20004020,1,0x0
11260,1187,master,0x06000464,read,0x20004020,1,0x0
11261,1187,master,0x06000464,read,0x20004020,1,0x0
11262,1187,master,0x06000464,read,0x20004020,1,0x0
11263,1187,master,0x06000464,read,0x20004020,1,0x0
11264,1187,master,0x06000464,read,0x20004020,1,0x1
11265,1187,master,0x0600046A,read,0x20004021,1,0x22
11266,1187,master,0x06000464,read,0x20004020,1,0x0
11267,1187,master,0x06000464,read,0x20004020,1,0x0
11268,1187,master,0x06000464,read,0x20004020,1,0x0
11269,1187,master,0x06000464,read,0x20004020,1,0x0
11270,1187,master,0x06000464,read,0x20004020,1,0x0
11271,1187,master,0x06000464,read,0x20004020,1,0x0
11272,1187,master,0x06000464,read,0x20004020,1,0x0
11273,1187,master,0x06000464,read,0x20004020,1,0x0
11274,1187,master,0x06000464,read,0x20004020,1,0x0
11275,1187,master,0x06000464,read,0x20004020,1,0x1
11276,1187,master,0x0600046A,read,0x20004021,1,0x22
11277,1187,master,0x06000464,read,0x20004020,1,0x0
11278,1187,master,0x06000464,read,0x20004020,1,0x0
11279,1187,master,0x06000464,read,0x20004020,1,0x0
11280,1187,master,0x06000464,read,0x20004020,1,0x0
11281,1187,master,0x06000464,read,0x20004020,1,0x0
11282,1187,master,0x06000464,read,0x20004020,1,0x0
11283,1187,master,0x06000464,read,0x20004020,1,0x0
11284,1187,master,0x06000464,read,0x20004020,1,0x0
11285,1187,master,0x06000464,read,0x20004020,1,0x0
11286,1187,master,0x06000464,read,0x20004020,1,0x1
11287,1187,master,0x0600046A,read,0x20004021,1,0x22
11288,1187,master,0x06000464,read,0x20004020,1,0x0
11289,1187,master,0x06000464,read,0x20004020,1,0x0
11290,1187,master,0x06000464,read,0x20004020,1,0x0
11291,1187,master,0x06000464,read,0x20004020,1,0x0
11292,1187,master,0x06000464,read,0x20004020,1,0x0
11293,1187,master,0x06000464,read,0x20004020,1,0x0
11294,1187,master,0x06000464,read,0x20004020,1,0x0
11295,1187,master,0x06000464,read,0x20004020,1,0x0
11296,1187,master,0x06000464,read,0x20004020,1,0x0
11297,1187,master,0x06000464,read,0x20004020,1,0x1
11298,1187,master,0x0600046A,read,0x20004021,1,0x22
11299,1187,master,0x06000464,read,0x20004020,1,0x0
11300,1187,master,0x06000464,read,0x20004020,1,0x0
11301,1187,master,0x06000464,read,0x20004020,1,0x0
11302,1187,master,0x06000464,read,0x20004020,1,0x0
11303,1187,master,0x06000464,read,0x20004020,1,0x0
11304,1187,master,0x06000464,read,0x20004020,1,0x0
11305,1187,master,0x06000464,read,0x20004020,1,0x0
11306,1187,master,0x06000464,read,0x20004020,1,0x0
11307,1187,master,0x06000464,read,0x20004020,1,0x0
11308,1187,master,0x06000464,read,0x20004020,1,0x1
11309,1187,master,0x0600046A,read,0x20004021,1,0x22
11310,1187,master,0x06000464,read,0x20004020,1,0x0
11311,1187,master,0x06000464,read,0x20004020,1,0x0
11312,1187,master,0x06000464,read,0x20004020,1,0x0
11313,1187,master,0x06000464,read,0x20004020,1,0x0
11314,1187,master,0x06000464,read,0x20004020,1,0x0
11315,1187,master,0x06000464,read,0x20004020,1,0x0
11316,1187,master,0x06000464,read,0x20004020,1,0x0
11317,1187,master,0x06000464,read,0x20004020,1,0x0
11318,1187,master,0x06000464,read,0x20004020,1,0x0
11319,1187,master,0x06000464,read,0x20004020,1,0x1
11320,1187,master,0x0600046A,read,0x20004021,1,0x22
11321,1187,master,0x06000464,read,0x20004020,1,0x0
11322,1187,master,0x06000464,read,0x20004020,1,0x0
11323,1187,master,0x06000464,read,0x20004020,1,0x0
11324,1187,master,0x06000464,read,0x20004020,1,0x0
11325,1187,master,0x06000464,read,0x20004020,1,0x0
11326,1187,master,0x06000464,read,0x20004020,1,0x0
11327,1187,master,0x06000464,read,0x20004020,1,0x0
11328,1187,master,0x06000464,read,0x20004020,1,0x0
11329,1187,master,0x06000464,read,0x20004020,1,0x0
11330,1187,master,0x06000464,read,0x20004020,1,0x1
11331,1187,master,0x0600046A,read,0x20004021,1,0x22
11332,1187,master,0x06000464,read,0x20004020,1,0x0
11333,1187,master,0x06000464,read,0x20004020,1,0x0
11334,1187,master,0x06000464,read,0x20004020,1,0x0
11335,1187,master,0x06000464,read,0x20004020,1,0x0
11336,1187,master,0x06000464,read,0x20004020,1,0x0
11337,1187,master,0x06000464,read,0x20004020,1,0x0
11338,1187,master,0x06000464,read,0x20004020,1,0x0
11339,1187,master,0x06000464,read,0x20004020,1,0x0
11340,1187,master,0x06000464,read,0x20004020,1,0x0
11341,1187,master,0x06000464,read,0x20004020,1,0x1
11342,1187,master,0x0600046A,read,0x20004021,1,0x22
11343,1187,master,0x06000464,read,0x20004020,1,0x0
11344,1187,master,0x06000464,read,0x20004020,1,0x0
11345,1187,master,0x06000464,read,0x20004020,1,0x0
11346,1187,master,0x06000464,read,0x20004020,1,0x0
11347,1187,master,0x06000464,read,0x20004020,1,0x0
11348,1187,master,0x06000464,read,0x20004020,1,0x0
11349,1187,master,0x06000464,read,0x20004020,1,0x0
11350,1187,master,0x06000464,read,0x20004020,1,0x0
11351,1187,master,0x06000464,read,0x20004020,1,0x0
11352,1187,master,0x06000464,read,0x20004020,1,0x1
11353,1187,master,0x0600046A,read,0x20004021,1,0x22
11354,1187,master,0x06000464,read,0x20004020,1,0x0
11355,1187,master,0x06000464,read,0x20004020,1,0x0
11356,1187,master,0x06000464,read,0x20004020,1,0x0
11357,1187,master,0x06000464,read,0x20004020,1,0x0
11358,1187,master,0x06000464,read,0x20004020,1,0x0
11359,1187,master,0x06000464,read,0x20004020,1,0x0
11360,1187,master,0x06000464,read,0x20004020,1,0x0
11361,1187,master,0x06000464,read,0x20004020,1,0x0
11362,1187,master,0x06000464,read,0x20004020,1,0x0
11363,1187,master,0x06000464,read,0x20004020,1,0x1
11364,1187,master,0x0600046A,read,0x20004021,1,0x22
11365,1187,master,0x06000464,read,0x20004020,1,0x0
11366,1187,master,0x06000464,read,0x20004020,1,0x0
11367,1187,master,0x06000464,read,0x20004020,1,0x0
11368,1187,master,0x06000464,read,0x20004020,1,0x0
11369,1187,master,0x06000464,read,0x20004020,1,0x0
11370,1187,master,0x06000464,read,0x20004020,1,0x0
11371,1187,master,0x06000464,read,0x20004020,1,0x0
11372,1187,master,0x06000464,read,0x20004020,1,0x0
11373,1187,master,0x06000464,read,0x20004020,1,0x0
11374,1187,master,0x06000464,read,0x20004020,1,0x1
11375,1187,master,0x0600046A,read,0x20004021,1,0x22
11376,1187,master,0x06000464,read,0x20004020,1,0x0
11377,1187,master,0x06000464,read,0x20004020,1,0x0
11378,1187,master,0x06000464,read,0x20004020,1,0x0
11379,1187,master,0x06000464,read,0x20004020,1,0x0
11380,1187,master,0x06000464,read,0x20004020,1,0x0
11381,1187,master,0x06000464,read,0x20004020,1,0x0
11382,1187,master,0x06000464,read,0x20004020,1,0x0
11383,1187,master,0x06000464,read,0x20004020,1,0x0
11384,1187,master,0x06000464,read,0x20004020,1,0x0
11385,1187,master,0x06000464,read,0x20004020,1,0x1
11386,1187,master,0x0600046A,read,0x20004021,1,0x22
11387,1187,master,0x06000464,read,0x20004020,1,0x0
11388,1187,master,0x06000464,read,0x20004020,1,0x0
11389,1187,master,0x06000464,read,0x20004020,1,0x0
11390,1187,master,0x06000464,read,0x20004020,1,0x0
11391,1187,master,0x06000464,read,0x20004020,1,0x0
11392,1187,master,0x06000464,read,0x20004020,1,0x0
11393,1187,master,0x06000464,read,0x20004020,1,0x0
11394,1187,master,0x06000464,read,0x20004020,1,0x0
11395,1187,master,0x06000464,read,0x20004020,1,0x0
11396,1187,master,0x06000464,read,0x20004020,1,0x1
11397,1187,master,0x0600046A,read,0x20004021,1,0x2B
11398,1189,master,0x06000464,read,0x20004020,1,0x0
11399,1189,master,0x06000464,read,0x20004020,1,0x0
11400,1189,master,0x06000464,read,0x20004020,1,0x0
11401,1189,master,0x06000464,read,0x20004020,1,0x0
11402,1189,master,0x06000464,read,0x20004020,1,0x0
11403,1189,master,0x06000464,read,0x20004020,1,0x0
11404,1189,master,0x06000464,read,0x20004020,1,0x0
11405,1189,master,0x06000464,read,0x20004020,1,0x0
11406,1189,master,0x06000464,read,0x20004020,1,0x0
11407,1189,master,0x06000464,read,0x20004020,1,0x0
11408,1189,master,0x06000464,read,0x20004020,1,0x1
11409,1189,master,0x0600046A,read,0x20004021,1,0x22
11410,1189,master,0x06000464,read,0x20004020,1,0x0
11411,1189,master,0x06000464,read,0x20004020,1,0x0
11412,1189,master,0x06000464,read,0x20004020,1,0x0
11413,1189,master,0x06000464,read,0x20004020,1,0x0
11414,1189,master,0x06000464,read,0x20004020,1,0x0
11415,1189,master,0x06000464,read,0x20004020,1,0x0
11416,1189,master,0x06000464,read,0x20004020,1,0x0
11417,1189,master,0x06000464,read,0x20004020,1,0x0
11418,1189,master,0x06000464,read,0x20004020,1,0x0
11419,1189,master,0x06000464,read,0x20004020,1,0x1
11420,1189,master,0x0600046A,read,0x20004021,1,0x22
11421,1189,master,0x06000464,read,0x20004020,1,0x0
11422,1189,master,0x06000464,read,0x20004020,1,0x0
11423,1189,master,0x06000464,read,0x20004020,1,0x0
11424,1189,master,0x06000464,read,0x20004020,1,0x0
11425,1189,master,0x06000464,read,0x20004020,1,0x0
11426,1189,master,0x06000464,read,0x20004020,1,0x0
11427,1189,master,0x06000464,read,0x20004020,1,0x0
11428,1189,master,0x06000464,read,0x20004020,1,0x0
11429,1189,master,0x06000464,read,0x20004020,1,0x0
11430,1189,master,0x06000464,read,0x20004020,1,0x1
11431,1189,master,0x0600046A,read,0x20004021,1,0x22
11432,1190,master,0x06000464,read,0x20004020,1,0x0
11433,1190,master,0x06000464,read,0x20004020,1,0x0
11434,1190,master,0x06000464,read,0x20004020,1,0x0
11435,1190,master,0x06000464,read,0x20004020,1,0x0
11436,1190,master,0x06000464,read,0x20004020,1,0x0
11437,1190,master,0x06000464,read,0x20004020,1,0x0
11438,1190,master,0x06000464,read,0x20004020,1,0x0
11439,1190,master,0x06000464,read,0x20004020,1,0x0
11440,1190,master,0x06000464,read,0x20004020,1,0x0
11441,1190,master,0x06000464,read,0x20004020,1,0x1
11442,1190,master,0x0600046A,read,0x20004021,1,0x22
11443,1190,master,0x06000464,read,0x20004020,1,0x0
11444,1190,master,0x06000464,read,0x20004020,1,0x0
11445,1190,master,0x06000464,read,0x20004020,1,0x0
11446,1190,master,0x06000464,read,0x20004020,1,0x0
11447,1190,master,0x06000464,read,0x20004020,1,0x0
11448,1190,master,0x06000464,read,0x20004020,1,0x0
11449,1190,master,0x06000464,read,0x20004020,1,0x0
11450,1190,master,0x06000464,read,0x20004020,1,0x0
11451,1190,master,0x06000464,read,0x20004020,1,0x0
11452,1190,master,0x06000464,read,0x20004020,1,0x1
11453,1190,master,0x0600046A,read,0x20004021,1,0x22
11454,1190,master,0x06000464,read,0x20004020,1,0x0
11455,1190,master,0x06000464,read,0x20004020,1,0x0
11456,1190,master,0x06000464,read,0x20004020,1,0x0
11457,1190,master,0x06000464,read,0x20004020,1,0x0
11458,1190,master,0x06000464,read,0x20004020,1,0x0
11459,1190,master,0x06000464,read,0x20004020,1,0x0
11460,1190,master,0x06000464,read,0x20004020,1,0x0
11461,1190,master,0x06000464,read,0x20004020,1,0x0
11462,1190,master,0x06000464,read,0x20004020,1,0x0
11463,1190,master,0x06000464,read,0x20004020,1,0x1
11464,1190,master,0x0600046A,read,0x20004021,1,0x22
11465,1190,master,0x06000464,read,0x20004020,1,0x0
11466,1190,master,0x06000464,read,0x20004020,1,0x0
11467,1190,master,0x06000464,read,0x20004020,1,0x0
11468,1190,master,0x06000464,read,0x20004020,1,0x0
11469,1190,master,0x06000464,read,0x20004020,1,0x0
11470,1190,master,0x06000464,read,0x20004020,1,0x0
11471,1190,master,0x06000464,read,0x20004020,1,0x0
11472,1190,master,0x06000464,read,0x20004020,1,0x0
11473,1190,master,0x06000464,read,0x20004020,1,0x0
11474,1190,master,0x06000464,read,0x20004020,1,0x1
11475,1190,master,0x0600046A,read,0x20004021,1,0x22
11476,1190,master,0x06000464,read,0x20004020,1,0x0
11477,1190,master,0x06000464,read,0x20004020,1,0x0
11478,1190,master,0x06000464,read,0x20004020,1,0x0
11479,1190,master,0x06000464,read,0x20004020,1,0x0
11480,1190,master,0x06000464,read,0x20004020,1,0x0
11481,1190,master,0x06000464,read,0x20004020,1,0x0
11482,1190,master,0x06000464,read,0x20004020,1,0x0
11483,1190,master,0x06000464,read,0x20004020,1,0x0
11484,1190,master,0x06000464,read,0x20004020,1,0x0
11485,1190,master,0x06000464,read,0x20004020,1,0x1
11486,1190,master,0x0600046A,read,0x20004021,1,0x22
11487,1190,master,0x06000464,read,0x20004020,1,0x0
11488,1190,master,0x06000464,read,0x20004020,1,0x0
11489,1190,master,0x06000464,read,0x20004020,1,0x0
11490,1190,master,0x06000464,read,0x20004020,1,0x0
11491,1190,master,0x06000464,read,0x20004020,1,0x0
11492,1190,master,0x06000464,read,0x20004020,1,0x0
11493,1190,master,0x06000464,read,0x20004020,1,0x0
11494,1190,master,0x06000464,read,0x20004020,1,0x0
11495,1190,master,0x06000464,read,0x20004020,1,0x0
11496,1190,master,0x06000464,read,0x20004020,1,0x1
11497,1190,master,0x0600046A,read,0x20004021,1,0x22
11498,1190,master,0x06000464,read,0x20004020,1,0x0
11499,1190,master,0x06000464,read,0x20004020,1,0x0
11500,1190,master,0x06000464,read,0x20004020,1,0x0
11501,1190,master,0x06000464,read,0x20004020,1,0x0
11502,1190,master,0x06000464,read,0x20004020,1,0x0
11503,1190,master,0x06000464,read,0x20004020,1,0x0
11504,1190,master,0x06000464,read,0x20004020,1,0x0
11505,1190,master,0x06000464,read,0x20004020,1,0x0
11506,1190,master,0x06000464,read,0x20004020,1,0x0
11507,1190,master,0x06000464,read,0x20004020,1,0x1
11508,1190,master,0x0600046A,read,0x20004021,1,0x22
11509,1190,master,0x06000464,read,0x20004020,1,0x0
11510,1190,master,0x06000464,read,0x20004020,1,0x0
11511,1190,master,0x06000464,read,0x20004020,1,0x0
11512,1190,master,0x06000464,read,0x20004020,1,0x0
11513,1190,master,0x06000464,read,0x20004020,1,0x0
11514,1190,master,0x06000464,read,0x20004020,1,0x0
11515,1190,master,0x06000464,read,0x20004020,1,0x0
11516,1190,master,0x06000464,read,0x20004020,1,0x0
11517,1190,master,0x06000464,read,0x20004020,1,0x0
11518,1190,master,0x06000464,read,0x20004020,1,0x1
11519,1190,master,0x0600046A,read,0x20004021,1,0x22
11520,1190,master,0x06000464,read,0x20004020,1,0x0
11521,1190,master,0x06000464,read,0x20004020,1,0x0
11522,1190,master,0x06000464,read,0x20004020,1,0x0
11523,1190,master,0x06000464,read,0x20004020,1,0x0
11524,1190,master,0x06000464,read,0x20004020,1,0x0
11525,1190,master,0x06000464,read,0x20004020,1,0x0
11526,1190,master,0x06000464,read,0x20004020,1,0x0
11527,1190,master,0x06000464,read,0x20004020,1,0x0
11528,1190,master,0x06000464,read,0x20004020,1,0x0
11529,1190,master,0x06000464,read,0x20004020,1,0x1
11530,1190,master,0x0600046A,read,0x20004021,1,0x22
11531,1190,master,0x06000464,read,0x20004020,1,0x0
11532,1190,master,0x06000464,read,0x20004020,1,0x0
11533,1190,master,0x06000464,read,0x20004020,1,0x0
11534,1190,master,0x06000464,read,0x20004020,1,0x0
11535,1190,master,0x06000464,read,0x20004020,1,0x0
11536,1190,master,0x06000464,read,0x20004020,1,0x0
11537,1190,master,0x06000464,read,0x20004020,1,0x0
11538,1190,master,0x06000464,read,0x20004020,1,0x0
11539,1190,master,0x06000464,read,0x20004020,1,0x0
11540,1190,master,0x06000464,read,0x20004020,1,0x1
11541,1190,master,0x0600046A,read,0x20004021,1,0x22
11542,1190,master,0x06000464,read,0x20004020,1,0x0
11543,1190,master,0x06000464,read,0x20004020,1,0x0
11544,1190,master,0x06000464,read,0x20004020,1,0x0
11545,1190,master,0x06000464,read,0x20004020,1,0x0
11546,1190,master,0x06000464,read,0x20004020,1,0x0
11547,1190,master,0x06000464,read,0x20004020,1,0x0
11548,1190,master,0x06000464,read,0x20004020,1,0x0
11549,1190,master,0x06000464,read,0x20004020,1,0x0
11550,1190,master,0x06000464,read,0x20004020,1,0x0
11551,1190,master,0x06000464,read,0x20004020,1,0x1
11552,1190,master,0x0600046A,read,0x20004021,1,0x22
11553,1190,master,0x06000464,read,0x20004020,1,0x0
11554,1190,master,0x06000464,read,0x20004020,1,0x0
11555,1190,master,0x06000464,read,0x20004020,1,0x0
11556,1190,master,0x06000464,read,0x20004020,1,0x0
11557,1190,master,0x06000464,read,0x20004020,1,0x0
11558,1190,master,0x06000464,read,0x20004020,1,0x0
11559,1190,master,0x06000464,read,0x20004020,1,0x0
11560,1190,master,0x06000464,read,0x20004020,1,0x0
11561,1190,master,0x06000464,read,0x20004020,1,0x0
11562,1190,master,0x06000464,read,0x20004020,1,0x1
11563,1190,master,0x0600046A,read,0x20004021,1,0x22
11564,1190,master,0x06000464,read,0x20004020,1,0x0
11565,1190,master,0x06000464,read,0x20004020,1,0x0
11566,1190,master,0x06000464,read,0x20004020,1,0x0
11567,1190,master,0x06000464,read,0x20004020,1,0x0
11568,1190,master,0x06000464,read,0x20004020,1,0x0
11569,1190,master,0x06000464,read,0x20004020,1,0x0
11570,1190,master,0x06000464,read,0x20004020,1,0x0
11571,1190,master,0x06000464,read,0x20004020,1,0x0
11572,1190,master,0x06000464,read,0x20004020,1,0x0
11573,1190,master,0x06000464,read,0x20004020,1,0x1
11574,1190,master,0x0600046A,read,0x20004021,1,0x22
11575,1190,master,0x06000464,read,0x20004020,1,0x0
11576,1190,master,0x06000464,read,0x20004020,1,0x0
11577,1190,master,0x06000464,read,0x20004020,1,0x0
11578,1190,master,0x06000464,read,0x20004020,1,0x0
11579,1190,master,0x06000464,read,0x20004020,1,0x0
11580,1190,master,0x06000464,read,0x20004020,1,0x0
11581,1190,master,0x06000464,read,0x20004020,1,0x0
11582,1190,master,0x06000464,read,0x20004020,1,0x0
11583,1190,master,0x06000464,read,0x20004020,1,0x0
11584,1190,master,0x06000464,read,0x20004020,1,0x1
11585,1190,master,0x0600046A,read,0x20004021,1,0x22
11586,1190,master,0x06000464,read,0x20004020,1,0x0
11587,1190,master,0x06000464,read,0x20004020,1,0x0
11588,1190,master,0x06000464,read,0x20004020,1,0x0
11589,1190,master,0x06000464,read,0x20004020,1,0x0
11590,1190,master,0x06000464,read,0x20004020,1,0x0
11591,1190,master,0x06000464,read,0x20004020,1,0x0
11592,1190,master,0x06000464,read,0x20004020,1,0x0
11593,1190,master,0x06000464,read,0x20004020,1,0x0
11594,1190,master,0x06000464,read,0x20004020,1,0x0
11595,1190,master,0x06000464,read,0x20004020,1,0x1
11596,1190,master,0x0600046A,read,0x20004021,1,0x22
11597,1190,master,0x06000464,read,0x20004020,1,0x0
11598,1190,master,0x06000464,read,0x20004020,1,0x0
11599,1190,master,0x06000464,read,0x20004020,1,0x0
11600,1190,master,0x06000464,read,0x20004020,1,0x0
11601,1190,master,0x06000464,read,0x20004020,1,0x0
11602,1190,master,0x06000464,read,0x20004020,1,0x0
11603,1190,master,0x06000464,read,0x20004020,1,0x0
11604,1190,master,0x06000464,read,0x20004020,1,0x0
11605,1190,master,0x06000464,read,0x20004020,1,0x0
11606,1190,master,0x06000464,read,0x20004020,1,0x1
11607,1190,master,0x0600046A,read,0x20004021,1,0x22
11608,1190,master,0x06000464,read,0x20004020,1,0x0
11609,1190,master,0x06000464,read,0x20004020,1,0x0
11610,1190,master,0x06000464,read,0x20004020,1,0x0
11611,1190,master,0x06000464,read,0x20004020,1,0x0
11612,1190,master,0x06000464,read,0x20004020,1,0x0
11613,1190,master,0x06000464,read,0x20004020,1,0x0
11614,1190,master,0x06000464,read,0x20004020,1,0x0
11615,1190,master,0x06000464,read,0x20004020,1,0x0
11616,1190,master,0x06000464,read,0x20004020,1,0x0
11617,1190,master,0x06000464,read,0x20004020,1,0x1
11618,1190,master,0x0600046A,read,0x20004021,1,0x2B
11619,1192,master,0x06000464,read,0x20004020,1,0x0
11620,1192,master,0x06000464,read,0x20004020,1,0x0
11621,1192,master,0x06000464,read,0x20004020,1,0x0
11622,1192,master,0x06000464,read,0x20004020,1,0x0
11623,1192,master,0x06000464,read,0x20004020,1,0x0
11624,1192,master,0x06000464,read,0x20004020,1,0x0
11625,1192,master,0x06000464,read,0x20004020,1,0x0
11626,1192,master,0x06000464,read,0x20004020,1,0x0
11627,1192,master,0x06000464,read,0x20004020,1,0x0
11628,1192,master,0x06000464,read,0x20004020,1,0x0
11629,1192,master,0x06000464,read,0x20004020,1,0x1
11630,1192,master,0x0600046A,read,0x20004021,1,0x22
11631,1192,master,0x06000464,read,0x20004020,1,0x0
11632,1192,master,0x06000464,read,0x20004020,1,0x0
11633,1192,master,0x06000464,read,0x20004020,1,0x0
11634,1192,master,0x06000464,read,0x20004020,1,0x0
11635,1192,master,0x06000464,read,0x20004020,1,0x0
11636,1192,master,0x06000464,read,0x20004020,1,0x0
11637,1192,master,0x06000464,read,0x20004020,1,0x0
11638,1192,master,0x06000464,read,0x20004020,1,0x0
11639,1192,master,0x06000464,read,0x20004020,1,0x0
11640,1192,master,0x06000464,read,0x20004020,1,0x1
11641,1192,master,0x0600046A,read,0x20004021,1,0x22
11642,1192,master,0x06000464,read,0x20004020,1,0x0
11643,1192,master,0x06000464,read,0x20004020,1,0x0
11644,1192,master,0x06000464,read,0x20004020,1,0x0
11645,1192,master,0x06000464,read,0x20004020,1,0x0
11646,1192,master,0x06000464,read,0x20004020,1,0x0
11647,1192,master,0x06000464,read,0x20004020,1,0x0
11648,1192,master,0x06000464,read,0x20004020,1,0x0
11649,1192,master,0x06000464,read,0x20004020,1,0x0
11650,1192,master,0x06000464,read,0x20004020,1,0x0
11651,1192,master,0x06000464,read,0x20004020,1,0x1
11652,1192,master,0x0600046A,read,0x20004021,1,0x22
11653,1193,master,0x06000464,read,0x20004020,1,0x0
11654,1193,master,0x06000464,read,0x20004020,1,0x0
11655,1193,master,0x06000464,read,0x20004020,1,0x0
11656,1193,master,0x06000464,read,0x20004020,1,0x0
11657,1193,master,0x06000464,read,0x20004020,1,0x0
11658,1193,master,0x06000464,read,0x20004020,1,0x0
11659,1193,master,0x06000464,read,0x20004020,1,0x0
11660,1193,master,0x06000464,read,0x20004020,1,0x0
11661,1193,master,0x06000464,read,0x20004020,1,0x0
11662,1193,master,0x06000464,read,0x20004020,1,0x1
11663,1193,master,0x0600046A,read,0x20004021,1,0x22
11664,1193,master,0x06000464,read,0x20004020,1,0x0
11665,1193,master,0x06000464,read,0x20004020,1,0x0
11666,1193,master,0x06000464,read,0x20004020,1,0x0
11667,1193,master,0x06000464,read,0x20004020,1,0x0
11668,1193,master,0x06000464,read,0x20004020,1,0x0
11669,1193,master,0x06000464,read,0x20004020,1,0x0
11670,1193,master,0x06000464,read,0x20004020,1,0x0
11671,1193,master,0x06000464,read,0x20004020,1,0x0
11672,1193,master,0x06000464,read,0x20004020,1,0x0
11673,1193,master,0x06000464,read,0x20004020,1,0x1
11674,1193,master,0x0600046A,read,0x20004021,1,0x22
11675,1193,master,0x06000464,read,0x20004020,1,0x0
11676,1193,master,0x06000464,read,0x20004020,1,0x0
11677,1193,master,0x06000464,read,0x20004020,1,0x0
11678,1193,master,0x06000464,read,0x20004020,1,0x0
11679,1193,master,0x06000464,read,0x20004020,1,0x0
11680,1193,master,0x06000464,read,0x20004020,1,0x0
11681,1193,master,0x06000464,read,0x20004020,1,0x0
11682,1193,master,0x06000464,read,0x20004020,1,0x0
11683,1193,master,0x06000464,read,0x20004020,1,0x0
11684,1193,master,0x06000464,read,0x20004020,1,0x1
11685,1193,master,0x0600046A,read,0x20004021,1,0x22
11686,1193,master,0x06000464,read,0x20004020,1,0x0
11687,1193,master,0x06000464,read,0x20004020,1,0x0
11688,1193,master,0x06000464,read,0x20004020,1,0x0
11689,1193,master,0x06000464,read,0x20004020,1,0x0
11690,1193,master,0x06000464,read,0x20004020,1,0x0
11691,1193,master,0x06000464,read,0x20004020,1,0x0
11692,1193,master,0x06000464,read,0x20004020,1,0x0
11693,1193,master,0x06000464,read,0x20004020,1,0x0
11694,1193,master,0x06000464,read,0x20004020,1,0x0
11695,1193,master,0x06000464,read,0x20004020,1,0x1
11696,1193,master,0x0600046A,read,0x20004021,1,0x22
11697,1193,master,0x06000464,read,0x20004020,1,0x0
11698,1193,master,0x06000464,read,0x20004020,1,0x0
11699,1193,master,0x06000464,read,0x20004020,1,0x0
11700,1193,master,0x06000464,read,0x20004020,1,0x0
11701,1193,master,0x06000464,read,0x20004020,1,0x0
11702,1193,master,0x06000464,read,0x20004020,1,0x0
11703,1193,master,0x06000464,read,0x20004020,1,0x0
11704,1193,master,0x06000464,read,0x20004020,1,0x0
11705,1193,master,0x06000464,read,0x20004020,1,0x0
11706,1193,master,0x06000464,read,0x20004020,1,0x1
11707,1193,master,0x0600046A,read,0x20004021,1,0x22
11708,1193,master,0x06000464,read,0x20004020,1,0x0
11709,1193,master,0x06000464,read,0x20004020,1,0x0
11710,1193,master,0x06000464,read,0x20004020,1,0x0
11711,1193,master,0x06000464,read,0x20004020,1,0x0
11712,1193,master,0x06000464,read,0x20004020,1,0x0
11713,1193,master,0x06000464,read,0x20004020,1,0x0
11714,1193,master,0x06000464,read,0x20004020,1,0x0
11715,1193,master,0x06000464,read,0x20004020,1,0x0
11716,1193,master,0x06000464,read,0x20004020,1,0x0
11717,1193,master,0x06000464,read,0x20004020,1,0x1
11718,1193,master,0x0600046A,read,0x20004021,1,0x22
11719,1193,master,0x06000464,read,0x20004020,1,0x0
11720,1193,master,0x06000464,read,0x20004020,1,0x0
11721,1193,master,0x06000464,read,0x20004020,1,0x0
11722,1193,master,0x06000464,read,0x20004020,1,0x0
11723,1193,master,0x06000464,read,0x20004020,1,0x0
11724,1193,master,0x06000464,read,0x20004020,1,0x0
11725,1193,master,0x06000464,read,0x20004020,1,0x0
11726,1193,master,0x06000464,read,0x20004020,1,0x0
11727,1193,master,0x06000464,read,0x20004020,1,0x0
11728,1193,master,0x06000464,read,0x20004020,1,0x1
11729,1193,master,0x0600046A,read,0x20004021,1,0x22
11730,1193,master,0x06000464,read,0x20004020,1,0x0
11731,1193,master,0x06000464,read,0x20004020,1,0x0
11732,1193,master,0x06000464,read,0x20004020,1,0x0
11733,1193,master,0x06000464,read,0x20004020,1,0x0
11734,1193,master,0x06000464,read,0x20004020,1,0x0
11735,1193,master,0x06000464,read,0x20004020,1,0x0
11736,1193,master,0x06000464,read,0x20004020,1,0x0
11737,1193,master,0x06000464,read,0x20004020,1,0x0
11738,1193,master,0x06000464,read,0x20004020,1,0x0
11739,1193,master,0x06000464,read,0x20004020,1,0x1
11740,1193,master,0x0600046A,read,0x20004021,1,0x22
11741,1193,master,0x06000464,read,0x20004020,1,0x0
11742,1193,master,0x06000464,read,0x20004020,1,0x0
11743,1193,master,0x06000464,read,0x20004020,1,0x0
11744,1193,master,0x06000464,read,0x20004020,1,0x0
11745,1193,master,0x06000464,read,0x20004020,1,0x0
11746,1193,master,0x06000464,read,0x20004020,1,0x0
11747,1193,master,0x06000464,read,0x20004020,1,0x0
11748,1193,master,0x06000464,read,0x20004020,1,0x0
11749,1193,master,0x06000464,read,0x20004020,1,0x0
11750,1193,master,0x06000464,read,0x20004020,1,0x1
11751,1193,master,0x0600046A,read,0x20004021,1,0x22
11752,1193,master,0x06000464,read,0x20004020,1,0x0
11753,1193,master,0x06000464,read,0x20004020,1,0x0
11754,1193,master,0x06000464,read,0x20004020,1,0x0
11755,1193,master,0x06000464,read,0x20004020,1,0x0
11756,1193,master,0x06000464,read,0x20004020,1,0x0
11757,1193,master,0x06000464,read,0x20004020,1,0x0
11758,1193,master,0x06000464,read,0x20004020,1,0x0
11759,1193,master,0x06000464,read,0x20004020,1,0x0
11760,1193,master,0x06000464,read,0x20004020,1,0x0
11761,1193,master,0x06000464,read,0x20004020,1,0x1
11762,1193,master,0x0600046A,read,0x20004021,1,0x22
11763,1193,master,0x06000464,read,0x20004020,1,0x0
11764,1193,master,0x06000464,read,0x20004020,1,0x0
11765,1193,master,0x06000464,read,0x20004020,1,0x0
11766,1193,master,0x06000464,read,0x20004020,1,0x0
11767,1193,master,0x06000464,read,0x20004020,1,0x0
11768,1193,master,0x06000464,read,0x20004020,1,0x0
11769,1193,master,0x06000464,read,0x20004020,1,0x0
11770,1193,master,0x06000464,read,0x20004020,1,0x0
11771,1193,master,0x06000464,read,0x20004020,1,0x0
11772,1193,master,0x06000464,read,0x20004020,1,0x1
11773,1193,master,0x0600046A,read,0x20004021,1,0x22
11774,1193,master,0x06000464,read,0x20004020,1,0x0
11775,1193,master,0x06000464,read,0x20004020,1,0x0
11776,1193,master,0x06000464,read,0x20004020,1,0x0
11777,1193,master,0x06000464,read,0x20004020,1,0x0
11778,1193,master,0x06000464,read,0x20004020,1,0x0
11779,1193,master,0x06000464,read,0x20004020,1,0x0
11780,1193,master,0x06000464,read,0x20004020,1,0x0
11781,1193,master,0x06000464,read,0x20004020,1,0x0
11782,1193,master,0x06000464,read,0x20004020,1,0x0
11783,1193,master,0x06000464,read,0x20004020,1,0x1
11784,1193,master,0x0600046A,read,0x20004021,1,0x22
11785,1193,master,0x06000464,read,0x20004020,1,0x0
11786,1193,master,0x06000464,read,0x20004020,1,0x0
11787,1193,master,0x06000464,read,0x20004020,1,0x0
11788,1193,master,0x06000464,read,0x20004020,1,0x0
11789,1193,master,0x06000464,read,0x20004020,1,0x0
11790,1193,master,0x06000464,read,0x20004020,1,0x0
11791,1193,master,0x06000464,read,0x20004020,1,0x0
11792,1193,master,0x06000464,read,0x20004020,1,0x0
11793,1193,master,0x06000464,read,0x20004020,1,0x0
11794,1193,master,0x06000464,read,0x20004020,1,0x1
11795,1193,master,0x0600046A,read,0x20004021,1,0x22
11796,1193,master,0x06000464,read,0x20004020,1,0x0
11797,1193,master,0x06000464,read,0x20004020,1,0x0
11798,1193,master,0x06000464,read,0x20004020,1,0x0
11799,1193,master,0x06000464,read,0x20004020,1,0x0
11800,1193,master,0x06000464,read,0x20004020,1,0x0
11801,1193,master,0x06000464,read,0x20004020,1,0x0
11802,1193,master,0x06000464,read,0x20004020,1,0x0
11803,1193,master,0x06000464,read,0x20004020,1,0x0
11804,1193,master,0x06000464,read,0x20004020,1,0x0
11805,1193,master,0x06000464,read,0x20004020,1,0x1
11806,1193,master,0x0600046A,read,0x20004021,1,0x22
11807,1193,master,0x06000464,read,0x20004020,1,0x0
11808,1193,master,0x06000464,read,0x20004020,1,0x0
11809,1193,master,0x06000464,read,0x20004020,1,0x0
11810,1193,master,0x06000464,read,0x20004020,1,0x0
11811,1193,master,0x06000464,read,0x20004020,1,0x0
11812,1193,master,0x06000464,read,0x20004020,1,0x0
11813,1193,master,0x06000464,read,0x20004020,1,0x0
11814,1193,master,0x06000464,read,0x20004020,1,0x0
11815,1193,master,0x06000464,read,0x20004020,1,0x0
11816,1193,master,0x06000464,read,0x20004020,1,0x1
11817,1193,master,0x0600046A,read,0x20004021,1,0x22
11818,1193,master,0x06000464,read,0x20004020,1,0x0
11819,1193,master,0x06000464,read,0x20004020,1,0x0
11820,1193,master,0x06000464,read,0x20004020,1,0x0
11821,1193,master,0x06000464,read,0x20004020,1,0x0
11822,1193,master,0x06000464,read,0x20004020,1,0x0
11823,1193,master,0x06000464,read,0x20004020,1,0x0
11824,1193,master,0x06000464,read,0x20004020,1,0x0
11825,1193,master,0x06000464,read,0x20004020,1,0x0
11826,1193,master,0x06000464,read,0x20004020,1,0x0
11827,1193,master,0x06000464,read,0x20004020,1,0x1
11828,1193,master,0x0600046A,read,0x20004021,1,0x22
11829,1193,master,0x06000464,read,0x20004020,1,0x0
11830,1193,master,0x06000464,read,0x20004020,1,0x0
11831,1193,master,0x06000464,read,0x20004020,1,0x0
11832,1193,master,0x06000464,read,0x20004020,1,0x0
11833,1193,master,0x06000464,read,0x20004020,1,0x0
11834,1193,master,0x06000464,read,0x20004020,1,0x0
11835,1193,master,0x06000464,read,0x20004020,1,0x0
11836,1193,master,0x06000464,read,0x20004020,1,0x0
11837,1193,master,0x06000464,read,0x20004020,1,0x0
11838,1193,master,0x06000464,read,0x20004020,1,0x1
11839,1193,master,0x0600046A,read,0x20004021,1,0x2B
11840,1195,master,0x06000464,read,0x20004020,1,0x0
11841,1195,master,0x06000464,read,0x20004020,1,0x0
11842,1195,master,0x06000464,read,0x20004020,1,0x0
11843,1195,master,0x06000464,read,0x20004020,1,0x0
11844,1195,master,0x06000464,read,0x20004020,1,0x0
11845,1195,master,0x06000464,read,0x20004020,1,0x0
11846,1195,master,0x06000464,read,0x20004020,1,0x0
11847,1195,master,0x06000464,read,0x20004020,1,0x0
11848,1195,master,0x06000464,read,0x20004020,1,0x0
11849,1195,master,0x06000464,read,0x20004020,1,0x0
11850,1195,master,0x06000464,read,0x20004020,1,0x1
11851,1195,master,0x0600046A,read,0x20004021,1,0x22
11852,1195,master,0x06000464,read,0x20004020,1,0x0
11853,1195,master,0x06000464,read,0x20004020,1,0x0
11854,1195,master,0x06000464,read,0x20004020,1,0x0
11855,1195,master,0x06000464,read,0x20004020,1,0x0
11856,1195,master,0x06000464,read,0x20004020,1,0x0
11857,1195,master,0x06000464,read,0x20004020,1,0x0
11858,1195,master,0x06000464,read,0x20004020,1,0x0
11859,1195,master,0x06000464,read,0x20004020,1,0x0
11860,1195,master,0x06000464,read,0x20004020,1,0x0
11861,1195,master,0x06000464,read,0x20004020,1,0x1
11862,1195,master,0x0600046A,read,0x20004021,1,0x22
11863,1195,master,0x06000464,read,0x20004020,1,0x0
11864,1195,master,0x06000464,read,0x20004020,1,0x0
11865,1195,master,0x06000464,read,0x20004020,1,0x0
11866,1195,master,0x06000464,read,0x20004020,1,0x0
11867,1195,master,0x06000464,read,0x20004020,1,0x0
11868,1195,master,0x06000464,read,0x20004020,1,0x0
11869,1195,master,0x06000464,read,0x20004020,1,0x0
11870,1195,master,0x06000464,read,0x20004020,1,0x0
11871,1195,master,0x06000464,read,0x20004020,1,0x0
11872,1195,master,0x06000464,read,0x20004020,1,0x1
11873,1195,master,0x0600046A,read,0x20004021,1,0x22
11874,1196,master,0x06000464,read,0x20004020,1,0x0
11875,1196,master,0x06000464,read,0x20004020,1,0x0
11876,1196,master,0x06000464,read,0x20004020,1,0x0
11877,1196,master,0x06000464,read,0x20004020,1,0x0
11878,1196,master,0x06000464,read,0x20004020,1,0x0
11879,1196,master,0x06000464,read,0x20004020,1,0x0
11880,1196,master,0x06000464,read,0x20004020,1,0x0
11881,1196,master,0x06000464,read,0x20004020,1,0x0
11882,1196,master,0x06000464,read,0x20004020,1,0x0
11883,1196,master,0x06000464,read,0x20004020,1,0x1
11884,1196,master,0x0600046A,read,0x20004021,1,0x22
11885,1196,master,0x06000464,read,0x20004020,1,0x0
11886,1196,master,0x06000464,read,0x20004020,1,0x0
11887,1196,master,0x06000464,read,0x20004020,1,0x0
11888,1196,master,0x06000464,read,0x20004020,1,0x0
11889,1196,master,0x06000464,read,0x20004020,1,0x0
11890,1196,master,0x06000464,read,0x20004020,1,0x0
11891,1196,master,0x06000464,read,0x20004020,1,0x0
11892,1196,master,0x06000464,read,0x20004020,1,0x0
11893,1196,master,0x06000464,read,0x20004020,1,0x0
11894,1196,master,0x06000464,read,0x20004020,1,0x1
11895,1196,master,0x0600046A,read,0x20004021,1,0x22
11896,1196,master,0x06000464,read,0x20004020,1,0x0
11897,1196,master,0x06000464,read,0x20004020,1,0x0
11898,1196,master,0x06000464,read,0x20004020,1,0x0
11899,1196,master,0x06000464,read,0x20004020,1,0x0
11900,1196,master,0x06000464,read,0x20004020,1,0x0
11901,1196,master,0x06000464,read,0x20004020,1,0x0
11902,1196,master,0x06000464,read,0x20004020,1,0x0
11903,1196,master,0x06000464,read,0x20004020,1,0x0
11904,1196,master,0x06000464,read,0x20004020,1,0x0
11905,1196,master,0x06000464,read,0x20004020,1,0x1
11906,1196,master,0x0600046A,read,0x20004021,1,0x22
11907,1196,master,0x06000464,read,0x20004020,1,0x0
11908,1196,master,0x06000464,read,0x20004020,1,0x0
11909,1196,master,0x06000464,read,0x20004020,1,0x0
11910,1196,master,0x06000464,read,0x20004020,1,0x0
11911,1196,master,0x06000464,read,0x20004020,1,0x0
11912,1196,master,0x06000464,read,0x20004020,1,0x0
11913,1196,master,0x06000464,read,0x20004020,1,0x0
11914,1196,master,0x06000464,read,0x20004020,1,0x0
11915,1196,master,0x06000464,read,0x20004020,1,0x0
11916,1196,master,0x06000464,read,0x20004020,1,0x1
11917,1196,master,0x0600046A,read,0x20004021,1,0x22
11918,1196,master,0x06000464,read,0x20004020,1,0x0
11919,1196,master,0x06000464,read,0x20004020,1,0x0
11920,1196,master,0x06000464,read,0x20004020,1,0x0
11921,1196,master,0x06000464,read,0x20004020,1,0x0
11922,1196,master,0x06000464,read,0x20004020,1,0x0
11923,1196,master,0x06000464,read,0x20004020,1,0x0
11924,1196,master,0x06000464,read,0x20004020,1,0x0
11925,1196,master,0x06000464,read,0x20004020,1,0x0
11926,1196,master,0x06000464,read,0x20004020,1,0x0
11927,1196,master,0x06000464,read,0x20004020,1,0x1
11928,1196,master,0x0600046A,read,0x20004021,1,0x22
11929,1196,master,0x06000464,read,0x20004020,1,0x0
11930,1196,master,0x06000464,read,0x20004020,1,0x0
11931,1196,master,0x06000464,read,0x20004020,1,0x0
11932,1196,master,0x06000464,read,0x20004020,1,0x0
11933,1196,master,0x06000464,read,0x20004020,1,0x0
11934,1196,master,0x06000464,read,0x20004020,1,0x0
11935,1196,master,0x06000464,read,0x20004020,1,0x0
11936,1196,master,0x06000464,read,0x20004020,1,0x0
11937,1196,master,0x06000464,read,0x20004020,1,0x0
11938,1196,master,0x06000464,read,0x20004020,1,0x1
11939,1196,master,0x0600046A,read,0x20004021,1,0x22
11940,1196,master,0x06000464,read,0x20004020,1,0x0
11941,1196,master,0x06000464,read,0x20004020,1,0x0
11942,1196,master,0x06000464,read,0x20004020,1,0x0
11943,1196,master,0x06000464,read,0x20004020,1,0x0
11944,1196,master,0x06000464,read,0x20004020,1,0x0
11945,1196,master,0x06000464,read,0x20004020,1,0x0
11946,1196,master,0x06000464,read,0x20004020,1,0x0
11947,1196,master,0x06000464,read,0x20004020,1,0x0
11948,1196,master,0x06000464,read,0x20004020,1,0x0
11949,1196,master,0x06000464,read,0x20004020,1,0x1
11950,1196,master,0x0600046A,read,0x20004021,1,0x22
11951,1196,master,0x06000464,read,0x20004020,1,0x0
11952,1196,master,0x06000464,read,0x20004020,1,0x0
11953,1196,master,0x06000464,read,0x20004020,1,0x0
11954,1196,master,0x06000464,read,0x20004020,1,0x0
11955,1196,master,0x06000464,read,0x20004020,1,0x0
11956,1196,master,0x06000464,read,0x20004020,1,0x0
11957,1196,master,0x06000464,read,0x20004020,1,0x0
11958,1196,master,0x06000464,read,0x20004020,1,0x0
11959,1196,master,0x06000464,read,0x20004020,1,0x0
11960,1196,master,0x06000464,read,0x20004020,1,0x1
11961,1196,master,0x0600046A,read,0x20004021,1,0x22
11962,1196,master,0x06000464,read,0x20004020,1,0x0
11963,1196,master,0x06000464,read,0x20004020,1,0x0
11964,1196,master,0x06000464,read,0x20004020,1,0x0
11965,1196,master,0x06000464,read,0x20004020,1,0x0
11966,1196,master,0x06000464,read,0x20004020,1,0x0
11967,1196,master,0x06000464,read,0x20004020,1,0x0
11968,1196,master,0x06000464,read,0x20004020,1,0x0
11969,1196,master,0x06000464,read,0x20004020,1,0x0
11970,1196,master,0x06000464,read,0x20004020,1,0x0
11971,1196,master,0x06000464,read,0x20004020,1,0x1
11972,1196,master,0x0600046A,read,0x20004021,1,0x22
11973,1196,master,0x06000464,read,0x20004020,1,0x0
11974,1196,master,0x06000464,read,0x20004020,1,0x0
11975,1196,master,0x06000464,read,0x20004020,1,0x0
11976,1196,master,0x06000464,read,0x20004020,1,0x0
11977,1196,master,0x06000464,read,0x20004020,1,0x0
11978,1196,master,0x06000464,read,0x20004020,1,0x0
11979,1196,master,0x06000464,read,0x20004020,1,0x0
11980,1196,master,0x06000464,read,0x20004020,1,0x0
11981,1196,master,0x06000464,read,0x20004020,1,0x0
11982,1196,master,0x06000464,read,0x20004020,1,0x1
11983,1196,master,0x0600046A,read,0x20004021,1,0x22
11984,1196,master,0x06000464,read,0x20004020,1,0x0
11985,1196,master,0x06000464,read,0x20004020,1,0x0
11986,1196,master,0x06000464,read,0x20004020,1,0x0
11987,1196,master,0x06000464,read,0x20004020,1,0x0
11988,1196,master,0x06000464,read,0x20004020,1,0x0
11989,1196,master,0x06000464,read,0x20004020,1,0x0
11990,1196,master,0x06000464,read,0x20004020,1,0x0
11991,1196,master,0x06000464,read,0x20004020,1,0x0
11992,1196,master,0x06000464,read,0x20004020,1,0x0
11993,1196,master,0x06000464,read,0x20004020,1,0x1
11994,1196,master,0x0600046A,read,0x20004021,1,0x22
11995,1196,master,0x06000464,read,0x20004020,1,0x0
11996,1196,master,0x06000464,read,0x20004020,1,0x0
11997,1196,master,0x06000464,read,0x20004020,1,0x0
11998,1196,master,0x06000464,read,0x20004020,1,0x0
11999,1196,master,0x06000464,read,0x20004020,1,0x0
12000,1196,master,0x06000464,read,0x20004020,1,0x0
12001,1196,master,0x06000464,read,0x20004020,1,0x0
12002,1196,master,0x06000464,read,0x20004020,1,0x0
12003,1196,master,0x06000464,read,0x20004020,1,0x0
12004,1196,master,0x06000464,read,0x20004020,1,0x1
12005,1196,master,0x0600046A,read,0x20004021,1,0x22
12006,1196,master,0x06000464,read,0x20004020,1,0x0
12007,1196,master,0x06000464,read,0x20004020,1,0x0
12008,1196,master,0x06000464,read,0x20004020,1,0x0
12009,1196,master,0x06000464,read,0x20004020,1,0x0
12010,1196,master,0x06000464,read,0x20004020,1,0x0
12011,1196,master,0x06000464,read,0x20004020,1,0x0
12012,1196,master,0x06000464,read,0x20004020,1,0x0
12013,1196,master,0x06000464,read,0x20004020,1,0x0
12014,1196,master,0x06000464,read,0x20004020,1,0x0
12015,1196,master,0x06000464,read,0x20004020,1,0x1
12016,1196,master,0x0600046A,read,0x20004021,1,0x22
12017,1196,master,0x06000464,read,0x20004020,1,0x0
12018,1196,master,0x06000464,read,0x20004020,1,0x0
12019,1196,master,0x06000464,read,0x20004020,1,0x0
12020,1196,master,0x06000464,read,0x20004020,1,0x0
12021,1196,master,0x06000464,read,0x20004020,1,0x0
12022,1196,master,0x06000464,read,0x20004020,1,0x0
12023,1196,master,0x06000464,read,0x20004020,1,0x0
12024,1196,master,0x06000464,read,0x20004020,1,0x0
12025,1196,master,0x06000464,read,0x20004020,1,0x0
12026,1196,master,0x06000464,read,0x20004020,1,0x1
12027,1196,master,0x0600046A,read,0x20004021,1,0x22
12028,1196,master,0x06000464,read,0x20004020,1,0x0
12029,1196,master,0x06000464,read,0x20004020,1,0x0
12030,1196,master,0x06000464,read,0x20004020,1,0x0
12031,1196,master,0x06000464,read,0x20004020,1,0x0
12032,1196,master,0x06000464,read,0x20004020,1,0x0
12033,1196,master,0x06000464,read,0x20004020,1,0x0
12034,1196,master,0x06000464,read,0x20004020,1,0x0
12035,1196,master,0x06000464,read,0x20004020,1,0x0
12036,1196,master,0x06000464,read,0x20004020,1,0x0
12037,1196,master,0x06000464,read,0x20004020,1,0x1
12038,1196,master,0x0600046A,read,0x20004021,1,0x22
12039,1196,master,0x06000464,read,0x20004020,1,0x0
12040,1196,master,0x06000464,read,0x20004020,1,0x0
12041,1196,master,0x06000464,read,0x20004020,1,0x0
12042,1196,master,0x06000464,read,0x20004020,1,0x0
12043,1196,master,0x06000464,read,0x20004020,1,0x0
12044,1196,master,0x06000464,read,0x20004020,1,0x0
12045,1196,master,0x06000464,read,0x20004020,1,0x0
12046,1196,master,0x06000464,read,0x20004020,1,0x0
12047,1196,master,0x06000464,read,0x20004020,1,0x0
12048,1196,master,0x06000464,read,0x20004020,1,0x1
12049,1196,master,0x0600046A,read,0x20004021,1,0x22
12050,1196,master,0x06000464,read,0x20004020,1,0x0
12051,1196,master,0x06000464,read,0x20004020,1,0x0
12052,1196,master,0x06000464,read,0x20004020,1,0x0
12053,1196,master,0x06000464,read,0x20004020,1,0x0
12054,1196,master,0x06000464,read,0x20004020,1,0x0
12055,1196,master,0x06000464,read,0x20004020,1,0x0
12056,1196,master,0x06000464,read,0x20004020,1,0x0
12057,1196,master,0x06000464,read,0x20004020,1,0x0
12058,1196,master,0x06000464,read,0x20004020,1,0x0
12059,1196,master,0x06000464,read,0x20004020,1,0x1
12060,1196,master,0x0600046A,read,0x20004021,1,0x2B
12061,1198,master,0x06000464,read,0x20004020,1,0x0
12062,1198,master,0x06000464,read,0x20004020,1,0x0
12063,1198,master,0x06000464,read,0x20004020,1,0x0
12064,1198,master,0x06000464,read,0x20004020,1,0x0
12065,1198,master,0x06000464,read,0x20004020,1,0x0
12066,1198,master,0x06000464,read,0x20004020,1,0x0
12067,1198,master,0x06000464,read,0x20004020,1,0x0
12068,1198,master,0x06000464,read,0x20004020,1,0x0
12069,1198,master,0x06000464,read,0x20004020,1,0x0
12070,1198,master,0x06000464,read,0x20004020,1,0x0
12071,1198,master,0x06000464,read,0x20004020,1,0x1
12072,1198,master,0x0600046A,read,0x20004021,1,0x22
12073,1198,master,0x06000464,read,0x20004020,1,0x0
12074,1198,master,0x06000464,read,0x20004020,1,0x0
12075,1198,master,0x06000464,read,0x20004020,1,0x0
12076,1198,master,0x06000464,read,0x20004020,1,0x0
12077,1198,master,0x06000464,read,0x20004020,1,0x0
12078,1198,master,0x06000464,read,0x20004020,1,0x0
12079,1198,master,0x06000464,read,0x20004020,1,0x0
12080,1198,master,0x06000464,read,0x20004020,1,0x0
12081,1198,master,0x06000464,read,0x20004020,1,0x0
12082,1198,master,0x06000464,read,0x20004020,1,0x1
12083,1198,master,0x0600046A,read,0x20004021,1,0x22
12084,1198,master,0x06000464,read,0x20004020,1,0x0
12085,1198,master,0x06000464,read,0x20004020,1,0x0
12086,1198,master,0x06000464,read,0x20004020,1,0x0
12087,1198,master,0x06000464,read,0x20004020,1,0x0
12088,1198,master,0x06000464,read,0x20004020,1,0x0
12089,1198,master,0x06000464,read,0x20004020,1,0x0
12090,1198,master,0x06000464,read,0x20004020,1,0x0
12091,1198,master,0x06000464,read,0x20004020,1,0x0
12092,1198,master,0x06000464,read,0x20004020,1,0x0
12093,1198,master,0x06000464,read,0x20004020,1,0x1
12094,1198,master,0x0600046A,read,0x20004021,1,0x22
12095,1199,master,0x06000464,read,0x20004020,1,0x0
12096,1199,master,0x06000464,read,0x20004020,1,0x0
12097,1199,master,0x06000464,read,0x20004020,1,0x0
12098,1199,master,0x06000464,read,0x20004020,1,0x0
12099,1199,master,0x06000464,read,0x20004020,1,0x0
12100,1199,master,0x06000464,read,0x20004020,1,0x0
12101,1199,master,0x06000464,read,0x20004020,1,0x0
12102,1199,master,0x06000464,read,0x20004020,1,0x0
12103,1199,master,0x06000464,read,0x20004020,1,0x0
12104,1199,master,0x06000464,read,0x20004020,1,0x1
12105,1199,master,0x0600046A,read,0x20004021,1,0x22
12106,1199,master,0x06000464,read,0x20004020,1,0x0
12107,1199,master,0x06000464,read,0x20004020,1,0x0
12108,1199,master,0x06000464,read,0x20004020,1,0x0
12109,1199,master,0x06000464,read,0x20004020,1,0x0
12110,1199,master,0x06000464,read,0x20004020,1,0x0
12111,1199,master,0x06000464,read,0x20004020,1,0x0
12112,1199,master,0x06000464,read,0x20004020,1,0x0
12113,1199,master,0x06000464,read,0x20004020,1,0x0
12114,1199,master,0x06000464,read,0x20004020,1,0x0
12115,1199,master,0x06000464,read,0x20004020,1,0x1
12116,1199,master,0x0600046A,read,0x20004021,1,0x22
12117,1199,master,0x06000464,read,0x20004020,1,0x0
12118,1199,master,0x06000464,read,0x20004020,1,0x0
12119,1199,master,0x06000464,read,0x20004020,1,0x0
12120,1199,master,0x06000464,read,0x20004020,1,0x0
12121,1199,master,0x06000464,read,0x20004020,1,0x0
12122,1199,master,0x06000464,read,0x20004020,1,0x0
12123,1199,master,0x06000464,read,0x20004020,1,0x0
12124,1199,master,0x06000464,read,0x20004020,1,0x0
12125,1199,master,0x06000464,read,0x20004020,1,0x0
12126,1199,master,0x06000464,read,0x20004020,1,0x1
12127,1199,master,0x0600046A,read,0x20004021,1,0x22
12128,1199,master,0x06000464,read,0x20004020,1,0x0
12129,1199,master,0x06000464,read,0x20004020,1,0x0
12130,1199,master,0x06000464,read,0x20004020,1,0x0
12131,1199,master,0x06000464,read,0x20004020,1,0x0
12132,1199,master,0x06000464,read,0x20004020,1,0x0
12133,1199,master,0x06000464,read,0x20004020,1,0x0
12134,1199,master,0x06000464,read,0x20004020,1,0x0
12135,1199,master,0x06000464,read,0x20004020,1,0x0
12136,1199,master,0x06000464,read,0x20004020,1,0x0
12137,1199,master,0x06000464,read,0x20004020,1,0x1
12138,1199,master,0x0600046A,read,0x20004021,1,0x22
12139,1199,master,0x06000464,read,0x20004020,1,0x0
12140,1199,master,0x06000464,read,0x20004020,1,0x0
12141,1199,master,0x06000464,read,0x20004020,1,0x0
12142,1199,master,0x06000464,read,0x20004020,1,0x0
12143,1199,master,0x06000464,read,0x20004020,1,0x0
12144,1199,master,0x06000464,read,0x20004020,1,0x0
12145,1199,master,0x06000464,read,0x20004020,1,0x0
12146,1199,master,0x06000464,read,0x20004020,1,0x0
12147,1199,master,0x06000464,read,0x20004020,1,0x0
12148,1199,master,0x06000464,read,0x20004020,1,0x1
12149,1199,master,0x0600046A,read,0x20004021,1,0x22
12150,1199,master,0x06000464,read,0x20004020,1,0x0
12151,1199,master,0x06000464,read,0x20004020,1,0x0
12152,1199,master,0x06000464,read,0x20004020,1,0x0
12153,1199,master,0x06000464,read,0x20004020,1,0x0
12154,1199,master,0x06000464,read,0x20004020,1,0x0
12155,1199,master,0x06000464,read,0x20004020,1,0x0
12156,1199,master,0x06000464,read,0x20004020,1,0x0
12157,1199,master,0x06000464,read,0x20004020,1,0x0
12158,1199,master,0x06000464,read,0x20004020,1,0x0
12159,1199,master,0x06000464,read,0x20004020,1,0x1
12160,1199,master,0x0600046A,read,0x20004021,1,0x22
12161,1199,master,0x06000464,read,0x20004020,1,0x0
12162,1199,master,0x06000464,read,0x20004020,1,0x0
12163,1199,master,0x06000464,read,0x20004020,1,0x0
12164,1199,master,0x06000464,read,0x20004020,1,0x0
12165,1199,master,0x06000464,read,0x20004020,1,0x0
12166,1199,master,0x06000464,read,0x20004020,1,0x0
12167,1199,master,0x06000464,read,0x20004020,1,0x0
12168,1199,master,0x06000464,read,0x20004020,1,0x0
12169,1199,master,0x06000464,read,0x20004020,1,0x0
12170,1199,master,0x06000464,read,0x20004020,1,0x1
12171,1199,master,0x0600046A,read,0x20004021,1,0x22
12172,1199,master,0x06000464,read,0x20004020,1,0x0
12173,1199,master,0x06000464,read,0x20004020,1,0x0
12174,1199,master,0x06000464,read,0x20004020,1,0x0
12175,1199,master,0x06000464,read,0x20004020,1,0x0
12176,1199,master,0x06000464,read,0x20004020,1,0x0
12177,1199,master,0x06000464,read,0x20004020,1,0x0
12178,1199,master,0x06000464,read,0x20004020,1,0x0
12179,1199,master,0x06000464,read,0x20004020,1,0x0
12180,1199,master,0x06000464,read,0x20004020,1,0x0
12181,1199,master,0x06000464,read,0x20004020,1,0x1
12182,1199,master,0x0600046A,read,0x20004021,1,0x22
12183,1199,master,0x06000464,read,0x20004020,1,0x0
12184,1199,master,0x06000464,read,0x20004020,1,0x0
12185,1199,master,0x06000464,read,0x20004020,1,0x0
12186,1199,master,0x06000464,read,0x20004020,1,0x0
12187,1199,master,0x06000464,read,0x20004020,1,0x0
12188,1199,master,0x06000464,read,0x20004020,1,0x0
12189,1199,master,0x06000464,read,0x20004020,1,0x0
12190,1199,master,0x06000464,read,0x20004020,1,0x0
12191,1199,master,0x06000464,read,0x20004020,1,0x0
12192,1199,master,0x06000464,read,0x20004020,1,0x1
12193,1199,master,0x0600046A,read,0x20004021,1,0x22
12194,1199,master,0x06000464,read,0x20004020,1,0x0
12195,1199,master,0x06000464,read,0x20004020,1,0x0
12196,1199,master,0x06000464,read,0x20004020,1,0x0
12197,1199,master,0x06000464,read,0x20004020,1,0x0
12198,1199,master,0x06000464,read,0x20004020,1,0x0
12199,1199,master,0x06000464,read,0x20004020,1,0x0
12200,1199,master,0x06000464,read,0x20004020,1,0x0
12201,1199,master,0x06000464,read,0x20004020,1,0x0
12202,1199,master,0x06000464,read,0x20004020,1,0x0
12203,1199,master,0x06000464,read,0x20004020,1,0x1
12204,1199,master,0x0600046A,read,0x20004021,1,0x22
12205,1199,master,0x06000464,read,0x20004020,1,0x0
12206,1199,master,0x06000464,read,0x20004020,1,0x0
12207,1199,master,0x06000464,read,0x20004020,1,0x0
12208,1199,master,0x06000464,read,0x20004020,1,0x0
12209,1199,master,0x06000464,read,0x20004020,1,0x0
12210,1199,master,0x06000464,read,0x20004020,1,0x0
12211,1199,master,0x06000464,read,0x20004020,1,0x0
12212,1199,master,0x06000464,read,0x20004020,1,0x0
12213,1199,master,0x06000464,read,0x20004020,1,0x0
12214,1199,master,0x06000464,read,0x20004020,1,0x1
12215,1199,master,0x0600046A,read,0x20004021,1,0x22
12216,1199,master,0x06000464,read,0x20004020,1,0x0
12217,1199,master,0x06000464,read,0x20004020,1,0x0
12218,1199,master,0x06000464,read,0x20004020,1,0x0
12219,1199,master,0x06000464,read,0x20004020,1,0x0
12220,1199,master,0x06000464,read,0x20004020,1,0x0
12221,1199,master,0x06000464,read,0x20004020,1,0x0
12222,1199,master,0x06000464,read,0x20004020,1,0x0
12223,1199,master,0x06000464,read,0x20004020,1,0x0
12224,1199,master,0x06000464,read,0x20004020,1,0x0
12225,1199,master,0x06000464,read,0x20004020,1,0x1
12226,1199,master,0x0600046A,read,0x20004021,1,0x22
12227,1199,master,0x06000464,read,0x20004020,1,0x0
12228,1199,master,0x06000464,read,0x20004020,1,0x0
12229,1199,master,0x06000464,read,0x20004020,1,0x0
12230,1199,master,0x06000464,read,0x20004020,1,0x0
12231,1199,master,0x06000464,read,0x20004020,1,0x0
12232,1199,master,0x06000464,read,0x20004020,1,0x0
12233,1199,master,0x06000464,read,0x20004020,1,0x0
12234,1199,master,0x06000464,read,0x20004020,1,0x0
12235,1199,master,0x06000464,read,0x20004020,1,0x0
12236,1199,master,0x06000464,read,0x20004020,1,0x1
12237,1199,master,0x0600046A,read,0x20004021,1,0x22
12238,1199,master,0x06000464,read,0x20004020,1,0x0
12239,1199,master,0x06000464,read,0x20004020,1,0x0
12240,1199,master,0x06000464,read,0x20004020,1,0x0
12241,1199,master,0x06000464,read,0x20004020,1,0x0
12242,1199,master,0x06000464,read,0x20004020,1,0x0
12243,1199,master,0x06000464,read,0x20004020,1,0x0
12244,1199,master,0x06000464,read,0x20004020,1,0x0
12245,1199,master,0x06000464,read,0x20004020,1,0x0
12246,1199,master,0x06000464,read,0x20004020,1,0x0
12247,1199,master,0x06000464,read,0x20004020,1,0x1
12248,1199,master,0x0600046A,read,0x20004021,1,0x22
12249,1199,master,0x06000464,read,0x20004020,1,0x0
12250,1199,master,0x06000464,read,0x20004020,1,0x0
12251,1199,master,0x06000464,read,0x20004020,1,0x0
12252,1199,master,0x06000464,read,0x20004020,1,0x0
12253,1199,master,0x06000464,read,0x20004020,1,0x0
12254,1199,master,0x06000464,read,0x20004020,1,0x0
12255,1199,master,0x06000464,read,0x20004020,1,0x0
12256,1199,master,0x06000464,read,0x20004020,1,0x0
12257,1199,master,0x06000464,read,0x20004020,1,0x0
12258,1199,master,0x06000464,read,0x20004020,1,0x1
12259,1199,master,0x0600046A,read,0x20004021,1,0x22
12260,1199,master,0x06000464,read,0x20004020,1,0x0
12261,1199,master,0x06000464,read,0x20004020,1,0x0
12262,1199,master,0x06000464,read,0x20004020,1,0x0
12263,1199,master,0x06000464,read,0x20004020,1,0x0
12264,1199,master,0x06000464,read,0x20004020,1,0x0
12265,1199,master,0x06000464,read,0x20004020,1,0x0
12266,1199,master,0x06000464,read,0x20004020,1,0x0
12267,1199,master,0x06000464,read,0x20004020,1,0x0
12268,1199,master,0x06000464,read,0x20004020,1,0x0
12269,1199,master,0x06000464,read,0x20004020,1,0x1
12270,1199,master,0x0600046A,read,0x20004021,1,0x22
12271,1199,master,0x06000464,read,0x20004020,1,0x0
12272,1199,master,0x06000464,read,0x20004020,1,0x0
12273,1199,master,0x06000464,read,0x20004020,1,0x0
12274,1199,master,0x06000464,read,0x20004020,1,0x0
12275,1199,master,0x06000464,read,0x20004020,1,0x0
12276,1199,master,0x06000464,read,0x20004020,1,0x0
12277,1199,master,0x06000464,read,0x20004020,1,0x0
12278,1199,master,0x06000464,read,0x20004020,1,0x0
12279,1199,master,0x06000464,read,0x20004020,1,0x0
12280,1199,master,0x06000464,read,0x20004020,1,0x1
12281,1199,master,0x0600046A,read,0x20004021,1,0x2B
12282,1201,master,0x06000464,read,0x20004020,1,0x0
12283,1201,master,0x06000464,read,0x20004020,1,0x0
12284,1201,master,0x06000464,read,0x20004020,1,0x0
12285,1201,master,0x06000464,read,0x20004020,1,0x0
12286,1201,master,0x06000464,read,0x20004020,1,0x0
12287,1201,master,0x06000464,read,0x20004020,1,0x0
12288,1201,master,0x06000464,read,0x20004020,1,0x0
12289,1201,master,0x06000464,read,0x20004020,1,0x0
12290,1201,master,0x06000464,read,0x20004020,1,0x0
12291,1201,master,0x06000464,read,0x20004020,1,0x0
12292,1201,master,0x06000464,read,0x20004020,1,0x1
12293,1201,master,0x0600046A,read,0x20004021,1,0x22
12294,1201,master,0x06000464,read,0x20004020,1,0x0
12295,1201,master,0x06000464,read,0x20004020,1,0x0
12296,1201,master,0x06000464,read,0x20004020,1,0x0
12297,1201,master,0x06000464,read,0x20004020,1,0x0
12298,1201,master,0x06000464,read,0x20004020,1,0x0
12299,1201,master,0x06000464,read,0x20004020,1,0x0
12300,1201,master,0x06000464,read,0x20004020,1,0x0
12301,1201,master,0x06000464,read,0x20004020,1,0x0
12302,1201,master,0x06000464,read,0x20004020,1,0x0
12303,1201,master,0x06000464,read,0x20004020,1,0x1
12304,1201,master,0x0600046A,read,0x20004021,1,0x22
12305,1201,master,0x06000464,read,0x20004020,1,0x0
12306,1201,master,0x06000464,read,0x20004020,1,0x0
12307,1201,master,0x06000464,read,0x20004020,1,0x0
12308,1201,master,0x06000464,read,0x20004020,1,0x0
12309,1201,master,0x06000464,read,0x20004020,1,0x0
12310,1201,master,0x06000464,read,0x20004020,1,0x0
12311,1201,master,0x06000464,read,0x20004020,1,0x0
12312,1201,master,0x06000464,read,0x20004020,1,0x0
12313,1201,master,0x06000464,read,0x20004020,1,0x0
12314,1201,master,0x06000464,read,0x20004020,1,0x1
12315,1201,master,0x0600046A,read,0x20004021,1,0x22
12316,1202,master,0x06000464,read,0x20004020,1,0x0
12317,1202,master,0x06000464,read,0x20004020,1,0x0
12318,1202,master,0x06000464,read,0x20004020,1,0x0
12319,1202,master,0x06000464,read,0x20004020,1,0x0
12320,1202,master,0x06000464,read,0x20004020,1,0x0
12321,1202,master,0x06000464,read,0x20004020,1,0x0
12322,1202,master,0x06000464,read,0x20004020,1,0x0
12323,1202,master,0x06000464,read,0x20004020,1,0x0
12324,1202,master,0x06000464,read,0x20004020,1,0x0
12325,1202,master,0x06000464,read,0x20004020,1,0x1
12326,1202,master,0x0600046A,read,0x20004021,1,0x22
12327,1202,master,0x06000464,read,0x20004020,1,0x0
12328,1202,master,0x06000464,read,0x20004020,1,0x0
12329,1202,master,0x06000464,read,0x20004020,1,0x0
12330,1202,master,0x06000464,read,0x20004020,1,0x0
12331,1202,master,0x06000464,read,0x20004020,1,0x0
12332,1202,master,0x06000464,read,0x20004020,1,0x0
12333,1202,master,0x06000464,read,0x20004020,1,0x0
12334,1202,master,0x06000464,read,0x20004020,1,0x0
12335,1202,master,0x06000464,read,0x20004020,1,0x0
12336,1202,master,0x06000464,read,0x20004020,1,0x1
12337,1202,master,0x0600046A,read,0x20004021,1,0x22
12338,1202,master,0x06000464,read,0x20004020,1,0x0
12339,1202,master,0x06000464,read,0x20004020,1,0x0
12340,1202,master,0x06000464,read,0x20004020,1,0x0
12341,1202,master,0x06000464,read,0x20004020,1,0x0
12342,1202,master,0x06000464,read,0x20004020,1,0x0
12343,1202,master,0x06000464,read,0x20004020,1,0x0
12344,1202,master,0x06000464,read,0x20004020,1,0x0
12345,1202,master,0x06000464,read,0x20004020,1,0x0
12346,1202,master,0x06000464,read,0x20004020,1,0x0
12347,1202,master,0x06000464,read,0x20004020,1,0x1
12348,1202,master,0x0600046A,read,0x20004021,1,0x22
12349,1202,master,0x06000464,read,0x20004020,1,0x0
12350,1202,master,0x06000464,read,0x20004020,1,0x0
12351,1202,master,0x06000464,read,0x20004020,1,0x0
12352,1202,master,0x06000464,read,0x20004020,1,0x0
12353,1202,master,0x06000464,read,0x20004020,1,0x0
12354,1202,master,0x06000464,read,0x20004020,1,0x0
12355,1202,master,0x06000464,read,0x20004020,1,0x0
12356,1202,master,0x06000464,read,0x20004020,1,0x0
12357,1202,master,0x06000464,read,0x20004020,1,0x0
12358,1202,master,0x06000464,read,0x20004020,1,0x1
12359,1202,master,0x0600046A,read,0x20004021,1,0x22
12360,1202,master,0x06000464,read,0x20004020,1,0x0
12361,1202,master,0x06000464,read,0x20004020,1,0x0
12362,1202,master,0x06000464,read,0x20004020,1,0x0
12363,1202,master,0x06000464,read,0x20004020,1,0x0
12364,1202,master,0x06000464,read,0x20004020,1,0x0
12365,1202,master,0x06000464,read,0x20004020,1,0x0
12366,1202,master,0x06000464,read,0x20004020,1,0x0
12367,1202,master,0x06000464,read,0x20004020,1,0x0
12368,1202,master,0x06000464,read,0x20004020,1,0x0
12369,1202,master,0x06000464,read,0x20004020,1,0x1
12370,1202,master,0x0600046A,read,0x20004021,1,0x22
12371,1202,master,0x06000464,read,0x20004020,1,0x0
12372,1202,master,0x06000464,read,0x20004020,1,0x0
12373,1202,master,0x06000464,read,0x20004020,1,0x0
12374,1202,master,0x06000464,read,0x20004020,1,0x0
12375,1202,master,0x06000464,read,0x20004020,1,0x0
12376,1202,master,0x06000464,read,0x20004020,1,0x0
12377,1202,master,0x06000464,read,0x20004020,1,0x0
12378,1202,master,0x06000464,read,0x20004020,1,0x0
12379,1202,master,0x06000464,read,0x20004020,1,0x0
12380,1202,master,0x06000464,read,0x20004020,1,0x1
12381,1202,master,0x0600046A,read,0x20004021,1,0x22
12382,1202,master,0x06000464,read,0x20004020,1,0x0
12383,1202,master,0x06000464,read,0x20004020,1,0x0
12384,1202,master,0x06000464,read,0x20004020,1,0x0
12385,1202,master,0x06000464,read,0x20004020,1,0x0
12386,1202,master,0x06000464,read,0x20004020,1,0x0
12387,1202,master,0x06000464,read,0x20004020,1,0x0
12388,1202,master,0x06000464,read,0x20004020,1,0x0
12389,1202,master,0x06000464,read,0x20004020,1,0x0
12390,1202,master,0x06000464,read,0x20004020,1,0x0
12391,1202,master,0x06000464,read,0x20004020,1,0x1
12392,1202,master,0x0600046A,read,0x20004021,1,0x22
12393,1202,master,0x06000464,read,0x20004020,1,0x0
12394,1202,master,0x06000464,read,0x20004020,1,0x0
12395,1202,master,0x06000464,read,0x20004020,1,0x0
12396,1202,master,0x06000464,read,0x20004020,1,0x0
12397,1202,master,0x06000464,read,0x20004020,1,0x0
12398,1202,master,0x06000464,read,0x20004020,1,0x0
12399,1202,master,0x06000464,read,0x20004020,1,0x0
12400,1202,master,0x06000464,read,0x20004020,1,0x0
12401,1202,master,0x06000464,read,0x20004020,1,0x0
12402,1202,master,0x06000464,read,0x20004020,1,0x1
12403,1202,master,0x0600046A,read,0x20004021,1,0x22
12404,1202,master,0x06000464,read,0x20004020,1,0x0
12405,1202,master,0x06000464,read,0x20004020,1,0x0
12406,1202,master,0x06000464,read,0x20004020,1,0x0
12407,1202,master,0x06000464,read,0x20004020,1,0x0
12408,1202,master,0x06000464,read,0x20004020,1,0x0
12409,1202,master,0x06000464,read,0x20004020,1,0x0
12410,1202,master,0x06000464,read,0x20004020,1,0x0
12411,1202,master,0x06000464,read,0x20004020,1,0x0
12412,1202,master,0x06000464,read,0x20004020,1,0x0
12413,1202,master,0x06000464,read,0x20004020,1,0x1
12414,1202,master,0x0600046A,read,0x20004021,1,0x22
12415,1202,master,0x06000464,read,0x20004020,1,0x0
12416,1202,master,0x06000464,read,0x20004020,1,0x0
12417,1202,master,0x06000464,read,0x20004020,1,0x0
12418,1202,master,0x06000464,read,0x20004020,1,0x0
12419,1202,master,0x06000464,read,0x20004020,1,0x0
12420,1202,master,0x06000464,read,0x20004020,1,0x0
12421,1202,master,0x06000464,read,0x20004020,1,0x0
12422,1202,master,0x06000464,read,0x20004020,1,0x0
12423,1202,master,0x06000464,read,0x20004020,1,0x0
12424,1202,master,0x06000464,read,0x20004020,1,0x1
12425,1202,master,0x0600046A,read,0x20004021,1,0x22
12426,1202,master,0x06000464,read,0x20004020,1,0x0
12427,1202,master,0x06000464,read,0x20004020,1,0x0
12428,1202,master,0x06000464,read,0x20004020,1,0x0
12429,1202,master,0x06000464,read,0x20004020,1,0x0
12430,1202,master,0x06000464,read,0x20004020,1,0x0
12431,1202,master,0x06000464,read,0x20004020,1,0x0
12432,1202,master,0x06000464,read,0x20004020,1,0x0
12433,1202,master,0x06000464,read,0x20004020,1,0x0
12434,1202,master,0x06000464,read,0x20004020,1,0x0
12435,1202,master,0x06000464,read,0x20004020,1,0x1
12436,1202,master,0x0600046A,read,0x20004021,1,0x22
12437,1202,master,0x06000464,read,0x20004020,1,0x0
12438,1202,master,0x06000464,read,0x20004020,1,0x0
12439,1202,master,0x06000464,read,0x20004020,1,0x0
12440,1202,master,0x06000464,read,0x20004020,1,0x0
12441,1202,master,0x06000464,read,0x20004020,1,0x0
12442,1202,master,0x06000464,read,0x20004020,1,0x0
12443,1202,master,0x06000464,read,0x20004020,1,0x0
12444,1202,master,0x06000464,read,0x20004020,1,0x0
12445,1202,master,0x06000464,read,0x20004020,1,0x0
12446,1202,master,0x06000464,read,0x20004020,1,0x1
12447,1202,master,0x0600046A,read,0x20004021,1,0x22
12448,1202,master,0x06000464,read,0x20004020,1,0x0
12449,1202,master,0x06000464,read,0x20004020,1,0x0
12450,1202,master,0x06000464,read,0x20004020,1,0x0
12451,1202,master,0x06000464,read,0x20004020,1,0x0
12452,1202,master,0x06000464,read,0x20004020,1,0x0
12453,1202,master,0x06000464,read,0x20004020,1,0x0
12454,1202,master,0x06000464,read,0x20004020,1,0x0
12455,1202,master,0x06000464,read,0x20004020,1,0x0
12456,1202,master,0x06000464,read,0x20004020,1,0x0
12457,1202,master,0x06000464,read,0x20004020,1,0x1
12458,1202,master,0x0600046A,read,0x20004021,1,0x22
12459,1202,master,0x06000464,read,0x20004020,1,0x0
12460,1202,master,0x06000464,read,0x20004020,1,0x0
12461,1202,master,0x06000464,read,0x20004020,1,0x0
12462,1202,master,0x06000464,read,0x20004020,1,0x0
12463,1202,master,0x06000464,read,0x20004020,1,0x0
12464,1202,master,0x06000464,read,0x20004020,1,0x0
12465,1202,master,0x06000464,read,0x20004020,1,0x0
12466,1202,master,0x06000464,read,0x20004020,1,0x0
12467,1202,master,0x06000464,read,0x20004020,1,0x0
12468,1202,master,0x06000464,read,0x20004020,1,0x1
12469,1202,master,0x0600046A,read,0x20004021,1,0x22
12470,1202,master,0x06000464,read,0x20004020,1,0x0
12471,1202,master,0x06000464,read,0x20004020,1,0x0
12472,1202,master,0x06000464,read,0x20004020,1,0x0
12473,1202,master,0x06000464,read,0x20004020,1,0x0
12474,1202,master,0x06000464,read,0x20004020,1,0x0
12475,1202,master,0x06000464,read,0x20004020,1,0x0
12476,1202,master,0x06000464,read,0x20004020,1,0x0
12477,1202,master,0x06000464,read,0x20004020,1,0x0
12478,1202,master,0x06000464,read,0x20004020,1,0x0
12479,1202,master,0x06000464,read,0x20004020,1,0x1
12480,1202,master,0x0600046A,read,0x20004021,1,0x22
12481,1202,master,0x06000464,read,0x20004020,1,0x0
12482,1202,master,0x06000464,read,0x20004020,1,0x0
12483,1202,master,0x06000464,read,0x20004020,1,0x0
12484,1202,master,0x06000464,read,0x20004020,1,0x0
12485,1202,master,0x06000464,read,0x20004020,1,0x0
12486,1202,master,0x06000464,read,0x20004020,1,0x0
12487,1202,master,0x06000464,read,0x20004020,1,0x0
12488,1202,master,0x06000464,read,0x20004020,1,0x0
12489,1202,master,0x06000464,read,0x20004020,1,0x0
12490,1202,master,0x06000464,read,0x20004020,1,0x1
12491,1202,master,0x0600046A,read,0x20004021,1,0x22
12492,1202,master,0x06000464,read,0x20004020,1,0x0
12493,1202,master,0x06000464,read,0x20004020,1,0x0
12494,1202,master,0x06000464,read,0x20004020,1,0x0
12495,1202,master,0x06000464,read,0x20004020,1,0x0
12496,1202,master,0x06000464,read,0x20004020,1,0x0
12497,1202,master,0x06000464,read,0x20004020,1,0x0
12498,1202,master,0x06000464,read,0x20004020,1,0x0
12499,1202,master,0x06000464,read,0x20004020,1,0x0
12500,1202,master,0x06000464,read,0x20004020,1,0x0
12501,1202,master,0x06000464,read,0x20004020,1,0x1
12502,1202,master,0x0600046A,read,0x20004021,1,0x2B
12503,1204,master,0x06000464,read,0x20004020,1,0x0
12504,1204,master,0x06000464,read,0x20004020,1,0x0
12505,1204,master,0x06000464,read,0x20004020,1,0x0
12506,1204,master,0x06000464,read,0x20004020,1,0x0
12507,1204,master,0x06000464,read,0x20004020,1,0x0
12508,1204,master,0x06000464,read,0x20004020,1,0x0
12509,1204,master,0x06000464,read,0x20004020,1,0x0
12510,1204,master,0x06000464,read,0x20004020,1,0x0
12511,1204,master,0x06000464,read,0x20004020,1,0x0
12512,1204,master,0x06000464,read,0x20004020,1,0x0
12513,1204,master,0x06000464,read,0x20004020,1,0x1
12514,1204,master,0x0600046A,read,0x20004021,1,0x22
12515,1204,master,0x06000464,read,0x20004020,1,0x0
12516,1204,master,0x06000464,read,0x20004020,1,0x0
12517,1204,master,0x06000464,read,0x20004020,1,0x0
12518,1204,master,0x06000464,read,0x20004020,1,0x0
12519,1204,master,0x06000464,read,0x20004020,1,0x0
12520,1204,master,0x06000464,read,0x20004020,1,0x0
12521,1204,master,0x06000464,read,0x20004020,1,0x0
12522,1204,master,0x06000464,read,0x20004020,1,0x0
12523,1204,master,0x06000464,read,0x20004020,1,0x0
12524,1204,master,0x06000464,read,0x20004020,2,0x0
12525,1205,master,0x06000464,read,0x20004020,1,0x1
12526,1205,master,0x0600046A,read,0x20004021,1,0x22
12527,1205,master,0x06000464,read,0x20004020,1,0x0
12528,1205,master,0x06000464,read,0x20004020,1,0x0
12529,1205,master,0x06000464,read,0x20004020,1,0x0
12530,1205,master,0x06000464,read,0x20004020,1,0x0
12531,1205,master,0x06000464,read,0x20004020,1,0x0
12532,1205,master,0x06000464,read,0x20004020,1,0x0
12533,1205,master,0x06000464,read,0x20004020,1,0x0
12534,1205,master,0x06000464,read,0x20004020,1,0x0
12535,1205,master,0x06000464,read,0x20004020,1,0x0
12536,1205,master,0x06000464,read,0x20004020,1,0x1
12537,1205,master,0x0600046A,read,0x20004021,1,0x22
12538,1205,master,0x06000464,read,0x20004020,1,0x0
12539,1205,master,0x06000464,read,0x20004020,1,0x0
12540,1205,master,0x06000464,read,0x20004020,1,0x0
12541,1205,master,0x06000464,read,0x20004020,1,0x0
12542,1205,master,0x06000464,read,0x20004020,1,0x0
12543,1205,master,0x06000464,read,0x20004020,1,0x0
12544,1205,master,0x06000464,read,0x20004020,1,0x0
12545,1205,master,0x06000464,read,0x20004020,1,0x0
12546,1205,master,0x06000464,read,0x20004020,1,0x0
12547,1205,master,0x06000464,read,0x20004020,1,0x1
12548,1205,master,0x0600046A,read,0x20004021,1,0x22
12549,1205,master,0x06000464,read,0x20004020,1,0x0
12550,1205,master,0x06000464,read,0x20004020,1,0x0
12551,1205,master,0x06000464,read,0x20004020,1,0x0
12552,1205,master,0x06000464,read,0x20004020,1,0x0
12553,1205,master,0x06000464,read,0x20004020,1,0x0
12554,1205,master,0x06000464,read,0x20004020,1,0x0
12555,1205,master,0x06000464,read,0x20004020,1,0x0
12556,1205,master,0x06000464,read,0x20004020,1,0x0
12557,1205,master,0x06000464,read,0x20004020,1,0x0
12558,1205,master,0x06000464,read,0x20004020,1,0x1
12559,1205,master,0x0600046A,read,0x20004021,1,0x22
12560,1205,master,0x06000464,read,0x20004020,1,0x0
12561,1205,master,0x06000464,read,0x20004020,1,0x0
12562,1205,master,0x06000464,read,0x20004020,1,0x0
12563,1205,master,0x06000464,read,0x20004020,1,0x0
12564,1205,master,0x06000464,read,0x20004020,1,0x0
12565,1205,master,0x06000464,read,0x20004020,1,0x0
12566,1205,master,0x06000464,read,0x20004020,1,0x0
12567,1205,master,0x06000464,read,0x20004020,1,0x0
12568,1205,master,0x06000464,read,0x20004020,1,0x0
12569,1205,master,0x06000464,read,0x20004020,1,0x1
12570,1205,master,0x0600046A,read,0x20004021,1,0x22
12571,1205,master,0x06000464,read,0x20004020,1,0x0
12572,1205,master,0x06000464,read,0x20004020,1,0x0
12573,1205,master,0x06000464,read,0x20004020,1,0x0
12574,1205,master,0x06000464,read,0x20004020,1,0x0
12575,1205,master,0x06000464,read,0x20004020,1,0x0
12576,1205,master,0x06000464,read,0x20004020,1,0x0
12577,1205,master,0x06000464,read,0x20004020,1,0x0
12578,1205,master,0x06000464,read,0x20004020,1,0x0
12579,1205,master,0x06000464,read,0x20004020,1,0x0
12580,1205,master,0x06000464,read,0x20004020,1,0x1
12581,1205,master,0x0600046A,read,0x20004021,1,0x22
12582,1205,master,0x06000464,read,0x20004020,1,0x0
12583,1205,master,0x06000464,read,0x20004020,1,0x0
12584,1205,master,0x06000464,read,0x20004020,1,0x0
12585,1205,master,0x06000464,read,0x20004020,1,0x0
12586,1205,master,0x06000464,read,0x20004020,1,0x0
12587,1205,master,0x06000464,read,0x20004020,1,0x0
12588,1205,master,0x06000464,read,0x20004020,1,0x0
12589,1205,master,0x06000464,read,0x20004020,1,0x0
12590,1205,master,0x06000464,read,0x20004020,1,0x0
12591,1205,master,0x06000464,read,0x20004020,1,0x1
12592,1205,master,0x0600046A,read,0x20004021,1,0x22
12593,1205,master,0x06000464,read,0x20004020,1,0x0
12594,1205,master,0x06000464,read,0x20004020,1,0x0
12595,1205,master,0x06000464,read,0x20004020,1,0x0
12596,1205,master,0x06000464,read,0x20004020,1,0x0
12597,1205,master,0x06000464,read,0x20004020,1,0x0
12598,1205,master,0x06000464,read,0x20004020,1,0x0
12599,1205,master,0x06000464,read,0x20004020,1,0x0
12600,1205,master,0x06000464,read,0x20004020,1,0x0
12601,1205,master,0x06000464,read,0x20004020,1,0x0
12602,1205,master,0x06000464,read,0x20004020,1,0x1
12603,1205,master,0x0600046A,read,0x20004021,1,0x22
12604,1205,master,0x06000464,read,0x20004020,1,0x0
12605,1205,master,0x06000464,read,0x20004020,1,0x0
12606,1205,master,0x06000464,read,0x20004020,1,0x0
12607,1205,master,0x06000464,read,0x20004020,1,0x0
12608,1205,master,0x06000464,read,0x20004020,1,0x0
12609,1205,master,0x06000464,read,0x20004020,1,0x0
12610,1205,master,0x06000464,read,0x20004020,1,0x0
12611,1205,master,0x06000464,read,0x20004020,1,0x0
12612,1205,master,0x06000464,read,0x20004020,1,0x0
12613,1205,master,0x06000464,read,0x20004020,1,0x1
12614,1205,master,0x0600046A,read,0x20004021,1,0x22
12615,1205,master,0x06000464,read,0x20004020,1,0x0
12616,1205,master,0x06000464,read,0x20004020,1,0x0
12617,1205,master,0x06000464,read,0x20004020,1,0x0
12618,1205,master,0x06000464,read,0x20004020,1,0x0
12619,1205,master,0x06000464,read,0x20004020,1,0x0
12620,1205,master,0x06000464,read,0x20004020,1,0x0
12621,1205,master,0x06000464,read,0x20004020,1,0x0
12622,1205,master,0x06000464,read,0x20004020,1,0x0
12623,1205,master,0x06000464,read,0x20004020,1,0x0
12624,1205,master,0x06000464,read,0x20004020,1,0x1
12625,1205,master,0x0600046A,read,0x20004021,1,0x22
12626,1205,master,0x06000464,read,0x20004020,1,0x0
12627,1205,master,0x06000464,read,0x20004020,1,0x0
12628,1205,master,0x06000464,read,0x20004020,1,0x0
12629,1205,master,0x06000464,read,0x20004020,1,0x0
12630,1205,master,0x06000464,read,0x20004020,1,0x0
12631,1205,master,0x06000464,read,0x20004020,1,0x0
12632,1205,master,0x06000464,read,0x20004020,1,0x0
12633,1205,master,0x06000464,read,0x20004020,1,0x0
12634,1205,master,0x06000464,read,0x20004020,1,0x0
12635,1205,master,0x06000464,read,0x20004020,1,0x1
12636,1205,master,0x0600046A,read,0x20004021,1,0x22
12637,1205,master,0x06000464,read,0x20004020,1,0x0
12638,1205,master,0x06000464,read,0x20004020,1,0x0
12639,1205,master,0x06000464,read,0x20004020,1,0x0
12640,1205,master,0x06000464,read,0x20004020,1,0x0
12641,1205,master,0x06000464,read,0x20004020,1,0x0
12642,1205,master,0x06000464,read,0x20004020,1,0x0
12643,1205,master,0x06000464,read,0x20004020,1,0x0
12644,1205,master,0x06000464,read,0x20004020,1,0x0
12645,1205,master,0x06000464,read,0x20004020,1,0x0
12646,1205,master,0x06000464,read,0x20004020,1,0x1
12647,1205,master,0x0600046A,read,0x20004021,1,0x22
12648,1205,master,0x06000464,read,0x20004020,1,0x0
12649,1205,master,0x06000464,read,0x20004020,1,0x0
12650,1205,master,0x06000464,read,0x20004020,1,0x0
12651,1205,master,0x06000464,read,0x20004020,1,0x0
12652,1205,master,0x06000464,read,0x20004020,1,0x0
12653,1205,master,0x06000464,read,0x20004020,1,0x0
12654,1205,master,0x06000464,read,0x20004020,1,0x0
12655,1205,master,0x06000464,read,0x20004020,1,0x0
12656,1205,master,0x06000464,read,0x20004020,1,0x0
12657,1205,master,0x06000464,read,0x20004020,1,0x1
12658,1205,master,0x0600046A,read,0x20004021,1,0x22
12659,1205,master,0x06000464,read,0x20004020,1,0x0
12660,1205,master,0x06000464,read,0x20004020,1,0x0
12661,1205,master,0x06000464,read,0x20004020,1,0x0
12662,1205,master,0x06000464,read,0x20004020,1,0x0
12663,1205,master,0x06000464,read,0x20004020,1,0x0
12664,1205,master,0x06000464,read,0x20004020,1,0x0
12665,1205,master,0x06000464,read,0x20004020,1,0x0
12666,1205,master,0x06000464,read,0x20004020,1,0x0
12667,1205,master,0x06000464,read,0x20004020,1,0x0
12668,1205,master,0x06000464,read,0x20004020,1,0x1
12669,1205,master,0x0600046A,read,0x20004021,1,0x22
12670,1205,master,0x06000464,read,0x20004020,1,0x0
12671,1205,master,0x06000464,read,0x20004020,1,0x0
12672,1205,master,0x06000464,read,0x20004020,1,0x0
12673,1205,master,0x06000464,read,0x20004020,1,0x0
12674,1205,master,0x06000464,read,0x20004020,1,0x0
12675,1205,master,0x06000464,read,0x20004020,1,0x0
12676,1205,master,0x06000464,read,0x20004020,1,0x0
12677,1205,master,0x06000464,read,0x20004020,1,0x0
12678,1205,master,0x06000464,read,0x20004020,1,0x0
12679,1205,master,0x06000464,read,0x20004020,1,0x1
12680,1205,master,0x0600046A,read,0x20004021,1,0x22
12681,1205,master,0x06000464,read,0x20004020,1,0x0
12682,1205,master,0x06000464,read,0x20004020,1,0x0
12683,1205,master,0x06000464,read,0x20004020,1,0x0
12684,1205,master,0x06000464,read,0x20004020,1,0x0
12685,1205,master,0x06000464,read,0x20004020,1,0x0
12686,1205,master,0x06000464,read,0x20004020,1,0x0
12687,1205,master,0x06000464,read,0x20004020,1,0x0
12688,1205,master,0x06000464,read,0x20004020,1,0x0
12689,1205,master,0x06000464,read,0x20004020,1,0x0
12690,1205,master,0x06000464,read,0x20004020,1,0x1
12691,1205,master,0x0600046A,read,0x20004021,1,0x22
12692,1205,master,0x06000464,read,0x20004020,1,0x0
12693,1205,master,0x06000464,read,0x20004020,1,0x0
12694,1205,master,0x06000464,read,0x20004020,1,0x0
12695,1205,master,0x06000464,read,0x20004020,1,0x0
12696,1205,master,0x06000464,read,0x20004020,1,0x0
12697,1205,master,0x06000464,read,0x20004020,1,0x0
12698,1205,master,0x06000464,read,0x20004020,1,0x0
12699,1205,master,0x06000464,read,0x20004020,1,0x0
12700,1205,master,0x06000464,read,0x20004020,1,0x0
12701,1205,master,0x06000464,read,0x20004020,1,0x1
12702,1205,master,0x0600046A,read,0x20004021,1,0x22
12703,1205,master,0x06000464,read,0x20004020,1,0x0
12704,1205,master,0x06000464,read,0x20004020,1,0x0
12705,1205,master,0x06000464,read,0x20004020,1,0x0
12706,1205,master,0x06000464,read,0x20004020,1,0x0
12707,1205,master,0x06000464,read,0x20004020,1,0x0
12708,1205,master,0x06000464,read,0x20004020,1,0x0
12709,1205,master,0x06000464,read,0x20004020,1,0x0
12710,1205,master,0x06000464,read,0x20004020,1,0x0
12711,1205,master,0x06000464,read,0x20004020,1,0x0
12712,1205,master,0x06000464,read,0x20004020,1,0x1
12713,1205,master,0x0600046A,read,0x20004021,1,0x22
12714,1205,master,0x06000464,read,0x20004020,1,0x0
12715,1205,master,0x06000464,read,0x20004020,1,0x0
12716,1205,master,0x06000464,read,0x20004020,1,0x0
12717,1205,master,0x06000464,read,0x20004020,1,0x0
12718,1205,master,0x06000464,read,0x20004020,1,0x0
12719,1205,master,0x06000464,read,0x20004020,1,0x0
12720,1205,master,0x06000464,read,0x20004020,1,0x0
12721,1205,master,0x06000464,read,0x20004020,1,0x0
12722,1205,master,0x06000464,read,0x20004020,1,0x0
12723,1205,master,0x06000464,read,0x20004020,2,0x0
12724,1206,master,0x06000464,read,0x20004020,1,0x1
12725,1206,master,0x0600046A,read,0x20004021,1,0x2B
12726,1207,master,0x06000464,read,0x20004020,1,0x0
12727,1207,master,0x06000464,read,0x20004020,1,0x0
12728,1207,master,0x06000464,read,0x20004020,1,0x0
12729,1207,master,0x06000464,read,0x20004020,1,0x0
12730,1207,master,0x06000464,read,0x20004020,1,0x0
12731,1207,master,0x06000464,read,0x20004020,1,0x0
12732,1207,master,0x06000464,read,0x20004020,1,0x0
12733,1207,master,0x06000464,read,0x20004020,1,0x0
12734,1207,master,0x06000464,read,0x20004020,1,0x0
12735,1207,master,0x06000464,read,0x20004020,1,0x0
12736,1207,master,0x06000464,read,0x20004020,1,0x1
12737,1207,master,0x0600046A,read,0x20004021,1,0x22
12738,1207,master,0x06000464,read,0x20004020,1,0x0
12739,1207,master,0x06000464,read,0x20004020,1,0x0
12740,1207,master,0x06000464,read,0x20004020,1,0x0
12741,1207,master,0x06000464,read,0x20004020,1,0x0
12742,1207,master,0x06000464,read,0x20004020,1,0x0
12743,1207,master,0x06000464,read,0x20004020,1,0x0
12744,1207,master,0x06000464,read,0x20004020,1,0x0
12745,1207,master,0x06000464,read,0x20004020,1,0x0
12746,1207,master,0x06000464,read,0x20004020,1,0x0
12747,1207,master,0x06000464,read,0x20004020,1,0x1
12748,1207,master,0x0600046A,read,0x20004021,1,0x22
12749,1208,master,0x06000464,read,0x20004020,1,0x0
12750,1208,master,0x06000464,read,0x20004020,1,0x0
12751,1208,master,0x06000464,read,0x20004020,1,0x0
12752,1208,master,0x06000464,read,0x20004020,1,0x0
12753,1208,master,0x06000464,read,0x20004020,1,0x0
12754,1208,master,0x06000464,read,0x20004020,1,0x0
12755,1208,master,0x06000464,read,0x20004020,1,0x0
12756,1208,master,0x06000464,read,0x20004020,1,0x0
12757,1208,master,0x06000464,read,0x20004020,1,0x0
12758,1208,master,0x06000464,read,0x20004020,1,0x1
12759,1208,master,0x0600046A,read,0x20004021,1,0x22
12760,1208,master,0x06000464,read,0x20004020,1,0x0
12761,1208,master,0x06000464,read,0x20004020,1,0x0
12762,1208,master,0x06000464,read,0x20004020,1,0x0
12763,1208,master,0x06000464,read,0x20004020,1,0x0
12764,1208,master,0x06000464,read,0x20004020,1,0x0
12765,1208,master,0x06000464,read,0x20004020,1,0x0
12766,1208,master,0x06000464,read,0x20004020,1,0x0
12767,1208,master,0x06000464,read,0x20004020,1,0x0
12768,1208,master,0x06000464,read,0x20004020,1,0x0
12769,1208,master,0x06000464,read,0x20004020,1,0x1
12770,1208,master,0x0600046A,read,0x20004021,1,0x22
12771,1208,master,0x06000464,read,0x20004020,1,0x0
12772,1208,master,0x06000464,read,0x20004020,1,0x0
12773,1208,master,0x06000464,read,0x20004020,1,0x0
12774,1208,master,0x06000464,read,0x20004020,1,0x0
12775,1208,master,0x06000464,read,0x20004020,1,0x0
12776,1208,master,0x06000464,read,0x20004020,1,0x0
12777,1208,master,0x06000464,read,0x20004020,1,0x0
12778,1208,master,0x06000464,read,0x20004020,1,0x0
12779,1208,master,0x06000464,read,0x20004020,1,0x0
12780,1208,master,0x06000464,read,0x20004020,1,0x1
12781,1208,master,0x0600046A,read,0x20004021,1,0x22
12782,1208,master,0x06000464,read,0x20004020,1,0x0
12783,1208,master,0x06000464,read,0x20004020,1,0x0
12784,1208,master,0x06000464,read,0x20004020,1,0x0
12785,1208,master,0x06000464,read,0x20004020,1,0x0
12786,1208,master,0x06000464,read,0x20004020,1,0x0
12787,1208,master,0x06000464,read,0x20004020,1,0x0
12788,1208,master,0x06000464,read,0x20004020,1,0x0
12789,1208,master,0x06000464,read,0x20004020,1,0x0
12790,1208,master,0x06000464,read,0x20004020,1,0x0
12791,1208,master,0x06000464,read,0x20004020,1,0x1
12792,1208,master,0x0600046A,read,0x20004021,1,0x22
12793,1208,master,0x06000464,read,0x20004020,1,0x0
12794,1208,master,0x06000464,read,0x20004020,1,0x0
12795,1208,master,0x06000464,read,0x20004020,1,0x0
12796,1208,master,0x06000464,read,0x20004020,1,0x0
12797,1208,master,0x06000464,read,0x20004020,1,0x0
12798,1208,master,0x06000464,read,0x20004020,1,0x0
12799,1208,master,0x06000464,read,0x20004020,1,0x0
12800,1208,master,0x06000464,read,0x20004020,1,0x0
12801,1208,master,0x06000464,read,0x20004020,1,0x0
12802,1208,master,0x06000464,read,0x20004020,1,0x1
12803,1208,master,0x0600046A,read,0x20004021,1,0x22
12804,1208,master,0x06000464,read,0x20004020,1,0x0
12805,1208,master,0x06000464,read,0x20004020,1,0x0
12806,1208,master,0x06000464,read,0x20004020,1,0x0
12807,1208,master,0x06000464,read,0x20004020,1,0x0
12808,1208,master,0x06000464,read,0x20004020,1,0x0
12809,1208,master,0x06000464,read,0x20004020,1,0x0
12810,1208,master,0x06000464,read,0x20004020,1,0x0
12811,1208,master,0x06000464,read,0x20004020,1,0x0
12812,1208,master,0x06000464,read,0x20004020,1,0x0
12813,1208,master,0x06000464,read,0x20004020,1,0x1
12814,1208,master,0x0600046A,read,0x20004021,1,0x22
12815,1208,master,0x06000464,read,0x20004020,1,0x0
12816,1208,master,0x06000464,read,0x20004020,1,0x0
12817,1208,master,0x06000464,read,0x20004020,1,0x0
12818,1208,master,0x06000464,read,0x20004020,1,0x0
12819,1208,master,0x06000464,read,0x20004020,1,0x0
12820,1208,master,0x06000464,read,0x20004020,1,0x0
12821,1208,master,0x06000464,read,0x20004020,1,0x0
12822,1208,master,0x06000464,read,0x20004020,1,0x0
12823,1208,master,0x06000464,read,0x20004020,1,0x0
12824,1208,master,0x06000464,read,0x20004020,1,0x1
12825,1208,master,0x0600046A,read,0x20004021,1,0x22
12826,1208,master,0x06000464,read,0x20004020,1,0x0
12827,1208,master,0x06000464,read,0x20004020,1,0x0
12828,1208,master,0x06000464,read,0x20004020,1,0x0
12829,1208,master,0x06000464,read,0x20004020,1,0x0
12830,1208,master,0x06000464,read,0x20004020,1,0x0
12831,1208,master,0x06000464,read,0x20004020,1,0x0
12832,1208,master,0x06000464,read,0x20004020,1,0x0
12833,1208,master,0x06000464,read,0x20004020,1,0x0
12834,1208,master,0x06000464,read,0x20004020,1,0x0
12835,1208,master,0x06000464,read,0x20004020,1,0x1
12836,1208,master,0x0600046A,read,0x20004021,1,0x22
12837,1208,master,0x06000464,read,0x20004020,1,0x0
12838,1208,master,0x06000464,read,0x20004020,1,0x0
12839,1208,master,0x06000464,read,0x20004020,1,0x0
12840,1208,master,0x06000464,read,0x20004020,1,0x0
12841,1208,master,0x06000464,read,0x20004020,1,0x0
12842,1208,master,0x06000464,read,0x20004020,1,0x0
12843,1208,master,0x06000464,read,0x20004020,1,0x0
12844,1208,master,0x06000464,read,0x20004020,1,0x0
12845,1208,master,0x06000464,read,0x20004020,1,0x0
12846,1208,master,0x06000464,read,0x20004020,1,0x1
12847,1208,master,0x0600046A,read,0x20004021,1,0x22
12848,1208,master,0x06000464,read,0x20004020,1,0x0
12849,1208,master,0x06000464,read,0x20004020,1,0x0
12850,1208,master,0x06000464,read,0x20004020,1,0x0
12851,1208,master,0x06000464,read,0x20004020,1,0x0
12852,1208,master,0x06000464,read,0x20004020,1,0x0
12853,1208,master,0x06000464,read,0x20004020,1,0x0
12854,1208,master,0x06000464,read,0x20004020,1,0x0
12855,1208,master,0x06000464,read,0x20004020,1,0x0
12856,1208,master,0x06000464,read,0x20004020,1,0x0
12857,1208,master,0x06000464,read,0x20004020,1,0x1
12858,1208,master,0x0600046A,read,0x20004021,1,0x22
12859,1208,master,0x06000464,read,0x20004020,1,0x0
12860,1208,master,0x06000464,read,0x20004020,1,0x0
12861,1208,master,0x06000464,read,0x20004020,1,0x0
12862,1208,master,0x06000464,read,0x20004020,1,0x0
12863,1208,master,0x06000464,read,0x20004020,1,0x0
12864,1208,master,0x06000464,read,0x20004020,1,0x0
12865,1208,master,0x06000464,read,0x20004020,1,0x0
12866,1208,master,0x06000464,read,0x20004020,1,0x0
12867,1208,master,0x06000464,read,0x20004020,1,0x0
12868,1208,master,0x06000464,read,0x20004020,1,0x1
12869,1208,master,0x0600046A,read,0x20004021,1,0x22
12870,1208,master,0x06000464,read,0x20004020,1,0x0
12871,1208,master,0x06000464,read,0x20004020,1,0x0
12872,1208,master,0x06000464,read,0x20004020,1,0x0
12873,1208,master,0x06000464,read,0x20004020,1,0x0
12874,1208,master,0x06000464,read,0x20004020,1,0x0
12875,1208,master,0x06000464,read,0x20004020,1,0x0
12876,1208,master,0x06000464,read,0x20004020,1,0x0
12877,1208,master,0x06000464,read,0x20004020,1,0x0
12878,1208,master,0x06000464,read,0x20004020,1,0x0
12879,1208,master,0x06000464,read,0x20004020,1,0x1
12880,1208,master,0x0600046A,read,0x20004021,1,0x22
12881,1208,master,0x06000464,read,0x20004020,1,0x0
12882,1208,master,0x06000464,read,0x20004020,1,0x0
12883,1208,master,0x06000464,read,0x20004020,1,0x0
12884,1208,master,0x06000464,read,0x20004020,1,0x0
12885,1208,master,0x06000464,read,0x20004020,1,0x0
12886,1208,master,0x06000464,read,0x20004020,1,0x0
12887,1208,master,0x06000464,read,0x20004020,1,0x0
12888,1208,master,0x06000464,read,0x20004020,1,0x0
12889,1208,master,0x06000464,read,0x20004020,1,0x0
12890,1208,master,0x06000464,read,0x20004020,1,0x1
12891,1208,master,0x0600046A,read,0x20004021,1,0x22
12892,1208,master,0x06000464,read,0x20004020,1,0x0
12893,1208,master,0x06000464,read,0x20004020,1,0x0
12894,1208,master,0x06000464,read,0x20004020,1,0x0
12895,1208,master,0x06000464,read,0x20004020,1,0x0
12896,1208,master,0x06000464,read,0x20004020,1,0x0
12897,1208,master,0x06000464,read,0x20004020,1,0x0
12898,1208,master,0x06000464,read,0x20004020,1,0x0
12899,1208,master,0x06000464,read,0x20004020,1,0x0
12900,1208,master,0x06000464,read,0x20004020,1,0x0
12901,1208,master,0x06000464,read,0x20004020,1,0x1
12902,1208,master,0x0600046A,read,0x20004021,1,0x22
12903,1208,master,0x06000464,read,0x20004020,1,0x0
12904,1208,master,0x06000464,read,0x20004020,1,0x0
12905,1208,master,0x06000464,read,0x20004020,1,0x0
12906,1208,master,0x06000464,read,0x20004020,1,0x0
12907,1208,master,0x06000464,read,0x20004020,1,0x0
12908,1208,master,0x06000464,read,0x20004020,1,0x0
12909,1208,master,0x06000464,read,0x20004020,1,0x0
12910,1208,master,0x06000464,read,0x20004020,1,0x0
12911,1208,master,0x06000464,read,0x20004020,1,0x0
12912,1208,master,0x06000464,read,0x20004020,1,0x1
12913,1208,master,0x0600046A,read,0x20004021,1,0x22
12914,1208,master,0x06000464,read,0x20004020,1,0x0
12915,1208,master,0x06000464,read,0x20004020,1,0x0
12916,1208,master,0x06000464,read,0x20004020,1,0x0
12917,1208,master,0x06000464,read,0x20004020,1,0x0
12918,1208,master,0x06000464,read,0x20004020,1,0x0
12919,1208,master,0x06000464,read,0x20004020,1,0x0
12920,1208,master,0x06000464,read,0x20004020,1,0x0
12921,1208,master,0x06000464,read,0x20004020,1,0x0
12922,1208,master,0x06000464,read,0x20004020,1,0x0
12923,1208,master,0x06000464,read,0x20004020,1,0x1
12924,1208,master,0x0600046A,read,0x20004021,1,0x22
12925,1208,master,0x06000464,read,0x20004020,1,0x0
12926,1208,master,0x06000464,read,0x20004020,1,0x0
12927,1208,master,0x06000464,read,0x20004020,1,0x0
12928,1208,master,0x06000464,read,0x20004020,1,0x0
12929,1208,master,0x06000464,read,0x20004020,1,0x0
12930,1208,master,0x06000464,read,0x20004020,1,0x0
12931,1208,master,0x06000464,read,0x20004020,1,0x0
12932,1208,master,0x06000464,read,0x20004020,1,0x0
12933,1208,master,0x06000464,read,0x20004020,1,0x0
12934,1208,master,0x06000464,read,0x20004020,1,0x1
12935,1208,master,0x0600046A,read,0x20004021,1,0x22
12936,1208,master,0x06000464,read,0x20004020,1,0x0
12937,1208,master,0x06000464,read,0x20004020,1,0x0
12938,1208,master,0x06000464,read,0x20004020,1,0x0
12939,1208,master,0x06000464,read,0x20004020,1,0x0
12940,1208,master,0x06000464,read,0x20004020,1,0x0
12941,1208,master,0x06000464,read,0x20004020,1,0x0
12942,1208,master,0x06000464,read,0x20004020,1,0x0
12943,1208,master,0x06000464,read,0x20004020,1,0x0
12944,1208,master,0x06000464,read,0x20004020,1,0x0
12945,1208,master,0x06000464,read,0x20004020,1,0x1
12946,1208,master,0x0600046A,read,0x20004021,1,0x2B
12947,1210,master,0x06000464,read,0x20004020,1,0x0
12948,1210,master,0x06000464,read,0x20004020,1,0x0
12949,1210,master,0x06000464,read,0x20004020,1,0x0
12950,1210,master,0x06000464,read,0x20004020,1,0x0
12951,1210,master,0x06000464,read,0x20004020,1,0x0
12952,1210,master,0x06000464,read,0x20004020,1,0x0
12953,1210,master,0x06000464,read,0x20004020,1,0x0
12954,1210,master,0x06000464,read,0x20004020,1,0x0
12955,1210,master,0x06000464,read,0x20004020,1,0x0
12956,1210,master,0x06000464,read,0x20004020,1,0x0
12957,1210,master,0x06000464,read,0x20004020,1,0x1
12958,1210,master,0x0600046A,read,0x20004021,1,0x22
12959,1210,master,0x06000464,read,0x20004020,1,0x0
12960,1210,master,0x06000464,read,0x20004020,1,0x0
12961,1210,master,0x06000464,read,0x20004020,1,0x0
12962,1210,master,0x06000464,read,0x20004020,1,0x0
12963,1210,master,0x06000464,read,0x20004020,1,0x0
12964,1210,master,0x06000464,read,0x20004020,1,0x0
12965,1210,master,0x06000464,read,0x20004020,1,0x0
12966,1210,master,0x06000464,read,0x20004020,1,0x0
12967,1210,master,0x06000464,read,0x20004020,1,0x0
12968,1210,master,0x06000464,read,0x20004020,1,0x1
12969,1210,master,0x0600046A,read,0x20004021,1,0x22
12970,1210,master,0x06000464,read,0x20004020,1,0x0
12971,1210,master,0x06000464,read,0x20004020,1,0x0
12972,1210,master,0x06000464,read,0x20004020,1,0x0
12973,1210,master,0x06000464,read,0x20004020,1,0x0
12974,1210,master,0x06000464,read,0x20004020,1,0x0
12975,1210,master,0x06000464,read,0x20004020,1,0x0
12976,1210,master,0x06000464,read,0x20004020,1,0x0
12977,1210,master,0x06000464,read,0x20004020,1,0x0
12978,1210,master,0x06000464,read,0x20004020,1,0x0
12979,1210,master,0x06000464,read,0x20004020,2,0x0
12980,1211,master,0x06000464,read,0x20004020,1,0x1
12981,1211,master,0x0600046A,read,0x20004021,1,0x22
12982,1211,master,0x06000464,read,0x20004020,1,0x0
12983,1211,master,0x06000464,read,0x20004020,1,0x0
12984,1211,master,0x06000464,read,0x20004020,1,0x0
12985,1211,master,0x06000464,read,0x20004020,1,0x0
12986,1211,master,0x06000464,read,0x20004020,1,0x0
12987,1211,master,0x06000464,read,0x20004020,1,0x0
12988,1211,master,0x06000464,read,0x20004020,1,0x0
12989,1211,master,0x06000464,read,0x20004020,1,0x0
12990,1211,master,0x06000464,read,0x20004020,1,0x0
12991,1211,master,0x06000464,read,0x20004020,1,0x1
12992,1211,master,0x0600046A,read,0x20004021,1,0x22
12993,1211,master,0x06000464,read,0x20004020,1,0x0
12994,1211,master,0x06000464,read,0x20004020,1,0x0
12995,1211,master,0x06000464,read,0x20004020,1,0x0
12996,1211,master,0x06000464,read,0x20004020,1,0x0
12997,1211,master,0x06000464,read,0x20004020,1,0x0
12998,1211,master,0x06000464,read,0x20004020,1,0x0
12999,1211,master,0x06000464,read,0x20004020,1,0x0
13000,1211,master,0x06000464,read,0x20004020,1,0x0
13001,1211,master,0x06000464,read,0x20004020,1,0x0
13002,1211,master,0x06000464,read,0x20004020,1,0x1
13003,1211,master,0x0600046A,read,0x20004021,1,0x22
13004,1211,master,0x06000464,read,0x20004020,1,0x0
13005,1211,master,0x06000464,read,0x20004020,1,0x0
13006,1211,master,0x06000464,read,0x20004020,1,0x0
13007,1211,master,0x06000464,read,0x20004020,1,0x0
13008,1211,master,0x06000464,read,0x20004020,1,0x0
13009,1211,master,0x06000464,read,0x20004020,1,0x0
13010,1211,master,0x06000464,read,0x20004020,1,0x0
13011,1211,master,0x06000464,read,0x20004020,1,0x0
13012,1211,master,0x06000464,read,0x20004020,1,0x0
13013,1211,master,0x06000464,read,0x20004020,1,0x1
13014,1211,master,0x0600046A,read,0x20004021,1,0x22
13015,1211,master,0x06000464,read,0x20004020,1,0x0
13016,1211,master,0x06000464,read,0x20004020,1,0x0
13017,1211,master,0x06000464,read,0x20004020,1,0x0
13018,1211,master,0x06000464,read,0x20004020,1,0x0
13019,1211,master,0x06000464,read,0x20004020,1,0x0
13020,1211,master,0x06000464,read,0x20004020,1,0x0
13021,1211,master,0x06000464,read,0x20004020,1,0x0
13022,1211,master,0x06000464,read,0x20004020,1,0x0
13023,1211,master,0x06000464,read,0x20004020,1,0x0
13024,1211,master,0x06000464,read,0x20004020,1,0x1
13025,1211,master,0x0600046A,read,0x20004021,1,0x22
13026,1211,master,0x06000464,read,0x20004020,1,0x0
13027,1211,master,0x06000464,read,0x20004020,1,0x0
13028,1211,master,0x06000464,read,0x20004020,1,0x0
13029,1211,master,0x06000464,read,0x20004020,1,0x0
13030,1211,master,0x06000464,read,0x20004020,1,0x0
13031,1211,master,0x06000464,read,0x20004020,1,0x0
13032,1211,master,0x06000464,read,0x20004020,1,0x0
13033,1211,master,0x06000464,read,0x20004020,1,0x0
13034,1211,master,0x06000464,read,0x20004020,1,0x0
13035,1211,master,0x06000464,read,0x20004020,1,0x0
13036,1211,master,0x06000464,read,0x20004020,1,0x1
13037,1211,master,0x0600046A,read,0x20004021,1,0x22
13038,1211,master,0x06000464,read,0x20004020,1,0x0
13039,1211,master,0x06000464,read,0x20004020,1,0x0
13040,1211,master,0x06000464,read,0x20004020,1,0x0
13041,1211,master,0x06000464,read,0x20004020,1,0x0
13042,1211,master,0x06000464,read,0x20004020,1,0x0
13043,1211,master,0x06000464,read,0x20004020,1,0x0
13044,1211,master,0x06000464,read,0x20004020,1,0x0
13045,1211,master,0x06000464,read,0x20004020,1,0x0
13046,1211,master,0x06000464,read,0x20004020,1,0x0
13047,1211,master,0x06000464,read,0x20004020,1,0x1
13048,1211,master,0x0600046A,read,0x20004021,1,0x22
13049,1211,master,0x06000464,read,0x20004020,1,0x0
13050,1211,master,0x06000464,read,0x20004020,1,0x0
13051,1211,master,0x06000464,read,0x20004020,1,0x0
13052,1211,master,0x06000464,read,0x20004020,1,0x0
13053,1211,master,0x06000464,read,0x20004020,1,0x0
13054,1211,master,0x06000464,read,0x20004020,1,0x0
13055,1211,master,0x06000464,read,0x20004020,1,0x0
13056,1211,master,0x06000464,read,0x20004020,1,0x0
13057,1211,master,0x06000464,read,0x20004020,1,0x0
13058,1211,master,0x06000464,read,0x20004020,1,0x1
13059,1211,master,0x0600046A,read,0x20004021,1,0x22
13060,1211,master,0x06000464,read,0x20004020,1,0x0
13061,1211,master,0x06000464,read,0x20004020,1,0x0
13062,1211,master,0x06000464,read,0x20004020,1,0x0
13063,1211,master,0x06000464,read,0x20004020,1,0x0
13064,1211,master,0x06000464,read,0x20004020,1,0x0
13065,1211,master,0x06000464,read,0x20004020,1,0x0
13066,1211,master,0x06000464,read,0x20004020,1,0x0
13067,1211,master,0x06000464,read,0x20004020,1,0x0
13068,1211,master,0x06000464,read,0x20004020,1,0x0
13069,1211,master,0x06000464,read,0x20004020,1,0x1
13070,1211,master,0x0600046A,read,0x20004021,1,0x22
13071,1211,master,0x06000464,read,0x20004020,1,0x0
13072,1211,master,0x06000464,read,0x20004020,1,0x0
13073,1211,master,0x06000464,read,0x20004020,1,0x0
13074,1211,master,0x06000464,read,0x20004020,1,0x0
13075,1211,master,0x06000464,read,0x20004020,1,0x0
13076,1211,master,0x06000464,read,0x20004020,1,0x0
13077,1211,master,0x06000464,read,0x20004020,1,0x0
13078,1211,master,0x06000464,read,0x20004020,1,0x0
13079,1211,master,0x06000464,read,0x20004020,1,0x0
13080,1211,master,0x06000464,read,0x20004020,1,0x1
13081,1211,master,0x0600046A,read,0x20004021,1,0x22
13082,1211,master,0x06000464,read,0x20004020,1,0x0
13083,1211,master,0x06000464,read,0x20004020,1,0x0
13084,1211,master,0x06000464,read,0x20004020,1,0x0
13085,1211,master,0x06000464,read,0x20004020,1,0x0
13086,1211,master,0x06000464,read,0x20004020,1,0x0
13087,1211,master,0x06000464,read,0x20004020,1,0x0
13088,1211,master,0x06000464,read,0x20004020,1,0x0
13089,1211,master,0x06000464,read,0x20004020,1,0x0
13090,1211,master,0x06000464,read,0x20004020,1,0x0
13091,1211,master,0x06000464,read,0x20004020,1,0x1
13092,1211,master,0x0600046A,read,0x20004021,1,0x22
13093,1211,master,0x06000464,read,0x20004020,1,0x0
13094,1211,master,0x06000464,read,0x20004020,1,0x0
13095,1211,master,0x06000464,read,0x20004020,1,0x0
13096,1211,master,0x06000464,read,0x20004020,1,0x0
13097,1211,master,0x06000464,read,0x20004020,1,0x0
13098,1211,master,0x06000464,read,0x20004020,1,0x0
13099,1211,master,0x06000464,read,0x20004020,1,0x0
13100,1211,master,0x06000464,read,0x20004020,1,0x0
13101,1211,master,0x06000464,read,0x20004020,1,0x0
13102,1211,master,0x06000464,read,0x20004020,1,0x1
13103,1211,master,0x0600046A,read,0x20004021,1,0x22
13104,1211,master,0x06000464,read,0x20004020,1,0x0
13105,1211,master,0x06000464,read,0x20004020,1,0x0
13106,1211,master,0x06000464,read,0x20004020,1,0x0
13107,1211,master,0x06000464,read,0x20004020,1,0x0
13108,1211,master,0x06000464,read,0x20004020,1,0x0
13109,1211,master,0x06000464,read,0x20004020,1,0x0
13110,1211,master,0x06000464,read,0x20004020,1,0x0
13111,1211,master,0x06000464,read,0x20004020,1,0x0
13112,1211,master,0x06000464,read,0x20004020,1,0x0
13113,1211,master,0x06000464,read,0x20004020,1,0x1
13114,1211,master,0x0600046A,read,0x20004021,1,0x22
13115,1211,master,0x06000464,read,0x20004020,1,0x0
13116,1211,master,0x06000464,read,0x20004020,1,0x0
13117,1211,master,0x06000464,read,0x20004020,1,0x0
13118,1211,master,0x06000464,read,0x20004020,1,0x0
13119,1211,master,0x06000464,read,0x20004020,1,0x0
13120,1211,master,0x06000464,read,0x20004020,1,0x0
13121,1211,master,0x06000464,read,0x20004020,1,0x0
13122,1211,master,0x06000464,read,0x20004020,1,0x0
13123,1211,master,0x06000464,read,0x20004020,1,0x0
13124,1211,master,0x06000464,read,0x20004020,1,0x1
13125,1211,master,0x0600046A,read,0x20004021,1,0x22
13126,1211,master,0x06000464,read,0x20004020,1,0x0
13127,1211,master,0x06000464,read,0x20004020,1,0x0
13128,1211,master,0x06000464,read,0x20004020,1,0x0
13129,1211,master,0x06000464,read,0x20004020,1,0x0
13130,1211,master,0x06000464,read,0x20004020,1,0x0
13131,1211,master,0x06000464,read,0x20004020,1,0x0
13132,1211,master,0x06000464,read,0x20004020,1,0x0
13133,1211,master,0x06000464,read,0x20004020,1,0x0
13134,1211,master,0x06000464,read,0x20004020,1,0x0
13135,1211,master,0x06000464,read,0x20004020,1,0x1
13136,1211,master,0x0600046A,read,0x20004021,1,0x22
13137,1211,master,0x06000464,read,0x20004020,1,0x0
13138,1211,master,0x06000464,read,0x20004020,1,0x0
13139,1211,master,0x06000464,read,0x20004020,1,0x0
13140,1211,master,0x06000464,read,0x20004020,1,0x0
13141,1211,master,0x06000464,read,0x20004020,1,0x0
13142,1211,master,0x06000464,read,0x20004020,1,0x0
13143,1211,master,0x06000464,read,0x20004020,1,0x0
13144,1211,master,0x06000464,read,0x20004020,1,0x0
13145,1211,master,0x06000464,read,0x20004020,1,0x0
13146,1211,master,0x06000464,read,0x20004020,1,0x1
13147,1211,master,0x0600046A,read,0x20004021,1,0x22
13148,1211,master,0x06000464,read,0x20004020,1,0x0
13149,1211,master,0x06000464,read,0x20004020,1,0x0
13150,1211,master,0x06000464,read,0x20004020,1,0x0
13151,1211,master,0x06000464,read,0x20004020,1,0x0
13152,1211,master,0x06000464,read,0x20004020,1,0x0
13153,1211,master,0x06000464,read,0x20004020,1,0x0
13154,1211,master,0x06000464,read,0x20004020,1,0x0
13155,1211,master,0x06000464,read,0x20004020,1,0x0
13156,1211,master,0x06000464,read,0x20004020,1,0x0
13157,1211,master,0x06000464,read,0x20004020,1,0x1
13158,1211,master,0x0600046A,read,0x20004021,1,0x22
13159,1211,master,0x06000464,read,0x20004020,1,0x0
13160,1211,master,0x06000464,read,0x20004020,1,0x0
13161,1211,master,0x06000464,read,0x20004020,1,0x0
13162,1211,master,0x06000464,read,0x20004020,1,0x0
13163,1211,master,0x06000464,read,0x20004020,1,0x0
13164,1211,master,0x06000464,read,0x20004020,1,0x0
13165,1211,master,0x06000464,read,0x20004020,1,0x0
13166,1211,master,0x06000464,read,0x20004020,1,0x0
13167,1211,master,0x06000464,read,0x20004020,1,0x0
13168,1211,master,0x06000464,read,0x20004020,1,0x1
13169,1211,master,0x0600046A,read,0x20004021,1,0x2B
13170,1213,master,0x06000464,read,0x20004020,1,0x0
13171,1213,master,0x06000464,read,0x20004020,1,0x0
13172,1213,master,0x06000464,read,0x20004020,1,0x0
13173,1213,master,0x06000464,read,0x20004020,1,0x0
13174,1213,master,0x06000464,read,0x20004020,1,0x0
13175,1213,master,0x06000464,read,0x20004020,1,0x0
13176,1213,master,0x06000464,read,0x20004020,1,0x0
13177,1213,master,0x06000464,read,0x20004020,1,0x0
13178,1213,master,0x06000464,read,0x20004020,1,0x0
13179,1213,master,0x06000464,read,0x20004020,1,0x0
13180,1213,master,0x06000464,read,0x20004020,1,0x1
13181,1213,master,0x0600046A,read,0x20004021,1,0x22
13182,1213,master,0x06000464,read,0x20004020,1,0x0
13183,1213,master,0x06000464,read,0x20004020,1,0x0
13184,1213,master,0x06000464,read,0x20004020,1,0x0
13185,1213,master,0x06000464,read,0x20004020,1,0x0
13186,1213,master,0x06000464,read,0x20004020,1,0x0
13187,1213,master,0x06000464,read,0x20004020,1,0x0
13188,1213,master,0x06000464,read,0x20004020,1,0x0
13189,1213,master,0x06000464,read,0x20004020,1,0x0
13190,1213,master,0x06000464,read,0x20004020,1,0x0
13191,1213,master,0x06000464,read,0x20004020,1,0x1
13192,1213,master,0x0600046A,read,0x20004021,1,0x22
13193,1214,master,0x06000464,read,0x20004020,1,0x0
13194,1214,master,0x06000464,read,0x20004020,1,0x0
13195,1214,master,0x06000464,read,0x20004020,1,0x0
13196,1214,master,0x06000464,read,0x20004020,1,0x0
13197,1214,master,0x06000464,read,0x20004020,1,0x0
13198,1214,master,0x06000464,read,0x20004020,1,0x0
13199,1214,master,0x06000464,read,0x20004020,1,0x0
13200,1214,master,0x06000464,read,0x20004020,1,0x0
13201,1214,master,0x06000464,read,0x20004020,1,0x0
13202,1214,master,0x06000464,read,0x20004020,1,0x1
13203,1214,master,0x0600046A,read,0x20004021,1,0x22
13204,1214,master,0x06000464,read,0x20004020,1,0x0
13205,1214,master,0x06000464,read,0x20004020,1,0x0
13206,1214,master,0x06000464,read,0x20004020,1,0x0
13207,1214,master,0x06000464,read,0x20004020,1,0x0
13208,1214,master,0x06000464,read,0x20004020,1,0x0
13209,1214,master,0x06000464,read,0x20004020,1,0x0
13210,1214,master,0x06000464,read,0x20004020,1,0x0
13211,1214,master,0x06000464,read,0x20004020,1,0x0
13212,1214,master,0x06000464,read,0x20004020,1,0x0
13213,1214,master,0x06000464,read,0x20004020,1,0x1
13214,1214,master,0x0600046A,read,0x20004021,1,0x22
13215,1214,master,0x06000464,read,0x20004020,1,0x0
13216,1214,master,0x06000464,read,0x20004020,1,0x0
13217,1214,master,0x06000464,read,0x20004020,1,0x0
13218,1214,master,0x06000464,read,0x20004020,1,0x0
13219,1214,master,0x06000464,read,0x20004020,1,0x0
13220,1214,master,0x06000464,read,0x20004020,1,0x0
13221,1214,master,0x06000464,read,0x20004020,1,0x0
13222,1214,master,0x06000464,read,0x20004020,1,0x0
13223,1214,master,0x06000464,read,0x20004020,1,0x0
13224,1214,master,0x06000464,read,0x20004020,1,0x1
13225,1214,master,0x0600046A,read,0x20004021,1,0x22
13226,1214,master,0x06000464,read,0x20004020,1,0x0
13227,1214,master,0x06000464,read,0x20004020,1,0x0
13228,1214,master,0x06000464,read,0x20004020,1,0x0
13229,1214,master,0x06000464,read,0x20004020,1,0x0
13230,1214,master,0x06000464,read,0x20004020,1,0x0
13231,1214,master,0x06000464,read,0x20004020,1,0x0
13232,1214,master,0x06000464,read,0x20004020,1,0x0
13233,1214,master,0x06000464,read,0x20004020,1,0x0
13234,1214,master,0x06000464,read,0x20004020,1,0x0
13235,1214,master,0x06000464,read,0x20004020,1,0x1
13236,1214,master,0x0600046A,read,0x20004021,1,0x22
13237,1214,master,0x06000464,read,0x20004020,1,0x0
13238,1214,master,0x06000464,read,0x20004020,1,0x0
13239,1214,master,0x06000464,read,0x20004020,1,0x0
13240,1214,master,0x06000464,read,0x20004020,1,0x0
13241,1214,master,0x06000464,read,0x20004020,1,0x0
13242,1214,master,0x06000464,read,0x20004020,1,0x0
13243,1214,master,0x06000464,read,0x20004020,1,0x0
13244,1214,master,0x06000464,read,0x20004020,1,0x0
13245,1214,master,0x06000464,read,0x20004020,1,0x0
13246,1214,master,0x06000464,read,0x20004020,1,0x1
13247,1214,master,0x0600046A,read,0x20004021,1,0x22
13248,1214,master,0x06000464,read,0x20004020,1,0x0
13249,1214,master,0x06000464,read,0x20004020,1,0x0
13250,1214,master,0x06000464,read,0x20004020,1,0x0
13251,1214,master,0x06000464,read,0x20004020,1,0x0
13252,1214,master,0x06000464,read,0x20004020,1,0x0
13253,1214,master,0x06000464,read,0x20004020,1,0x0
13254,1214,master,0x06000464,read,0x20004020,1,0x0
13255,1214,master,0x06000464,read,0x20004020,1,0x0
13256,1214,master,0x06000464,read,0x20004020,1,0x0
13257,1214,master,0x06000464,read,0x20004020,1,0x0
13258,1214,master,0x06000464,read,0x20004020,1,0x1
13259,1214,master,0x0600046A,read,0x20004021,1,0x22
13260,1214,master,0x06000464,read,0x20004020,1,0x0
13261,1214,master,0x06000464,read,0x20004020,1,0x0
13262,1214,master,0x06000464,read,0x20004020,1,0x0
13263,1214,master,0x06000464,read,0x20004020,1,0x0
13264,1214,master,0x06000464,read,0x20004020,1,0x0
13265,1214,master,0x06000464,read,0x20004020,1,0x0
13266,1214,master,0x06000464,read,0x20004020,1,0x0
13267,1214,master,0x06000464,read,0x20004020,1,0x0
13268,1214,master,0x06000464,read,0x20004020,1,0x0
13269,1214,master,0x06000464,read,0x20004020,1,0x1
13270,1214,master,0x0600046A,read,0x20004021,1,0x22
13271,1214,master,0x06000464,read,0x20004020,1,0x0
13272,1214,master,0x06000464,read,0x20004020,1,0x0
13273,1214,master,0x06000464,read,0x20004020,1,0x0
13274,1214,master,0x06000464,read,0x20004020,1,0x0
13275,1214,master,0x06000464,read,0x20004020,1,0x0
13276,1214,master,0x06000464,read,0x20004020,1,0x0
13277,1214,master,0x06000464,read,0x20004020,1,0x0
13278,1214,master,0x06000464,read,0x20004020,1,0x0
13279,1214,master,0x06000464,read,0x20004020,1,0x0
13280,1214,master,0x06000464,read,0x20004020,1,0x1
13281,1214,master,0x0600046A,read,0x20004021,1,0x22
13282,1214,master,0x06000464,read,0x20004020,1,0x0
13283,1214,master,0x06000464,read,0x20004020,1,0x0
13284,1214,master,0x06000464,read,0x20004020,1,0x0
13285,1214,master,0x06000464,read,0x20004020,1,0x0
13286,1214,master,0x06000464,read,0x20004020,1,0x0
13287,1214,master,0x06000464,read,0x20004020,1,0x0
13288,1214,master,0x06000464,read,0x20004020,1,0x0
13289,1214,master,0x06000464,read,0x20004020,1,0x0
13290,1214,master,0x06000464,read,0x20004020,1,0x0
13291,1214,master,0x06000464,read,0x20004020,1,0x1
13292,1214,master,0x0600046A,read,0x20004021,1,0x22
13293,1214,master,0x06000464,read,0x20004020,1,0x0
13294,1214,master,0x06000464,read,0x20004020,1,0x0
13295,1214,master,0x06000464,read,0x20004020,1,0x0
13296,1214,master,0x06000464,read,0x20004020,1,0x0
13297,1214,master,0x06000464,read,0x20004020,1,0x0
13298,1214,master,0x06000464,read,0x20004020,1,0x0
13299,1214,master,0x06000464,read,0x20004020,1,0x0
13300,1214,master,0x06000464,read,0x20004020,1,0x0
13301,1214,master,0x06000464,read,0x20004020,1,0x0
13302,1214,master,0x06000464,read,0x20004020,1,0x1
13303,1214,master,0x0600046A,read,0x20004021,1,0x22
13304,1214,master,0x06000464,read,0x20004020,1,0x0
13305,1214,master,0x06000464,read,0x20004020,1,0x0
13306,1214,master,0x06000464,read,0x20004020,1,0x0
13307,1214,master,0x06000464,read,0x20004020,1,0x0
13308,1214,master,0x06000464,read,0x20004020,1,0x0
13309,1214,master,0x06000464,read,0x20004020,1,0x0
13310,1214,master,0x06000464,read,0x20004020,1,0x0
13311,1214,master,0x06000464,read,0x20004020,1,0x0
13312,1214,master,0x06000464,read,0x20004020,1,0x0
13313,1214,master,0x06000464,read,0x20004020,1,0x1
13314,1214,master,0x0600046A,read,0x20004021,1,0x22
13315,1214,master,0x06000464,read,0x20004020,1,0x0
13316,1214,master,0x06000464,read,0x20004020,1,0x0
13317,1214,master,0x06000464,read,0x20004020,1,0x0
13318,1214,master,0x06000464,read,0x20004020,1,0x0
13319,1214,master,0x06000464,read,0x20004020,1,0x0
13320,1214,master,0x06000464,read,0x20004020,1,0x0
13321,1214,master,0x06000464,read,0x20004020,1,0x0
13322,1214,master,0x06000464,read,0x20004020,1,0x0
13323,1214,master,0x06000464,read,0x20004020,1,0x0
13324,1214,master,0x06000464,read,0x20004020,1,0x1
13325,1214,master,0x0600046A,read,0x20004021,1,0x22
13326,1214,master,0x06000464,read,0x20004020,1,0x0
13327,1214,master,0x06000464,read,0x20004020,1,0x0
13328,1214,master,0x06000464,read,0x20004020,1,0x0
13329,1214,master,0x06000464,read,0x20004020,1,0x0
13330,1214,master,0x06000464,read,0x20004020,1,0x0
13331,1214,master,0x06000464,read,0x20004020,1,0x0
13332,1214,master,0x06000464,read,0x20004020,1,0x0
13333,1214,master,0x06000464,read,0x20004020,1,0x0
13334,1214,master,0x06000464,read,0x20004020,1,0x0
13335,1214,master,0x06000464,read,0x20004020,1,0x1
13336,1214,master,0x0600046A,read,0x20004021,1,0x22
13337,1214,master,0x06000464,read,0x20004020,1,0x0
13338,1214,master,0x06000464,read,0x20004020,1,0x0
13339,1214,master,0x06000464,read,0x20004020,1,0x0
13340,1214,master,0x06000464,read,0x20004020,1,0x0
13341,1214,master,0x06000464,read,0x20004020,1,0x0
13342,1214,master,0x06000464,read,0x20004020,1,0x0
13343,1214,master,0x06000464,read,0x20004020,1,0x0
13344,1214,master,0x06000464,read,0x20004020,1,0x0
13345,1214,master,0x06000464,read,0x20004020,1,0x0
13346,1214,master,0x06000464,read,0x20004020,1,0x1
13347,1214,master,0x0600046A,read,0x20004021,1,0x22
13348,1214,master,0x06000464,read,0x20004020,1,0x0
13349,1214,master,0x06000464,read,0x20004020,1,0x0
13350,1214,master,0x06000464,read,0x20004020,1,0x0
13351,1214,master,0x06000464,read,0x20004020,1,0x0
13352,1214,master,0x06000464,read,0x20004020,1,0x0
13353,1214,master,0x06000464,read,0x20004020,1,0x0
13354,1214,master,0x06000464,read,0x20004020,1,0x0
13355,1214,master,0x06000464,read,0x20004020,1,0x0
13356,1214,master,0x06000464,read,0x20004020,1,0x0
13357,1214,master,0x06000464,read,0x20004020,1,0x1
13358,1214,master,0x0600046A,read,0x20004021,1,0x22
13359,1214,master,0x06000464,read,0x20004020,1,0x0
13360,1214,master,0x06000464,read,0x20004020,1,0x0
13361,1214,master,0x06000464,read,0x20004020,1,0x0
13362,1214,master,0x06000464,read,0x20004020,1,0x0
13363,1214,master,0x06000464,read,0x20004020,1,0x0
13364,1214,master,0x06000464,read,0x20004020,1,0x0
13365,1214,master,0x06000464,read,0x20004020,1,0x0
13366,1214,master,0x06000464,read,0x20004020,1,0x0
13367,1214,master,0x06000464,read,0x20004020,1,0x0
13368,1214,master,0x06000464,read,0x20004020,1,0x1
13369,1214,master,0x0600046A,read,0x20004021,1,0x22
13370,1214,master,0x06000464,read,0x20004020,1,0x0
13371,1214,master,0x06000464,read,0x20004020,1,0x0
13372,1214,master,0x06000464,read,0x20004020,1,0x0
13373,1214,master,0x06000464,read,0x20004020,1,0x0
13374,1214,master,0x06000464,read,0x20004020,1,0x0
13375,1214,master,0x06000464,read,0x20004020,1,0x0
13376,1214,master,0x06000464,read,0x20004020,1,0x0
13377,1214,master,0x06000464,read,0x20004020,1,0x0
13378,1214,master,0x06000464,read,0x20004020,1,0x0
13379,1214,master,0x06000464,read,0x20004020,1,0x1
13380,1214,master,0x0600046A,read,0x20004021,1,0x22
13381,1214,master,0x06000464,read,0x20004020,1,0x0
13382,1214,master,0x06000464,read,0x20004020,1,0x0
13383,1214,master,0x06000464,read,0x20004020,1,0x0
13384,1214,master,0x06000464,read,0x20004020,1,0x0
13385,1214,master,0x06000464,read,0x20004020,1,0x0
13386,1214,master,0x06000464,read,0x20004020,1,0x0
13387,1214,master,0x06000464,read,0x20004020,1,0x0
13388,1214,master,0x06000464,read,0x20004020,1,0x0
13389,1214,master,0x06000464,read,0x20004020,1,0x0
13390,1214,master,0x06000464,read,0x20004020,2,0x0
13391,1215,master,0x06000464,read,0x20004020,1,0x1
13392,1215,master,0x0600046A,read,0x20004021,1,0x2B
13393,1216,master,0x06000464,read,0x20004020,1,0x0
13394,1216,master,0x06000464,read,0x20004020,1,0x0
13395,1216,master,0x06000464,read,0x20004020,1,0x0
13396,1216,master,0x06000464,read,0x20004020,1,0x0
13397,1216,master,0x06000464,read,0x20004020,1,0x0
13398,1216,master,0x06000464,read,0x20004020,1,0x0
13399,1216,master,0x06000464,read,0x20004020,1,0x0
13400,1216,master,0x06000464,read,0x20004020,1,0x0
13401,1216,master,0x06000464,read,0x20004020,1,0x0
13402,1216,master,0x06000464,read,0x20004020,1,0x0
13403,1216,master,0x06000464,read,0x20004020,1,0x1
13404,1216,master,0x0600046A,read,0x20004021,1,0x22
13405,1216,master,0x06000464,read,0x20004020,1,0x0
13406,1216,master,0x06000464,read,0x20004020,1,0x0
13407,1216,master,0x06000464,read,0x20004020,1,0x0
13408,1216,master,0x06000464,read,0x20004020,1,0x0
13409,1216,master,0x06000464,read,0x20004020,1,0x0
13410,1216,master,0x06000464,read,0x20004020,1,0x0
13411,1216,master,0x06000464,read,0x20004020,1,0x0
13412,1216,master,0x06000464,read,0x20004020,1,0x0
13413,1216,master,0x06000464,read,0x20004020,1,0x0
13414,1216,master,0x06000464,read,0x20004020,1,0x1
13415,1216,master,0x0600046A,read,0x20004021,1,0x22
13416,1216,master,0x06000464,read,0x20004020,1,0x0
13417,1216,master,0x06000464,read,0x20004020,1,0x0
13418,1216,master,0x06000464,read,0x20004020,1,0x0
13419,1216,master,0x06000464,read,0x20004020,1,0x0
13420,1216,master,0x06000464,read,0x20004020,1,0x0
13421,1216,master,0x06000464,read,0x20004020,1,0x0
13422,1216,master,0x06000464,read,0x20004020,1,0x0
13423,1216,master,0x06000464,read,0x20004020,1,0x0
13424,1216,master,0x06000464,read,0x20004020,1,0x0
13425,1216,master,0x06000464,read,0x20004020,1,0x1
13426,1216,master,0x0600046A,read,0x20004021,1,0x22
13427,1217,master,0x06000464,read,0x20004020,1,0x0
13428,1217,master,0x06000464,read,0x20004020,1,0x0
13429,1217,master,0x06000464,read,0x20004020,1,0x0
13430,1217,master,0x06000464,read,0x20004020,1,0x0
13431,1217,master,0x06000464,read,0x20004020,1,0x0
13432,1217,master,0x06000464,read,0x20004020,1,0x0
13433,1217,master,0x06000464,read,0x20004020,1,0x0
13434,1217,master,0x06000464,read,0x20004020,1,0x0
13435,1217,master,0x06000464,read,0x20004020,1,0x0
13436,1217,master,0x06000464,read,0x20004020,1,0x1
13437,1217,master,0x0600046A,read,0x20004021,1,0x22
13438,1217,master,0x06000464,read,0x20004020,1,0x0
13439,1217,master,0x06000464,read,0x20004020,1,0x0
13440,1217,master,0x06000464,read,0x20004020,1,0x0
13441,1217,master,0x06000464,read,0x20004020,1,0x0
13442,1217,master,0x06000464,read,0x20004020,1,0x0
13443,1217,master,0x06000464,read,0x20004020,1,0x0
13444,1217,master,0x06000464,read,0x20004020,1,0x0
13445,1217,master,0x06000464,read,0x20004020,1,0x0
13446,1217,master,0x06000464,read,0x20004020,1,0x0
13447,1217,master,0x06000464,read,0x20004020,1,0x1
13448,1217,master,0x0600046A,read,0x20004021,1,0x22
13449,1217,master,0x06000464,read,0x20004020,1,0x0
13450,1217,master,0x06000464,read,0x20004020,1,0x0
13451,1217,master,0x06000464,read,0x20004020,1,0x0
13452,1217,master,0x06000464,read,0x20004020,1,0x0
13453,1217,master,0x06000464,read,0x20004020,1,0x0
13454,1217,master,0x06000464,read,0x20004020,1,0x0
13455,1217,master,0x06000464,read,0x20004020,1,0x0
13456,1217,master,0x06000464,read,0x20004020,1,0x0
13457,1217,master,0x06000464,read,0x20004020,1,0x0
13458,1217,master,0x06000464,read,0x20004020,1,0x1
13459,1217,master,0x0600046A,read,0x20004021,1,0x22
13460,1217,master,0x06000464,read,0x20004020,1,0x0
13461,1217,master,0x06000464,read,0x20004020,1,0x0
13462,1217,master,0x06000464,read,0x20004020,1,0x0
13463,1217,master,0x06000464,read,0x20004020,1,0x0
13464,1217,master,0x06000464,read,0x20004020,1,0x0
13465,1217,master,0x06000464,read,0x20004020,1,0x0
13466,1217,master,0x06000464,read,0x20004020,1,0x0
13467,1217,master,0x06000464,read,0x20004020,1,0x0
13468,1217,master,0x06000464,read,0x20004020,1,0x0
13469,1217,master,0x06000464,read,0x20004020,1,0x1
13470,1217,master,0x0600046A,read,0x20004021,1,0x22
13471,1217,master,0x06000464,read,0x20004020,1,0x0
13472,1217,master,0x06000464,read,0x20004020,1,0x0
13473,1217,master,0x06000464,read,0x20004020,1,0x0
13474,1217,master,0x06000464,read,0x20004020,1,0x0
13475,1217,master,0x06000464,read,0x20004020,1,0x0
13476,1217,master,0x06000464,read,0x20004020,1,0x0
13477,1217,master,0x06000464,read,0x20004020,1,0x0
13478,1217,master,0x06000464,read,0x20004020,1,0x0
13479,1217,master,0x06000464,read,0x20004020,1,0x0
13480,1217,master,0x06000464,read,0x20004020,1,0x0
13481,1217,master,0x06000464,read,0x20004020,1,0x1
13482,1217,master,0x0600046A,read,0x20004021,1,0x22
13483,1217,master,0x06000464,read,0x20004020,1,0x0
13484,1217,master,0x06000464,read,0x20004020,1,0x0
13485,1217,master,0x06000464,read,0x20004020,1,0x0
13486,1217,master,0x06000464,read,0x20004020,1,0x0
13487,1217,master,0x06000464,read,0x20004020,1,0x0
13488,1217,master,0x06000464,read,0x20004020,1,0x0
13489,1217,master,0x06000464,read,0x20004020,1,0x0
13490,1217,master,0x06000464,read,0x20004020,1,0x0
13491,1217,master,0x06000464,read,0x20004020,1,0x0
13492,1217,master,0x06000464,read,0x20004020,1,0x1
13493,1217,master,0x0600046A,read,0x20004021,1,0x22
13494,1217,master,0x06000464,read,0x20004020,1,0x0
13495,1217,master,0x06000464,read,0x20004020,1,0x0
13496,1217,master,0x06000464,read,0x20004020,1,0x0
13497,1217,master,0x06000464,read,0x20004020,1,0x0
13498,1217,master,0x06000464,read,0x20004020,1,0x0
13499,1217,master,0x06000464,read,0x20004020,1,0x0
13500,1217,master,0x06000464,read,0x20004020,1,0x0
13501,1217,master,0x06000464,read,0x20004020,1,0x0
13502,1217,master,0x06000464,read,0x20004020,1,0x0
13503,1217,master,0x06000464,read,0x20004020,1,0x1
13504,1217,master,0x0600046A,read,0x20004021,1,0x22
13505,1217,master,0x06000464,read,0x20004020,1,0x0
13506,1217,master,0x06000464,read,0x20004020,1,0x0
13507,1217,master,0x06000464,read,0x20004020,1,0x0
13508,1217,master,0x06000464,read,0x20004020,1,0x0
13509,1217,master,0x06000464,read,0x20004020,1,0x0
13510,1217,master,0x06000464,read,0x20004020,1,0x0
13511,1217,master,0x06000464,read,0x20004020,1,0x0
13512,1217,master,0x06000464,read,0x20004020,1,0x0
13513,1217,master,0x06000464,read,0x20004020,1,0x0
13514,1217,master,0x06000464,read,0x20004020,1,0x1
13515,1217,master,0x0600046A,read,0x20004021,1,0x22
13516,1217,master,0x06000464,read,0x20004020,1,0x0
13517,1217,master,0x06000464,read,0x20004020,1,0x0
13518,1217,master,0x06000464,read,0x20004020,1,0x0
13519,1217,master,0x06000464,read,0x20004020,1,0x0
13520,1217,master,0x06000464,read,0x20004020,1,0x0
13521,1217,master,0x06000464,read,0x20004020,1,0x0
13522,1217,master,0x06000464,read,0x20004020,1,0x0
13523,1217,master,0x06000464,read,0x20004020,1,0x0
13524,1217,master,0x06000464,read,0x20004020,1,0x0
13525,1217,master,0x06000464,read,0x20004020,1,0x1
13526,1217,master,0x0600046A,read,0x20004021,1,0x22
13527,1217,master,0x06000464,read,0x20004020,1,0x0
13528,1217,master,0x06000464,read,0x20004020,1,0x0
13529,1217,master,0x06000464,read,0x20004020,1,0x0
13530,1217,master,0x06000464,read,0x20004020,1,0x0
13531,1217,master,0x06000464,read,0x20004020,1,0x0
13532,1217,master,0x06000464,read,0x20004020,1,0x0
13533,1217,master,0x06000464,read,0x20004020,1,0x0
13534,1217,master,0x06000464,read,0x20004020,1,0x0
13535,1217,master,0x06000464,read,0x20004020,1,0x0
13536,1217,master,0x06000464,read,0x20004020,1,0x1
13537,1217,master,0x0600046A,read,0x20004021,1,0x22
13538,1217,master,0x06000464,read,0x20004020,1,0x0
13539,1217,master,0x06000464,read,0x20004020,1,0x0
13540,1217,master,0x06000464,read,0x20004020,1,0x0
13541,1217,master,0x06000464,read,0x20004020,1,0x0
13542,1217,master,0x06000464,read,0x20004020,1,0x0
13543,1217,master,0x06000464,read,0x20004020,1,0x0
13544,1217,master,0x06000464,read,0x20004020,1,0x0
13545,1217,master,0x06000464,read,0x20004020,1,0x0
13546,1217,master,0x06000464,read,0x20004020,1,0x0
13547,1217,master,0x06000464,read,0x20004020,1,0x1
13548,1217,master,0x0600046A,read,0x20004021,1,0x22
13549,1217,master,0x06000464,read,0x20004020,1,0x0
13550,1217,master,0x06000464,read,0x20004020,1,0x0
13551,1217,master,0x06000464,read,0x20004020,1,0x0
13552,1217,master,0x06000464,read,0x20004020,1,0x0
13553,1217,master,0x06000464,read,0x20004020,1,0x0
13554,1217,master,0x06000464,read,0x20004020,1,0x0
13555,1217,master,0x06000464,read,0x20004020,1,0x0
13556,1217,master,0x06000464,read,0x20004020,1,0x0
13557,1217,master,0x06000464,read,0x20004020,1,0x0
13558,1217,master,0x06000464,read,0x20004020,1,0x1
13559,1217,master,0x0600046A,read,0x20004021,1,0x22
13560,1217,master,0x06000464,read,0x20004020,1,0x0
13561,1217,master,0x06000464,read,0x20004020,1,0x0
13562,1217,master,0x06000464,read,0x20004020,1,0x0
13563,1217,master,0x06000464,read,0x20004020,1,0x0
13564,1217,master,0x06000464,read,0x20004020,1,0x0
13565,1217,master,0x06000464,read,0x20004020,1,0x0
13566,1217,master,0x06000464,read,0x20004020,1,0x0
13567,1217,master,0x06000464,read,0x20004020,1,0x0
13568,1217,master,0x06000464,read,0x20004020,1,0x0
13569,1217,master,0x06000464,read,0x20004020,1,0x1
13570,1217,master,0x0600046A,read,0x20004021,1,0x22
13571,1217,master,0x06000464,read,0x20004020,1,0x0
13572,1217,master,0x06000464,read,0x20004020,1,0x0
13573,1217,master,0x06000464,read,0x20004020,1,0x0
13574,1217,master,0x06000464,read,0x20004020,1,0x0
13575,1217,master,0x06000464,read,0x20004020,1,0x0
13576,1217,master,0x06000464,read,0x20004020,1,0x0
13577,1217,master,0x06000464,read,0x20004020,1,0x0
13578,1217,master,0x06000464,read,0x20004020,1,0x0
13579,1217,master,0x06000464,read,0x20004020,1,0x0
13580,1217,master,0x06000464,read,0x20004020,1,0x1
13581,1217,master,0x0600046A,read,0x20004021,1,0x22
13582,1217,master,0x06000464,read,0x20004020,1,0x0
13583,1217,master,0x06000464,read,0x20004020,1,0x0
13584,1217,master,0x06000464,read,0x20004020,1,0x0
13585,1217,master,0x06000464,read,0x20004020,1,0x0
13586,1217,master,0x06000464,read,0x20004020,1,0x0
13587,1217,master,0x06000464,read,0x20004020,1,0x0
13588,1217,master,0x06000464,read,0x20004020,1,0x0
13589,1217,master,0x06000464,read,0x20004020,1,0x0
13590,1217,master,0x06000464,read,0x20004020,1,0x0
13591,1217,master,0x06000464,read,0x20004020,1,0x1
13592,1217,master,0x0600046A,read,0x20004021,1,0x22
13593,1217,master,0x06000464,read,0x20004020,1,0x0
13594,1217,master,0x06000464,read,0x20004020,1,0x0
13595,1217,master,0x06000464,read,0x20004020,1,0x0
13596,1217,master,0x06000464,read,0x20004020,1,0x0
13597,1217,master,0x06000464,read,0x20004020,1,0x0
13598,1217,master,0x06000464,read,0x20004020,1,0x0
13599,1217,master,0x06000464,read,0x20004020,1,0x0
13600,1217,master,0x06000464,read,0x20004020,1,0x0
13601,1217,master,0x06000464,read,0x20004020,1,0x0
13602,1217,master,0x06000464,read,0x20004020,1,0x1
13603,1217,master,0x0600046A,read,0x20004021,1,0x22
13604,1217,master,0x06000464,read,0x20004020,1,0x0
13605,1217,master,0x06000464,read,0x20004020,1,0x0
13606,1217,master,0x06000464,read,0x20004020,1,0x0
13607,1217,master,0x06000464,read,0x20004020,1,0x0
13608,1217,master,0x06000464,read,0x20004020,1,0x0
13609,1217,master,0x06000464,read,0x20004020,1,0x0
13610,1217,master,0x06000464,read,0x20004020,1,0x0
13611,1217,master,0x06000464,read,0x20004020,1,0x0
13612,1217,master,0x06000464,read,0x20004020,1,0x0
13613,1217,master,0x06000464,read,0x20004020,1,0x1
13614,1217,master,0x0600046A,read,0x20004021,1,0x2B
13615,1219,master,0x06000464,read,0x20004020,1,0x0
13616,1219,master,0x06000464,read,0x20004020,1,0x0
13617,1219,master,0x06000464,read,0x20004020,1,0x0
13618,1219,master,0x06000464,read,0x20004020,1,0x0
13619,1219,master,0x06000464,read,0x20004020,1,0x0
13620,1219,master,0x06000464,read,0x20004020,1,0x0
13621,1219,master,0x06000464,read,0x20004020,1,0x0
13622,1219,master,0x06000464,read,0x20004020,1,0x0
13623,1219,master,0x06000464,read,0x20004020,1,0x0
13624,1219,master,0x06000464,read,0x20004020,1,0x0
13625,1219,master,0x06000464,read,0x20004020,1,0x1
13626,1219,master,0x0600046A,read,0x20004021,1,0x22
13627,1219,master,0x06000464,read,0x20004020,1,0x0
13628,1219,master,0x06000464,read,0x20004020,1,0x0
13629,1219,master,0x06000464,read,0x20004020,1,0x0
13630,1219,master,0x06000464,read,0x20004020,1,0x0
13631,1219,master,0x06000464,read,0x20004020,1,0x0
13632,1219,master,0x06000464,read,0x20004020,1,0x0
13633,1219,master,0x06000464,read,0x20004020,1,0x0
13634,1219,master,0x06000464,read,0x20004020,1,0x0
13635,1219,master,0x06000464,read,0x20004020,1,0x0
13636,1219,master,0x06000464,read,0x20004020,1,0x1
13637,1219,master,0x0600046A,read,0x20004021,1,0x22
13638,1220,master,0x06000464,read,0x20004020,1,0x0
13639,1220,master,0x06000464,read,0x20004020,1,0x0
13640,1220,master,0x06000464,read,0x20004020,1,0x0
13641,1220,master,0x06000464,read,0x20004020,1,0x0
13642,1220,master,0x06000464,read,0x20004020,1,0x0
13643,1220,master,0x06000464,read,0x20004020,1,0x0
13644,1220,master,0x06000464,read,0x20004020,1,0x0
13645,1220,master,0x06000464,read,0x20004020,1,0x0
13646,1220,master,0x06000464,read,0x20004020,1,0x0
13647,1220,master,0x06000464,read,0x20004020,1,0x0
13648,1220,master,0x06000464,read,0x20004020,1,0x0
13649,1220,master,0x06000464,read,0x20004020,1,0x0
13650,1220,master,0x06000464,read,0x20004020,1,0x0
13651,1220,master,0x06000464,read,0x20004020,1,0x0
13652,1220,master,0x06000464,read,0x20004020,1,0x0
13653,1220,master,0x06000464,read,0x20004020,1,0x1
13654,1220,master,0x0600046A,read,0x20004021,1,0x22
13655,1220,master,0x06000464,read,0x20004020,1,0x0
13656,1220,master,0x06000464,read,0x20004020,1,0x0
13657,1220,master,0x06000464,read,0x20004020,1,0x0
13658,1220,master,0x06000464,read,0x20004020,1,0x0
13659,1220,master,0x06000464,read,0x20004020,1,0x0
13660,1220,master,0x06000464,read,0x20004020,1,0x0
13661,1220,master,0x06000464,read,0x20004020,1,0x0
13662,1220,master,0x06000464,read,0x20004020,1,0x0
13663,1220,master,0x06000464,read,0x20004020,1,0x0
13664,1220,master,0x06000464,read,0x20004020,1,0x1
13665,1220,master,0x0600046A,read,0x20004021,1,0x22
13666,1220,master,0x06000464,read,0x20004020,1,0x0
13667,1220,master,0x06000464,read,0x20004020,1,0x0
13668,1220,master,0x06000464,read,0x20004020,1,0x0
13669,1220,master,0x06000464,read,0x20004020,1,0x0
13670,1220,master,0x06000464,read,0x20004020,1,0x0
13671,1220,master,0x06000464,read,0x20004020,1,0x0
13672,1220,master,0x06000464,read,0x20004020,1,0x0
13673,1220,master,0x06000464,read,0x20004020,1,0x0
13674,1220,master,0x06000464,read,0x20004020,1,0x0
13675,1220,master,0x06000464,read,0x20004020,1,0x1
13676,1220,master,0x0600046A,read,0x20004021,1,0x22
13677,1220,master,0x06000464,read,0x20004020,1,0x0
13678,1220,master,0x06000464,read,0x20004020,1,0x0
13679,1220,master,0x06000464,read,0x20004020,1,0x0
13680,1220,master,0x06000464,read,0x20004020,1,0x0
13681,1220,master,0x06000464,read,0x20004020,1,0x0
13682,1220,master,0x06000464,read,0x20004020,1,0x0
13683,1220,master,0x06000464,read,0x20004020,1,0x0
13684,1220,master,0x06000464,read,0x20004020,1,0x0
13685,1220,master,0x06000464,read,0x20004020,1,0x0
13686,1220,master,0x06000464,read,0x20004020,1,0x1
13687,1220,master,0x0600046A,read,0x20004021,1,0x22
13688,1220,master,0x06000464,read,0x20004020,1,0x0
13689,1220,master,0x06000464,read,0x20004020,1,0x0
13690,1220,master,0x06000464,read,0x20004020,1,0x0
13691,1220,master,0x06000464,read,0x20004020,1,0x0
13692,1220,master,0x06000464,read,0x20004020,1,0x0
13693,1220,master,0x06000464,read,0x20004020,1,0x0
13694,1220,master,0x06000464,read,0x20004020,1,0x0
13695,1220,master,0x06000464,read,0x20004020,1,0x0
13696,1220,master,0x06000464,read,0x20004020,1,0x0
13697,1220,master,0x06000464,read,0x20004020,1,0x1
13698,1220,master,0x0600046A,read,0x20004021,1,0x22
13699,1220,master,0x06000464,read,0x20004020,1,0x0
13700,1220,master,0x06000464,read,0x20004020,1,0x0
13701,1220,master,0x06000464,read,0x20004020,1,0x0
13702,1220,master,0x06000464,read,0x20004020,1,0x0
13703,1220,master,0x06000464,read,0x20004020,1,0x0
13704,1220,master,0x06000464,read,0x20004020,1,0x0
13705,1220,master,0x06000464,read,0x20004020,1,0x0
13706,1220,master,0x06000464,read,0x20004020,1,0x0
13707,1220,master,0x06000464,read,0x20004020,1,0x0
13708,1220,master,0x06000464,read,0x20004020,1,0x1
13709,1220,master,0x0600046A,read,0x20004021,1,0x22
13710,1220,master,0x06000464,read,0x20004020,1,0x0
13711,1220,master,0x06000464,read,0x20004020,1,0x0
13712,1220,master,0x06000464,read,0x20004020,1,0x0
13713,1220,master,0x06000464,read,0x20004020,1,0x0
13714,1220,master,0x06000464,read,0x20004020,1,0x0
13715,1220,master,0x06000464,read,0x20004020,1,0x0
13716,1220,master,0x06000464,read,0x20004020,1,0x0
13717,1220,master,0x06000464,read,0x20004020,1,0x0
13718,1220,master,0x06000464,read,0x20004020,1,0x0
13719,1220,master,0x06000464,read,0x20004020,1,0x1
13720,1220,master,0x0600046A,read,0x20004021,1,0x22
13721,1220,master,0x06000464,read,0x20004020,1,0x0
13722,1220,master,0x06000464,read,0x20004020,1,0x0
13723,1220,master,0x06000464,read,0x20004020,1,0x0
13724,1220,master,0x06000464,read,0x20004020,1,0x0
13725,1220,master,0x06000464,read,0x20004020,1,0x0
13726,1220,master,0x06000464,read,0x20004020,1,0x0
13727,1220,master,0x06000464,read,0x20004020,1,0x0
13728,1220,master,0x06000464,read,0x20004020,1,0x0
13729,1220,master,0x06000464,read,0x20004020,1,0x0
13730,1220,master,0x06000464,read,0x20004020,1,0x1
13731,1220,master,0x0600046A,read,0x20004021,1,0x22
13732,1220,master,0x06000464,read,0x20004020,1,0x0
13733,1220,master,0x06000464,read,0x20004020,1,0x0
13734,1220,master,0x06000464,read,0x20004020,1,0x0
13735,1220,master,0x06000464,read,0x20004020,1,0x0
13736,1220,master,0x06000464,read,0x20004020,1,0x0
13737,1220,master,0x06000464,read,0x20004020,1,0x0
13738,1220,master,0x06000464,read,0x20004020,1,0x0
13739,1220,master,0x06000464,read,0x20004020,1,0x0
13740,1220,master,0x06000464,read,0x20004020,1,0x0
13741,1220,master,0x06000464,read,0x20004020,1,0x1
13742,1220,master,0x0600046A,read,0x20004021,1,0x22
13743,1220,master,0x06000464,read,0x20004020,1,0x0
13744,1220,master,0x06000464,read,0x20004020,1,0x0
13745,1220,master,0x06000464,read,0x20004020,1,0x0
13746,1220,master,0x06000464,read,0x20004020,1,0x0
13747,1220,master,0x06000464,read,0x20004020,1,0x0
13748,1220,master,0x06000464,read,0x20004020,1,0x0
13749,1220,master,0x06000464,read,0x20004020,1,0x0
13750,1220,master,0x06000464,read,0x20004020,1,0x0
13751,1220,master,0x06000464,read,0x20004020,1,0x0
13752,1220,master,0x06000464,read,0x20004020,1,0x1
13753,1220,master,0x0600046A,read,0x20004021,1,0x22
13754,1220,master,0x06000464,read,0x20004020,1,0x0
13755,1220,master,0x06000464,read,0x20004020,1,0x0
13756,1220,master,0x06000464,read,0x20004020,1,0x0
13757,1220,master,0x06000464,read,0x20004020,1,0x0
13758,1220,master,0x06000464,read,0x20004020,1,0x0
13759,1220,master,0x06000464,read,0x20004020,1,0x0
13760,1220,master,0x06000464,read,0x20004020,1,0x0
13761,1220,master,0x06000464,read,0x20004020,1,0x0
13762,1220,master,0x06000464,read,0x20004020,1,0x0
13763,1220,master,0x06000464,read,0x20004020,1,0x1
13764,1220,master,0x0600046A,read,0x20004021,1,0x22
13765,1220,master,0x06000464,read,0x20004020,1,0x0
13766,1220,master,0x06000464,read,0x20004020,1,0x0
13767,1220,master,0x06000464,read,0x20004020,1,0x0
13768,1220,master,0x06000464,read,0x20004020,1,0x0
13769,1220,master,0x06000464,read,0x20004020,1,0x0
13770,1220,master,0x06000464,read,0x20004020,1,0x0
13771,1220,master,0x06000464,read,0x20004020,1,0x0
13772,1220,master,0x06000464,read,0x20004020,1,0x0
13773,1220,master,0x06000464,read,0x20004020,1,0x0
13774,1220,master,0x06000464,read,0x20004020,1,0x1
13775,1220,master,0x0600046A,read,0x20004021,1,0x22
13776,1220,master,0x06000464,read,0x20004020,1,0x0
13777,1220,master,0x06000464,read,0x20004020,1,0x0
13778,1220,master,0x06000464,read,0x20004020,1,0x0
13779,1220,master,0x06000464,read,0x20004020,1,0x0
13780,1220,master,0x06000464,read,0x20004020,1,0x0
13781,1220,master,0x06000464,read,0x20004020,1,0x0
13782,1220,master,0x06000464,read,0x20004020,1,0x0
13783,1220,master,0x06000464,read,0x20004020,1,0x0
13784,1220,master,0x06000464,read,0x20004020,1,0x0
13785,1220,master,0x06000464,read,0x20004020,1,0x1
13786,1220,master,0x0600046A,read,0x20004021,1,0x22
13787,1220,master,0x06000464,read,0x20004020,1,0x0
13788,1220,master,0x06000464,read,0x20004020,1,0x0
13789,1220,master,0x06000464,read,0x20004020,1,0x0
13790,1220,master,0x06000464,read,0x20004020,1,0x0
13791,1220,master,0x06000464,read,0x20004020,1,0x0
13792,1220,master,0x06000464,read,0x20004020,1,0x0
13793,1220,master,0x06000464,read,0x20004020,1,0x0
13794,1220,master,0x06000464,read,0x20004020,1,0x0
13795,1220,master,0x06000464,read,0x20004020,1,0x0
13796,1220,master,0x06000464,read,0x20004020,1,0x1
13797,1220,master,0x0600046A,read,0x20004021,1,0x22
13798,1220,master,0x06000464,read,0x20004020,1,0x0
13799,1220,master,0x06000464,read,0x20004020,1,0x0
13800,1220,master,0x06000464,read,0x20004020,1,0x0
13801,1220,master,0x06000464,read,0x20004020,1,0x0
13802,1220,master,0x06000464,read,0x20004020,1,0x0
13803,1220,master,0x06000464,read,0x20004020,1,0x0
13804,1220,master,0x06000464,read,0x20004020,1,0x0
13805,1220,master,0x06000464,read,0x20004020,1,0x0
13806,1220,master,0x06000464,read,0x20004020,1,0x0
13807,1220,master,0x06000464,read,0x20004020,1,0x1
13808,1220,master,0x0600046A,read,0x20004021,1,0x22
13809,1220,master,0x06000464,read,0x20004020,1,0x0
13810,1220,master,0x06000464,read,0x20004020,1,0x0
13811,1220,master,0x06000464,read,0x20004020,1,0x0
13812,1220,master,0x06000464,read,0x20004020,1,0x0
13813,1220,master,0x06000464,read,0x20004020,1,0x0
13814,1220,master,0x06000464,read,0x20004020,1,0x0
13815,1220,master,0x06000464,read,0x20004020,1,0x0
13816,1220,master,0x06000464,read,0x20004020,1,0x0
13817,1220,master,0x06000464,read,0x20004020,1,0x0
13818,1220,master,0x06000464,read,0x20004020,1,0x1
13819,1220,master,0x0600046A,read,0x20004021,1,0x22
13820,1220,master,0x06000464,read,0x20004020,1,0x0
13821,1220,master,0x06000464,read,0x20004020,1,0x0
13822,1220,master,0x06000464,read,0x20004020,1,0x0
13823,1220,master,0x06000464,read,0x20004020,1,0x0
13824,1220,master,0x06000464,read,0x20004020,1,0x0
13825,1220,master,0x06000464,read,0x20004020,1,0x0
13826,1220,master,0x06000464,read,0x20004020,1,0x0
13827,1220,master,0x06000464,read,0x20004020,1,0x0
13828,1220,master,0x06000464,read,0x20004020,1,0x0
13829,1220,master,0x06000464,read,0x20004020,1,0x1
13830,1220,master,0x0600046A,read,0x20004021,1,0x22
13831,1220,master,0x06000464,read,0x20004020,1,0x0
13832,1220,master,0x06000464,read,0x20004020,1,0x0
13833,1220,master,0x06000464,read,0x20004020,1,0x0
13834,1220,master,0x06000464,read,0x20004020,1,0x0
13835,1220,master,0x06000464,read,0x20004020,1,0x0
13836,1220,master,0x06000464,read,0x20004020,1,0x0
13837,1220,master,0x06000464,read,0x20004020,1,0x0
13838,1220,master,0x06000464,read,0x20004020,1,0x0
13839,1220,master,0x06000464,read,0x20004020,1,0x0
13840,1220,master,0x06000464,read,0x20004020,1,0x1
13841,1220,master,0x0600046A,read,0x20004021,1,0x2B
13842,1222,master,0x06000464,read,0x20004020,1,0x0
13843,1222,master,0x06000464,read,0x20004020,1,0x0
13844,1222,master,0x06000464,read,0x20004020,1,0x0
13845,1222,master,0x06000464,read,0x20004020,1,0x0
13846,1222,master,0x06000464,read,0x20004020,1,0x0
13847,1222,master,0x06000464,read,0x20004020,1,0x0
13848,1222,master,0x06000464,read,0x20004020,1,0x0
13849,1222,master,0x06000464,read,0x20004020,1,0x0
13850,1222,master,0x06000464,read,0x20004020,1,0x0
13851,1222,master,0x06000464,read,0x20004020,1,0x0
13852,1222,master,0x06000464,read,0x20004020,1,0x1
13853,1222,master,0x0600046A,read,0x20004021,1,0x22
13854,1222,master,0x06000464,read,0x20004020,1,0x0
13855,1222,master,0x06000464,read,0x20004020,1,0x0
13856,1222,master,0x06000464,read,0x20004020,1,0x0
13857,1222,master,0x06000464,read,0x20004020,1,0x0
13858,1222,master,0x06000464,read,0x20004020,1,0x0
13859,1222,master,0x06000464,read,0x20004020,1,0x0
13860,1222,master,0x06000464,read,0x20004020,1,0x0
13861,1222,master,0x06000464,read,0x20004020,1,0x0
13862,1222,master,0x06000464,read,0x20004020,1,0x0
13863,1222,master,0x06000464,read,0x20004020,1,0x1
13864,1222,master,0x0600046A,read,0x20004021,1,0x22
13865,1222,master,0x06000464,read,0x20004020,1,0x0
13866,1222,master,0x06000464,read,0x20004020,1,0x0
13867,1222,master,0x06000464,read,0x20004020,1,0x0
13868,1222,master,0x06000464,read,0x20004020,1,0x0
13869,1222,master,0x06000464,read,0x20004020,1,0x0
13870,1222,master,0x06000464,read,0x20004020,1,0x0
13871,1222,master,0x06000464,read,0x20004020,1,0x0
13872,1222,master,0x06000464,read,0x20004020,1,0x0
13873,1222,master,0x06000464,read,0x20004020,1,0x0
13874,1222,master,0x06000464,read,0x20004020,1,0x1
13875,1222,master,0x0600046A,read,0x20004021,1,0x22
13876,1223,master,0x06000464,read,0x20004020,1,0x0
13877,1223,master,0x06000464,read,0x20004020,1,0x0
13878,1223,master,0x06000464,read,0x20004020,1,0x0
13879,1223,master,0x06000464,read,0x20004020,1,0x0
13880,1223,master,0x06000464,read,0x20004020,1,0x0
13881,1223,master,0x06000464,read,0x20004020,1,0x0
13882,1223,master,0x06000464,read,0x20004020,1,0x0
13883,1223,master,0x06000464,read,0x20004020,1,0x0
13884,1223,master,0x06000464,read,0x20004020,1,0x0
13885,1223,master,0x06000464,read,0x20004020,1,0x1
13886,1223,master,0x0600046A,read,0x20004021,1,0x22
13887,1223,master,0x06000464,read,0x20004020,1,0x0
13888,1223,master,0x06000464,read,0x20004020,1,0x0
13889,1223,master,0x06000464,read,0x20004020,1,0x0
13890,1223,master,0x06000464,read,0x20004020,1,0x0
13891,1223,master,0x06000464,read,0x20004020,1,0x0
13892,1223,master,0x06000464,read,0x20004020,1,0x0
13893,1223,master,0x06000464,read,0x20004020,1,0x0
13894,1223,master,0x06000464,read,0x20004020,1,0x0
13895,1223,master,0x06000464,read,0x20004020,1,0x0
13896,1223,master,0x06000464,read,0x20004020,1,0x1
13897,1223,master,0x0600046A,read,0x20004021,1,0x22
13898,1223,master,0x06000464,read,0x20004020,1,0x0
13899,1223,master,0x06000464,read,0x20004020,1,0x0
13900,1223,master,0x06000464,read,0x20004020,1,0x0
13901,1223,master,0x06000464,read,0x20004020,1,0x0
13902,1223,master,0x06000464,read,0x20004020,1,0x0
13903,1223,master,0x06000464,read,0x20004020,1,0x0
13904,1223,master,0x06000464,read,0x20004020,1,0x0
13905,1223,master,0x06000464,read,0x20004020,1,0x0
13906,1223,master,0x06000464,read,0x20004020,1,0x0
13907,1223,master,0x06000464,read,0x20004020,1,0x1
13908,1223,master,0x0600046A,read,0x20004021,1,0x22
13909,1223,master,0x06000464,read,0x20004020,1,0x0
13910,1223,master,0x06000464,read,0x20004020,1,0x0
13911,1223,master,0x06000464,read,0x20004020,1,0x0
13912,1223,master,0x06000464,read,0x20004020,1,0x0
13913,1223,master,0x06000464,read,0x20004020,1,0x0
13914,1223,master,0x06000464,read,0x20004020,1,0x0
13915,1223,master,0x06000464,read,0x20004020,1,0x0
13916,1223,master,0x06000464,read,0x20004020,1,0x0
13917,1223,master,0x06000464,read,0x20004020,1,0x0
13918,1223,master,0x06000464,read,0x20004020,1,0x1
13919,1223,master,0x0600046A,read,0x20004021,1,0x22
13920,1223,master,0x06000464,read,0x20004020,1,0x0
13921,1223,master,0x06000464,read,0x20004020,1,0x0
13922,1223,master,0x06000464,read,0x20004020,1,0x0
13923,1223,master,0x06000464,read,0x20004020,1,0x0
13924,1223,master,0x06000464,read,0x20004020,1,0x0
13925,1223,master,0x06000464,read,0x20004020,1,0x0
13926,1223,master,0x06000464,read,0x20004020,1,0x0
13927,1223,master,0x06000464,read,0x20004020,1,0x0
13928,1223,master,0x06000464,read,0x20004020,1,0x0
13929,1223,master,0x06000464,read,0x20004020,1,0x1
13930,1223,master,0x0600046A,read,0x20004021,1,0x22
13931,1223,master,0x06000464,read,0x20004020,1,0x0
13932,1223,master,0x06000464,read,0x20004020,1,0x0
13933,1223,master,0x06000464,read,0x20004020,1,0x0
13934,1223,master,0x06000464,read,0x20004020,1,0x0
13935,1223,master,0x06000464,read,0x20004020,1,0x0
13936,1223,master,0x06000464,read,0x20004020,1,0x0
13937,1223,master,0x06000464,read,0x20004020,1,0x0
13938,1223,master,0x06000464,read,0x20004020,1,0x0
13939,1223,master,0x06000464,read,0x20004020,1,0x0
13940,1223,master,0x06000464,read,0x20004020,1,0x1
13941,1223,master,0x0600046A,read,0x20004021,1,0x22
13942,1223,master,0x06000464,read,0x20004020,1,0x0
13943,1223,master,0x06000464,read,0x20004020,1,0x0
13944,1223,master,0x06000464,read,0x20004020,1,0x0
13945,1223,master,0x06000464,read,0x20004020,1,0x0
13946,1223,master,0x06000464,read,0x20004020,1,0x0
13947,1223,master,0x06000464,read,0x20004020,1,0x0
13948,1223,master,0x06000464,read,0x20004020,1,0x0
13949,1223,master,0x06000464,read,0x20004020,1,0x0
13950,1223,master,0x06000464,read,0x20004020,1,0x0
13951,1223,master,0x06000464,read,0x20004020,1,0x1
13952,1223,master,0x0600046A,read,0x20004021,1,0x22
13953,1223,master,0x06000464,read,0x20004020,1,0x0
13954,1223,master,0x06000464,read,0x20004020,1,0x0
13955,1223,master,0x06000464,read,0x20004020,1,0x0
13956,1223,master,0x06000464,read,0x20004020,1,0x0
13957,1223,master,0x06000464,read,0x20004020,1,0x0
13958,1223,master,0x06000464,read,0x20004020,1,0x0
13959,1223,master,0x06000464,read,0x20004020,1,0x0
13960,1223,master,0x06000464,read,0x20004020,1,0x0
13961,1223,master,0x06000464,read,0x20004020,1,0x0
13962,1223,master,0x06000464,read,0x20004020,1,0x1
13963,1223,master,0x0600046A,read,0x20004021,1,0x22
13964,1223,master,0x06000464,read,0x20004020,1,0x0
13965,1223,master,0x06000464,read,0x20004020,1,0x0
13966,1223,master,0x06000464,read,0x20004020,1,0x0
13967,1223,master,0x06000464,read,0x20004020,1,0x0
13968,1223,master,0x06000464,read,0x20004020,1,0x0
13969,1223,master,0x06000464,read,0x20004020,1,0x0
13970,1223,master,0x06000464,read,0x20004020,1,0x0
13971,1223,master,0x06000464,read,0x20004020,1,0x0
13972,1223,master,0x06000464,read,0x20004020,1,0x0
13973,1223,master,0x06000464,read,0x20004020,1,0x1
13974,1223,master,0x0600046A,read,0x20004021,1,0x22
13975,1223,master,0x06000464,read,0x20004020,1,0x0
13976,1223,master,0x06000464,read,0x20004020,1,0x0
13977,1223,master,0x06000464,read,0x20004020,1,0x0
13978,1223,master,0x06000464,read,0x20004020,1,0x0
13979,1223,master,0x06000464,read,0x20004020,1,0x0
13980,1223,master,0x06000464,read,0x20004020,1,0x0
13981,1223,master,0x06000464,read,0x20004020,1,0x0
13982,1223,master,0x06000464,read,0x20004020,1,0x0
13983,1223,master,0x06000464,read,0x20004020,1,0x0
13984,1223,master,0x06000464,read,0x20004020,1,0x1
13985,1223,master,0x0600046A,read,0x20004021,1,0x22
13986,1223,master,0x06000464,read,0x20004020,1,0x0
13987,1223,master,0x06000464,read,0x20004020,1,0x0
13988,1223,master,0x06000464,read,0x20004020,1,0x0
13989,1223,master,0x06000464,read,0x20004020,1,0x0
13990,1223,master,0x06000464,read,0x20004020,1,0x0
13991,1223,master,0x06000464,read,0x20004020,1,0x0
13992,1223,master,0x06000464,read,0x20004020,1,0x0
13993,1223,master,0x06000464,read,0x20004020,1,0x0
13994,1223,master,0x06000464,read,0x20004020,1,0x0
13995,1223,master,0x06000464,read,0x20004020,1,0x1
13996,1223,master,0x0600046A,read,0x20004021,1,0x22
13997,1223,master,0x06000464,read,0x20004020,1,0x0
13998,1223,master,0x06000464,read,0x20004020,1,0x0
13999,1223,master,0x06000464,read,0x20004020,1,0x0
14000,1223,master,0x06000464,read,0x20004020,1,0x0
14001,1223,master,0x06000464,read,0x20004020,1,0x0
14002,1223,master,0x06000464,read,0x20004020,1,0x0
14003,1223,master,0x06000464,read,0x20004020,1,0x0
14004,1223,master,0x06000464,read,0x20004020,1,0x0
14005,1223,master,0x06000464,read,0x20004020,1,0x0
14006,1223,master,0x06000464,read,0x20004020,1,0x1
14007,1223,master,0x0600046A,read,0x20004021,1,0x22
14008,1223,master,0x06000464,read,0x20004020,1,0x0
14009,1223,master,0x06000464,read,0x20004020,1,0x0
14010,1223,master,0x06000464,read,0x20004020,1,0x0
14011,1223,master,0x06000464,read,0x20004020,1,0x0
14012,1223,master,0x06000464,read,0x20004020,1,0x0
14013,1223,master,0x06000464,read,0x20004020,1,0x0
14014,1223,master,0x06000464,read,0x20004020,1,0x0
14015,1223,master,0x06000464,read,0x20004020,1,0x0
14016,1223,master,0x06000464,read,0x20004020,1,0x0
14017,1223,master,0x06000464,read,0x20004020,1,0x1
14018,1223,master,0x0600046A,read,0x20004021,1,0x22
14019,1223,master,0x06000464,read,0x20004020,1,0x0
14020,1223,master,0x06000464,read,0x20004020,1,0x0
14021,1223,master,0x06000464,read,0x20004020,1,0x0
14022,1223,master,0x06000464,read,0x20004020,1,0x0
14023,1223,master,0x06000464,read,0x20004020,1,0x0
14024,1223,master,0x06000464,read,0x20004020,1,0x0
14025,1223,master,0x06000464,read,0x20004020,1,0x0
14026,1223,master,0x06000464,read,0x20004020,1,0x0
14027,1223,master,0x06000464,read,0x20004020,1,0x0
14028,1223,master,0x06000464,read,0x20004020,1,0x1
14029,1223,master,0x0600046A,read,0x20004021,1,0x22
14030,1223,master,0x06000464,read,0x20004020,1,0x0
14031,1223,master,0x06000464,read,0x20004020,1,0x0
14032,1223,master,0x06000464,read,0x20004020,1,0x0
14033,1223,master,0x06000464,read,0x20004020,1,0x0
14034,1223,master,0x06000464,read,0x20004020,1,0x0
14035,1223,master,0x06000464,read,0x20004020,1,0x0
14036,1223,master,0x06000464,read,0x20004020,1,0x0
14037,1223,master,0x06000464,read,0x20004020,1,0x0
14038,1223,master,0x06000464,read,0x20004020,1,0x0
14039,1223,master,0x06000464,read,0x20004020,1,0x1
14040,1223,master,0x0600046A,read,0x20004021,1,0x22
14041,1223,master,0x06000464,read,0x20004020,1,0x0
14042,1223,master,0x06000464,read,0x20004020,1,0x0
14043,1223,master,0x06000464,read,0x20004020,1,0x0
14044,1223,master,0x06000464,read,0x20004020,1,0x0
14045,1223,master,0x06000464,read,0x20004020,1,0x0
14046,1223,master,0x06000464,read,0x20004020,1,0x0
14047,1223,master,0x06000464,read,0x20004020,1,0x0
14048,1223,master,0x06000464,read,0x20004020,1,0x0
14049,1223,master,0x06000464,read,0x20004020,1,0x0
14050,1223,master,0x06000464,read,0x20004020,1,0x1
14051,1223,master,0x0600046A,read,0x20004021,1,0x22
14052,1223,master,0x06000464,read,0x20004020,1,0x0
14053,1223,master,0x06000464,read,0x20004020,1,0x0
14054,1223,master,0x06000464,read,0x20004020,1,0x0
14055,1223,master,0x06000464,read,0x20004020,1,0x0
14056,1223,master,0x06000464,read,0x20004020,1,0x0
14057,1223,master,0x06000464,read,0x20004020,1,0x0
14058,1223,master,0x06000464,read,0x20004020,1,0x0
14059,1223,master,0x06000464,read,0x20004020,1,0x0
14060,1223,master,0x06000464,read,0x20004020,1,0x0
14061,1223,master,0x06000464,read,0x20004020,1,0x1
14062,1223,master,0x0600046A,read,0x20004021,1,0x2B
14063,1225,master,0x06000464,read,0x20004020,1,0x0
14064,1225,master,0x06000464,read,0x20004020,1,0x0
14065,1225,master,0x06000464,read,0x20004020,1,0x0
14066,1225,master,0x06000464,read,0x20004020,1,0x0
14067,1225,master,0x06000464,read,0x20004020,1,0x0
14068,1225,master,0x06000464,read,0x20004020,1,0x0
14069,1225,master,0x06000464,read,0x20004020,1,0x0
14070,1225,master,0x06000464,read,0x20004020,1,0x0
14071,1225,master,0x06000464,read,0x20004020,1,0x0
14072,1225,master,0x06000464,read,0x20004020,1,0x0
14073,1225,master,0x06000464,read,0x20004020,1,0x1
14074,1225,master,0x0600046A,read,0x20004021,1,0x22
14075,1225,master,0x06000464,read,0x20004020,1,0x0
14076,1225,master,0x06000464,read,0x20004020,1,0x0
14077,1225,master,0x06000464,read,0x20004020,1,0x0
14078,1225,master,0x06000464,read,0x20004020,1,0x0
14079,1225,master,0x06000464,read,0x20004020,1,0x0
14080,1225,master,0x06000464,read,0x20004020,1,0x0
14081,1225,master,0x06000464,read,0x20004020,1,0x0
14082,1225,master,0x06000464,read,0x20004020,1,0x0
14083,1225,master,0x06000464,read,0x20004020,1,0x0
14084,1225,master,0x06000464,read,0x20004020,1,0x0
14085,1225,master,0x06000464,read,0x20004020,1,0x1
14086,1225,master,0x0600046A,read,0x20004021,1,0x22
14087,1226,master,0x06000464,read,0x20004020,1,0x0
14088,1226,master,0x06000464,read,0x20004020,1,0x0
14089,1226,master,0x06000464,read,0x20004020,1,0x0
14090,1226,master,0x06000464,read,0x20004020,1,0x0
14091,1226,master,0x06000464,read,0x20004020,1,0x0
14092,1226,master,0x06000464,read,0x20004020,1,0x0
14093,1226,master,0x06000464,read,0x20004020,1,0x0
14094,1226,master,0x06000464,read,0x20004020,1,0x0
14095,1226,master,0x06000464,read,0x20004020,1,0x0
14096,1226,master,0x06000464,read,0x20004020,1,0x1
14097,1226,master,0x0600046A,read,0x20004021,1,0x22
14098,1226,master,0x06000464,read,0x20004020,1,0x0
14099,1226,master,0x06000464,read,0x20004020,1,0x0
14100,1226,master,0x06000464,read,0x20004020,1,0x0
14101,1226,master,0x06000464,read,0x20004020,1,0x0
14102,1226,master,0x06000464,read,0x20004020,1,0x0
14103,1226,master,0x06000464,read,0x20004020,1,0x0
14104,1226,master,0x06000464,read,0x20004020,1,0x0
14105,1226,master,0x06000464,read,0x20004020,1,0x0
14106,1226,master,0x06000464,read,0x20004020,1,0x0
14107,1226,master,0x06000464,read,0x20004020,1,0x1
14108,1226,master,0x0600046A,read,0x20004021,1,0x22
14109,1226,master,0x06000464,read,0x20004020,1,0x0
14110,1226,master,0x06000464,read,0x20004020,1,0x0
14111,1226,master,0x06000464,read,0x20004020,1,0x0
14112,1226,master,0x06000464,read,0x20004020,1,0x0
14113,1226,master,0x06000464,read,0x20004020,1,0x0
14114,1226,master,0x06000464,read,0x20004020,1,0x0
14115,1226,master,0x06000464,read,0x20004020,1,0x0
14116,1226,master,0x06000464,read,0x20004020,1,0x0
14117,1226,master,0x06000464,read,0x20004020,1,0x0
14118,1226,master,0x06000464,read,0x20004020,1,0x1
14119,1226,master,0x0600046A,read,0x20004021,1,0x22
14120,1226,master,0x06000464,read,0x20004020,1,0x0
14121,1226,master,0x06000464,read,0x20004020,1,0x0
14122,1226,master,0x06000464,read,0x20004020,1,0x0
14123,1226,master,0x06000464,read,0x20004020,1,0x0
14124,1226,master,0x06000464,read,0x20004020,1,0x0
14125,1226,master,0x06000464,read,0x20004020,1,0x0
14126,1226,master,0x06000464,read,0x20004020,1,0x0
14127,1226,master,0x06000464,read,0x20004020,1,0x0
14128,1226,master,0x06000464,read,0x20004020,1,0x0
14129,1226,master,0x06000464,read,0x20004020,1,0x1
14130,1226,master,0x0600046A,read,0x20004021,1,0x22
14131,1226,master,0x06000464,read,0x20004020,1,0x0
14132,1226,master,0x06000464,read,0x20004020,1,0x0
14133,1226,master,0x06000464,read,0x20004020,1,0x0
14134,1226,master,0x06000464,read,0x20004020,1,0x0
14135,1226,master,0x06000464,read,0x20004020,1,0x0
14136,1226,master,0x06000464,read,0x20004020,1,0x0
14137,1226,master,0x06000464,read,0x20004020,1,0x0
14138,1226,master,0x06000464,read,0x20004020,1,0x0
14139,1226,master,0x06000464,read,0x20004020,1,0x0
14140,1226,master,0x06000464,read,0x20004020,1,0x1
14141,1226,master,0x0600046A,read,0x20004021,1,0x22
14142,1226,master,0x06000464,read,0x20004020,1,0x0
14143,1226,master,0x06000464,read,0x20004020,1,0x0
14144,1226,master,0x06000464,read,0x20004020,1,0x0
14145,1226,master,0x06000464,read,0x20004020,1,0x0
14146,1226,master,0x06000464,read,0x20004020,1,0x0
14147,1226,master,0x06000464,read,0x20004020,1,0x0
14148,1226,master,0x06000464,read,0x20004020,1,0x0
14149,1226,master,0x06000464,read,0x20004020,1,0x0
14150,1226,master,0x06000464,read,0x20004020,1,0x0
14151,1226,master,0x06000464,read,0x20004020,1,0x1
14152,1226,master,0x0600046A,read,0x20004021,1,0x22
14153,1226,master,0x06000464,read,0x20004020,1,0x0
14154,1226,master,0x06000464,read,0x20004020,1,0x0
14155,1226,master,0x06000464,read,0x20004020,1,0x0
14156,1226,master,0x06000464,read,0x20004020,1,0x0
14157,1226,master,0x06000464,read,0x20004020,1,0x0
14158,1226,master,0x06000464,read,0x20004020,1,0x0
14159,1226,master,0x06000464,read,0x20004020,1,0x0
14160,1226,master,0x06000464,read,0x20004020,1,0x0
14161,1226,master,0x06000464,read,0x20004020,1,0x0
14162,1226,master,0x06000464,read,0x20004020,1,0x1
14163,1226,master,0x0600046A,read,0x20004021,1,0x22
14164,1226,master,0x06000464,read,0x20004020,1,0x0
14165,1226,master,0x06000464,read,0x20004020,1,0x0
14166,1226,master,0x06000464,read,0x20004020,1,0x0
14167,1226,master,0x06000464,read,0x20004020,1,0x0
14168,1226,master,0x06000464,read,0x20004020,1,0x0
14169,1226,master,0x06000464,read,0x20004020,1,0x0
14170,1226,master,0x06000464,read,0x20004020,1,0x0
14171,1226,master,0x06000464,read,0x20004020,1,0x0
14172,1226,master,0x06000464,read,0x20004020,1,0x0
14173,1226,master,0x06000464,read,0x20004020,1,0x1
14174,1226,master,0x0600046A,read,0x20004021,1,0x22
14175,1226,master,0x06000464,read,0x20004020,1,0x0
14176,1226,master,0x06000464,read,0x20004020,1,0x0
14177,1226,master,0x06000464,read,0x20004020,1,0x0
14178,1226,master,0x06000464,read,0x20004020,1,0x0
14179,1226,master,0x06000464,read,0x20004020,1,0x0
14180,1226,master,0x06000464,read,0x20004020,1,0x0
14181,1226,master,0x06000464,read,0x20004020,1,0x0
14182,1226,master,0x06000464,read,0x20004020,1,0x0
14183,1226,master,0x06000464,read,0x20004020,1,0x0
14184,1226,master,0x06000464,read,0x20004020,1,0x1
14185,1226,master,0x0600046A,read,0x20004021,1,0x22
14186,1226,master,0x06000464,read,0x20004020,1,0x0
14187,1226,master,0x06000464,read,0x20004020,1,0x0
14188,1226,master,0x06000464,read,0x20004020,1,0x0
14189,1226,master,0x06000464,read,0x20004020,1,0x0
14190,1226,master,0x06000464,read,0x20004020,1,0x0
14191,1226,master,0x06000464,read,0x20004020,1,0x0
14192,1226,master,0x06000464,read,0x20004020,1,0x0
14193,1226,master,0x06000464,read,0x20004020,1,0x0
14194,1226,master,0x06000464,read,0x20004020,1,0x0
14195,1226,master,0x06000464,read,0x20004020,1,0x1
14196,1226,master,0x0600046A,read,0x20004021,1,0x22
14197,1226,master,0x06000464,read,0x20004020,1,0x0
14198,1226,master,0x06000464,read,0x20004020,1,0x0
14199,1226,master,0x06000464,read,0x20004020,1,0x0
14200,1226,master,0x06000464,read,0x20004020,1,0x0
14201,1226,master,0x06000464,read,0x20004020,1,0x0
14202,1226,master,0x06000464,read,0x20004020,1,0x0
14203,1226,master,0x06000464,read,0x20004020,1,0x0
14204,1226,master,0x06000464,read,0x20004020,1,0x0
14205,1226,master,0x06000464,read,0x20004020,1,0x0
14206,1226,master,0x06000464,read,0x20004020,1,0x1
14207,1226,master,0x0600046A,read,0x20004021,1,0x22
14208,1226,master,0x06000464,read,0x20004020,1,0x0
14209,1226,master,0x06000464,read,0x20004020,1,0x0
14210,1226,master,0x06000464,read,0x20004020,1,0x0
14211,1226,master,0x06000464,read,0x20004020,1,0x0
14212,1226,master,0x06000464,read,0x20004020,1,0x0
14213,1226,master,0x06000464,read,0x20004020,1,0x0
14214,1226,master,0x06000464,read,0x20004020,1,0x0
14215,1226,master,0x06000464,read,0x20004020,1,0x0
14216,1226,master,0x06000464,read,0x20004020,1,0x0
14217,1226,master,0x06000464,read,0x20004020,1,0x1
14218,1226,master,0x0600046A,read,0x20004021,1,0x22
14219,1226,master,0x06000464,read,0x20004020,1,0x0
14220,1226,master,0x06000464,read,0x20004020,1,0x0
14221,1226,master,0x06000464,read,0x20004020,1,0x0
14222,1226,master,0x06000464,read,0x20004020,1,0x0
14223,1226,master,0x06000464,read,0x20004020,1,0x0
14224,1226,master,0x06000464,read,0x20004020,1,0x0
14225,1226,master,0x06000464,read,0x20004020,1,0x0
14226,1226,master,0x06000464,read,0x20004020,1,0x0
14227,1226,master,0x06000464,read,0x20004020,1,0x0
14228,1226,master,0x06000464,read,0x20004020,1,0x1
14229,1226,master,0x0600046A,read,0x20004021,1,0x22
14230,1226,master,0x06000464,read,0x20004020,1,0x0
14231,1226,master,0x06000464,read,0x20004020,1,0x0
14232,1226,master,0x06000464,read,0x20004020,1,0x0
14233,1226,master,0x06000464,read,0x20004020,1,0x0
14234,1226,master,0x06000464,read,0x20004020,1,0x0
14235,1226,master,0x06000464,read,0x20004020,1,0x0
14236,1226,master,0x06000464,read,0x20004020,1,0x0
14237,1226,master,0x06000464,read,0x20004020,1,0x0
14238,1226,master,0x06000464,read,0x20004020,1,0x0
14239,1226,master,0x06000464,read,0x20004020,1,0x1
14240,1226,master,0x0600046A,read,0x20004021,1,0x22
14241,1226,master,0x06000464,read,0x20004020,1,0x0
14242,1226,master,0x06000464,read,0x20004020,1,0x0
14243,1226,master,0x06000464,read,0x20004020,1,0x0
14244,1226,master,0x06000464,read,0x20004020,1,0x0
14245,1226,master,0x06000464,read,0x20004020,1,0x0
14246,1226,master,0x06000464,read,0x20004020,1,0x0
14247,1226,master,0x06000464,read,0x20004020,1,0x0
14248,1226,master,0x06000464,read,0x20004020,1,0x0
14249,1226,master,0x06000464,read,0x20004020,1,0x0
14250,1226,master,0x06000464,read,0x20004020,1,0x1
14251,1226,master,0x0600046A,read,0x20004021,1,0x22
14252,1226,master,0x06000464,read,0x20004020,1,0x0
14253,1226,master,0x06000464,read,0x20004020,1,0x0
14254,1226,master,0x06000464,read,0x20004020,1,0x0
14255,1226,master,0x06000464,read,0x20004020,1,0x0
14256,1226,master,0x06000464,read,0x20004020,1,0x0
14257,1226,master,0x06000464,read,0x20004020,1,0x0
14258,1226,master,0x06000464,read,0x20004020,1,0x0
14259,1226,master,0x06000464,read,0x20004020,1,0x0
14260,1226,master,0x06000464,read,0x20004020,1,0x0
14261,1226,master,0x06000464,read,0x20004020,1,0x1
14262,1226,master,0x0600046A,read,0x20004021,1,0x22
14263,1226,master,0x06000464,read,0x20004020,1,0x0
14264,1226,master,0x06000464,read,0x20004020,1,0x0
14265,1226,master,0x06000464,read,0x20004020,1,0x0
14266,1226,master,0x06000464,read,0x20004020,1,0x0
14267,1226,master,0x06000464,read,0x20004020,1,0x0
14268,1226,master,0x06000464,read,0x20004020,1,0x0
14269,1226,master,0x06000464,read,0x20004020,1,0x0
14270,1226,master,0x06000464,read,0x20004020,1,0x0
14271,1226,master,0x06000464,read,0x20004020,1,0x0
14272,1226,master,0x06000464,read,0x20004020,1,0x1
14273,1226,master,0x0600046A,read,0x20004021,1,0x22
14274,1226,master,0x06000464,read,0x20004020,1,0x0
14275,1226,master,0x06000464,read,0x20004020,1,0x0
14276,1226,master,0x06000464,read,0x20004020,1,0x0
14277,1226,master,0x06000464,read,0x20004020,1,0x0
14278,1226,master,0x06000464,read,0x20004020,1,0x0
14279,1226,master,0x06000464,read,0x20004020,1,0x0
14280,1226,master,0x06000464,read,0x20004020,1,0x0
14281,1226,master,0x06000464,read,0x20004020,1,0x0
14282,1226,master,0x06000464,read,0x20004020,1,0x0
14283,1226,master,0x06000464,read,0x20004020,1,0x1
14284,1226,master,0x0600046A,read,0x20004021,1,0x2B
14285,1228,master,0x06000464,read,0x20004020,1,0x0
14286,1228,master,0x06000464,read,0x20004020,1,0x0
14287,1228,master,0x06000464,read,0x20004020,1,0x0
14288,1228,master,0x06000464,read,0x20004020,1,0x0
14289,1228,master,0x06000464,read,0x20004020,1,0x0
14290,1228,master,0x06000464,read,0x20004020,1,0x0
14291,1228,master,0x06000464,read,0x20004020,1,0x0
14292,1228,master,0x06000464,read,0x20004020,1,0x0
14293,1228,master,0x06000464,read,0x20004020,1,0x0
14294,1228,master,0x06000464,read,0x20004020,1,0x0
14295,1228,master,0x06000464,read,0x20004020,1,0x1
14296,1228,master,0x0600046A,read,0x20004021,1,0x22
14297,1228,master,0x06000464,read,0x20004020,1,0x0
14298,1228,master,0x06000464,read,0x20004020,1,0x0
14299,1228,master,0x06000464,read,0x20004020,1,0x0
14300,1228,master,0x06000464,read,0x20004020,1,0x0
14301,1228,master,0x06000464,read,0x20004020,1,0x0
14302,1228,master,0x06000464,read,0x20004020,1,0x0
14303,1228,master,0x06000464,read,0x20004020,1,0x0
14304,1228,master,0x06000464,read,0x20004020,1,0x0
14305,1228,master,0x06000464,read,0x20004020,1,0x0
14306,1228,master,0x06000464,read,0x20004020,1,0x1
14307,1228,master,0x0600046A,read,0x20004021,1,0x22
14308,1228,master,0x06000464,read,0x20004020,1,0x0
14309,1228,master,0x06000464,read,0x20004020,1,0x0
14310,1228,master,0x06000464,read,0x20004020,1,0x0
14311,1228,master,0x06000464,read,0x20004020,1,0x0
14312,1228,master,0x06000464,read,0x20004020,1,0x0
14313,1228,master,0x06000464,read,0x20004020,1,0x0
14314,1228,master,0x06000464,read,0x20004020,1,0x0
14315,1228,master,0x06000464,read,0x20004020,1,0x0
14316,1228,master,0x06000464,read,0x20004020,1,0x0
14317,1228,master,0x06000464,read,0x20004020,1,0x1
14318,1228,master,0x0600046A,read,0x20004021,1,0x22
14319,1229,master,0x06000464,read,0x20004020,1,0x0
14320,1229,master,0x06000464,read,0x20004020,1,0x0
14321,1229,master,0x06000464,read,0x20004020,1,0x0
14322,1229,master,0x06000464,read,0x20004020,1,0x0
14323,1229,master,0x06000464,read,0x20004020,1,0x0
14324,1229,master,0x06000464,read,0x20004020,1,0x0
14325,1229,master,0x06000464,read,0x20004020,1,0x0
14326,1229,master,0x06000464,read,0x20004020,1,0x0
14327,1229,master,0x06000464,read,0x20004020,1,0x0
14328,1229,master,0x06000464,read,0x20004020,1,0x1
14329,1229,master,0x0600046A,read,0x20004021,1,0x22
14330,1229,master,0x06000464,read,0x20004020,1,0x0
14331,1229,master,0x06000464,read,0x20004020,1,0x0
14332,1229,master,0x06000464,read,0x20004020,1,0x0
14333,1229,master,0x06000464,read,0x20004020,1,0x0
14334,1229,master,0x06000464,read,0x20004020,1,0x0
14335,1229,master,0x06000464,read,0x20004020,1,0x0
14336,1229,master,0x06000464,read,0x20004020,1,0x0
14337,1229,master,0x06000464,read,0x20004020,1,0x0
14338,1229,master,0x06000464,read,0x20004020,1,0x0
14339,1229,master,0x06000464,read,0x20004020,1,0x1
14340,1229,master,0x0600046A,read,0x20004021,1,0x22
14341,1229,master,0x06000464,read,0x20004020,1,0x0
14342,1229,master,0x06000464,read,0x20004020,1,0x0
14343,1229,master,0x06000464,read,0x20004020,1,0x0
14344,1229,master,0x06000464,read,0x20004020,1,0x0
14345,1229,master,0x06000464,read,0x20004020,1,0x0
14346,1229,master,0x06000464,read,0x20004020,1,0x0
14347,1229,master,0x06000464,read,0x20004020,1,0x0
14348,1229,master,0x06000464,read,0x20004020,1,0x0
14349,1229,master,0x06000464,read,0x20004020,1,0x0
14350,1229,master,0x06000464,read,0x20004020,1,0x1
14351,1229,master,0x0600046A,read,0x20004021,1,0x22
14352,1229,master,0x06000464,read,0x20004020,1,0x0
14353,1229,master,0x06000464,read,0x20004020,1,0x0
14354,1229,master,0x06000464,read,0x20004020,1,0x0
14355,1229,master,0x06000464,read,0x20004020,1,0x0
14356,1229,master,0x06000464,read,0x20004020,1,0x0
14357,1229,master,0x06000464,read,0x20004020,1,0x0
14358,1229,master,0x06000464,read,0x20004020,1,0x0
14359,1229,master,0x06000464,read,0x20004020,1,0x0
14360,1229,master,0x06000464,read,0x20004020,1,0x0
14361,1229,master,0x06000464,read,0x20004020,1,0x1
14362,1229,master,0x0600046A,read,0x20004021,1,0x22
14363,1229,master,0x06000464,read,0x20004020,1,0x0
14364,1229,master,0x06000464,read,0x20004020,1,0x0
14365,1229,master,0x06000464,read,0x20004020,1,0x0
14366,1229,master,0x06000464,read,0x20004020,1,0x0
14367,1229,master,0x06000464,read,0x20004020,1,0x0
14368,1229,master,0x06000464,read,0x20004020,1,0x0
14369,1229,master,0x06000464,read,0x20004020,1,0x0
14370,1229,master,0x06000464,read,0x20004020,1,0x0
14371,1229,master,0x06000464,read,0x20004020,1,0x0
14372,1229,master,0x06000464,read,0x20004020,1,0x0
14373,1229,master,0x06000464,read,0x20004020,1,0x1
14374,1229,master,0x0600046A,read,0x20004021,1,0x22
14375,1229,master,0x06000464,read,0x20004020,1,0x0
14376,1229,master,0x06000464,read,0x20004020,1,0x0
14377,1229,master,0x06000464,read,0x20004020,1,0x0
14378,1229,master,0x06000464,read,0x20004020,1,0x0
14379,1229,master,0x06000464,read,0x20004020,1,0x0
14380,1229,master,0x06000464,read,0x20004020,1,0x0
14381,1229,master,0x06000464,read,0x20004020,1,0x0
14382,1229,master,0x06000464,read,0x20004020,1,0x0
14383,1229,master,0x06000464,read,0x20004020,1,0x0
14384,1229,master,0x06000464,read,0x20004020,1,0x1
14385,1229,master,0x0600046A,read,0x20004021,1,0x22
14386,1229,master,0x06000464,read,0x20004020,1,0x0
14387,1229,master,0x06000464,read,0x20004020,1,0x0
14388,1229,master,0x06000464,read,0x20004020,1,0x0
14389,1229,master,0x06000464,read,0x20004020,1,0x0
14390,1229,master,0x06000464,read,0x20004020,1,0x0
14391,1229,master,0x06000464,read,0x20004020,1,0x0
14392,1229,master,0x06000464,read,0x20004020,1,0x0
14393,1229,master,0x06000464,read,0x20004020,1,0x0
14394,1229,master,0x06000464,read,0x20004020,1,0x0
14395,1229,master,0x06000464,read,0x20004020,1,0x1
14396,1229,master,0x0600046A,read,0x20004021,1,0x22
14397,1229,master,0x06000464,read,0x20004020,1,0x0
14398,1229,master,0x06000464,read,0x20004020,1,0x0
14399,1229,master,0x06000464,read,0x20004020,1,0x0
14400,1229,master,0x06000464,read,0x20004020,1,0x0
14401,1229,master,0x06000464,read,0x20004020,1,0x0
14402,1229,master,0x06000464,read,0x20004020,1,0x0
14403,1229,master,0x06000464,read,0x20004020,1,0x0
14404,1229,master,0x06000464,read,0x20004020,1,0x0
14405,1229,master,0x06000464,read,0x20004020,1,0x0
14406,1229,master,0x06000464,read,0x20004020,1,0x1
14407,1229,master,0x0600046A,read,0x20004021,1,0x22
14408,1229,master,0x06000464,read,0x20004020,1,0x0
14409,1229,master,0x06000464,read,0x20004020,1,0x0
14410,1229,master,0x06000464,read,0x20004020,1,0x0
14411,1229,master,0x06000464,read,0x20004020,1,0x0
14412,1229,master,0x06000464,read,0x20004020,1,0x0
14413,1229,master,0x06000464,read,0x20004020,1,0x0
14414,1229,master,0x06000464,read,0x20004020,1,0x0
14415,1229,master,0x06000464,read,0x20004020,1,0x0
14416,1229,master,0x06000464,read,0x20004020,1,0x0
14417,1229,master,0x06000464,read,0x20004020,1,0x1
14418,1229,master,0x0600046A,read,0x20004021,1,0x22
14419,1229,master,0x06000464,read,0x20004020,1,0x0
14420,1229,master,0x06000464,read,0x20004020,1,0x0
14421,1229,master,0x06000464,read,0x20004020,1,0x0
14422,1229,master,0x06000464,read,0x20004020,1,0x0
14423,1229,master,0x06000464,read,0x20004020,1,0x0
14424,1229,master,0x06000464,read,0x20004020,1,0x0
14425,1229,master,0x06000464,read,0x20004020,1,0x0
14426,1229,master,0x06000464,read,0x20004020,1,0x0
14427,1229,master,0x06000464,read,0x20004020,1,0x0
14428,1229,master,0x06000464,read,0x20004020,1,0x1
14429,1229,master,0x0600046A,read,0x20004021,1,0x22
14430,1229,master,0x06000464,read,0x20004020,1,0x0
14431,1229,master,0x06000464,read,0x20004020,1,0x0
14432,1229,master,0x06000464,read,0x20004020,1,0x0
14433,1229,master,0x06000464,read,0x20004020,1,0x0
14434,1229,master,0x06000464,read,0x20004020,1,0x0
14435,1229,master,0x06000464,read,0x20004020,1,0x0
14436,1229,master,0x06000464,read,0x20004020,1,0x0
14437,1229,master,0x06000464,read,0x20004020,1,0x0
14438,1229,master,0x06000464,read,0x20004020,1,0x0
14439,1229,master,0x06000464,read,0x20004020,1,0x1
14440,1229,master,0x0600046A,read,0x20004021,1,0x22
14441,1229,master,0x06000464,read,0x20004020,1,0x0
14442,1229,master,0x06000464,read,0x20004020,1,0x0
14443,1229,master,0x06000464,read,0x20004020,1,0x0
14444,1229,master,0x06000464,read,0x20004020,1,0x0
14445,1229,master,0x06000464,read,0x20004020,1,0x0
14446,1229,master,0x06000464,read,0x20004020,1,0x0
14447,1229,master,0x06000464,read,0x20004020,1,0x0
14448,1229,master,0x06000464,read,0x20004020,1,0x0
14449,1229,master,0x06000464,read,0x20004020,1,0x0
14450,1229,master,0x06000464,read,0x20004020,1,0x1
14451,1229,master,0x0600046A,read,0x20004021,1,0x22
14452,1229,master,0x06000464,read,0x20004020,1,0x0
14453,1229,master,0x06000464,read,0x20004020,1,0x0
14454,1229,master,0x06000464,read,0x20004020,1,0x0
14455,1229,master,0x06000464,read,0x20004020,1,0x0
14456,1229,master,0x06000464,read,0x20004020,1,0x0
14457,1229,master,0x06000464,read,0x20004020,1,0x0
14458,1229,master,0x06000464,read,0x20004020,1,0x0
14459,1229,master,0x06000464,read,0x20004020,1,0x0
14460,1229,master,0x06000464,read,0x20004020,1,0x0
14461,1229,master,0x06000464,read,0x20004020,1,0x1
14462,1229,master,0x0600046A,read,0x20004021,1,0x22
14463,1229,master,0x06000464,read,0x20004020,1,0x0
14464,1229,master,0x06000464,read,0x20004020,1,0x0
14465,1229,master,0x06000464,read,0x20004020,1,0x0
14466,1229,master,0x06000464,read,0x20004020,1,0x0
14467,1229,master,0x06000464,read,0x20004020,1,0x0
14468,1229,master,0x06000464,read,0x20004020,1,0x0
14469,1229,master,0x06000464,read,0x20004020,1,0x0
14470,1229,master,0x06000464,read,0x20004020,1,0x0
14471,1229,master,0x06000464,read,0x20004020,1,0x0
14472,1229,master,0x06000464,read,0x20004020,1,0x1
14473,1229,master,0x0600046A,read,0x20004021,1,0x22
14474,1229,master,0x06000464,read,0x20004020,1,0x0
14475,1229,master,0x06000464,read,0x20004020,1,0x0
14476,1229,master,0x06000464,read,0x20004020,1,0x0
14477,1229,master,0x06000464,read,0x20004020,1,0x0
14478,1229,master,0x06000464,read,0x20004020,1,0x0
14479,1229,master,0x06000464,read,0x20004020,1,0x0
14480,1229,master,0x06000464,read,0x20004020,1,0x0
14481,1229,master,0x06000464,read,0x20004020,1,0x0
14482,1229,master,0x06000464,read,0x20004020,1,0x0
14483,1229,master,0x06000464,read,0x20004020,1,0x1
14484,1229,master,0x0600046A,read,0x20004021,1,0x22
14485,1229,master,0x06000464,read,0x20004020,1,0x0
14486,1229,master,0x06000464,read,0x20004020,1,0x0
14487,1229,master,0x06000464,read,0x20004020,1,0x0
14488,1229,master,0x06000464,read,0x20004020,1,0x0
14489,1229,master,0x06000464,read,0x20004020,1,0x0
14490,1229,master,0x06000464,read,0x20004020,1,0x0
14491,1229,master,0x06000464,read,0x20004020,1,0x0
14492,1229,master,0x06000464,read,0x20004020,1,0x0
14493,1229,master,0x06000464,read,0x20004020,1,0x0
14494,1229,master,0x06000464,read,0x20004020,1,0x1
14495,1229,master,0x0600046A,read,0x20004021,1,0x22
14496,1229,master,0x06000464,read,0x20004020,1,0x0
14497,1229,master,0x06000464,read,0x20004020,1,0x0
14498,1229,master,0x06000464,read,0x20004020,1,0x0
14499,1229,master,0x06000464,read,0x20004020,1,0x0
14500,1229,master,0x06000464,read,0x20004020,1,0x0
14501,1229,master,0x06000464,read,0x20004020,1,0x0
14502,1229,master,0x06000464,read,0x20004020,1,0x0
14503,1229,master,0x06000464,read,0x20004020,1,0x0
14504,1229,master,0x06000464,read,0x20004020,1,0x0
14505,1229,master,0x06000464,read,0x20004020,1,0x1
14506,1229,master,0x0600046A,read,0x20004021,1,0x2B
14507,1231,master,0x06000464,read,0x20004020,1,0x0
14508,1231,master,0x06000464,read,0x20004020,1,0x0
14509,1231,master,0x06000464,read,0x20004020,1,0x0
14510,1231,master,0x06000464,read,0x20004020,1,0x0
14511,1231,master,0x06000464,read,0x20004020,1,0x0
14512,1231,master,0x06000464,read,0x20004020,1,0x0
14513,1231,master,0x06000464,read,0x20004020,1,0x0
14514,1231,master,0x06000464,read,0x20004020,1,0x0
14515,1231,master,0x06000464,read,0x20004020,1,0x0
14516,1231,master,0x06000464,read,0x20004020,1,0x0
14517,1231,master,0x06000464,read,0x20004020,1,0x1
14518,1231,master,0x0600046A,read,0x20004021,1,0x22
14519,1231,master,0x06000464,read,0x20004020,1,0x0
14520,1231,master,0x06000464,read,0x20004020,1,0x0
14521,1231,master,0x06000464,read,0x20004020,1,0x0
14522,1231,master,0x06000464,read,0x20004020,1,0x0
14523,1231,master,0x06000464,read,0x20004020,1,0x0
14524,1231,master,0x06000464,read,0x20004020,1,0x0
14525,1231,master,0x06000464,read,0x20004020,1,0x0
14526,1231,master,0x06000464,read,0x20004020,1,0x0
14527,1231,master,0x06000464,read,0x20004020,1,0x0
14528,1231,master,0x06000464,read,0x20004020,1,0x1
14529,1231,master,0x0600046A,read,0x20004021,1,0x22
14530,1232,master,0x06000464,read,0x20004020,1,0x0
14531,1232,master,0x06000464,read,0x20004020,1,0x0
14532,1232,master,0x06000464,read,0x20004020,1,0x0
14533,1232,master,0x06000464,read,0x20004020,1,0x0
14534,1232,master,0x06000464,read,0x20004020,1,0x0
14535,1232,master,0x06000464,read,0x20004020,1,0x0
14536,1232,master,0x06000464,read,0x20004020,1,0x0
14537,1232,master,0x06000464,read,0x20004020,1,0x0
14538,1232,master,0x06000464,read,0x20004020,1,0x0
14539,1232,master,0x06000464,read,0x20004020,1,0x1
14540,1232,master,0x0600046A,read,0x20004021,1,0x22
14541,1232,master,0x06000464,read,0x20004020,1,0x0
14542,1232,master,0x06000464,read,0x20004020,1,0x0
14543,1232,master,0x06000464,read,0x20004020,1,0x0
14544,1232,master,0x06000464,read,0x20004020,1,0x0
14545,1232,master,0x06000464,read,0x20004020,1,0x0
14546,1232,master,0x06000464,read,0x20004020,1,0x0
14547,1232,master,0x06000464,read,0x20004020,1,0x0
14548,1232,master,0x06000464,read,0x20004020,1,0x0
14549,1232,master,0x06000464,read,0x20004020,1,0x0
14550,1232,master,0x06000464,read,0x20004020,1,0x1
14551,1232,master,0x0600046A,read,0x20004021,1,0x22
14552,1232,master,0x06000464,read,0x20004020,1,0x0
14553,1232,master,0x06000464,read,0x20004020,1,0x0
14554,1232,master,0x06000464,read,0x20004020,1,0x0
14555,1232,master,0x06000464,read,0x20004020,1,0x0
14556,1232,master,0x06000464,read,0x20004020,1,0x0
14557,1232,master,0x06000464,read,0x20004020,1,0x0
14558,1232,master,0x06000464,read,0x20004020,1,0x0
14559,1232,master,0x06000464,read,0x20004020,1,0x0
14560,1232,master,0x06000464,read,0x20004020,1,0x0
14561,1232,master,0x06000464,read,0x20004020,1,0x1
14562,1232,master,0x0600046A,read,0x20004021,1,0x22
14563,1232,master,0x06000464,read,0x20004020,1,0x0
14564,1232,master,0x06000464,read,0x20004020,1,0x0
14565,1232,master,0x06000464,read,0x20004020,1,0x0
14566,1232,master,0x06000464,read,0x20004020,1,0x0
14567,1232,master,0x06000464,read,0x20004020,1,0x0
14568,1232,master,0x06000464,read,0x20004020,1,0x0
14569,1232,master,0x06000464,read,0x20004020,1,0x0
14570,1232,master,0x06000464,read,0x20004020,1,0x0
14571,1232,master,0x06000464,read,0x20004020,1,0x0
14572,1232,master,0x06000464,read,0x20004020,1,0x1
14573,1232,master,0x0600046A,read,0x20004021,1,0x22
14574,1232,master,0x06000464,read,0x20004020,1,0x0
14575,1232,master,0x06000464,read,0x20004020,1,0x0
14576,1232,master,0x06000464,read,0x20004020,1,0x0
14577,1232,master,0x06000464,read,0x20004020,1,0x0
14578,1232,master,0x06000464,read,0x20004020,1,0x0
14579,1232,master,0x06000464,read,0x20004020,1,0x0
14580,1232,master,0x06000464,read,0x20004020,1,0x0
14581,1232,master,0x06000464,read,0x20004020,1,0x0
14582,1232,master,0x06000464,read,0x20004020,1,0x0
14583,1232,master,0x06000464,read,0x20004020,1,0x1
14584,1232,master,0x0600046A,read,0x20004021,1,0x22
14585,1232,master,0x06000464,read,0x20004020,1,0x0
14586,1232,master,0x06000464,read,0x20004020,1,0x0
14587,1232,master,0x06000464,read,0x20004020,1,0x0
14588,1232,master,0x06000464,read,0x20004020,1,0x0
14589,1232,master,0x06000464,read,0x20004020,1,0x0
14590,1232,master,0x06000464,read,0x20004020,1,0x0
14591,1232,master,0x06000464,read,0x20004020,1,0x0
14592,1232,master,0x06000464,read,0x20004020,1,0x0
14593,1232,master,0x06000464,read,0x20004020,1,0x0
14594,1232,master,0x06000464,read,0x20004020,1,0x0
14595,1232,master,0x06000464,read,0x20004020,1,0x1
14596,1232,master,0x0600046A,read,0x20004021,1,0x22
14597,1232,master,0x06000464,read,0x20004020,1,0x0
14598,1232,master,0x06000464,read,0x20004020,1,0x0
14599,1232,master,0x06000464,read,0x20004020,1,0x0
14600,1232,master,0x06000464,read,0x20004020,1,0x0
14601,1232,master,0x06000464,read,0x20004020,1,0x0
14602,1232,master,0x06000464,read,0x20004020,1,0x0
14603,1232,master,0x06000464,read,0x20004020,1,0x0
14604,1232,master,0x06000464,read,0x20004020,1,0x0
14605,1232,master,0x06000464,read,0x20004020,1,0x0
14606,1232,master,0x06000464,read,0x20004020,1,0x1
14607,1232,master,0x0600046A,read,0x20004021,1,0x22
14608,1232,master,0x06000464,read,0x20004020,1,0x0
14609,1232,master,0x06000464,read,0x20004020,1,0x0
14610,1232,master,0x06000464,read,0x20004020,1,0x0
14611,1232,master,0x06000464,read,0x20004020,1,0x0
14612,1232,master,0x06000464,read,0x20004020,1,0x0
14613,1232,master,0x06000464,read,0x20004020,1,0x0
14614,1232,master,0x06000464,read,0x20004020,1,0x0
14615,1232,master,0x06000464,read,0x20004020,1,0x0
14616,1232,master,0x06000464,read,0x20004020,1,0x0
14617,1232,master,0x06000464,read,0x20004020,1,0x1
14618,1232,master,0x0600046A,read,0x20004021,1,0x22
14619,1232,master,0x06000464,read,0x20004020,1,0x0
14620,1232,master,0x06000464,read,0x20004020,1,0x0
14621,1232,master,0x06000464,read,0x20004020,1,0x0
14622,1232,master,0x06000464,read,0x20004020,1,0x0
14623,1232,master,0x06000464,read,0x20004020,1,0x0
14624,1232,master,0x06000464,read,0x20004020,1,0x0
14625,1232,master,0x06000464,read,0x20004020,1,0x0
14626,1232,master,0x06000464,read,0x20004020,1,0x0
14627,1232,master,0x06000464,read,0x20004020,1,0x0
14628,1232,master,0x06000464,read,0x20004020,1,0x1
14629,1232,master,0x0600046A,read,0x20004021,1,0x22
14630,1232,master,0x06000464,read,0x20004020,1,0x0
14631,1232,master,0x06000464,read,0x20004020,1,0x0
14632,1232,master,0x06000464,read,0x20004020,1,0x0
14633,1232,master,0x06000464,read,0x20004020,1,0x0
14634,1232,master,0x06000464,read,0x20004020,1,0x0
14635,1232,master,0x06000464,read,0x20004020,1,0x0
14636,1232,master,0x06000464,read,0x20004020,1,0x0
14637,1232,master,0x06000464,read,0x20004020,1,0x0
14638,1232,master,0x06000464,read,0x20004020,1,0x0
14639,1232,master,0x06000464,read,0x20004020,1,0x1
14640,1232,master,0x0600046A,read,0x20004021,1,0x22
14641,1232,master,0x06000464,read,0x20004020,1,0x0
14642,1232,master,0x06000464,read,0x20004020,1,0x0
14643,1232,master,0x06000464,read,0x20004020,1,0x0
14644,1232,master,0x06000464,read,0x20004020,1,0x0
14645,1232,master,0x06000464,read,0x20004020,1,0x0
14646,1232,master,0x06000464,read,0x20004020,1,0x0
14647,1232,master,0x06000464,read,0x20004020,1,0x0
14648,1232,master,0x06000464,read,0x20004020,1,0x0
14649,1232,master,0x06000464,read,0x20004020,1,0x0
14650,1232,master,0x06000464,read,0x20004020,1,0x1
14651,1232,master,0x0600046A,read,0x20004021,1,0x22
14652,1232,master,0x06000464,read,0x20004020,1,0x0
14653,1232,master,0x06000464,read,0x20004020,1,0x0
14654,1232,master,0x06000464,read,0x20004020,1,0x0
14655,1232,master,0x06000464,read,0x20004020,1,0x0
14656,1232,master,0x06000464,read,0x20004020,1,0x0
14657,1232,master,0x06000464,read,0x20004020,1,0x0
14658,1232,master,0x06000464,read,0x20004020,1,0x0
14659,1232,master,0x06000464,read,0x20004020,1,0x0
14660,1232,master,0x06000464,read,0x20004020,1,0x0
14661,1232,master,0x06000464,read,0x20004020,1,0x1
14662,1232,master,0x0600046A,read,0x20004021,1,0x22
14663,1232,master,0x06000464,read,0x20004020,1,0x0
14664,1232,master,0x06000464,read,0x20004020,1,0x0
14665,1232,master,0x06000464,read,0x20004020,1,0x0
14666,1232,master,0x06000464,read,0x20004020,1,0x0
14667,1232,master,0x06000464,read,0x20004020,1,0x0
14668,1232,master,0x06000464,read,0x20004020,1,0x0
14669,1232,master,0x06000464,read,0x20004020,1,0x0
14670,1232,master,0x06000464,read,0x20004020,1,0x0
14671,1232,master,0x06000464,read,0x20004020,1,0x0
14672,1232,master,0x06000464,read,0x20004020,1,0x1
14673,1232,master,0x0600046A,read,0x20004021,1,0x22
14674,1232,master,0x06000464,read,0x20004020,1,0x0
14675,1232,master,0x06000464,read,0x20004020,1,0x0
14676,1232,master,0x06000464,read,0x20004020,1,0x0
14677,1232,master,0x06000464,read,0x20004020,1,0x0
14678,1232,master,0x06000464,read,0x20004020,1,0x0
14679,1232,master,0x06000464,read,0x20004020,1,0x0
14680,1232,master,0x06000464,read,0x20004020,1,0x0
14681,1232,master,0x06000464,read,0x20004020,1,0x0
14682,1232,master,0x06000464,read,0x20004020,1,0x0
14683,1232,master,0x06000464,read,0x20004020,1,0x1
14684,1232,master,0x0600046A,read,0x20004021,1,0x22
14685,1232,master,0x06000464,read,0x20004020,1,0x0
14686,1232,master,0x06000464,read,0x20004020,1,0x0
14687,1232,master,0x06000464,read,0x20004020,1,0x0
14688,1232,master,0x06000464,read,0x20004020,1,0x0
14689,1232,master,0x06000464,read,0x20004020,1,0x0
14690,1232,master,0x06000464,read,0x20004020,1,0x0
14691,1232,master,0x06000464,read,0x20004020,1,0x0
14692,1232,master,0x06000464,read,0x20004020,1,0x0
14693,1232,master,0x06000464,read,0x20004020,1,0x0
14694,1232,master,0x06000464,read,0x20004020,1,0x1
14695,1232,master,0x0600046A,read,0x20004021,1,0x22
14696,1232,master,0x06000464,read,0x20004020,1,0x0
14697,1232,master,0x06000464,read,0x20004020,1,0x0
14698,1232,master,0x06000464,read,0x20004020,1,0x0
14699,1232,master,0x06000464,read,0x20004020,1,0x0
14700,1232,master,0x06000464,read,0x20004020,1,0x0
14701,1232,master,0x06000464,read,0x20004020,1,0x0
14702,1232,master,0x06000464,read,0x20004020,1,0x0
14703,1232,master,0x06000464,read,0x20004020,1,0x0
14704,1232,master,0x06000464,read,0x20004020,1,0x0
14705,1232,master,0x06000464,read,0x20004020,1,0x1
14706,1232,master,0x0600046A,read,0x20004021,1,0x22
14707,1232,master,0x06000464,read,0x20004020,1,0x0
14708,1232,master,0x06000464,read,0x20004020,1,0x0
14709,1232,master,0x06000464,read,0x20004020,1,0x0
14710,1232,master,0x06000464,read,0x20004020,1,0x0
14711,1232,master,0x06000464,read,0x20004020,1,0x0
14712,1232,master,0x06000464,read,0x20004020,1,0x0
14713,1232,master,0x06000464,read,0x20004020,1,0x0
14714,1232,master,0x06000464,read,0x20004020,1,0x0
14715,1232,master,0x06000464,read,0x20004020,1,0x0
14716,1232,master,0x06000464,read,0x20004020,1,0x1
14717,1232,master,0x0600046A,read,0x20004021,1,0x22
14718,1232,master,0x06000464,read,0x20004020,1,0x0
14719,1232,master,0x06000464,read,0x20004020,1,0x0
14720,1232,master,0x06000464,read,0x20004020,1,0x0
14721,1232,master,0x06000464,read,0x20004020,1,0x0
14722,1232,master,0x06000464,read,0x20004020,1,0x0
14723,1232,master,0x06000464,read,0x20004020,1,0x0
14724,1232,master,0x06000464,read,0x20004020,1,0x0
14725,1232,master,0x06000464,read,0x20004020,1,0x0
14726,1232,master,0x06000464,read,0x20004020,1,0x0
14727,1232,master,0x06000464,read,0x20004020,1,0x1
14728,1232,master,0x0600046A,read,0x20004021,1,0x2B
14729,1234,master,0x06000464,read,0x20004020,1,0x0
14730,1234,master,0x06000464,read,0x20004020,1,0x0
14731,1234,master,0x06000464,read,0x20004020,1,0x0
14732,1234,master,0x06000464,read,0x20004020,1,0x0
14733,1234,master,0x06000464,read,0x20004020,1,0x0
14734,1234,master,0x06000464,read,0x20004020,1,0x0
14735,1234,master,0x06000464,read,0x20004020,1,0x0
14736,1234,master,0x06000464,read,0x20004020,1,0x0
14737,1234,master,0x06000464,read,0x20004020,1,0x0
14738,1234,master,0x06000464,read,0x20004020,1,0x0
14739,1234,master,0x06000464,read,0x20004020,1,0x1
14740,1234,master,0x0600046A,read,0x20004021,1,0x22
14741,1234,master,0x06000464,read,0x20004020,1,0x0
14742,1234,master,0x06000464,read,0x20004020,1,0x0
14743,1234,master,0x06000464,read,0x20004020,1,0x0
14744,1234,master,0x06000464,read,0x20004020,1,0x0
14745,1234,master,0x06000464,read,0x20004020,1,0x0
14746,1234,master,0x06000464,read,0x20004020,1,0x0
14747,1234,master,0x06000464,read,0x20004020,1,0x0
14748,1234,master,0x06000464,read,0x20004020,1,0x0
14749,1234,master,0x06000464,read,0x20004020,1,0x0
14750,1234,master,0x06000464,read,0x20004020,2,0x0
14751,1235,master,0x06000464,read,0x20004020,1,0x1
14752,1235,master,0x0600046A,read,0x20004021,1,0x22
14753,1235,master,0x06000464,read,0x20004020,1,0x0
14754,1235,master,0x06000464,read,0x20004020,1,0x0
14755,1235,master,0x06000464,read,0x20004020,1,0x0
14756,1235,master,0x06000464,read,0x20004020,1,0x0
14757,1235,master,0x06000464,read,0x20004020,1,0x0
14758,1235,master,0x06000464,read,0x20004020,1,0x0
14759,1235,master,0x06000464,read,0x20004020,1,0x0
14760,1235,master,0x06000464,read,0x20004020,1,0x0
14761,1235,master,0x06000464,read,0x20004020,1,0x0
14762,1235,master,0x06000464,read,0x20004020,1,0x1
14763,1235,master,0x0600046A,read,0x20004021,1,0x22
14764,1235,master,0x06000464,read,0x20004020,1,0x0
14765,1235,master,0x06000464,read,0x20004020,1,0x0
14766,1235,master,0x06000464,read,0x20004020,1,0x0
14767,1235,master,0x06000464,read,0x20004020,1,0x0
14768,1235,master,0x06000464,read,0x20004020,1,0x0
14769,1235,master,0x06000464,read,0x20004020,1,0x0
14770,1235,master,0x06000464,read,0x20004020,1,0x0
14771,1235,master,0x06000464,read,0x20004020,1,0x0
14772,1235,master,0x06000464,read,0x20004020,1,0x0
14773,1235,master,0x06000464,read,0x20004020,1,0x1
14774,1235,master,0x0600046A,read,0x20004021,1,0x22
14775,1235,master,0x06000464,read,0x20004020,1,0x0
14776,1235,master,0x06000464,read,0x20004020,1,0x0
14777,1235,master,0x06000464,read,0x20004020,1,0x0
14778,1235,master,0x06000464,read,0x20004020,1,0x0
14779,1235,master,0x06000464,read,0x20004020,1,0x0
14780,1235,master,0x06000464,read,0x20004020,1,0x0
14781,1235,master,0x06000464,read,0x20004020,1,0x0
14782,1235,master,0x06000464,read,0x20004020,1,0x0
14783,1235,master,0x06000464,read,0x20004020,1,0x0
14784,1235,master,0x06000464,read,0x20004020,1,0x1
14785,1235,master,0x0600046A,read,0x20004021,1,0x22
14786,1235,master,0x06000464,read,0x20004020,1,0x0
14787,1235,master,0x06000464,read,0x20004020,1,0x0
14788,1235,master,0x06000464,read,0x20004020,1,0x0
14789,1235,master,0x06000464,read,0x20004020,1,0x0
14790,1235,master,0x06000464,read,0x20004020,1,0x0
14791,1235,master,0x06000464,read,0x20004020,1,0x0
14792,1235,master,0x06000464,read,0x20004020,1,0x0
14793,1235,master,0x06000464,read,0x20004020,1,0x0
14794,1235,master,0x06000464,read,0x20004020,1,0x0
14795,1235,master,0x06000464,read,0x20004020,1,0x1
14796,1235,master,0x0600046A,read,0x20004021,1,0x22
14797,1235,master,0x06000464,read,0x20004020,1,0x0
14798,1235,master,0x06000464,read,0x20004020,1,0x0
14799,1235,master,0x06000464,read,0x20004020,1,0x0
14800,1235,master,0x06000464,read,0x20004020,1,0x0
14801,1235,master,0x06000464,read,0x20004020,1,0x0
14802,1235,master,0x06000464,read,0x20004020,1,0x0
14803,1235,master,0x06000464,read,0x20004020,1,0x0
14804,1235,master,0x06000464,read,0x20004020,1,0x0
14805,1235,master,0x06000464,read,0x20004020,1,0x0
14806,1235,master,0x06000464,read,0x20004020,1,0x1
14807,1235,master,0x0600046A,read,0x20004021,1,0x22
14808,1235,master,0x06000464,read,0x20004020,1,0x0
14809,1235,master,0x06000464,read,0x20004020,1,0x0
14810,1235,master,0x06000464,read,0x20004020,1,0x0
14811,1235,master,0x06000464,read,0x20004020,1,0x0
14812,1235,master,0x06000464,read,0x20004020,1,0x0
14813,1235,master,0x06000464,read,0x20004020,1,0x0
14814,1235,master,0x06000464,read,0x20004020,1,0x0
14815,1235,master,0x06000464,read,0x20004020,1,0x0
14816,1235,master,0x06000464,read,0x20004020,1,0x0
14817,1235,master,0x06000464,read,0x20004020,1,0x1
14818,1235,master,0x0600046A,read,0x20004021,1,0x22
14819,1235,master,0x06000464,read,0x20004020,1,0x0
14820,1235,master,0x06000464,read,0x20004020,1,0x0
14821,1235,master,0x06000464,read,0x20004020,1,0x0
14822,1235,master,0x06000464,read,0x20004020,1,0x0
14823,1235,master,0x06000464,read,0x20004020,1,0x0
14824,1235,master,0x06000464,read,0x20004020,1,0x0
14825,1235,master,0x06000464,read,0x20004020,1,0x0
14826,1235,master,0x06000464,read,0x20004020,1,0x0
14827,1235,master,0x06000464,read,0x20004020,1,0x0
14828,1235,master,0x06000464,read,0x20004020,1,0x1
14829,1235,master,0x0600046A,read,0x20004021,1,0x22
14830,1235,master,0x06000464,read,0x20004020,1,0x0
14831,1235,master,0x06000464,read,0x20004020,1,0x0
14832,1235,master,0x06000464,read,0x20004020,1,0x0
14833,1235,master,0x06000464,read,0x20004020,1,0x0
14834,1235,master,0x06000464,read,0x20004020,1,0x0
14835,1235,master,0x06000464,read,0x20004020,1,0x0
14836,1235,master,0x06000464,read,0x20004020,1,0x0
14837,1235,master,0x06000464,read,0x20004020,1,0x0
14838,1235,master,0x06000464,read,0x20004020,1,0x0
14839,1235,master,0x06000464,read,0x20004020,1,0x1
14840,1235,master,0x0600046A,read,0x20004021,1,0x22
14841,1235,master,0x06000464,read,0x20004020,1,0x0
14842,1235,master,0x06000464,read,0x20004020,1,0x0
14843,1235,master,0x06000464,read,0x20004020,1,0x0
14844,1235,master,0x06000464,read,0x20004020,1,0x0
14845,1235,master,0x06000464,read,0x20004020,1,0x0
14846,1235,master,0x06000464,read,0x20004020,1,0x0
14847,1235,master,0x06000464,read,0x20004020,1,0x0
14848,1235,master,0x06000464,read,0x20004020,1,0x0
14849,1235,master,0x06000464,read,0x20004020,1,0x0
14850,1235,master,0x06000464,read,0x20004020,1,0x1
14851,1235,master,0x0600046A,read,0x20004021,1,0x22
14852,1235,master,0x06000464,read,0x20004020,1,0x0
14853,1235,master,0x06000464,read,0x20004020,1,0x0
14854,1235,master,0x06000464,read,0x20004020,1,0x0
14855,1235,master,0x06000464,read,0x20004020,1,0x0
14856,1235,master,0x06000464,read,0x20004020,1,0x0
14857,1235,master,0x06000464,read,0x20004020,1,0x0
14858,1235,master,0x06000464,read,0x20004020,1,0x0
14859,1235,master,0x06000464,read,0x20004020,1,0x0
14860,1235,master,0x06000464,read,0x20004020,1,0x0
14861,1235,master,0x06000464,read,0x20004020,1,0x1
14862,1235,master,0x0600046A,read,0x20004021,1,0x22
14863,1235,master,0x06000464,read,0x20004020,1,0x0
14864,1235,master,0x06000464,read,0x20004020,1,0x0
14865,1235,master,0x06000464,read,0x20004020,1,0x0
14866,1235,master,0x06000464,read,0x20004020,1,0x0
14867,1235,master,0x06000464,read,0x20004020,1,0x0
14868,1235,master,0x06000464,read,0x20004020,1,0x0
14869,1235,master,0x06000464,read,0x20004020,1,0x0
14870,1235,master,0x06000464,read,0x20004020,1,0x0
14871,1235,master,0x06000464,read,0x20004020,1,0x0
14872,1235,master,0x06000464,read,0x20004020,1,0x1
14873,1235,master,0x0600046A,read,0x20004021,1,0x22
14874,1235,master,0x06000464,read,0x20004020,1,0x0
14875,1235,master,0x06000464,read,0x20004020,1,0x0
14876,1235,master,0x06000464,read,0x20004020,1,0x0
14877,1235,master,0x06000464,read,0x20004020,1,0x0
14878,1235,master,0x06000464,read,0x20004020,1,0x0
14879,1235,master,0x06000464,read,0x20004020,1,0x0
14880,1235,master,0x06000464,read,0x20004020,1,0x0
14881,1235,master,0x06000464,read,0x20004020,1,0x0
14882,1235,master,0x06000464,read,0x20004020,1,0x0
14883,1235,master,0x06000464,read,0x20004020,1,0x1
14884,1235,master,0x0600046A,read,0x20004021,1,0x22
14885,1235,master,0x06000464,read,0x20004020,1,0x0
14886,1235,master,0x06000464,read,0x20004020,1,0x0
14887,1235,master,0x06000464,read,0x20004020,1,0x0
14888,1235,master,0x06000464,read,0x20004020,1,0x0
14889,1235,master,0x06000464,read,0x20004020,1,0x0
14890,1235,master,0x06000464,read,0x20004020,1,0x0
14891,1235,master,0x06000464,read,0x20004020,1,0x0
14892,1235,master,0x06000464,read,0x20004020,1,0x0
14893,1235,master,0x06000464,read,0x20004020,1,0x0
14894,1235,master,0x06000464,read,0x20004020,1,0x1
14895,1235,master,0x0600046A,read,0x20004021,1,0x22
14896,1235,master,0x06000464,read,0x20004020,1,0x0
14897,1235,master,0x06000464,read,0x20004020,1,0x0
14898,1235,master,0x06000464,read,0x20004020,1,0x0
14899,1235,master,0x06000464,read,0x20004020,1,0x0
14900,1235,master,0x06000464,read,0x20004020,1,0x0
14901,1235,master,0x06000464,read,0x20004020,1,0x0
14902,1235,master,0x06000464,read,0x20004020,1,0x0
14903,1235,master,0x06000464,read,0x20004020,1,0x0
14904,1235,master,0x06000464,read,0x20004020,1,0x0
14905,1235,master,0x06000464,read,0x20004020,1,0x1
14906,1235,master,0x0600046A,read,0x20004021,1,0x22
14907,1235,master,0x06000464,read,0x20004020,1,0x0
14908,1235,master,0x06000464,read,0x20004020,1,0x0
14909,1235,master,0x06000464,read,0x20004020,1,0x0
14910,1235,master,0x06000464,read,0x20004020,1,0x0
14911,1235,master,0x06000464,read,0x20004020,1,0x0
14912,1235,master,0x06000464,read,0x20004020,1,0x0
14913,1235,master,0x06000464,read,0x20004020,1,0x0
14914,1235,master,0x06000464,read,0x20004020,1,0x0
14915,1235,master,0x06000464,read,0x20004020,1,0x0
14916,1235,master,0x06000464,read,0x20004020,1,0x1
14917,1235,master,0x0600046A,read,0x20004021,1,0x22
14918,1235,master,0x06000464,read,0x20004020,1,0x0
14919,1235,master,0x06000464,read,0x20004020,1,0x0
14920,1235,master,0x06000464,read,0x20004020,1,0x0
14921,1235,master,0x06000464,read,0x20004020,1,0x0
14922,1235,master,0x06000464,read,0x20004020,1,0x0
14923,1235,master,0x06000464,read,0x20004020,1,0x0
14924,1235,master,0x06000464,read,0x20004020,1,0x0
14925,1235,master,0x06000464,read,0x20004020,1,0x0
14926,1235,master,0x06000464,read,0x20004020,1,0x0
14927,1235,master,0x06000464,read,0x20004020,1,0x1
14928,1235,master,0x0600046A,read,0x20004021,1,0x22
14929,1235,master,0x06000464,read,0x20004020,1,0x0
14930,1235,master,0x06000464,read,0x20004020,1,0x0
14931,1235,master,0x06000464,read,0x20004020,1,0x0
14932,1235,master,0x06000464,read,0x20004020,1,0x0
14933,1235,master,0x06000464,read,0x20004020,1,0x0
14934,1235,master,0x06000464,read,0x20004020,1,0x0
14935,1235,master,0x06000464,read,0x20004020,1,0x0
14936,1235,master,0x06000464,read,0x20004020,1,0x0
14937,1235,master,0x06000464,read,0x20004020,1,0x0
14938,1235,master,0x06000464,read,0x20004020,1,0x1
14939,1235,master,0x0600046A,read,0x20004021,1,0x22
14940,1235,master,0x06000464,read,0x20004020,1,0x0
14941,1235,master,0x06000464,read,0x20004020,1,0x0
14942,1235,master,0x06000464,read,0x20004020,1,0x0
14943,1235,master,0x06000464,read,0x20004020,1,0x0
14944,1235,master,0x06000464,read,0x20004020,1,0x0
14945,1235,master,0x06000464,read,0x20004020,1,0x0
14946,1235,master,0x06000464,read,0x20004020,1,0x0
14947,1235,master,0x06000464,read,0x20004020,1,0x0
14948,1235,master,0x06000464,read,0x20004020,1,0x0
14949,1235,master,0x06000464,read,0x20004020,2,0x0
14950,1236,master,0x06000464,read,0x20004020,1,0x0
14951,1236,master,0x06000464,read,0x20004020,1,0x0
14952,1236,master,0x06000464,read,0x20004020,1,0x0
14953,1236,master,0x06000464,read,0x20004020,1,0x0
14954,1236,master,0x06000464,read,0x20004020,1,0x0
14955,1236,master,0x06000464,read,0x20004020,1,0x0
14956,1236,master,0x06000464,read,0x20004020,1,0x0
14957,1236,master,0x06000464,read,0x20004020,1,0x0
14958,1236,master,0x06000464,read,0x20004020,1,0x0
14959,1236,master,0x06000464,read,0x20004020,1,0x0
14960,1236,master,0x06000464,read,0x20004020,2,0x0
14961,1237,master,0x06000464,read,0x20004020,2,0x0
14962,1238,master,0x06000464,read,0x20004020,1,0x1
14963,1238,master,0x0600046A,read,0x20004021,1,0x3
14964,1238,master,0x06000464,read,0x20004020,1,0x0
14965,1238,master,0x06000464,read,0x20004020,1,0x0
14966,1238,master,0x06000464,read,0x20004020,1,0x0
14967,1238,master,0x06000464,read,0x20004020,1,0x0
14968,1238,master,0x06000464,read,0x20004020,1,0x0
14969,1238,master,0x06000464,read,0x20004020,1,0x0
14970,1238,master,0x06000464,read,0x20004020,1,0x0
14971,1238,master,0x06000464,read,0x20004020,1,0x0
14972,1238,master,0x06000464,read,0x20004020,1,0x0
14973,1238,master,0x06000464,read,0x20004020,1,0x0
14974,1238,master,0x06000464,read,0x20004020,2,0x3
14975,1239,master,0x06000464,read,0x20004020,2,0x3
14976,1240,master,0x06000464,read,0x20004020,2,0x3
14977,1241,master,0x06000464,read,0x20004020,2,0x3
14978,1242,master,0x06000464,read,0x20004020,2,0x3
14979,1243,master,0x06000464,read,0x20004020,2,0x3
14980,1244,master,0x06000464,read,0x20004020,2,0x3
14981,1245,master,0x06000464,read,0x20004020,2,0x3
14982,1246,master,0x06000464,read,0x20004020,2,0x3
14983,1247,master,0x06000464,read,0x20004020,2,0x3
14984,1248,master,0x06000464,read,0x20004020,2,0x3
14985,1249,master,0x06000464,read,0x20004020,2,0x3
14986,1250,master,0x06000464,read,0x20004020,2,0x3
14987,1251,master,0x06000464,read,0x20004020,2,0x3
14988,1252,master,0x06000464,read,0x20004020,2,0x3
14989,1253,master,0x06000464,read,0x20004020,2,0x3
14990,1254,master,0x06000464,read,0x20004020,2,0x3
14991,1255,master,0x06000464,read,0x20004020,2,0x3
14992,1256,master,0x06000464,read,0x20004020,1,0x0
14993,1256,master,0x06000464,read,0x20004020,1,0x0
14994,1256,master,0x06000464,read,0x20004020,1,0x0
14995,1256,master,0x06000464,read,0x20004020,1,0x0
14996,1256,master,0x06000464,read,0x20004020,1,0x0
14997,1256,master,0x06000464,read,0x20004020,1,0x0
14998,1256,master,0x06000464,read,0x20004020,1,0x0
14999,1256,master,0x06000464,read,0x20004020,1,0x0
15000,1256,master,0x06000464,read,0x20004020,1,0x0
15001,1256,master,0x06000464,read,0x20004020,1,0x0
15002,1256,master,0x06000464,read,0x20004020,2,0x3
15003,1257,master,0x06000464,read,0x20004020,2,0x3
15004,1258,master,0x06000464,read,0x20004020,1,0x1
15005,1258,master,0x0600046A,read,0x20004021,1,0x2
15006,1261,m68k,0x0001C8DA,write,0x00A15126,1,0x0
15007,1261,m68k,0x0001C70A,write,0x00A15110,2,0xA0
15008,1261,m68k,0x0001C712,write,0x00A15107,1,0x4
15009,1261,m68k,0x0001C71C,write,0x00A15120,1,0x0
15010,1261,m68k,0x0001C724,write,0x00A15121,1,0x3E
15011,1261,m68k,0x0001C72C,write,0x00A15120,1,0x1
15012,1261,m68k,0x0001C73C,read,0x00A15123,1,0x0
15013,1261,m68k,0x0001C71C,write,0x00A15120,1,0x0
15014,1261,m68k,0x0001C724,write,0x00A15121,1,0x3E
15015,1261,m68k,0x0001C72C,write,0x00A15120,1,0x1
15016,1261,m68k,0x0001C73C,read,0x00A15123,1,0x0
15017,1261,m68k,0x0001C71C,write,0x00A15120,1,0x0
15018,1261,m68k,0x0001C724,write,0x00A15121,1,0x3E
15019,1261,m68k,0x0001C72C,write,0x00A15120,1,0x1
15020,1261,master,0x06000464,read,0x20004020,1,0x0
15021,1261,master,0x06000464,read,0x20004020,1,0x0
15022,1261,master,0x06000464,read,0x20004020,1,0x0
15023,1261,master,0x06000464,read,0x20004020,1,0x0
15024,1261,master,0x06000464,read,0x20004020,1,0x0
15025,1261,master,0x06000464,read,0x20004020,1,0x0
15026,1261,master,0x06000464,read,0x20004020,1,0x0
15027,1261,master,0x06000464,read,0x20004020,1,0x0
15028,1261,master,0x06000464,read,0x20004020,1,0x0
15029,1261,master,0x06000464,read,0x20004020,1,0x0
15030,1261,m68k,0x0001C73C,read,0x00A15123,1,0x1
15031,1261,m68k,0x0001C71C,write,0x00A15120,1,0x0
15032,1261,m68k,0x0001C724,write,0x00A15121,1,0x3E
15033,1261,m68k,0x0001C72C,write,0x00A15120,1,0x1
15034,1261,master,0x06000464,read,0x20004020,1,0x1
15035,1261,master,0x0600046A,read,0x20004021,1,0x3E
15036,1261,master,0x023016B4,write,0x2600FC00,4,0x20004020
15037,1261,master,0x023016B6,write,0x0600FF7C,4,0x6000474
15038,1261,master,0x023016B8,read,0x20004026,1,0x0
15039,1261,master,0x023016C2,write,0xFFFFFF80,4,0x20004012
15040,1261,master,0x023016C8,write,0xFFFFFF84,4,0x600F20C
15041,1261,master,0x023016CE,write,0xFFFFFF88,4,0xA0
15042,1261,master,0x02301706,write,0xFFFFFF8C,4,0x44E5
15043,1261,master,0x0230170C,write,0xFFFFFFB0,4,0x1
15044,1261,master,0x0230170E,read,0x20004023,1,0x1
15045,1261,master,0x02301716,read,0x20004010,2,0xA0
15046,1261,master,0x02301716,read,0x20004010,2,0xA0
15047,1261,master,0x02301716,read,0x20004010,2,0xA0
15048,1261,master,0x02301716,read,0x20004010,2,0xA0
15049,1261,master,0x02301716,read,0x20004010,2,0xA0
15050,1261,master,0x02301716,read,0x20004010,2,0xA0
15051,1261,master,0x02301716,read,0x20004010,2,0xA0
15052,1261,master,0x02301716,read,0x20004010,2,0xA0
15053,1261,master,0x02301716,read,0x20004010,2,0xA0
15054,1261,master,0x02301716,read,0x20004010,2,0xA0
15055,1261,master,0x02301716,read,0x20004010,2,0xA0
15056,1261,master,0x02301716,read,0x20004010,2,0xA0
15057,1261,master,0x02301716,read,0x20004010,2,0xA0
15058,1261,master,0x02301716,read,0x20004010,2,0xA0
15059,1261,master,0x02301716,read,0x20004010,2,0xA0
15060,1261,master,0x02301716,read,0x20004010,2,0xA0
15061,1261,master,0x02301716,read,0x20004010,2,0xA0
15062,1261,master,0x02301716,read,0x20004010,2,0xA0
15063,1261,master,0x02301716,read,0x20004010,2,0xA0
15064,1261,master,0x02301716,read,0x20004010,2,0xA0
15065,1261,master,0x02301716,read,0x20004010,2,0xA0
15066,1261,master,0x02301716,read,0x20004010,2,0xA0
15067,1261,master,0x02301716,read,0x20004010,2,0xA0
15068,1261,master,0x02301716,read,0x20004010,2,0xA0
15069,1261,master,0x02301716,read,0x20004010,2,0xA0
15070,1261,master,0x02301716,read,0x20004010,2,0xA0
15071,1261,master,0x02301716,read,0x20004010,2,0xA0
15072,1261,master,0x02301716,read,0x20004010,2,0xA0
15073,1261,master,0x02301716,read,0x20004010,2,0xA0
15074,1261,master,0x02301716,read,0x20004010,2,0xA0
15075,1261,master,0x02301716,read,0x20004010,2,0xA0
15076,1261,master,0x02301716,read,0x20004010,2,0xA0
15077,1261,master,0x02301716,read,0x20004010,2,0xA0
15078,1261,master,0x02301716,read,0x20004010,2,0xA0
15079,1261,master,0x02301716,read,0x20004010,2,0xA0
15080,1261,master,0x02301716,read,0x20004010,2,0xA0
15081,1261,master,0x02301716,read,0x20004010,2,0xA0
15082,1261,master,0x02301716,read,0x20004010,2,0xA0
15083,1261,master,0x02301716,read,0x20004010,2,0xA0
15084,1261,master,0x02301716,read,0x20004010,2,0xA0
15085,1261,master,0x02301716,read,0x20004010,2,0xA0
15086,1261,master,0x02301716,read,0x20004010,2,0xA0
15087,1261,master,0x02301716,read,0x20004010,2,0xA0
15088,1261,master,0x02301716,read,0x20004010,2,0xA0
15089,1261,master,0x02301716,read,0x20004010,2,0xA0
15090,1261,master,0x02301716,read,0x20004010,2,0xA0
15091,1261,master,0x02301716,read,0x20004010,2,0xA0
15092,1261,master,0x02301716,read,0x20004010,2,0xA0
15093,1261,master,0x02301716,read,0x20004010,2,0xA0
15094,1261,master,0x02301716,read,0x20004010,2,0xA0
15095,1261,master,0x02301716,read,0x20004010,2,0xA0
15096,1261,master,0x02301716,read,0x20004010,2,0xA0
15097,1261,master,0x02301716,read,0x20004010,2,0xA0
15098,1261,master,0x02301716,read,0x20004010,2,0xA0
15099,1261,master,0x02301716,read,0x20004010,2,0xA0
15100,1261,master,0x02301716,read,0x20004010,2,0xA0
15101,1261,master,0x02301716,read,0x20004010,2,0xA0
15102,1261,master,0x02301716,read,0x20004010,2,0xA0
15103,1261,master,0x02301716,read,0x20004010,2,0xA0
15104,1261,master,0x02301716,read,0x20004010,2,0xA0
15105,1261,master,0x02301716,read,0x20004010,2,0xA0
15106,1261,master,0x02301716,read,0x20004010,2,0xA0
15107,1261,master,0x02301716,read,0x20004010,2,0xA0
15108,1261,master,0x02301716,read,0x20004010,2,0xA0
15109,1261,master,0x02301716,read,0x20004010,2,0xA0
15110,1261,master,0x02301716,read,0x20004010,2,0xA0
15111,1261,master,0x02301716,read,0x20004010,2,0xA0
15112,1261,master,0x02301716,read,0x20004010,2,0xA0
15113,1261,master,0x02301716,read,0x20004010,2,0xA0
15114,1261,master,0x02301716,read,0x20004010,2,0xA0
15115,1261,master,0x02301716,read,0x20004010,2,0xA0
15116,1261,master,0x02301716,read,0x20004010,2,0xA0
15117,1261,master,0x02301716,read,0x20004010,2,0xA0
15118,1261,master,0x02301716,read,0x20004010,2,0xA0
15119,1261,master,0x02301716,read,0x20004010,2,0xA0
15120,1261,master,0x02301716,read,0x20004010,2,0xA0
15121,1261,master,0x02301716,read,0x20004010,2,0xA0
15122,1261,master,0x02301716,read,0x20004010,2,0xA0
15123,1261,master,0x02301716,read,0x20004010,2,0xA0
15124,1261,master,0x02301716,read,0x20004010,2,0xA0
15125,1261,master,0x02301716,read,0x20004010,2,0xA0
15126,1261,master,0x02301716,read,0x20004010,2,0xA0
15127,1261,master,0x02301716,read,0x20004010,2,0xA0
15128,1261,master,0x02301716,read,0x20004010,2,0xA0
15129,1261,master,0x02301716,read,0x20004010,2,0xA0
15130,1261,master,0x02301716,read,0x20004010,2,0xA0
15131,1261,master,0x02301716,read,0x20004010,2,0xA0
15132,1261,master,0x02301716,read,0x20004010,2,0xA0
15133,1261,master,0x02301716,read,0x20004010,2,0xA0
15134,1261,master,0x02301716,read,0x20004010,2,0xA0
15135,1261,master,0x02301716,read,0x20004010,2,0xA0
15136,1261,master,0x02301716,read,0x20004010,2,0xA0
15137,1261,master,0x02301716,read,0x20004010,2,0xA0
15138,1261,master,0x02301716,read,0x20004010,2,0xA0
15139,1261,master,0x02301716,read,0x20004010,2,0xA0
15140,1261,master,0x02301716,read,0x20004010,2,0xA0
15141,1261,master,0x02301716,read,0x20004010,2,0xA0
15142,1261,master,0x02301716,read,0x20004010,2,0xA0
15143,1261,master,0x02301716,read,0x20004010,2,0xA0
15144,1261,master,0x02301716,read,0x20004010,2,0xA0
15145,1261,master,0x02301716,read,0x20004010,2,0xA0
15146,1261,master,0x02301716,read,0x20004010,2,0xA0
15147,1261,master,0x02301716,read,0x20004010,2,0xA0
15148,1261,master,0x02301716,read,0x20004010,2,0xA0
15149,1261,master,0x02301716,read,0x20004010,2,0xA0
15150,1261,master,0x02301716,read,0x20004010,2,0xA0
15151,1261,master,0x02301716,read,0x20004010,2,0xA0
15152,1261,master,0x02301716,read,0x20004010,2,0xA0
15153,1261,master,0x02301716,read,0x20004010,2,0xA0
15154,1261,master,0x02301716,read,0x20004010,2,0xA0
15155,1261,master,0x02301716,read,0x20004010,2,0xA0
15156,1261,master,0x02301716,read,0x20004010,2,0xA0
15157,1261,master,0x02301716,read,0x20004010,2,0xA0
15158,1261,master,0x02301716,read,0x20004010,2,0xA0
15159,1261,master,0x02301716,read,0x20004010,2,0xA0
15160,1261,master,0x02301716,read,0x20004010,2,0xA0
15161,1261,master,0x02301716,read,0x20004010,2,0xA0
15162,1261,master,0x02301716,read,0x20004010,2,0xA0
15163,1261,master,0x02301716,read,0x20004010,2,0xA0
15164,1261,master,0x02301716,read,0x20004010,2,0xA0
15165,1261,master,0x02301716,read,0x20004010,2,0xA0
15166,1261,master,0x02301716,read,0x20004010,2,0xA0
15167,1261,master,0x02301716,read,0x20004010,2,0xA0
15168,1261,master,0x02301716,read,0x20004010,2,0xA0
15169,1261,master,0x02301716,read,0x20004010,2,0xA0
15170,1261,master,0x02301716,read,0x20004010,2,0xA0
15171,1261,master,0x02301716,read,0x20004010,2,0xA0
15172,1261,master,0x02301716,read,0x20004010,2,0xA0
15173,1261,master,0x02301716,read,0x20004010,2,0xA0
15174,1261,master,0x02301716,read,0x20004010,2,0xA0
15175,1261,master,0x02301716,read,0x20004010,2,0xA0
15176,1261,master,0x02301716,read,0x20004010,2,0xA0
15177,1261,master,0x02301716,read,0x20004010,2,0xA0
15178,1261,master,0x02301716,read,0x20004010,2,0xA0
15179,1261,master,0x02301716,read,0x20004010,2,0xA0
15180,1261,master,0x02301716,read,0x20004010,2,0xA0
15181,1261,master,0x02301716,read,0x20004010,2,0xA0
15182,1261,master,0x02301716,read,0x20004010,2,0xA0
15183,1261,master,0x02301716,read,0x20004010,2,0xA0
15184,1261,master,0x02301716,read,0x20004010,2,0xA0
15185,1261,master,0x02301716,read,0x20004010,2,0xA0
15186,1261,master,0x02301716,read,0x20004010,2,0xA0
15187,1261,master,0x02301716,read,0x20004010,2,0xA0
15188,1261,master,0x02301716,read,0x20004010,2,0xA0
15189,1261,master,0x02301716,read,0x20004010,2,0xA0
15190,1261,master,0x02301716,read,0x20004010,2,0xA0
15191,1261,master,0x02301716,read,0x20004010,2,0xA0
15192,1261,master,0x02301716,read,0x20004010,2,0xA0
15193,1261,master,0x02301716,read,0x20004010,2,0xA0
15194,1261,master,0x02301716,read,0x20004010,2,0xA0
15195,1261,master,0x02301716,read,0x20004010,2,0xA0
15196,1261,master,0x02301716,read,0x20004010,2,0xA0
15197,1261,master,0x02301716,read,0x20004010,2,0xA0
15198,1261,master,0x02301716,read,0x20004010,2,0xA0
15199,1261,master,0x02301716,read,0x20004010,2,0xA0
15200,1261,master,0x02301716,read,0x20004010,2,0xA0
15201,1261,master,0x02301716,read,0x20004010,2,0xA0
15202,1261,master,0x02301716,read,0x20004010,2,0xA0
15203,1261,master,0x02301716,read,0x20004010,2,0xA0
15204,1261,master,0x02301716,read,0x20004010,2,0xA0
15205,1261,master,0x02301716,read,0x20004010,2,0xA0
15206,1261,master,0x02301716,read,0x20004010,2,0xA0
15207,1261,master,0x02301716,read,0x20004010,2,0xA0
15208,1261,master,0x02301716,read,0x20004010,2,0xA0
15209,1261,master,0x02301716,read,0x20004010,2,0xA0
15210,1261,master,0x02301716,read,0x20004010,2,0xA0
15211,1261,master,0x02301716,read,0x20004010,2,0xA0
15212,1261,master,0x02301716,read,0x20004010,2,0xA0
15213,1261,master,0x02301716,read,0x20004010,2,0xA0
15214,1261,master,0x02301716,read,0x20004010,2,0xA0
15215,1261,master,0x02301716,read,0x20004010,2,0xA0
15216,1261,master,0x02301716,read,0x20004010,2,0xA0
15217,1261,master,0x02301716,read,0x20004010,2,0xA0
15218,1261,master,0x02301716,read,0x20004010,2,0xA0
15219,1261,master,0x02301716,read,0x20004010,2,0xA0
15220,1261,master,0x02301716,read,0x20004010,2,0xA0
15221,1261,master,0x02301716,read,0x20004010,2,0xA0
15222,1261,master,0x02301716,read,0x20004010,2,0xA0
15223,1261,master,0x02301716,read,0x20004010,2,0xA0
15224,1261,master,0x02301716,read,0x20004010,2,0xA0
15225,1261,master,0x02301716,read,0x20004010,2,0xA0
15226,1261,master,0x02301716,read,0x20004010,2,0xA0
15227,1261,master,0x02301716,read,0x20004010,2,0xA0
15228,1261,master,0x02301716,read,0x20004010,2,0xA0
15229,1261,master,0x02301716,read,0x20004010,2,0xA0
15230,1261,master,0x02301716,read,0x20004010,2,0xA0
15231,1261,master,0x02301716,read,0x20004010,2,0xA0
15232,1261,master,0x02301716,read,0x20004010,2,0xA0
15233,1261,master,0x02301716,read,0x20004010,2,0xA0
15234,1261,master,0x02301716,read,0x20004010,2,0xA0
15235,1261,master,0x02301716,read,0x20004010,2,0xA0
15236,1261,master,0x02301716,read,0x20004010,2,0xA0
15237,1261,master,0x02301716,read,0x20004010,2,0xA0
15238,1261,master,0x02301716,read,0x20004010,2,0xA0
15239,1261,master,0x02301716,read,0x20004010,2,0xA0
15240,1261,master,0x02301716,read,0x20004010,2,0xA0
15241,1261,master,0x02301716,read,0x20004010,2,0xA0
15242,1261,master,0x02301716,read,0x20004010,2,0xA0
15243,1261,master,0x02301716,read,0x20004010,2,0xA0
15244,1261,master,0x02301716,read,0x20004010,2,0xA0
15245,1261,master,0x02301716,read,0x20004010,2,0xA0
15246,1261,master,0x02301716,read,0x20004010,2,0xA0
15247,1261,master,0x02301716,read,0x20004010,2,0xA0
15248,1261,master,0x02301716,read,0x20004010,2,0xA0
15249,1261,master,0x02301716,read,0x20004010,2,0xA0
15250,1261,master,0x02301716,read,0x20004010,2,0xA0
15251,1261,master,0x02301716,read,0x20004010,2,0xA0
15252,1261,master,0x02301716,read,0x20004010,2,0xA0
15253,1261,master,0x02301716,read,0x20004010,2,0xA0
15254,1261,master,0x02301716,read,0x20004010,2,0xA0
15255,1261,master,0x02301716,read,0x20004010,2,0xA0
15256,1261,master,0x02301716,read,0x20004010,2,0xA0
15257,1261,master,0x02301716,read,0x20004010,2,0xA0
15258,1261,master,0x02301716,read,0x20004010,2,0xA0
15259,1261,master,0x02301716,read,0x20004010,2,0xA0
15260,1261,master,0x02301716,read,0x20004010,2,0xA0
15261,1261,master,0x02301716,read,0x20004010,2,0xA0
15262,1261,master,0x02301716,read,0x20004010,2,0xA0
15263,1261,master,0x02301716,read,0x20004010,2,0xA0
15264,1261,master,0x02301716,read,0x20004010,2,0xA0
15265,1261,master,0x02301716,read,0x20004010,2,0xA0
15266,1261,master,0x02301716,read,0x20004010,2,0xA0
15267,1261,master,0x02301716,read,0x20004010,2,0xA0
15268,1261,master,0x02301716,read,0x20004010,2,0xA0
15269,1261,master,0x02301716,read,0x20004010,2,0xA0
15270,1261,master,0x02301716,read,0x20004010,2,0xA0
15271,1261,master,0x02301716,read,0x20004010,2,0xA0
15272,1261,master,0x02301716,read,0x20004010,2,0xA0
15273,1261,master,0x02301716,read,0x20004010,2,0xA0
15274,1261,master,0x02301716,read,0x20004010,2,0xA0
15275,1261,master,0x02301716,read,0x20004010,2,0xA0
15276,1261,master,0x02301716,read,0x20004010,2,0xA0
15277,1261,master,0x02301716,read,0x20004010,2,0xA0
15278,1261,master,0x02301716,read,0x20004010,2,0xA0
15279,1261,master,0x02301716,read,0x20004010,2,0xA0
15280,1261,master,0x02301716,read,0x20004010,2,0xA0
15281,1261,master,0x02301716,read,0x20004010,2,0xA0
15282,1261,master,0x02301716,read,0x20004010,2,0xA0
15283,1261,master,0x02301716,read,0x20004010,2,0xA0
15284,1261,master,0x02301716,read,0x20004010,2,0xA0
15285,1261,master,0x02301716,read,0x20004010,2,0xA0
15286,1261,master,0x02301716,read,0x20004010,2,0xA0
15287,1261,master,0x02301716,read,0x20004010,2,0xA0
15288,1261,master,0x02301716,read,0x20004010,2,0xA0
15289,1261,master,0x02301716,read,0x20004010,2,0xA0
15290,1261,master,0x02301716,read,0x20004010,2,0xA0
15291,1261,master,0x02301716,read,0x20004010,2,0xA0
15292,1261,master,0x02301716,read,0x20004010,2,0xA0
15293,1261,master,0x02301716,read,0x20004010,2,0xA0
15294,1261,master,0x02301716,read,0x20004010,2,0xA0
15295,1261,master,0x02301716,read,0x20004010,2,0xA0
15296,1261,master,0x02301716,read,0x20004010,2,0xA0
15297,1261,master,0x02301716,read,0x20004010,2,0xA0
15298,1261,master,0x02301716,read,0x20004010,2,0xA0
15299,1261,master,0x02301716,read,0x20004010,2,0xA0
15300,1261,master,0x02301716,read,0x20004010,2,0xA0
15301,1261,master,0x02301716,read,0x20004010,2,0xA0
15302,1261,master,0x02301716,read,0x20004010,2,0xA0
15303,1261,master,0x02301716,read,0x20004010,2,0xA0
15304,1261,master,0x02301716,read,0x20004010,2,0xA0
15305,1261,master,0x02301716,read,0x20004010,2,0xA0
15306,1261,master,0x02301716,read,0x20004010,2,0xA0
15307,1261,master,0x02301716,read,0x20004010,2,0xA0
15308,1261,master,0x02301716,read,0x20004010,2,0xA0
15309,1261,master,0x02301716,read,0x20004010,2,0xA0
15310,1261,master,0x02301716,read,0x20004010,2,0xA0
15311,1261,master,0x02301716,read,0x20004010,2,0xA0
15312,1261,master,0x02301716,read,0x20004010,2,0xA0
15313,1261,master,0x02301716,read,0x20004010,2,0xA0
15314,1261,master,0x02301716,read,0x20004010,2,0xA0
15315,1261,master,0x02301716,read,0x20004010,2,0xA0
15316,1261,master,0x02301716,read,0x20004010,2,0xA0
15317,1261,master,0x02301716,read,0x20004010,2,0xA0
15318,1261,master,0x02301716,read,0x20004010,2,0xA0
15319,1261,master,0x02301716,read,0x20004010,2,0xA0
15320,1261,master,0x02301716,read,0x20004010,2,0xA0
15321,1261,master,0x02301716,read,0x20004010,2,0xA0
15322,1261,master,0x02301716,read,0x20004010,2,0xA0
15323,1261,master,0x02301716,read,0x20004010,2,0xA0
15324,1261,master,0x02301716,read,0x20004010,2,0xA0
15325,1261,master,0x02301716,read,0x20004010,2,0xA0
15326,1261,master,0x02301716,read,0x20004010,2,0xA0
15327,1261,master,0x02301716,read,0x20004010,2,0xA0
15328,1261,master,0x02301716,read,0x20004010,2,0xA0
15329,1261,master,0x02301716,read,0x20004010,2,0xA0
15330,1261,master,0x02301716,read,0x20004010,2,0xA0
15331,1261,master,0x02301716,read,0x20004010,2,0xA0
15332,1261,master,0x02301716,read,0x20004010,2,0xA0
15333,1261,master,0x02301716,read,0x20004010,2,0xA0
15334,1261,master,0x02301716,read,0x20004010,2,0xA0
15335,1261,master,0x02301716,read,0x20004010,2,0xA0
15336,1261,master,0x02301716,read,0x20004010,2,0xA0
15337,1261,master,0x02301716,read,0x20004010,2,0xA0
15338,1261,master,0x02301716,read,0x20004010,2,0xA0
15339,1261,master,0x02301716,read,0x20004010,2,0xA0
15340,1261,master,0x02301716,read,0x20004010,2,0xA0
15341,1261,master,0x02301716,read,0x20004010,2,0xA0
15342,1261,master,0x02301716,read,0x20004010,2,0xA0
15343,1261,master,0x02301716,read,0x20004010,2,0xA0
15344,1261,master,0x02301716,read,0x20004010,2,0xA0
15345,1261,master,0x02301716,read,0x20004010,2,0xA0
15346,1261,master,0x02301716,read,0x20004010,2,0xA0
15347,1261,master,0x02301716,read,0x20004010,2,0xA0
15348,1261,master,0x02301716,read,0x20004010,2,0xA0
15349,1261,master,0x02301716,read,0x20004010,2,0xA0
15350,1261,master,0x02301716,read,0x20004010,2,0xA0
15351,1261,master,0x02301716,read,0x20004010,2,0xA0
15352,1261,master,0x02301716,read,0x20004010,2,0xA0
15353,1261,master,0x02301716,read,0x20004010,2,0xA0
15354,1261,master,0x02301716,read,0x20004010,2,0xA0
15355,1261,master,0x02301716,read,0x20004010,2,0xA0
15356,1261,master,0x02301716,read,0x20004010,2,0xA0
15357,1261,master,0x02301716,read,0x20004010,2,0xA0
15358,1261,master,0x02301716,read,0x20004010,2,0xA0
15359,1261,master,0x02301716,read,0x20004010,2,0xA0
15360,1261,master,0x02301716,read,0x20004010,2,0xA0
15361,1261,master,0x02301716,read,0x20004010,2,0xA0
15362,1261,master,0x02301716,read,0x20004010,2,0xA0
15363,1261,master,0x02301716,read,0x20004010,2,0xA0
15364,1261,master,0x02301716,read,0x20004010,2,0xA0
15365,1261,master,0x02301716,read,0x20004010,2,0xA0
15366,1261,master,0x02301716,read,0x20004010,2,0xA0
15367,1261,master,0x02301716,read,0x20004010,2,0xA0
15368,1261,master,0x02301716,read,0x20004010,2,0xA0
15369,1261,master,0x02301716,read,0x20004010,2,0xA0
15370,1261,master,0x02301716,read,0x20004010,2,0xA0
15371,1261,master,0x02301716,read,0x20004010,2,0xA0
15372,1261,master,0x02301716,read,0x20004010,2,0xA0
15373,1261,master,0x02301716,read,0x20004010,2,0xA0
15374,1261,master,0x02301716,read,0x20004010,2,0xA0
15375,1261,master,0x02301716,read,0x20004010,2,0xA0
15376,1261,master,0x02301716,read,0x20004010,2,0xA0
15377,1261,master,0x02301716,read,0x20004010,2,0xA0
15378,1261,master,0x02301716,read,0x20004010,2,0xA0
15379,1261,master,0x02301716,read,0x20004010,2,0xA0
15380,1261,master,0x02301716,read,0x20004010,2,0xA0
15381,1261,master,0x02301716,read,0x20004010,2,0xA0
15382,1261,master,0x02301716,read,0x20004010,2,0xA0
15383,1261,master,0x02301716,read,0x20004010,2,0xA0
15384,1261,master,0x02301716,read,0x20004010,2,0xA0
15385,1261,master,0x02301716,read,0x20004010,2,0xA0
15386,1261,master,0x02301716,read,0x20004010,2,0xA0
15387,1261,master,0x02301716,read,0x20004010,2,0xA0
15388,1261,master,0x02301716,read,0x20004010,2,0xA0
15389,1261,master,0x02301716,read,0x20004010,2,0xA0
15390,1261,master,0x02301716,read,0x20004010,2,0xA0
15391,1261,master,0x02301716,read,0x20004010,2,0xA0
15392,1261,master,0x02301716,read,0x20004010,2,0xA0
15393,1261,master,0x02301716,read,0x20004010,2,0xA0
15394,1261,master,0x02301716,read,0x20004010,2,0xA0
15395,1261,master,0x02301716,read,0x20004010,2,0xA0
15396,1261,master,0x02301716,read,0x20004010,2,0xA0
15397,1261,master,0x02301716,read,0x20004010,2,0xA0
15398,1261,master,0x02301716,read,0x20004010,2,0xA0
15399,1261,m68k,0x0001C73C,read,0x00A15123,1,0x3
15400,1261,m68k,0x0001C74C,read,0x00A15123,1,0x3
15401,1261,m68k,0x0001C74C,write,0x00A15123,1,0x1
15402,1261,master,0x02301716,read,0x20004010,2,0x9C
15403,1261,master,0x02301716,read,0x20004010,2,0x9C
15404,1261,master,0x02301716,read,0x20004010,2,0x9C
15405,1261,master,0x02301716,read,0x20004010,2,0x9C
15406,1261,master,0x02301716,read,0x20004010,2,0x9C
15407,1261,master,0x02301716,read,0x20004010,2,0x9C
15408,1261,master,0x02301716,read,0x20004010,2,0x9C
15409,1261,master,0x02301716,read,0x20004010,2,0x9C
15410,1261,master,0x02301716,read,0x20004010,2,0x9C
15411,1261,master,0x02301716,read,0x20004010,2,0x9C
15412,1261,master,0x02301716,read,0x20004010,2,0x9C
15413,1261,master,0x02301716,read,0x20004010,2,0x9C
15414,1261,master,0x02301716,read,0x20004010,2,0x9C
15415,1261,master,0x02301716,read,0x20004010,2,0x9C
15416,1261,master,0x02301716,read,0x20004010,2,0x9C
15417,1261,master,0x02301716,read,0x20004010,2,0x9C
15418,1261,master,0x02301716,read,0x20004010,2,0x9C
15419,1261,master,0x02301716,read,0x20004010,2,0x9C
15420,1261,master,0x02301716,read,0x20004010,2,0x9C
15421,1261,master,0x02301716,read,0x20004010,2,0x9C
15422,1261,master,0x02301716,read,0x20004010,2,0x9C
15423,1261,master,0x02301716,read,0x20004010,2,0x9C
15424,1261,master,0x02301716,read,0x20004010,2,0x9C
15425,1261,master,0x02301716,read,0x20004010,2,0x9C
15426,1261,master,0x02301716,read,0x20004010,2,0x9C
15427,1261,master,0x02301716,read,0x20004010,2,0x9C
15428,1261,master,0x02301716,read,0x20004010,2,0x9C
15429,1261,master,0x02301716,read,0x20004010,2,0x9C
15430,1261,master,0x02301716,read,0x20004010,2,0x9C
15431,1261,master,0x02301716,read,0x20004010,2,0x9C
15432,1261,master,0x02301716,read,0x20004010,2,0x9C
15433,1261,master,0x02301716,read,0x20004010,2,0x9C
15434,1261,master,0x02301716,read,0x20004010,2,0x9C
15435,1261,master,0x02301716,read,0x20004010,2,0x9C
15436,1261,master,0x02301716,read,0x20004010,2,0x9C
15437,1261,master,0x02301716,read,0x20004010,2,0x9C
15438,1261,master,0x02301716,read,0x20004010,2,0x9C
15439,1261,master,0x02301716,read,0x20004010,2,0x9C
15440,1261,master,0x02301716,read,0x20004010,2,0x9C
15441,1261,master,0x02301716,read,0x20004010,2,0x9C
15442,1261,master,0x02301716,read,0x20004010,2,0x9C
15443,1261,master,0x02301716,read,0x20004010,2,0x9C
15444,1261,master,0x02301716,read,0x20004010,2,0x9C
15445,1261,master,0x02301714,write,0x0600F20C,2,0x0
15446,1261,master,0x02301714,write,0x0600F20E,2,0x0
15447,1261,master,0x02301714,write,0x0600F210,2,0x0
15448,1261,master,0x02301714,write,0x0600F212,2,0x0
15449,1261,master,0x02301714,write,0x0600F214,2,0x0
15450,1261,master,0x02301714,write,0x0600F216,2,0x48F
15451,1261,master,0x02301714,write,0x0600F218,2,0x0
15452,1261,master,0x02301714,write,0x0600F21A,2,0x0
15453,1261,master,0x02301714,write,0x0600F21C,2,0x0
15454,1261,master,0x02301714,write,0x0600F21E,2,0x0
15455,1261,master,0x02301714,write,0x0600F220,2,0x0
15456,1261,master,0x02301714,write,0x0600F222,2,0x0
15457,1261,master,0x02301714,write,0x0600F224,2,0x96
15458,1261,master,0x02301714,write,0x0600F226,2,0x542C
15459,1261,master,0x02301714,write,0x0600F228,2,0xA6
15460,1261,master,0x02301714,write,0x0600F22A,2,0x0
15461,1261,master,0x02301714,write,0x0600F22C,2,0xF1E7
15462,1261,master,0x02301714,write,0x0600F22E,2,0xF300
15463,1261,master,0x02301714,write,0x0600F230,2,0x5
15464,1261,master,0x02301714,write,0x0600F232,2,0x5
15465,1261,master,0x02301714,write,0x0600F234,2,0x5
15466,1261,master,0x02301714,write,0x0600F236,2,0x1
15467,1261,master,0x02301714,write,0x0600F238,2,0x0
15468,1261,master,0x02301714,write,0x0600F23A,2,0x0
15469,1261,master,0x02301714,write,0x0600F23C,2,0xF190
15470,1261,master,0x02301714,write,0x0600F23E,2,0x9FB
15471,1261,master,0x02301714,write,0x0600F240,2,0xF1F0
15472,1261,master,0x02301714,write,0x0600F242,2,0xF190
15473,1261,master,0x02301714,write,0x0600F244,2,0xF1F0
15474,1261,master,0x02301714,write,0x0600F246,2,0x0
15475,1261,master,0x02301714,write,0x0600F248,2,0x0
15476,1261,master,0x02301714,write,0x0600F24A,2,0x0
15477,1261,master,0x02301714,write,0x0600F24C,2,0x0
15478,1261,master,0x02301714,write,0x0600F24E,2,0x0
15479,1261,master,0x02301714,write,0x0600F250,2,0x0
15480,1261,master,0x02301714,write,0x0600F252,2,0x0
15481,1261,master,0x02301714,write,0x0600F254,2,0x0
15482,1261,master,0x02301714,write,0x0600F256,2,0x0
15483,1261,master,0x02301714,write,0x0600F258,2,0x0
15484,1261,master,0x02301714,write,0x0600F25A,2,0x0
15485,1261,master,0x02301714,write,0x0600F25C,2,0x0
15486,1261,master,0x02301714,write,0x0600F25E,2,0x0
15487,1261,master,0x02301714,write,0x0600F260,2,0x2
15488,1261,master,0x02301714,write,0x0600F262,2,0x202
15489,1261,master,0x02301714,write,0x0600F264,2,0x202
15490,1261,master,0x02301714,write,0x0600F266,2,0x77C
15491,1261,master,0x02301714,write,0x0600F268,2,0x77C
15492,1261,master,0x02301714,write,0x0600F26A,2,0x77C
15493,1261,master,0x02301714,write,0x0600F26C,2,0x0
15494,1261,master,0x02301714,write,0x0600F26E,2,0x0
15495,1261,master,0x02301714,write,0x0600F270,2,0x0
15496,1261,master,0x02301714,write,0x0600F272,2,0x0
15497,1261,master,0x02301714,write,0x0600F274,2,0x0
15498,1261,master,0x02301714,write,0x0600F276,2,0x0
15499,1261,master,0x02301714,write,0x0600F278,2,0x0
15500,1261,master,0x02301714,write,0x0600F27A,2,0x0
15501,1261,master,0x02301714,write,0x0600F27C,2,0x0
15502,1261,master,0x02301714,write,0x0600F27E,2,0xFFA9
15503,1261,master,0x02301714,write,0x0600F280,2,0x0
15504,1261,master,0x02301714,write,0x0600F282,2,0x100
15505,1261,master,0x02301714,write,0x0600F284,2,0x100
15506,1261,master,0x02301714,write,0x0600F286,2,0x0
15507,1261,master,0x02301714,write,0x0600F288,2,0x0
15508,1261,master,0x02301714,write,0x0600F28A,2,0x0
15509,1261,master,0x02301714,write,0x0600F28C,2,0x0
15510,1261,master,0x02301714,write,0x0600F28E,2,0x0
15511,1261,master,0x02301714,write,0x0600F290,2,0x0
15512,1261,master,0x02301714,write,0x0600F292,2,0x0
15513,1261,master,0x02301714,write,0x0600F294,2,0x0
15514,1261,master,0x02301714,write,0x0600F296,2,0x0
15515,1261,master,0x02301714,write,0x0600F298,2,0x0
15516,1261,master,0x02301714,write,0x0600F29A,2,0x0
15517,1261,master,0x02301714,write,0x0600F29C,2,0x0
15518,1261,master,0x02301714,write,0x0600F29E,2,0x0
15519,1261,master,0x02301714,write,0x0600F2A0,2,0x0
15520,1261,master,0x02301714,write,0x0600F2A2,2,0x0
15521,1261,master,0x02301714,write,0x0600F2A4,2,0x0
15522,1261,master,0x02301714,write,0x0600F2A6,2,0x0
15523,1261,master,0x02301714,write,0x0600F2A8,2,0x0
15524,1261,master,0x02301714,write,0x0600F2AA,2,0x0
15525,1261,master,0x02301714,write,0x0600F2AC,2,0x0
15526,1261,master,0x02301714,write,0x0600F2AE,2,0x0
15527,1261,master,0x02301714,write,0x0600F2B0,2,0xF
15528,1261,master,0x02301714,write,0x0600F2B2,2,0x1
15529,1261,master,0x02301714,write,0x0600F2B4,2,0x0
15530,1261,master,0x02301714,write,0x0600F2B6,2,0x0
15531,1261,master,0x02301714,write,0x0600F2B8,2,0x3
15532,1261,master,0x02301714,write,0x0600F2BA,2,0x0
15533,1261,master,0x02301714,write,0x0600F2BC,2,0x0
15534,1261,master,0x02301714,write,0x0600F2BE,2,0x96
15535,1261,master,0x02301714,write,0x0600F2C0,2,0x44B4
15536,1261,master,0x02301714,write,0x0600F2C2,2,0x0
15537,1261,master,0x02301714,write,0x0600F2C4,2,0x0
15538,1261,master,0x02301714,write,0x0600F2C6,2,0x0
15539,1261,master,0x02301714,write,0x0600F2C8,2,0x0
15540,1261,master,0x02301714,write,0x0600F2CA,2,0x0
15541,1261,master,0x02301714,write,0x0600F2CC,2,0x0
15542,1261,master,0x02301714,write,0x0600F2CE,2,0x0
15543,1261,master,0x02301714,write,0x0600F2D0,2,0x0
15544,1261,master,0x02301714,write,0x0600F2D2,2,0x0
15545,1261,master,0x02301714,write,0x0600F2D4,2,0x0
15546,1261,master,0x02301714,write,0x0600F2D6,2,0x9B0
15547,1261,master,0x02301714,write,0x0600F2D8,2,0x0
15548,1261,master,0x02301714,write,0x0600F2DA,2,0x97
15549,1261,master,0x02301714,write,0x0600F2DC,2,0x7F1A
15550,1261,master,0x02301714,write,0x0600F2DE,2,0x97
15551,1261,master,0x02301714,write,0x0600F2E0,2,0x7F1A
15552,1261,master,0x02301714,write,0x0600F2E2,2,0x97
15553,1261,master,0x02301714,write,0x0600F2E4,2,0x7F1A
15554,1261,master,0x02301714,write,0x0600F2E6,2,0x97
15555,1261,master,0x02301714,write,0x0600F2E8,2,0x7F1A
15556,1261,master,0x02301714,write,0x0600F2EA,2,0x97
15557,1261,master,0x02301714,write,0x0600F2EC,2,0x7F1A
15558,1261,master,0x02301714,write,0x0600F2EE,2,0xFEF0
15559,1261,master,0x02301714,write,0x0600F2F0,2,0x2
15560,1261,master,0x02301714,write,0x0600F2F2,2,0x0
15561,1261,master,0x02301714,write,0x0600F2F4,2,0x0
15562,1261,master,0x02301714,write,0x0600F2F6,2,0x0
15563,1261,master,0x02301714,write,0x0600F2F8,2,0x0
15564,1261,master,0x02301714,write,0x0600F2FA,2,0x0
15565,1261,master,0x02301714,write,0x0600F2FC,2,0x0
15566,1261,master,0x02301714,write,0x0600F2FE,2,0x0
15567,1261,master,0x02301714,write,0x0600F300,2,0x0
15568,1261,master,0x02301714,write,0x0600F302,2,0x0
15569,1261,master,0x02301714,write,0x0600F304,2,0x0
15570,1261,master,0x02301714,write,0x0600F306,2,0x0
15571,1261,master,0x02301714,write,0x0600F308,2,0x0
15572,1261,master,0x02301714,write,0x0600F30A,2,0x0
15573,1261,m68k,0x0001C762,write,0x00A15112,2,0x1E
15574,1261,m68k,0x0001C762,write,0x00A15112,2,0x100
15575,1261,m68k,0x0001C762,write,0x00A15112,2,0xA
15576,1261,master,0x02301714,write,0x0600F30C,2,0x1E
15577,1261,master,0x02301714,write,0x0600F30E,2,0x100
15578,1261,master,0x02301714,write,0x0600F310,2,0xA
15579,1261,master,0x02301714,write,0x0600F312,2,0xFFEE
15580,1261,m68k,0x0001C762,write,0x00A15112,2,0xFFEE
15581,1261,m68k,0x0001C762,write,0x00A15112,2,0x93
15582,1261,m68k,0x0001C762,write,0x00A15112,2,0x925E
15583,1261,m68k,0x0001C762,write,0x00A15112,2,0x1
15584,1261,master,0x02301714,write,0x0600F314,2,0x93
15585,1261,master,0x02301714,write,0x0600F316,2,0x925E
15586,1261,master,0x02301714,write,0x0600F318,2,0x1
15587,1261,master,0x02301714,write,0x0600F31A,2,0x0
15588,1261,m68k,0x0001C762,write,0x00A15112,2,0x0
15589,1261,m68k,0x0001C762,write,0x00A15112,2,0x300
15590,1261,m68k,0x0001C762,write,0x00A15112,2,0x0
15591,1261,m68k,0x0001C762,write,0x00A15112,2,0x0
15592,1261,master,0x02301714,write,0x0600F31C,2,0x300
15593,1261,master,0x02301714,write,0x0600F31E,2,0x0
15594,1261,master,0x02301714,write,0x0600F320,2,0x0
15595,1261,master,0x02301714,write,0x0600F322,2,0x0
15596,1261,m68k,0x0001C762,write,0x00A15112,2,0x0
15597,1261,m68k,0x0001C762,write,0x00A15112,2,0xFFFF
15598,1261,m68k,0x0001C762,write,0x00A15112,2,0x0
15599,1261,m68k,0x0001C762,write,0x00A15112,2,0x0
15600,1261,master,0x02301714,write,0x0600F324,2,0xFFFF
15601,1261,master,0x02301714,write,0x0600F326,2,0x0
15602,1261,master,0x02301714,write,0x0600F328,2,0x0
15603,1261,master,0x02301714,write,0x0600F32A,2,0x0
15604,1261,m68k,0x0001C762,write,0x00A15112,2,0x0
15605,1261,m68k,0x0001C762,write,0x00A15112,2,0x0
15606,1261,m68k,0x0001C762,write,0x00A15112,2,0x0
15607,1261,m68k,0x0001C762,write,0x00A15112,2,0x0
15608,1261,master,0x02301714,write,0x0600F32C,2,0x0
15609,1261,master,0x02301714,write,0x0600F32E,2,0x0
15610,1261,master,0x02301714,write,0x0600F330,2,0x0
15611,1261,master,0x02301714,write,0x0600F332,2,0x0
15612,1261,m68k,0x0001C762,write,0x00A15112,2,0x0
15613,1261,m68k,0x0001C762,write,0x00A15112,2,0x0
15614,1261,m68k,0x0001C762,write,0x00A15112,2,0x0
15615,1261,m68k,0x0001C762,write,0x00A15112,2,0x0
15616,1261,master,0x02301714,write,0x0600F334,2,0x0
15617,1261,master,0x02301714,write,0x0600F336,2,0x0
15618,1261,master,0x02301714,write,0x0600F338,2,0x0
15619,1261,master,0x02301714,write,0x0600F33A,2,0x0
15620,1261,m68k,0x0001C762,write,0x00A15112,2,0x0
15621,1261,m68k,0x0001C762,write,0x00A15112,2,0x0
15622,1261,m68k,0x0001C762,write,0x00A15112,2,0x0
15623,1261,m68k,0x0001C762,write,0x00A15112,2,0x0
15624,1261,master,0x02301714,write,0x0600F33C,2,0x0
15625,1261,master,0x02301714,write,0x0600F33E,2,0x0
15626,1261,master,0x02301714,write,0x0600F340,2,0x0
15627,1261,master,0x02301714,write,0x0600F342,2,0x0
15628,1261,m68k,0x0001C762,write,0x00A15112,2,0x0
15629,1261,m68k,0x0001C762,write,0x00A15112,2,0x0
15630,1261,m68k,0x0001C762,write,0x00A15112,2,0x20B
15631,1261,m68k,0x0001C762,write,0x00A15112,2,0x61E
15632,1261,master,0x02301714,write,0x0600F344,2,0x0
15633,1261,master,0x02301714,write,0x0600F346,2,0x20B
15634,1261,master,0x02301714,write,0x0600F348,2,0x61E
15635,1261,master,0x02301714,write,0x0600F34A,2,0x0
15636,1261,m68k,0x0001C762,write,0x00A15112,2,0x0
15637,1261,master,0x02301716,read,0x20004010,2,0x0
15638,1261,master,0x06000464,read,0x20004020,1,0x0
15639,1261,master,0x06000464,read,0x20004020,1,0x0
15640,1261,master,0x06000464,read,0x20004020,1,0x0
15641,1261,master,0x06000464,read,0x20004020,1,0x0
15642,1261,master,0x06000464,read,0x20004020,1,0x0
15643,1261,master,0x06000464,read,0x20004020,1,0x0
15644,1261,master,0x06000464,read,0x20004020,1,0x0
15645,1261,master,0x06000464,read,0x20004020,1,0x0
15646,1261,master,0x06000464,read,0x20004020,1,0x0
15647,1261,master,0x06000464,read,0x20004020,1,0x0
15648,1261,master,0x06000464,read,0x20004020,1,0x0
15649,1261,master,0x06000464,read,0x20004020,1,0x0
15650,1261,master,0x06000464,read,0x20004020,1,0x0
15651,1261,master,0x06000464,read,0x20004020,1,0x0
15652,1261,master,0x06000464,read,0x20004020,1,0x0
15653,1261,master,0x06000464,read,0x20004020,1,0x0
15654,1261,master,0x06000464,read,0x20004020,1,0x0
15655,1261,master,0x06000464,read,0x20004020,1,0x0
15656,1261,master,0x06000464,read,0x20004020,1,0x0
15657,1261,master,0x06000464,read,0x20004020,1,0x0
15658,1261,master,0x06000464,read,0x20004020,1,0x1
15659,1261,master,0x0600046A,read,0x20004021,1,0x2
15660,1264,m68k,0x0001C93E,read,0x00A15103,1,0x0
15661,1264,m68k,0x0001C948,read,0x00A15107,1,0x0
15662,1264,m68k,0x0001C950,read,0x00A15110,2,0x0
15663,1264,m68k,0x0001C958,read,0x00A15120,1,0x1
15664,1264,m68k,0x0001C958,read,0x00A15120,1,0x1
15665,1264,m68k,0x0001C958,read,0x00A15120,1,0x1
15666,1264,m68k,0x0001C958,read,0x00A15120,1,0x1
15667,1264,m68k,0x0001C958,read,0x00A15120,1,0x1
15668,1264,m68k,0x0001C958,read,0x00A15120,1,0x1
15669,1264,m68k,0x0001C958,read,0x00A15120,1,0x1
15670,1264,m68k,0x0001C958,read,0x00A15120,1,0x1
15671,1264,m68k,0x0001C958,read,0x00A15120,1,0x1
15672,1264,m68k,0x0001C958,read,0x00A15120,1,0x1
15673,1264,m68k,0x0001C958,read,0x00A15120,1,0x1
15674,1264,m68k,0x0001C958,read,0x00A15120,1,0x1
15675,1264,master,0x06000464,read,0x20004020,1,0x0
15676,1264,master,0x06000464,read,0x20004020,1,0x0
15677,1264,master,0x06000464,read,0x20004020,1,0x0
15678,1264,master,0x06000464,read,0x20004020,1,0x0
15679,1264,master,0x06000464,read,0x20004020,1,0x0
15680,1264,master,0x06000464,read,0x20004020,1,0x0
15681,1264,master,0x06000464,read,0x20004020,1,0x0
15682,1264,master,0x06000464,read,0x20004020,1,0x0
15683,1264,master,0x06000464,read,0x20004020,1,0x0
15684,1264,master,0x06000464,read,0x20004020,1,0x0
15685,1264,m68k,0x0001C958,read,0x00A15120,1,0x0
15686,1264,m68k,0x0001C96A,read,0x00A15103,1,0x0
15687,1264,master,0x06000464,write,0x0600FF7C,4,0x21
15688,1264,master,0x06000464,write,0x0600FF78,4,0x6000464
15689,1264,m68k,0x0001C96A,write,0x00A15103,1,0x1
15690,1264,m68k,0x0001C972,read,0x00A15103,1,0x1
15691,1264,m68k,0x0001C972,read,0x00A15103,1,0x1
15692,1264,master,0x02304002,write,0x0600FF74,4,0x6000474
15693,1264,master,0x02304004,write,0x0600FF70,4,0x600F400
15694,1264,master,0x02304006,write,0x0600FF6C,4,0xFFFFFFFF
15695,1264,master,0x02304008,write,0x0600FF68,4,0x555C
15696,1264,master,0x0230400A,write,0x0600FF64,4,0x0
15697,1264,master,0x0230400C,write,0x0600FF60,4,0x20004023
15698,1264,master,0x0230400E,write,0x0600FF5C,4,0x0
15699,1264,master,0x02304010,write,0x0600FF58,4,0x2601AEC0
15700,1264,master,0x02304012,write,0x0600FF54,4,0xCF
15701,1264,master,0x02304014,write,0x0600FF50,4,0xFFFFFEC7
15702,1264,master,0x02304016,write,0x0600FF4C,4,0x2
15703,1264,master,0x02304018,write,0x0600FF48,4,0x0
15704,1264,master,0x0230401A,write,0x0600FF44,4,0x20004020
15705,1264,master,0x0230401C,write,0x0600FF40,4,0x4032EFC
15706,1264,master,0x0230401E,write,0x0600FF3C,4,0x6007B88
15707,1264,master,0x02304020,write,0x0600FF38,4,0x8
15708,1264,master,0x02304022,write,0x0600FF34,4,0x0
15709,1264,master,0x02304024,write,0x0600FF30,4,0x200
15710,1264,master,0x02304026,write,0x0600FF2C,4,0x600CA00
15711,1264,master,0x0230402A,read,0xFFFFFE17,1,0xE2
15712,1264,master,0x0230402E,write,0xFFFFFE17,1,0xE0
15713,1264,master,0x023040B0,read,0x20004006,2,0x4000
15714,1264,master,0x023040BE,read,0x20004010,2,0x0
15715,1264,master,0x02304114,read,0x20004020,1,0x0
15716,1264,master,0x0230412C,write,0x2600BC68,4,0x1
15717,1264,master,0x02304130,write,0x2600BC70,4,0x6000464
15718,1264,master,0x02304134,write,0x2600BC74,4,0x600FF80
15719,1264,master,0x0230413A,write,0x2600BC64,4,0x1
15720,1264,master,0x02304140,write,0x0600FF78,4,0x2304500
15721,1264,master,0x023041F0,read,0x20004000,2,0x8202
15722,1264,master,0x023041FA,write,0x20004000,2,0x8200
15723,1264,master,0x023041FC,read,0x20004000,2,0x8200
15724,1264,master,0x02304206,write,0x2000401A,2,0x0
15725,1264,master,0x02304208,read,0x2000401A,2,0x0
15726,1264,master,0x02304210,write,0x20004000,2,0x8202
15727,1264,master,0x02304212,read,0x20004000,2,0x8202
15728,1264,m68k,0x0001C972,read,0x00A15103,1,0x0
15729,1264,m68k,0x0001C97A,write,0x00A15120,2,0x0
15730,1264,m68k,0x0001C980,read,0x00A15120,2,0x0
15731,1264,m68k,0x0001C98A,write,0x00A15120,2,0x13F
15732,1264,m68k,0x0001C992,read,0x00A15103,1,0x0
15733,1264,master,0x02304500,write,0x0600FF7C,4,0x21
15734,1264,master,0x02304500,write,0x0600FF78,4,0x2304500
15735,1264,m68k,0x0001C992,write,0x00A15103,1,0x1
15736,1264,m68k,0x0001C99A,read,0x00A15103,1,0x1
15737,1264,m68k,0x0001C99A,read,0x00A15103,1,0x1
15738,1264,master,0x02304002,write,0x0600FF74,4,0x6000474
15739,1264,master,0x02304004,write,0x0600FF70,4,0x600F400
15740,1264,master,0x02304006,write,0x0600FF6C,4,0xFFFFFFFF
15741,1264,master,0x02304008,write,0x0600FF68,4,0x555C
15742,1264,master,0x0230400A,write,0x0600FF64,4,0x0
15743,1264,master,0x0230400C,write,0x0600FF60,4,0x20004023
15744,1264,master,0x0230400E,write,0x0600FF5C,4,0x0
15745,1264,master,0x02304010,write,0x0600FF58,4,0x2601AEC0
15746,1264,master,0x02304012,write,0x0600FF54,4,0xCF
15747,1264,master,0x02304014,write,0x0600FF50,4,0xFFFFFEC7
15748,1264,master,0x02304016,write,0x0600FF4C,4,0x2
15749,1264,master,0x02304018,write,0x0600FF48,4,0x0
15750,1264,master,0x0230401A,write,0x0600FF44,4,0x20004020
15751,1264,master,0x0230401C,write,0x0600FF40,4,0x4032EFC
15752,1264,master,0x0230401E,write,0x0600FF3C,4,0x6007B88
15753,1264,master,0x02304020,write,0x0600FF38,4,0x8
15754,1264,master,0x02304022,write,0x0600FF34,4,0x0
15755,1264,master,0x02304024,write,0x0600FF30,4,0x200
15756,1264,master,0x02304026,write,0x0600FF2C,4,0x600CA00
15757,1264,master,0x0230402A,read,0xFFFFFE17,1,0xE0
15758,1264,master,0x0230402E,write,0xFFFFFE17,1,0xE2
15759,1264,master,0x023040B0,read,0x20004006,2,0x4000
15760,1264,master,0x023040BE,read,0x20004010,2,0x0
15761,1264,master,0x02304164,read,0x20004020,2,0x13F
15762,1264,master,0x02304174,write,0x2600FB64,4,0x5132374B
15763,1264,master,0x0230417E,read,0x20004000,2,0x8202
15764,1264,master,0x02304182,write,0x2600BC80,4,0x8202
15765,1264,master,0x0230418C,write,0x20004000,2,0x8200
15766,1264,master,0x0230418E,read,0x20004000,2,0x8200
15767,1264,master,0x02304196,write,0x2600BC68,4,0x2
15768,1264,master,0x0230419A,write,0x2600BC78,4,0x2304500
15769,1264,master,0x023041A0,write,0x2600BC7C,4,0x600FF80
15770,1264,master,0x023041BA,write,0x20004020,2,0x0
15771,1264,master,0x023041BC,read,0x20004020,2,0x0
15772,1264,master,0x023041C4,write,0x2600BC8C,4,0x51323753
15773,1264,master,0x023041CA,write,0x2600BC64,4,0x4
15774,1264,master,0x023041D2,write,0x2000401A,2,0x0
15775,1264,master,0x023041D4,read,0x2000401A,2,0x0
15776,1264,master,0x023041DC,write,0x20004000,2,0x8202
15777,1264,master,0x023041DE,read,0x20004000,2,0x8202
15778,1264,master,0x023041E8,write,0x0600FF78,4,0x6000460
15779,1264,m68k,0x0001C99A,read,0x00A15103,1,0x0
15780,1264,master,0x06000464,read,0x20004020,1,0x0
15781,1264,master,0x06000464,read,0x20004020,1,0x0
15782,1264,master,0x06000464,read,0x20004020,1,0x0
15783,1264,master,0x06000464,read,0x20004020,1,0x0
15784,1264,master,0x06000464,read,0x20004020,1,0x0
15785,1264,master,0x06000464,read,0x20004020,1,0x0
15786,1264,master,0x06000464,read,0x20004020,1,0x0
15787,1264,master,0x06000464,read,0x20004020,1,0x0
15788,1264,master,0x06000464,read,0x20004020,1,0x0
15789,1264,master,0x06000464,read,0x20004020,1,0x0
15790,1264,master,0x06000464,read,0x20004020,1,0x0
15791,1264,master,0x06000464,read,0x20004020,1,0x0
15792,1264,master,0x06000464,read,0x20004020,1,0x0
15793,1264,master,0x06000464,read,0x20004020,1,0x0
15794,1264,master,0x06000464,read,0x20004020,1,0x0
15795,1264,master,0x06000464,read,0x20004020,1,0x0
15796,1264,master,0x06000464,read,0x20004020,1,0x0
15797,1264,master,0x06000464,read,0x20004020,1,0x0
15798,1264,master,0x06000464,read,0x20004020,1,0x0
15799,1264,master,0x06000464,read,0x20004020,1,0x0
15800,1264,master,0x06000464,read,0x20004020,1,0x1
15801,1264,master,0x0600046A,read,0x20004021,1,0x2
15802,1267,master,0x06000464,read,0x20004020,1,0x0
15803,1267,master,0x06000464,read,0x20004020,1,0x0
15804,1267,master,0x06000464,read,0x20004020,1,0x0
15805,1267,master,0x06000464,read,0x20004020,1,0x0
15806,1267,master,0x06000464,read,0x20004020,1,0x0
15807,1267,master,0x06000464,read,0x20004020,1,0x0
15808,1267,master,0x06000464,read,0x20004020,1,0x0
15809,1267,master,0x06000464,read,0x20004020,1,0x0
15810,1267,master,0x06000464,read,0x20004020,1,0x0
15811,1267,master,0x06000464,read,0x20004020,1,0x0
15812,1267,master,0x06000464,read,0x20004020,1,0x0
15813,1267,master,0x06000464,read,0x20004020,1,0x0
15814,1267,master,0x06000464,read,0x20004020,1,0x0
15815,1267,master,0x06000464,read,0x20004020,1,0x0
15816,1267,master,0x06000464,read,0x20004020,1,0x0
15817,1267,master,0x06000464,read,0x20004020,1,0x0
15818,1267,master,0x06000464,read,0x20004020,1,0x0
15819,1267,master,0x06000464,read,0x20004020,1,0x0
15820,1267,master,0x06000464,read,0x20004020,1,0x0
15821,1267,master,0x06000464,read,0x20004020,1,0x0
15822,1267,master,0x06000464,read,0x20004020,1,0x1
15823,1267,master,0x0600046A,read,0x20004021,1,0x2
15824,1270,master,0x06000464,read,0x20004020,1,0x0
15825,1270,master,0x06000464,read,0x20004020,1,0x0
15826,1270,master,0x06000464,read,0x20004020,1,0x0
15827,1270,master,0x06000464,read,0x20004020,1,0x0
15828,1270,master,0x06000464,read,0x20004020,1,0x0
15829,1270,master,0x06000464,read,0x20004020,1,0x0
15830,1270,master,0x06000464,read,0x20004020,1,0x0
15831,1270,master,0x06000464,read,0x20004020,1,0x0
15832,1270,master,0x06000464,read,0x20004020,1,0x0
15833,1270,master,0x06000464,read,0x20004020,1,0x0
15834,1270,master,0x06000464,read,0x20004020,1,0x0
15835,1270,master,0x06000464,read,0x20004020,1,0x0
15836,1270,master,0x06000464,read,0x20004020,1,0x0
15837,1270,master,0x06000464,read,0x20004020,1,0x0
15838,1270,master,0x06000464,read,0x20004020,1,0x0
15839,1270,master,0x06000464,read,0x20004020,1,0x0
15840,1270,master,0x06000464,read,0x20004020,1,0x0
15841,1270,master,0x06000464,read,0x20004020,1,0x0
15842,1270,master,0x06000464,read,0x20004020,1,0x0
15843,1270,master,0x06000464,read,0x20004020,1,0x0
15844,1270,master,0x06000464,read,0x20004020,1,0x1
15845,1270,master,0x0600046A,read,0x20004021,1,0x2
15846,1273,master,0x06000464,read,0x20004020,1,0x0
15847,1273,master,0x06000464,read,0x20004020,1,0x0
15848,1273,master,0x06000464,read,0x20004020,1,0x0
15849,1273,master,0x06000464,read,0x20004020,1,0x0
15850,1273,master,0x06000464,read,0x20004020,1,0x0
15851,1273,master,0x06000464,read,0x20004020,1,0x0
15852,1273,master,0x06000464,read,0x20004020,1,0x0
15853,1273,master,0x06000464,read,0x20004020,1,0x0
15854,1273,master,0x06000464,read,0x20004020,1,0x0
15855,1273,master,0x06000464,read,0x20004020,1,0x0
15856,1273,master,0x06000464,read,0x20004020,1,0x0
15857,1273,master,0x06000464,read,0x20004020,1,0x0
15858,1273,master,0x06000464,read,0x20004020,1,0x0
15859,1273,master,0x06000464,read,0x20004020,1,0x0
15860,1273,master,0x06000464,read,0x20004020,1,0x0
15861,1273,master,0x06000464,read,0x20004020,1,0x0
15862,1273,master,0x06000464,read,0x20004020,1,0x0
15863,1273,master,0x06000464,read,0x20004020,1,0x0
15864,1273,master,0x06000464,read,0x20004020,1,0x0
15865,1273,master,0x06000464,read,0x20004020,1,0x0
15866,1273,master,0x06000464,read,0x20004020,1,0x1
15867,1273,master,0x0600046A,read,0x20004021,1,0x2
15868,1276,master,0x06000464,read,0x20004020,1,0x0
15869,1276,master,0x06000464,read,0x20004020,1,0x0
15870,1276,master,0x06000464,read,0x20004020,1,0x0
15871,1276,master,0x06000464,read,0x20004020,1,0x0
15872,1276,master,0x06000464,read,0x20004020,1,0x0
15873,1276,master,0x06000464,read,0x20004020,1,0x0
15874,1276,master,0x06000464,read,0x20004020,1,0x0
15875,1276,master,0x06000464,read,0x20004020,1,0x0
15876,1276,master,0x06000464,read,0x20004020,1,0x0
15877,1276,master,0x06000464,read,0x20004020,1,0x0
15878,1276,master,0x06000464,read,0x20004020,1,0x0
15879,1276,master,0x06000464,read,0x20004020,1,0x0
15880,1276,master,0x06000464,read,0x20004020,1,0x0
15881,1276,master,0x06000464,read,0x20004020,1,0x0
15882,1276,master,0x06000464,read,0x20004020,1,0x0
15883,1276,master,0x06000464,read,0x20004020,1,0x0
15884,1276,master,0x06000464,read,0x20004020,1,0x0
15885,1276,master,0x06000464,read,0x20004020,1,0x0
15886,1276,master,0x06000464,read,0x20004020,1,0x0
15887,1276,master,0x06000464,read,0x20004020,1,0x0
15888,1276,master,0x06000464,read,0x20004020,1,0x1
15889,1276,master,0x0600046A,read,0x20004021,1,0x2
15890,1279,master,0x06000464,read,0x20004020,1,0x0
15891,1279,master,0x06000464,read,0x20004020,1,0x0
15892,1279,master,0x06000464,read,0x20004020,1,0x0
15893,1279,master,0x06000464,read,0x20004020,1,0x0
15894,1279,master,0x06000464,read,0x20004020,1,0x0
15895,1279,master,0x06000464,read,0x20004020,1,0x0
15896,1279,master,0x06000464,read,0x20004020,1,0x0
15897,1279,master,0x06000464,read,0x20004020,1,0x0
15898,1279,master,0x06000464,read,0x20004020,1,0x0
15899,1279,master,0x06000464,read,0x20004020,1,0x0
15900,1279,master,0x06000464,read,0x20004020,1,0x0
15901,1279,master,0x06000464,read,0x20004020,1,0x0
15902,1279,master,0x06000464,read,0x20004020,1,0x0
15903,1279,master,0x06000464,read,0x20004020,1,0x0
15904,1279,master,0x06000464,read,0x20004020,1,0x0
15905,1279,master,0x06000464,read,0x20004020,1,0x0
15906,1279,master,0x06000464,read,0x20004020,1,0x0
15907,1279,master,0x06000464,read,0x20004020,1,0x0
15908,1279,master,0x06000464,read,0x20004020,1,0x0
15909,1279,master,0x06000464,read,0x20004020,1,0x0
15910,1279,master,0x06000464,read,0x20004020,1,0x1
15911,1279,master,0x0600046A,read,0x20004021,1,0x2
# COMPLETE frames=1280 events=15912 recorded=15912 dropped=0 errors=0 overflow=0 raw_m68k=197697 raw_master=14271557 pc_rejected_m68k=197615 pc_rejected_master=14255727 direct_m68k=1 direct_master=1 observer_detached=1 q026_edge_snapshots=0 q026_comm_pre=0000/0000/0000 q026_comm_post=0000/0000/0000 q027_edge_snapshots=1 q027_regs=0 q027_regs_errors=0 q027_dispatch_mask=0000 q027_handler_entry=0 q027_handler_exit=0 q027_comm_pre=0002/0101/003A/0030/2401/8010/0010/0000 q027_comm_post=0000/0101/003A/0030/2401/8010/0010/0000 pc_allowlist=m68k:0x0001C6FE-0x0001C76C|0x0001C8B0-0x0001C930|0x0001C930-0x0001CB0E;master:0x06000460-0x06000478|0x02301500-0x023025E0|0x02304000-0x02304314|0x02304500-0x02304504|0x02304600-0x0230466C
